:020000040001F9
:100000003DB8F396000001000008000020AD040098
:1000100000010000000000000000000000000000DF
:1000200000000000000000000000000000000000D0
:1000300000000000000000000000000000000000C0
:1000400000000000000000000000000000000000B0
:1000500000000000000000000000000000000000A0
:100060000000000000000000000000000000000090
:100070000000000000000000000000000000000080
:100080000000000000000000000000000000000070
:100090000000000000000000000000000000000060
:1000A0000000000000000000000000000000000050
:1000B0000000000000000000000000000000000040
:1000C0000000000000000000000000000000000030
:1000D0000000000000000000000000000000000020
:1000E0000000000000000000000000000000000010
:1000F0000000000000000000000000000000000000
:1001000000000000000000000000000000000000EF
:1001100000000000000000000000000000000000DF
:1001200000000000000000000000000000000000CF
:1001300000000000000000000000000000000000BF
:1001400000000000000000000000000000000000AF
:10015000000000000000000000000000000000009F
:10016000000000000000000000000000000000008F
:10017000000000000000000000000000000000007F
:10018000000000000000000000000000000000006F
:10019000000000000000000000000000000000005F
:1001A000000000000000000000000000000000004F
:1001B000000000000000000000000000000000003F
:1001C000000000000000000000000000000000002F
:1001D000000000000000000000000000000000001F
:1001E000000000000000000000000000000000000F
:1001F00000000000000000000000000000000000FF
:1002000000000000000000000000000000000000EE
:1002100000000000000000000000000000000000DE
:1002200000000000000000000000000000000000CE
:1002300000000000000000000000000000000000BE
:1002400000000000000000000000000000000000AE
:10025000000000000000000000000000000000009E
:10026000000000000000000000000000000000008E
:10027000000000000000000000000000000000007E
:10028000000000000000000000000000000000006E
:10029000000000000000000000000000000000005E
:1002A000000000000000000000000000000000004E
:1002B000000000000000000000000000000000003E
:1002C000000000000000000000000000000000002E
:1002D000000000000000000000000000000000001E
:1002E000000000000000000000000000000000000E
:1002F00000000000000000000000000000000000FE
:1003000000000000000000000000000000000000ED
:1003100000000000000000000000000000000000DD
:1003200000000000000000000000000000000000CD
:1003300000000000000000000000000000000000BD
:1003400000000000000000000000000000000000AD
:10035000000000000000000000000000000000009D
:10036000000000000000000000000000000000008D
:10037000000000000000000000000000000000007D
:10038000000000000000000000000000000000006D
:10039000000000000000000000000000000000005D
:1003A000000000000000000000000000000000004D
:1003B000000000000000000000000000000000003D
:1003C000000000000000000000000000000000002D
:1003D000000000000000000000000000000000001D
:1003E000000000000000000000000000000000000D
:1003F00000000000000000000000000000000000FD
:1004000000000000000000000000000000000000EC
:1004100000000000000000000000000000000000DC
:1004200000000000000000000000000000000000CC
:1004300000000000000000000000000000000000BC
:1004400000000000000000000000000000000000AC
:10045000000000000000000000000000000000009C
:10046000000000000000000000000000000000008C
:10047000000000000000000000000000000000007C
:10048000000000000000000000000000000000006C
:10049000000000000000000000000000000000005C
:1004A000000000000000000000000000000000004C
:1004B000000000000000000000000000000000003C
:1004C000000000000000000000000000000000002C
:1004D000000000000000000000000000000000001C
:1004E000000000000000000000000000000000000C
:1004F00000000000000000000000000000000000FC
:1005000000000000000000000000000000000000EB
:1005100000000000000000000000000000000000DB
:1005200000000000000000000000000000000000CB
:1005300000000000000000000000000000000000BB
:1005400000000000000000000000000000000000AB
:10055000000000000000000000000000000000009B
:10056000000000000000000000000000000000008B
:10057000000000000000000000000000000000007B
:10058000000000000000000000000000000000006B
:10059000000000000000000000000000000000005B
:1005A000000000000000000000000000000000004B
:1005B000000000000000000000000000000000003B
:1005C000000000000000000000000000000000002B
:1005D000000000000000000000000000000000001B
:1005E000000000000000000000000000000000000B
:1005F00000000000000000000000000000000000FB
:1006000000000000000000000000000000000000EA
:1006100000000000000000000000000000000000DA
:1006200000000000000000000000000000000000CA
:1006300000000000000000000000000000000000BA
:1006400000000000000000000000000000000000AA
:10065000000000000000000000000000000000009A
:10066000000000000000000000000000000000008A
:10067000000000000000000000000000000000007A
:10068000000000000000000000000000000000006A
:10069000000000000000000000000000000000005A
:1006A000000000000000000000000000000000004A
:1006B000000000000000000000000000000000003A
:1006C000000000000000000000000000000000002A
:1006D000000000000000000000000000000000001A
:1006E000000000000000000000000000000000000A
:1006F00000000000000000000000000000000000FA
:1007000000000000000000000000000000000000E9
:1007100000000000000000000000000000000000D9
:1007200000000000000000000000000000000000C9
:1007300000000000000000000000000000000000B9
:1007400000000000000000000000000000000000A9
:100750000000000000000000000000000000000099
:100760000000000000000000000000000000000089
:100770000000000000000000000000000000000079
:100780000000000000000000000000000000000069
:100790000000000000000000000000000000000059
:1007A0000000000000000000000000000000000049
:1007B0000000000000000000000000000000000039
:1007C0000000000000000000000000000000000029
:1007D0000000000000000000000000000000000019
:1007E0000000000000000000000000000000000009
:1007F00000000000000000000000000000000000F9
:10080000F00C01208D2D0300FF940400792D0300CE
:10081000792D0300792D0300792D0300792D030034
:100820000000000000000000000000005D2E03003A
:10083000792D03000000000099300300792D03009A
:100840005531030055310300553103005531030084
:100850005531030055310300553103005531030074
:100860005531030055310300553103005531030064
:100870005531030055310300553103005531030054
:100880005531030055310300553103005531030044
:100890005531030055310300553103005531030034
:1008A0005531030055310300553103005531030024
:1008B0005531030055310300553103005531030014
:1008C0005531030055310300553103005531030004
:1008D00055310300553103005531030055310300F4
:1008E00055310300553103005531030055310300E4
:1008F00055310300553103005531030055310300D4
:1009000055310300553103005531030055310300C3
:1009100055310300553103005531030055310300B3
:1009200055310300553103005531030055310300A3
:100930005531030055310300553103005531030093
:100940005531030055310300553103005531030083
:100950005531030055310300553103005531030073
:100960005531030055310300553103005531030063
:100970005531030055310300553103005531030053
:100980005531030055310300553103005531030043
:100990005531030055310300553103005531030033
:1009A0005531030055310300553103005531030023
:1009B0005531030055310300553103005531030013
:1009C0005531030055310300553103005531030003
:1009D00055310300553103005531030055310300F3
:1009E00055310300553103005531030055310300E3
:1009F00055310300553103005531030055310300D3
:100A000055310300553103005531030055310300C2
:100A100055310300553103005531030055310300B2
:100A200055310300553103005531030055310300A2
:100A30005531030055310300553103005531030092
:100A40005531030055310300553103005531030082
:100A500055310300D3CA040055310300553103005A
:100A60005531030055310300BDCA04005531030060
:100A70005531030055310300553103005531030052
:100A80005531030055310300553103005531030042
:100A90005531030055310300553103005531030032
:100AA0005531030055310300553103005531030022
:100AB0005531030055310300553103005531030012
:100AC0005531030055310300553103005531030002
:100AD00055310300553103005531030055310300F2
:100AE00055310300553103005531030055310300E2
:100AF00055310300553103005531030055310300D2
:100B000055310300553103005531030055310300C1
:100B100055310300553103005531030055310300B1
:100B200055310300553103005531030055310300A1
:100B30005531030055310300553103005531030091
:100B40005531030055310300553103005531030081
:100B50005531030055310300553103005531030071
:100B60005531030055310300553103005531030061
:100B70005531030055310300553103005531030051
:100B80005531030055310300553103005531030041
:100B90005531030055310300553103005531030031
:100BA0005531030055310300553103005531030021
:100BB0005531030055310300553103005531030011
:100BC0005531030055310300553103005531030001
:100BD00055310300E9CA04005531030055310300C3
:100BE00055310300553103005531030055310300E1
:100BF00055310300553103005531030055310300D1
:100C000055310300553103005531030055310300C0
:100C100055310300553103005531030055310300B0
:100C200055310300553103005531030055310300A0
:100C30005531030055310300553103005531030090
:100C40005531030055310300553103005531030080
:100C50005531030055310300553103005531030070
:100C60005531030055310300553103005531030060
:100C7000553103005531030055310300FFFFFFFFDD
:100C8000054B00221B78826001330260034A4260F8
:100C9000C371FF2303727047F80E00208001080023
:100CA000064A074B02604FF426729B788280082226
:100CB000C371002382710372704700BFBF6C0200D2
:100CC000F80E0020064A074B02604FF44472DB78AE
:100CD00082800822C371002382710372704700BFB3
:100CE000396A0200F80E0020064A074B02604FF4F2
:100CF000B072DB7A82800822C371FF238271037293
:100D0000704700BF45640200F80E00202DE9F34152
:100D1000C41D0028064624F007040CBF002020460E
:100D200000F08CFC071E04DA6FF00B0002B0BDE887
:100D3000F081374DE988A88803316B7A03302A7A2D
:100D400089B280B211F03EFA0028EDDB3C44A9786C
:100D5000EB78002E04F10304194424F0030400FB93
:100D600001F10CBF0020204600F0EEFD20440EB93A
:100D70000028D9DBEA7A0446B2B1EB7B697C1344E4
:100D80001944FF29D0D80330002EAA89C9B220F017
:100D900003040CBF0020204600F048FE0028C3DBFF
:100DA00004440EB9002CBFDB012000F03DFCB0B1C3
:100DB000A97BA1B195F82A3033B340234FF4817257
:100DC0000734002E24F007040CBF0020204603F057
:100DD00041F90028A8DB04440EB9002CA4DBAB7A4F
:100DE000FBB1EB7AB3B10734002EA97A24F00704E3
:100DF0000CBF0020204607F0EFF8002894DB0444E5
:100E00007EB9002C0DDA8FE725232822D8E700BF12
:100E1000F80E0020012000F007FC10B1AB7B002B86
:100E2000E1D1734B1B6893B1A97D81B10334002ECE
:100E3000EA7D24F003040CBF0020204698470028D8
:100E4000FFF672AF044416B9002CFFF66DAF694B84
:100E50001B688BB1297C79B10334002E24F0030484
:100E60000CBF0020204698470028FFF65DAF0444E1
:100E700016B9002CFFF658AF5F4B1F68B7B1697CFD
:100E8000A1B10334002E2B7D24F0030408BF002001
:100E9000009318BF2046EB7CAA7CB8470028FFF6D9
:100EA00043AF044416B9002CFFF63EAF072000F014
:100EB000BBFB98B1A97D89B10334002E2A7E24F0B2
:100EC00003040CBF0020204600F09EFE0028FFF621
:100ED0002BAF044416B9002CFFF626AFB6FA86F7FE
:100EE00095F823007F09A0B103346B7FA97E24F01D
:100EF000070419443B4644F00404C9B2224600F0FA
:100F0000C3FE0028FFF610AF044416B9002CFFF60C
:100F10000BAF95F8241000294CD004F10708002EDF
:100F2000EA8C28F007080CBF0020404611F05EF95B
:100F3000041EFFF6F9AE4444002E3ED1002CFFF60D
:100F4000F3AEA97F002945D095F82230002B41D07F
:100F50002A8C0734002E02F1240224F007080CBF6B
:100F60000020404692B211F041F90028FFF6DCAEB5
:100F7000404416B90028FFF6D7AE03302B7FA97E78
:100F800020F0070019443B4640F0040495F8220085
:100F9000C9B2224600F06AFE0028FFF6C5AE04443E
:100FA00086B9002CFFF6C0AEEB6AF3B1C6B1EC62B5
:100FB0000020BBE6002EC4D08846E98C40460DF0E8
:100FC0004FFBBEE72A8C4046A97F083292B20DF053
:100FD0004DFBE9E7002EE7D0002211461046F6E768
:100FE00028343FF5A1AE2046A0E6002EE0D1FAE776
:100FF000541C0020581C00205C1C00201FB572B639
:10100000194B1C6BECB9BFF34F8F1849184BCA68CA
:1010100002F4E0621343CB60BFF34F8F00BFFDE7E4
:10102000B2FBF6F22B465D1C002AF9D1DBB203F1CC
:1010300010056D4405F80C2C0A2233B901A8A0470D
:10104000E1E7024600230A26EDE7013BDBB203F1AC
:1010500010050DEB0506B0FBF2F502FB1500303074
:1010600006F80C0C2846E8E7F80E002000ED00E03A
:101070000400FA0513B5124C68462389ADF8003018
:10108000E388ADF80430A388ADF8023005F018F815
:1010900018B1FA219C20FFF7B1FF207D05F066F81A
:1010A00008B1FD21F6E7E07C05F05AF808B1FE2111
:1010B000F0E794F829000BF0E9FE02B010BD00BF84
:1010C000F80E002070B50546002855D00FF0B8FC8A
:1010D00018B94FF0FF34204670BD0DF0F9FFB0F5A0
:1010E000FA7FF6D8264C012625630025284684F889
:1010F0003450257084F82A50E5620DF053FA1A2214
:10110000294604F10F0016F0DAFB1B230821032205
:10111000A3802846E3800223A1721F216372E37536
:10112000F72322722384FB23A2734922E3840A2338
:10113000A1812946E27484F82930A670E670E6722F
:10114000A674267603F042FC2A463146304603F068
:101150000FFC044620B140F2B5319C20FFF74EFF52
:10116000014603F021FCEFF3108572B600F0B2FDEA
:10117000002DB0D162B6AEE76FF01504ABE700BF4B
:10118000F80E002038B51446002840F0EE80784D67
:1011900095F83430032B00F0E58019B312B96FF0E5
:1011A000150038BD0139172900F2DF80DFE811F0A2
:1011B000180029002C0042006C00750094004800C3
:1011C00078007B008E004E005400620067009A0099
:1011D0009D00AC00AF00B200A300B500B900D20082
:1011E0001378AB700020FFF791FD0028B7BF0123F3
:1011F00002236FF00B0085F83430A8BF85F8343037
:10120000CFE71378EB70EDE71379002BC7D0537954
:10121000002BC4D01288FB2AC1D863881B3B9BB229
:10122000E02BBCD81A2ABAD92368A2886B60514B2C
:101230009A80D7E71378EA7B9342B0D3EB72D1E779
:101240001378EA7A9342AAD8EB73CBE71378EA7A59
:101250009342A4D86B74C5E71378002B9FD05378C2
:10126000013BDBB2F82B9AD8138892786B82424B01
:101270009A70B7E7107868750BF0B2FDB2E7137893
:10128000002B8CD02B76ADE7012000F0CDF9237830
:1012900008B1012B83D9AB73A4E71388AB81A1E715
:1012A0001378AB759EE7072000F0BEF918B92378D4
:1012B000012B7FF674AF072000F0B6F918B1237840
:1012C000002B3FF46CAF2378EB758BE71378082B7A
:1012D0003FF665AF2B7485E71388FF2B3FF65FAFB2
:1012E000AB727FE713786B767CE713780E2B3FF6B3
:1012F00056AFAB7676E72368204AC5F81E306368A0
:101300005360238913816DE71378EB766AE71378CE
:101310006B7767E713782B7764E7137885F82830C5
:1013200060E703F01FFB98B1007900F001026178DB
:10133000207803F01DFB00287FF433AF6378012B86
:101340007FF650AF0DF034F900287FF44BAF26E75D
:101350000246ECE713785A1E092A3FF620AF85F8BB
:1013600029303FE74FF0FF301BE76FF02C0018E704
:10137000F80E0020FC0E00200A0F0020160F00209F
:10138000F8B50D46064630B329B311F0070422D153
:10139000124F97F83430012B02D16FF00B00F8BDDB
:1013A000032B02D14FF0FF30F9E700F0C9FC002811
:1013B000F8D02846FFF7AAFC0028EEDB15F058FD10
:1013C0003046F96A04F060FFFFF754FE032320461D
:1013D00087F83430E3E76FF01500E0E7F80E0020FF
:1013E00010B5074C94F83430032B03D104F064FF9C
:1013F00005F0DCFD11F03DF8002084F8340010BD4C
:10140000F80E002008B5064B93F83430032B03D0B8
:1014100003F05EFF002008BD4FF0FF30FBE700BF88
:10142000F80E002008B504F0DBFE03490320BDE8F8
:10143000084000F0F1B800BFE90C010008B504F065
:10144000E3FE03490220BDE8084000F0E5B800BF14
:10145000C50C010008B504F0F9FE0549012000F0B3
:10146000DBF804490020BDE8084000F0D5B800BF13
:10147000810C0100A10C0100074B4FF0FF3141F638
:10148000FF72C3E9001205490022C1E900221F21B1
:10149000C3E90212704700BF60000020300F002037
:1014A0003F280CD801380B4BC0F3421200F01F004C
:1014B00053F8223023FA00F000F001007047FF28B3
:1014C00006D04038044BC0F3421200F01F00EFE793
:1014D0000120704760000020300F0020074B0146BC
:1014E000006849681A4603C240F48C2200201A6042
:1014F00041F0107242F4FF625A60704760000020B1
:101500000246034B0068516803C30020704700BFC8
:10151000300F00200246034B0068516803C30020CF
:10152000704700BF680000200138064BC0F342122C
:1015300000F01F0003EB82039B6823FA00F000F029
:1015400001007047600000200A8870B595B2C67C23
:10155000C2F30E020488023602F118033444C35A5F
:10156000A4B233442344013BB3FBF4F303FB042252
:10157000438892B29342044B8BBF2B40AB4313433F
:101580009BB20B8070BD00BF0080FFFF4A1E062A81
:1015900008B50346084604D84FF4D1711520FFF76B
:1015A0002DFD094A914202D940F2A311F6E711B983
:1015B00003B1196008BD2BB11B680022C3E90121EA
:1015C0001A1D1A600430F5E7FAFFFF7F10B5114BC2
:1015D00000EB41041A786389B3FBF2F303FB0223A7
:1015E000013A1A44B2F5706F0279807828BF00235F
:1015F0001A440B18B2FBF0F100FB11215B1AB3FB8C
:10160000F0F100FB113313446FEA43436FEA534395
:10161000638110BD380F0020024B03EB800359603B
:10162000704700BF380F0020034B03EB800358685E
:10163000003818BF01207047380F00202DE9F04F07
:1016400010F0070A85B0054604D040F26F1117204C
:10165000FFF7D4FC534F04464FF0010B07F154063B
:10166000B146B04657F8043B8DF80BA03BB101A83A
:1016700098479DF80A30082B01D9F521E7E79DF836
:101680000B1041BB05B131604F4506F10406E9D1AD
:10169000002D6FD00022DFF810911427964689F8AC
:1016A000002058F827A0013FBAF1000F55D09AF852
:1016B00004609AF802C0FF2E60D039460023481C0F
:1016C00038D19C44BCF1FF0F3FD90AB189F800E042
:1016D0004FF49A71BBE79DF80AC04B1D60465A0053
:1016E00004EB4303022838BF0220441E4042234437
:1016F000BDF808406444CCF1000C0340013C04EA0E
:101700000C04B4F5803F02D340F205119FE775B198
:101710009A1A32609170148082F803B09DF80C0020
:10172000107101984FEA104C1081A2F806C004FB1A
:101730000134A9E758F8210028B190F804B0B34566
:1017400004BF80781B180139B9E7DBB2E6458AF897
:1017500004303CBF5FFA8CFE01227B1CA1D10AB190
:1017600089F800E0142640F6FF6A58F82670B7B9E9
:10177000013EFAD2601B05B0BDE8F08F0023E5E71B
:1017800007EB410309F101093846A3F80AA0FFF766
:101790001DFF5FFA89F1BB788B42F1D8E8E74FF083
:1017A0000009F6E73C0F0020380F002038B54FF64F
:1017B000FF7302460380184B03EB8103986DA8B1B9
:1017C00084780379B3FBF4F104FB1133DBB21946DF
:1017D00000EB4105B5F90A50002D0EDB0131B1FBDC
:1017E000F4F504FB1511C9B28B42F1D1002038BDCC
:1017F0006381BDE8384010F0C1BC00EB410463894F
:10180000C3F30E031380C278002AF1D14FF4E571BF
:101810001720FFF7F3FB00BF380F00201C4B03EB32
:10182000810370B59C6D054644B3030404D54FF4A1
:10183000EC711720FFF7E2FB0146204610F081FC17
:10184000FF28014604D02046BDE8704010F096BC49
:10185000A078B5FBF0F300FB1353DBB219460A1D69
:1018600004EB4206B6F90260002E09DB0131B1FB40
:10187000F0F200FB1211C9B28B42F0D1002070BD12
:101880008B4201D00023E37004EB42025580DAE77B
:10189000380F0020094B03EB8103014610B59C6D06
:1018A000204610F04EFCFF28014604D02046BDE83B
:1018B000104010F063BC002010BD00BF380F0020A6
:1018C000F8B5104B074603EB810301469C6D20469B
:1018D00010F037FCFF28054611D0E288238953EA2F
:1018E000024606D00146204610F048FC0146384624
:1018F000B04720462946FFF769FE0020F8BD0520C5
:10190000FCE700BF380F002038B50E4B0446827943
:1019100003EB8203986D08B9052038BD8278E17920
:101920009142F9D24B1CE37100EB41035D89B3F99D
:101930000A30002BF3DBA58010F020FC2060002093
:10194000EBE700BF380F002070B5044610F003002D
:101950000E4603D04E211820FFF750FBFFF716FE6E
:10196000054624B1034831460460FFF70FFE2846C0
:1019700070BD00BFE40F00202DE9F14FDFF870B01B
:101980001E4607460D46DBF8003090469DF828A01D
:101990009DF82C901BB960211820FFF72FFB5246B1
:1019A0000921404610F051FA4A4684B209213046D6
:1019B00010F04BFA81B2DBF80000214410F095FBE7
:1019C000386018B9286001B0BDE8F08F0444534670
:1019D000414609222C60386810F0FAF94B4609227A
:1019E0003146286801B0BDE8F04F10F0F1B900BFF2
:1019F000E40F002070B50E46044610F039FA054693
:101A0000304610F035FA044B2A1821461868BDE814
:101A1000704010F08FBB00BFE40F0020024B18682D
:101A200008B110F056BB7047E40F00201F2AF8B52C
:101A3000044613460ED89200033222F00303B3F596
:101A4000803F2DD2184DACB1A00710D068210920DD
:101A5000FFF7D4FAFF2B4FEA420204D9FF339A4230
:101A6000A8BF1A46E8E77C2AB8BF7C22E4E72970C1
:101A70006C602B8122F0030228230127120403FB50
:101A800001F06B680025120CEEB2B14200D8F8BD2F
:101A900014B126181F705E60104401352833F3E737
:101AA0004FF0FF30F3E700BFE80F0020154A002198
:101AB00070B553681578C8B2854203D8BA21092099
:101AC000FFF79CFA1C461846013114F8286B0EB932
:101AD0002346F0E70021997001241289996103F1EE
:101AE00026055C709208D96103F11E04596824F838
:101AF000022FA54243F8041F1144F8D1002343618B
:101B0000037070BDE80F00200A4B1B89B3F5FF7FFF
:101B10004FEA930006D25A089B1A9BB2984238BFEC
:101B200018467047B3F5EE6F01D8FF22F4E740F294
:101B30007263F3E7E80F00204B782DE9F041064689
:101B40000C4602F0040702F0FB05E3B1A5BBFF233E
:101B5000A3707B0804EB57073A7D032A02D1022DBC
:101B600018BF0133E2180121117503F10C010022A5
:101B700004EB830324F811205B68A27030463360C5
:101B8000B280BDE8F081002DE1D1012301F11E02F8
:101B90008D6120464B7004F1260C1A4BCD611B89D8
:101BA00049689B0822F8023F944540F8041F1944F5
:101BB000F8D100236361CAE7D1F804801422002120
:101BC000A018617015F07BFE0E4B1B89B3F5FF7FEB
:101BD0000FD25A089B1A9BB208EB0301C4F8048089
:101BE0002384A1606284C4F80C80A3842161E28410
:101BF000ADE7B3F5EE6F4FF0FF02EBD940F2726341
:101C0000EAE700BFE80F00202DE9F84305460C463F
:101C1000F7200521914610F018F9061E21DB1DB9A9
:101C200006FB04F0BDE8F88315F0030703D0982104
:101C30001920FFF7E3F9DFF83080C8F81050A8F852
:101C40001460BBB29C42EBD9B8F814504B46D8F89C
:101C500010000522F72107FB0500013710F0B8F846
:101C6000EFE74FF0FF30DDE7FC0F002007B5CDE9CF
:101C700000230B4603490246081D10F0D4FB03B0B5
:101C80005DF804FB1410002013B5064CCDE90023C9
:101C90000B46024604F1080104F10C0010F0C3FBEE
:101CA00002B010BD1410002008B54B1E032B03D941
:101CB00023219020FFF7A2F90028054A0CBF052335
:101CC0000C2303EB8103053323F00103137008BDDC
:101CD00024100020114B01224FF0FF3000215A60E8
:101CE000C3F80803C3F80015C3F804255A6040F68A
:101CF000FE72C3F808034020C3F8001503F57033E3
:101D00000749C3F80825C1F88800BFF34F8FBFF318
:101D10006F8FC1F88801C3F8082570470060045030
:101D200000E100E002680020014B1A60704700BF2C
:101D300028100020014B1B68184700BF2810002006
:101D4000024B1868003818BF012070472810002087
:101D50000A4606489C2302F8033BC368C1F80330D7
:101D60000369536043699360704700BF2C100020E3
:101D7000024B5A8C02435A845B6A18472C1000208D
:101D8000014B00215B6A18472C10002010B5154C40
:101D90000CF09EF80CF0C8FB208DFFF7F1FF237EBE
:101DA00063B12246104904F1190052F80C3BE3607C
:101DB00063685360A368936013F03AF9218DE06A79
:101DC00006F060FAE36AB3F8AA0006F0BBF8636BAA
:101DD00094F8301094F831009847002384F8383094
:101DE00010BD00BF2C100020511D0100034B93F8C3
:101DF00038300BB1FFF7CABF704700BF2C1000206E
:101E00002DE9F041DFF8808005460E4608F12C00F0
:101E100011F0CBF9044618B101242046BDE8F08149
:101E2000D8F82C3093F8A8704FB1012D07D1B8F82D
:101E300022301A0703D598F83930002BECD1012E47
:101E4000EAD8D8F83C30284698470028E4D098F8DB
:101E50003030002BE0D167B9012DDED1B8F8223047
:101E6000002BD9D198F84030002BD6D198F84140BA
:101E700007E0002DD1D1B8F822309B07EED598F8B5
:101E8000394084F00104C8E72C10002070B5204CC4
:101E90000646636DE56A63644FF4817394F85800F5
:101EA000A4F848302B7D95F8211100EB83002EB962
:101EB000FF2803D195F820318B4201D00BF09CFC18
:101EC0002B7DFBB1E06D0BF02BFFE16D606C0CF036
:101ED000B1FA66B995F82131033B012BB5F8E4302E
:101EE0008CBF00202820184480B20BF07DFFB5F88D
:101EF000E0000BF041FC00200BF0B4FF022384F85B
:101F0000383070BD606C0BF00BFF0CF00DFBE0E7A0
:101F10002C10002008B5094B93F83820022A04D071
:101F200040F257312720FFF769F8DA7A42F00102D0
:101F3000DA72BDE80840FFF729BF00BF2C1000206F
:101F400010B590F86A1086B0D1B9C2880B460591D9
:101F50000021CDE903110C4991F85840029400F199
:101F600090040194C96A91F8A810003918BF0121A2
:101F7000009100F1800102200CF06CF906B010BD58
:101F8000D0E91E23E3E700BF2C1000202DE9F0412B
:101F9000274C06460F4694F83830012B5FFA83F839
:101FA00004D040F60C112720FFF728F8E56A2B79BA
:101FB00053B1002104202971FFF7DAFEE36A93F898
:101FC000A8300BB185F8058094F860308BB92B7A76
:101FD000052B0ED117490220FFF7CAFEE36A93F8DA
:101FE000A83033B1E36E1B789A1E5342534184F8F4
:101FF00039301EB1BDE8F041FFF7C8BE002FF9D05F
:1020000031463046FFF7FCFE0028F3D12B7DE46A11
:1020100013B12846FFF794FF94F821210120B4F86A
:10202000E21014F04DFF0020BDE8F041FFF72EBF95
:102030002C100020981000207FB590F86A10D1B9BC
:10204000C2880B4605910021CDE90311FB210291C5
:1020500000F1900101910949C96A91F8A810B1FAFB
:1020600081F14909009100F1800104200CF0F2F89F
:1020700007B05DF804FBD0E91C23E3E72C10002037
:102080001E4A10B5546E41782378C90003F0F3035B
:1020900001F008010B438178890001F004010B4332
:1020A000C178090103F0EC0301F010010B43017842
:1020B00001F003010B432370B2F870306370022308
:1020C000516EA2F8683004790B786001012C23F07E
:1020D000200300F0200043EA00030B700CD1D36A08
:1020E00093F8BA2093F8BB30032A03F01F0308BF0C
:1020F000002243EA82138B7010BD00BF2C10002019
:10210000F7B5184C0646656F0DB1E36C23B940F680
:10211000C4012720FEF772FFB4F8503001F003012C
:102120002F466B702B7823F003030B4307F8033B18
:102130003846B4F85020E16C0EF0ECFD0DF10202CF
:1021400001A9A06F6564E7640FF0B9FF01980FF073
:10215000A4FF0122B4F850103060A06F0FF048FFC8
:1021600003B0F0BD2C1000202DE9F04FAC4C87B02F
:10217000D4F82C8098F8201158B998F8142094F8C5
:10218000583003EB8203FF2B03D198F821318B42A7
:1021900002D0FF200BF030FB002304AA02A9A148C3
:1021A00004938DF8143084F8603001AB10F0F2FF26
:1021B0000746002845D0029ABDF8043022B940F203
:1021C00013412720FEF71AFF6266A4F8703003B1AE
:1021D000D31CE366012384F860309DF8133004A813
:1021E000003B18BF012384F8403098F81330002BCF
:1021F00000F01C81B4F87030002B00F01781FFF75D
:102200003FFFE06D0BF08CFD9DF81420E16D003A6E
:10221000606E18BF01220BF023FF18B9616EE06DEC
:102220000CF092F8B8F8E2000BF0A6FA01200BF0DF
:1022300019FE012384F8883084F8383007B0BDE8EF
:10224000F08FE66A8DF80300337AADF80600062BAE
:1022500000F2CA80DFE803F004CBA1A1C8B8B8003F
:1022600094F87F300DF1060103A8A6F81031ADF8FF
:10227000063004F07BFA38B1039D2DB1012384F8B8
:102280008030052333729CE0E36A93F85130002BD1
:102290006BD10DF103020DF10601D4F884000FF0AB
:1022A0000EFE0546002860D09DF80370FFB1014680
:1022B000D4F884000FF0EDFE0FF0EFFED0F800B080
:1022C000D0F804A081465BEA0A0348D1002389F8CC
:1022D000003089F8013089F8023089F8033089F834
:1022E000043089F8053089F8063089F80730BDF8E0
:1022F0000630002B40D1012333720123002784F8DC
:102300008030BDF806306566A4F8703003B1EB1C70
:10231000E366727A357A8DF81120022DB27A8DF843
:10232000122004D0053D012D8CBF012503258DF819
:102330001050002F5ED000209DF810308DF8130053
:10234000032B6BD1E36E1B781B2B67D1012106F1A8
:10235000BA000BF099FA01238DF814303DE714F020
:1023600000FF83457AEB0101B0D2002301222E4DFC
:10237000ADF806303272C6E79DF803301BB92B80EA
:10238000AB700323B8E72B7803F00303012BF8D0DD
:10239000022333720023B375AFE7B6F810310DF1A5
:1023A00003020DF10601D4F88400ADF806300FF0F9
:1023B00086FD054610B940F2C35102E7012384F8B7
:1023C0008030BDF806309EE70DF1060103A804F049
:1023D000CDF908B1039D15B940F2D251F1E60123C0
:1023E00084F8803006234DE740F2DC51E9E60E4DDB
:1023F000002388E7032D02D11B78022B9BD0D4F851
:1024000084000FF0B4FD38B9032D94D004F0CAF95C
:1024100080F00100C0B28FE701208DE700239BE729
:102420002C10002058100020A8100020FFF728FED4
:10243000606E0BF075FC0CF077F89DF81410606E70
:10244000003918BF012114F048FDEBE62DE9F04FEB
:10245000B04C87B00027804694F83830E56A022BEC
:10246000019105F1A80ACDE9027704D040F6AD113B
:102470002720FEF7C3FD616C03200B784A780144E6
:10248000A4F84800E16403EA0001A4F850208DF8A4
:102490001010C3F3C0018DF81110C3F380018DF843
:1024A0001210C3F30011C3F340138DF813108DF80D
:1024B0001430B8F1000F00F00C8104A904F12C00D5
:1024C00010F06AFE064630B9B4F8501009B3A06F98
:1024D0000FF06EFD0746238D9DF8121043F4007334
:1024E000676723856B7A0133DAB203F001039942FF
:1024F0004AD12B7A33B3032B6A720CD8012B21D02B
:1025000002A9D4F884000FF0FCFCA0B940F2D47109
:10251000AEE70746DFE7053B012B02D940F2B37176
:10252000A6E704F031F910B940F2DE71A0E700210E
:102530000820FFF71DFCD5E91C32013342F10002EF
:10254000C5E91C320021E36A297293F8A8302BB147
:102550006B791BB110206971FFF70AFC238D4FF0D6
:10256000000B43F4006323852B7DDBB1B4F85030BE
:10257000C3B10BF0F7FF0328FBD0022806D1FFF709
:1025800005FC07B0BDE8F08FC346EDE750B9AB7A64
:102590009DF8112003F001039A4203D1012384F82E
:1025A0003130ECE7B4F85070E6B19DF81330591EA5
:1025B0004B424B4184F84130002F40F0B780002758
:1025C000B946019B002B00F0B8800BF081FCB9F1FB
:1025D000000F00F01E819DF8101003A8FFF790FD7A
:1025E0000127C9E0AB7A9DF8112003F001039A425C
:1025F00023D19DF810307FB35A1E012A2CD8238D89
:1026000095F8149043F4805323850BF0CBF80328FE
:1026100094F8893007D1B9F1000F0CBF1F221B229B
:10262000934228BF1346B4F850209A4208D994F830
:10263000303043F0100384F830304FF000091EE0D2
:10264000636F002BF9D094F88A301BB12020FFF77C
:1026500097FBF2E79DF81030AA7A032B02F10102F2
:10266000AA722CD05A1E012A1DD8002FE5D0C146CF
:10267000D5E91E32013342F10002C5E91E32626F14
:102680009DF81310002A56D1B4F85020B2FA82F205
:102690005209012914BF002202F001023746002628
:1026A00084F841208DE7002FC7D0002BC5D1D5E994
:1026B0001E32013342F10002C5E91E32BDE7238D0F
:1026C0000120154943F4805328712385FFF750FBFF
:1026D000EDE72B7D0BB10BF05FFF94F88B300133EE
:1026E00084F88B30238D43F48063238595F8213162
:1026F000033B012B12D80BF055F8032812D1B4F884
:1027000050604FF000091B2ECB4694BF00260126D7
:10271000B5E700BF2C1000207810002004F0A0FDC9
:102720000028E8D10026B146B346A8E7238D43F43C
:102730008053238543E70122ABE794F88B100120F7
:10274000FFF75EFB00287FF440AFEA7C12B1284619
:10275000FFF772FC002095F82021B5F8E01014F086
:10276000AFFB0020FFF700FDB9F1000F5AD09DF834
:10277000101003A8FFF7C4FC238D5A0606D440208E
:10278000FFF7FEFA238D43F040032385BBF1000FD2
:1027900010D0EB884BB9E36A93F8A8302BB1B4F8AA
:1027A0000530B4F80720134304D0B4F809300133DE
:1027B000A4F80930B8F1000F3CD0B4F8053001336B
:1027C000A4F80530002384F88B301D4805F0A8FBE1
:1027D000029830B10FF061FC00220272514604F001
:1027E00007FD039B33B100221A720C225146039855
:1027F00004F0CCFC002F7FF4C2AE238D1B063FF506
:10280000C0AE8020FFF7BCFA238D43F08003238500
:10281000B7E6002E3FF4E4AE0A49A1F1200010F023
:10282000BDFCDDE6002EA7D00649A1F1200010F086
:10283000B5FCA1E7B4F807300133A4F80730C4E7CA
:102840005810002078100020064B10B593F838205F
:1028500002F0FF0422B91C7605F00CFD204610BDE5
:102860000C24FBE72C100020094B0A4A10B51A6013
:10287000FFF7EAFF20B14FF4B1712720FEF7BEFB4E
:10288000054C03F035FD606503F036FDE06510BDD5
:10289000601C0020D42A01002C100020F8B5794CCF
:1028A000054694F8386006F0FF0016B909B102B188
:1028B00023B94FF420712720FEF7A0FB63639DF836
:1028C0001830616284F88A30E26384F8300084F85A
:1028D0008B0084F8310084F888006084208584F8B7
:1028E000400084F8410084F8800084F83900606674
:1028F000E066A4F870006064E064A4F85000E5624B
:102900000AF0E4FF0BF010FE95F928010BF042F8F5
:10291000D5F8D460D5F8CC000BF042F830460BF077
:10292000E3F995F825000BF045F8B5F8E030622B97
:1029300003D9B5F8E230622B01D80AF023FFE36A2D
:1029400093F8A860002E40F0858013F0D2F995F836
:1029500020214D4B4FF47A7153F8223003F5FA736E
:10296000B3FBF1F35233191830460BF031F8474BF3
:1029700018680BF0BFF9D5F8C030C4F88430D5F82A
:10298000C430A367AB7B243B072B6BD9EB7B243B89
:10299000072B67D9B5F8F230B5F8F80095F8201193
:1029A000984228BF1846042908BF032111F05FFE92
:1029B000034695F8F400984228BF184695F8F03081
:1029C00080B2984200D3C3B295F8211105F1E80016
:1029D00084F87F3012F0ADFB95F821112F7D03298B
:1029E000B5F8FC6008BF042111F041FE0FB90430B6
:1029F00080B2864228BF0646F6B284F8896004F0A9
:102A00002FFC28B104F032FC864238BF0646F6B2ED
:102A100084F8586010F0C5FBE36A93F8A8301BBB3C
:102A2000EB7C13B12846FFF707FB0120FFF79CFB67
:102A3000002323606360A360EB886380B5F8AA304D
:102A4000238095F825302371D5F824310BB101226C
:102A50001A60F8BD13F04DF995F8212100F17101CC
:102A6000012082E71B23AFE72B7D13B12846FFF738
:102A700067FA0120FFF70AFAE36AD3F8F0010BF0D6
:102A800081F9D5E72C100020B0200500601C002043
:102A9000014B93F8880070472C100020054A138DD5
:102AA00092F8800003F4805110B113F4C06F00D18C
:102AB000080B70472C100020024B93F82900C0F33C
:102AC000C00070472C100020014B93F88B0070471A
:102AD0002C100020151F01004D2401008D1F010046
:102AE000ED1D01000D4B0321186830B50D4690F81F
:102AF000A52090F849400132B2FBF5F303EB430304
:102B0000D31ADAB244FA03F3DB0703D4013911F024
:102B1000FF01F0D180F8A52030BD00BFB810002023
:102B2000014B18680FF066BDB810002008B50AF018
:102B300083F9014B187008BD70000020064B10B4DB
:102B40001C68827C836804F1420194F841005DF8BE
:102B5000044B11F0DEBC00BFB8100020024B186817
:102B60006C3001F0DFBA00BFB810002038B50F4C50
:102B7000FFF7F4FF656801F08FFA63682860186852
:102B800020B940F2F5413220FEF738FA0FF00EFF7F
:102B900010B940F2F741F6E70BF0C2F800200BF055
:102BA00023F9636804221A7138BD00BFB8100020F1
:102BB00038B5194D04466B681B79022B04D940F6D1
:102BC000FC013220FEF71AFA2B68027C83F8A4205D
:102BD0001A44C168996692F87C2183F8782142688A
:102BE000C3F88820037A022B0ED00AF06FFE0BF098
:102BF0001FF90AF0C3F909480BF07CF808480BF0FC
:102C000073F808480AF0CCFE637C23B12B685B6E36
:102C10000BB101221A6038BDB8100020583B0100EA
:102C200055555500D6BE898E2DE9F341494D0023F7
:102C300007460E462C686372236DB3F8AA2093F8FA
:102C40002911D3F8C800628111F063FD2B6820843C
:102C50001A6DB2F8D010B2F8D22059849A844FF489
:102C60007F42DA844FF6FF721A8517B3012130468E
:102C700011F0EFFF33780146D8092C6894F84830FA
:102C800004F11402FBB10FF0F8FBE0B10B686361D3
:102C90008B88287B938004F10E0208284BD004F126
:102CA0000D0103F0FBFE88B941F213413220FEF71B
:102CB000A5F96946A86811F0C4FEAB6869461878A2
:102CC000C0F38010D9E700236361E2E72C68637BDF
:102CD00004F11A0843F0020363734FB30021304636
:102CE00011F0B7FF0368C4F81A308388A8F80430DD
:102CF0002B68186D93F95810A83004F01BF8286859
:102D0000154912F08CF928681449036D2A30B3F87C
:102D1000AA20A0F80920DB7DC37212F089F90221F4
:102D2000286801F0F3FCFFF719FF02B0BDE8F0815D
:102D300004F17800D6E794F87E306373A36FC4F88B
:102D40000E30B4F87C3093800023C4F81A30E3834B
:102D5000CEE700BFB8100020D72402009324020061
:102D600008B5074B93F900207F2A04D140F29B312C
:102D70003220FEF743F902707F221A7008BD00BFAF
:102D80007000002010B504788EB004F00F0404A980
:102D900022460FF032FEFFF7C9FE042C33D11B4C44
:102DA000059A2368107893F8781088422BD15078D0
:102DB00093F87910884226D1907893F87A10884257
:102DC00021D1D07893F87B1088421CD1107993F8E8
:102DD0007C10884217D1517993F87D20914212D10D
:102DE0009DF8212093F87E309A420CD10DF10F000E
:102DF000FFF7B6FF9DF90F3004A90093237C227BD7
:102E000060680FF0E5FD03200EB010BDB810002083
:102E10000D4A536810B51979022904D841F2BC4112
:102E20003220FEF7EBF81979082902D941F2BD41A9
:102E3000F6E71B79526903F180439268033BBDE8D2
:102E4000104052F823301847B810002010B5054C38
:102E5000637B2BB10AF0ECFF0AF090F80023637358
:102E600010BD00BFB810002010B5054C23792BB160
:102E70000AF0DEFF0AF082F80023237110BD00BFC4
:102E8000F017002010B5094CFFF7E0FF012263683E
:102E90001A7100232268A2F8793182F87B31FFF79A
:102EA0005DFE2068BDE8104010F039B9B810002070
:102EB00008B5FFF7CBFF044B00209968FFF7B4FE7D
:102EC000BDE80840FFF72CBEB8100020062938B531
:102ED0001D469DF8104019D908291BD802B18CB1A4
:102EE00043689BB912B94378DB0615D40B4B5B687A
:102EF00018680FF07CFD00B134B92DB903F0A4FDC2
:102F000000F00104204638BD0120F9E79DF8144087
:102F10002C43F7E70024F5E70124F3E7B81000207D
:102F200038B50D1E04460CBF05200320104403F0E5
:102F3000FBFD094B587370B15DB9033C012C8CBF8C
:102F40005024552409F0F4FF2046BDE838400AF02B
:102F500063BF4024F6E738BDB8100020F8B53D4CFB
:102F6000FFF7FCFD656801F097F863682860186852
:102F700020B940F252413220FEF740F80FF016FD22
:102F8000054610B940F25441F5E7236893F8A6309E
:102F90006BB123681A6D93F8A710C3F8102193F84A
:102FA00054200A4383F85420002283F8A620206886
:102FB00090F8A430034493F87C71636880F87871CA
:102FC0001A7952B11B79012B07D000210FF0F0FEC6
:102FD00018B9BDE8F840FFF755BF23681E4A93F8BB
:102FE000A530D05C0AF0E6FC236893F8A4201344D3
:102FF00093F87C61022E2BD004D8012E05D040F22C
:10300000F771B8E7F31E012BF9D801F03FF831460C
:103010000AF0F2FB28460AF083FE314601200AF04E
:10302000EBFC7B1E2A46384659425941FFF778FF90
:10303000626808210023517121732168D3801372C3
:10304000E37381F89530A373237403231371F8BDE0
:103050000D20DCE7B8100020C71D0500124A10B58E
:10306000536800B931B9184601F0AEF8BDE8104018
:10307000FFF708BF1979082904D841F28C413220A2
:10308000FDF7BCFF19790C2902D941F28D41F6E711
:103090001B79526903F180435268093BBDE8104037
:1030A00052F82330184700BFB8100020054B1A68AB
:1030B00092F85420920703D05B68186801F016B8A4
:1030C00098687047B810002070B5304D06466B68A0
:1030D0001A79032A0BD01A79042A08D0FFF7E6FFE1
:1030E000044640B941F2C4313220FDF787FF186829
:1030F0000FF05CFCF4E72B6893F8543013B941F2FD
:10310000CA31F1E776B111F050FE30B16B681A792F
:10311000022A0ED841F24A31E6E7204611F060FE5D
:103120000028F3D16B681A79022A17D841F2AA3124
:10313000DAE71A79082A02D941F24B31D4E71B7930
:1031400020466A6903F180431269033B52F8233039
:1031500098470C2812D941F2DD31C5E71A79082ABF
:1031600002D941F2AB31BFE71B796A6903F18043B1
:103170005269033B52F823309847EAE76B69DB68F2
:10318000BDE8704053F82030184700BFB810002049
:1031900007292DE9F043064687B00F46904645685B
:1031A000634C23D11DBB002A49D1D4E9001091F80A
:1031B000543013F0030218BF012213F0040382718C
:1031C00003D033785A1E53425341C37191F894305F
:1031D0004BB12368D3F89000503012F049FD10B97C
:1031E000636801221A7207B0BDE8F0833DB3294637
:1031F000707C0FF042F9072F814661D1637B63B188
:1032000058B1B8F1000F52D0656811F0B7F9636892
:1032100068715B7923730123A37363685879082865
:1032200055D17168707C12F019FD626805467168AD
:103230000532707C03F00EFC6368002859D02368C7
:1032400093F8540010F003000AD093F84A3039463E
:10325000019530466268927900924246FFF736FE49
:1032600062682368907193F8540010F0040009D04C
:1032700093F84B30394601953046D2790092424658
:10328000FFF724FE2B4B65681B68E8711BB14146B4
:1032900030469847287272686AB3717C236883F855
:1032A0007E10116899679288A3F87C2023E0236838
:1032B00093F878110129A7D1284603F007FC607321
:1032C000637B002BA9D0B9F1000FA6D09CE704AA1C
:1032D0000DF10F0103F0E2FB20B940F6A5313220D9
:1032E000FDF78CFE04A99DF80F0012F0B7FC05460F
:1032F000A5E7D88018726268137AB3B9D388003B07
:1033000018BF0123B06800283FF46DAF072F7FF48A
:103310006AAF517908293FF466AF002B3FF463AFE1
:1033200003F0F2FB0123E3735DE70123EAE700BF4B
:10333000B8100020641C00202DE9F04F044689B02D
:10334000062900F2C580DFE811F06000E700070001
:10335000C300C300C30026006E4D0AF0D5FB2F68E2
:1033600097F85430980714D06E68B3798BB10DF18B
:103370001F00FFF7F5FC9DF91F3002222146029342
:1033800030462B7B0193FF23009307F142030FF09C
:103390000FFB03201FE05F4D6E68B379002B00F038
:1033A00097802F6897F85420910717D50DF11F00CB
:1033B000FFF7D6FC9DF91F303046062202932146C6
:1033C0002B7B0193FF23009307F142030FF0F0FAE8
:1033D000002309202B7409B0BDE8F08FD30777D5FF
:1033E000570701D50AF090FB0DF11F00FFF7B8FC5D
:1033F0009DF91F202B6802922A7B42330192FF2203
:103400000092062221466868C1E7424D2B6893F876
:103410005420560737D56968CA79002A33D04268E4
:1034200093F85B001678864255D1567893F85C0085
:10343000864250D1967893F85D0086424BD1D6787B
:1034400093F85E00864246D1167993F85F00864273
:1034500041D1507993F8602090423CD1627C93F83E
:103460005A00101A4242424193F8560001284ED0A9
:10347000002A4CD193F84C30082B02D04A799A425A
:1034800045D00AF041FB6E68B379002B3DD02F6820
:1034900097F85420930720D50DF11F00FFF760FC2B
:1034A0009DF91F3030460022029321462B7B019369
:1034B000FF23009307F142030FF07AFA012309205A
:1034C0002B746B68DA79002A85D19B79002B82D125
:1034D0000AF01AFB5DE70022C6E7D60715D55007AC
:1034E00001D50AF011FB0DF11F00FFF739FC9DF922
:1034F0001F202B68214602922A7B42330192FF2231
:103500000092002268680FF053FA0320D9E70A20DE
:10351000D7E700BFB8100020644D81682A68807C1E
:103520000EF0ABFF92F854306E68074692F8489060
:10353000590796F806A096F807B089F0010940F1FE
:103540008E8092F84B30002B00F0898092F84C600E
:10355000082E00F08680304603F05AFA49EA00004F
:103560005FFA80F9002F7ED03046A16803F086FB19
:1035700006462B6893F8542093F84180520749D5AA
:10358000626893F85B10107888426ED1507893F897
:103590005C10884269D1907893F85D10884264D1BC
:1035A000D07893F85E1088425FD1107993F85F105D
:1035B00088425AD1517993F86020914255D1627C6A
:1035C00093F85A10501A42424241696849790829D1
:1035D0004DD093F84C30591A4B424B41002E48D1F4
:1035E000B9F1000F47D02046CDE90423FFF7A6FA32
:1035F000DDE90423BBF1000F0AD0296891F85610C9
:1036000001294ED021B9002A4BD108B1002B4AD153
:103610000AF07AFA2B6893F854309B073FF4B9AE5E
:103620000AF072FABAF1000F3FF4B3AE2046FFF78A
:1036300085FAD5F8009000B9FEB10DF11F0048EAF7
:103640004608FFF78DFB9DF91F3002932B7B0193FA
:103650005FFA88F30093012209F14203D2E67679FA
:1036600076E7002685E73E4683E70022ADE70023A4
:10367000B4E70120BEE73046BCE799F85530023B7D
:10368000012B3FF686AE002F3FF483AE0DF11F00F5
:10369000FFF766FB9DF91F3002932B7B0193FE23FE
:1036A000D8E70028B4D00A2095E600BFB810002063
:1036B00030B58BB00546FFF739FA114B1B6893F80C
:1036C000543013F0060F04D001229621002013F08D
:1036D000F7FB2C786946284604F00F0422460FF0C9
:1036E0008CF9002221466846FFF752FD21466846C4
:1036F000FFF722FE0446FFF7A9FB20460BB030BDC2
:10370000B810002038B5154D2C6894F84830F3B146
:103710006FF00043D4E920129A4208BFB1F1FF3F95
:1037200015D013F072FCD4E92023904299410ED3B6
:103730002B6893F848305BB92D6803F0A9F904466B
:1037400013F063FC064BE4FB0301C5E9200138BD1F
:10375000012003F05FFA0028F9D0EDE7B81000204F
:1037600040420F0010B50446FFF722FA237A032BDC
:1037700004D140F62E113220FDF740FC0BB9FFF7C3
:10378000B1F9064B1B6893F958000AF003F9FFF7EB
:10379000E5FBBDE81040FFF7B5BF00BFB810002043
:1037A0002DE9F8436A4D002307468946A868D5F8F5
:1037B0000080037043700AF0CFFA064630B9002645
:1037C000032003F003FD3046BDE8F883AC68032F07
:1037D000237833D123F00F0343F0030323700C232A
:1037E0006370D8F87830A868C0F80930B8F87C3031
:1037F000A0F80D3098F87E1011F033F90021A86878
:1038000013F06BFB2B6893F8482003F1420993F8FF
:103810004180002A77D14C4623684146A868C0F809
:103820000330A388A0F8073011F012F9494BD3F800
:103830000C32002B7CD00AF067F9C0E723F02F038D
:10384000222243EA4913627043F0050323702B6878
:103850001A6DD2F8CC20C4F80F201A6DD2F8D430EB
:10386000190AE3741B0C2175637592F82A11B2F8DA
:10387000DC30002941D06420B3FBF0F3A375D2F80B
:10388000D83000293CD06421B3FBF1F3E375C3F3D6
:103890000723237692F82911D2F8C80010F039FFD7
:1038A00029686076000AA0760B6DAC68B3F8D0206A
:1038B000E276120A2277B3F8D2206277120AA27750
:1038C0009A69C4F81F201B7F94F8242084F82330C1
:1038D0000B6D22F01F0293F8233003F01F031343F4
:1038E00084F8243002F080FD94F8243003F01F03A4
:1038F00043EA401384F8243073E740F2E240BBE728
:1039000040F2E241C0E793F8542052070DD593F8F6
:103910004B2052B193F84C0003F0EAF9044600281A
:103920003FF479AF4FF0010876E76B685879F3E719
:10393000052F7FF448AF2B6821681A6DC2F8B410C8
:10394000A188A2F8B8101B6D83F8B3803BE700BFD5
:10395000B810002000A0085010B500210320FFF788
:103960001FFF18B9BDE81040FFF78CBA074C0321C0
:1039700020680FF01DFA0028F4D0012108460AF053
:103980008BFA636809221A7110BD00BFB8100020BD
:1039900070B5164C636818680FF008F8064620B931
:1039A00040F261513220FDF729FB63680A220021B1
:1039B00020681A7100F0AAFE236805201B6DDD7DCA
:1039C0003378C3F340131D402946FFF7E9FE18B9C9
:1039D000BDE87040FFF756BA042120680FF0E8F9FF
:1039E0000028F5D023681B6DDD7570BDB810002070
:1039F000036D10B5044623B940F261313220FDF762
:103A0000FDFA022207494272B3F8AA304381FF232C
:103A100080F827304FF6FF73038511F000FB002379
:103A2000236510BDD7240200F8B5194F064602F0F1
:103A30005FFC0121B8600020FDF7F0FE054620B9CB
:103A400040F685013220FDF7D9FA4FF4C07200210B
:103A500013F035FF01210846FDF7E0FE044620B1D2
:103A60004FF4C072002113F02AFF7B6913B940F6AE
:103A70008F01E7E730460EF014FE28460FF089F973
:103A800024B12046BDE8F8400FF083B9F8BD00BF6F
:103A9000B8100020014B024A5A617047B81000204C
:103AA000BC3B0100036810B523B940F67711322002
:103AB000FDF7A4FA044A13606C3353605369BDE800
:103AC00010401B68184700BFB810002008B5044B11
:103AD000586800F079FBBDE80840FFF7D3B900BF94
:103AE000B810002038B5044690F8400000F0FD0002
:103AF00004F14201003818BF012084F8410002F0AF
:103B000073FE94F84030023BDBB2012B94BF0123DB
:103B1000002384F8483015D802F0BAFF054613F0A8
:103B200074FA094BE5FB030194F84830C4E920011D
:103B300043B1002003F06EF820B940F62121322075
:103B4000FDF75CFA38BD00BF40420F000149363036
:103B500011F068BAB5240200112E0100C93001002D
:103B60005D300100CF2602006D2B0100B12E010057
:103B70001726020005260200212B0100852E0100D8
:103B8000A92402005D2F0100A9240200A92402003B
:103B9000A9240200A9240200A92402005939010025
:103BA00091390100A9240200A9240200B1360100C4
:103BB000852D01003B2602002D26020065370100FD
:103BC000683B0100703B0100783B0100AC3B010009
:103BD000B43B010008B5431EDBB231B1032B08D959
:103BE0004FF4EA713320FDF709FA032B02D8034A98
:103BF000D05C08BD4FF43F710620F4E7CA1D0500F4
:103C000008B50EF02BFB054AD2E84F3F0133DBB27B
:103C1000C2E8413F0029F7D108BD00BFD010002005
:103C2000024BA0F108015868FFF7EABFD01000204E
:103C30002DE9F84F1E463C4B0D46934600211A785D
:103C400004689DF828709DF82C809DF930909DF8AF
:103C500034A0016032B9A4F108015868BDE8F84FFA
:103C6000FFF7CEBF1A2204F1090013F028FE01234A
:103C7000A372BBF1060F4FD8DFE80BF00433394EC7
:103C8000434E3D00E37A23F0130343F01303E37242
:103C9000012304F10E0241462846237547F6FF73BF
:103CA00084F81890E38204F10D030EF053FEE37ADA
:103CB0005B0736D5BA1E04F11C03012A8BBFAA6824
:103CC00032681168E2618ABFE161B28892889A80A5
:103CD000E7760023237215492046BDE8F84F11F01E
:103CE000A1B9E37A23F0150343F01503CFE7E37A94
:103CF00043F01003CBE7E37A23F0120343F01203FF
:103D0000C5E7E27A4AF01A0A22F01B020AF01B0AFF
:103D100042EA0A02E272BBE740F246413320FDF775
:103D20006DF9FF23E376D4E7D0100020313D010088
:103D30002DE9F04F05468DB00C4600200121FDF71E
:103D4000A9FD064620B94FF4F1713320FDF756F96D
:103D5000A8300FF020F818B196F85430042B2ED16B
:103D600030460EF073FC50BBB84C04F1080604F169
:103D70000C07AB6A93B92846FFF752FF4FF4007364
:103D8000ADF804309DF80430002063F307009DF87F
:103D9000053063F30F200DB0BDE8F08FA96A0B6802
:103DA000B142AB624FF000030B704B708B70CB7065
:103DB000DFD0B942DDD06068FFF722FFD9E7AF6AF4
:103DC00037B3A34B9F4226D0043B9F4223D007F139
:103DD0003B0A4FF0000802F099FA8146B8F1000F53
:103DE00040F0058102A950460EF09AFEB9F1000F8D
:103DF00016D004F10D00EE7A16F0100613D09DF8DF
:103E00001860059932460CF085FF4FF0010828E054
:103E100005F1330ADDE74FF001084FF0000ADAE759
:103E200004F11C00E7E7002FEFD09DF80830022BCB
:103E3000EBD0014695F83230E522504610F04CFFA9
:103E400095F8323006460344504685F8323010F07B
:103E50003BFF95F83280A8EB0000D0F1000848EB5A
:103E60000008B9F1000F00F0C680EB7AD90604D43F
:103E70005B216AE7C8460026F7E713F0040FAA7A29
:103E800095F80DC04FF03E0304F1060105F10E0058
:103E900033D095F81BE0BEF1FE0F2ED123700B231B
:103EA000E270A370130184F805C00233637001232C
:103EB0002371D5F80E30C4F8063083888B8084F8DF
:103EC0000CE0EB69C4F80D302B8CA4F811302B7E7C
:103ED000E3745E4E06F1080A57453BD1237902226E
:103EE00005F1280062F3461323710EF04FFD0227FF
:103EF0002846FFF795FE04263FE023700223E27078
:103F0000A37006F10A0384F805C0534302336370BB
:103F1000D5F80E30C4F8063083888B80267326448B
:103F20002B7E7373EA7A12F0080102D00423237106
:103F3000CFE702F00303032B01D12171C9E7520738
:103F400001D50123F3E7022BF1D00BB90323EEE7F0
:103F5000A421FAE606F10C094F4515D105F1280018
:103F60000EF014FD6A7D6AB92379042662F34613C4
:103F7000237102272846FFF753FE8DF804608DF861
:103F80000570FFE60026F4E747B3B8F1000F20D034
:103F900005F1280840460EF0F9FC39467068FFF735
:103FA0002FFEAB6A0022534585F8322096D04B4550
:103FB00005D12379404662F34613237195E79DF8B6
:103FC0000830022B05D1237923F0680301272371E0
:103FD00091E72379012262F34613F7E7EE7A16F0B0
:103FE0001006CAD0237967F3461323717FE70028B0
:103FF0007FF440AF06468E2305F12301237006F1BE
:104000001803AA7A5343E270221D0233637005F14C
:104010000B0353F8040B8B4242F8040BF9D195F8CB
:1040200014A095F815B002F0AFF9C1F3402950463D
:104030004946FFF7CFFD6073BBF1000F04D049463E
:104040005846FFF7C7FDA073E67642E7D010002080
:10405000DC100020343270B5054692B20C461E4684
:104060000EF0C4F825B1034A5560147456741470E8
:1040700070BD00BFD010002010B5034C60680EF07A
:10408000D7F8237C237010BDD0100020014B587C42
:10409000704700BFD010002038B5134D68680EF08F
:1040A000CDF8044620B940F257113320FCF7A6FFA3
:1040B000D5E84F3F013BDBB2C5E8413F0029F7D1CE
:1040C00004F108033422184613F0F9FB47F6FF7297
:1040D0000121E462E283FF22627584F82320E27CFE
:1040E00061F34612E27438BDD010002038B5436A3F
:1040F000044693B90A4D68680EF0A0F8606220B9D2
:104100004FF4B8713320FCF779FFD5E84F3F013BFE
:10411000DBB2C5E8423F002AF7D1606A3B3038BDC8
:10412000D0100020036810B504468BB19A6A22B102
:1041300040F28D113320FCF761FF596A41B101F162
:1041400008008342074B08BF22605868FFF758FDFC
:10415000216831B1034B08395868FFF751FD00233E
:10416000236010BDD010002038B5046805469CB10E
:104170001349204610F05FFF124B00221A735A7346
:104180009A73DA73EFF3108272B6A16A0C3399B99D
:10419000A362E36202B962B62C68616A49B101F1B7
:1041A00008039C4203D0074B5868FFF729FD002302
:1041B000636200232B6038BDE16A0B60E9E700BF52
:1041C000313D0100D010002070B50668044656B39A
:1041D000716A154D41B101F108039E4202D0686831
:1041E000FFF70EFD0023736221684E7DB6B10023F8
:1041F0002B726B72AB72EB72EFF3108272B6886A3D
:104200000A4B40B98B62CB6202B962B62046BDE868
:104210007040FFF7A9BFC86A0360F4E7083968680F
:10422000FFF7EEFC266070BDD0100020D8100020F3
:1042300010B504460246064900F58C7013F00FF8DD
:10424000224604F5A4700249BDE8104013F007B8F7
:104250009F2E02007FB590F8142102F0FF0322B1D7
:1042600040F2A5212120FCF7C9FE0C78039314F03D
:10427000010218BF8D68CDE9013318BF019514F014
:10428000040529D004ADCE6805EB820545F80C6C19
:10429000154680F845514A68124DC0F8C820C0F84C
:1042A000F82040F27122A0F8FC20032215F8011B2F
:1042B0000C420BD004A900EB830601EB8301013310
:1042C00051F80C1CDBB21639C6F8CC10013A12F0CA
:1042D000FF02EBD104B070BD002ADAD140F2BE215A
:1042E000C0E700BFDA1D05002DE9F04F04468FB08E
:1042F0009B469246BDF86070039112F086FE8046A0
:10430000204604910EF059FCD4F8CC900546BBF140
:10431000000F00F0D781BAF1000F00F0E48083466F
:1043200018F5FA630593049B43F10003069303F029
:10433000EFFE064604F1E8003146079003F0BAFEAE
:10434000D4F8101111B107980EF079FDBDB1D4F871
:10435000F050BEB1B0682A46D6E90031C018059BBE
:10436000009341F10001069B019311F099FC8542F5
:10437000034608D240F24D312120FCF73FFED4F82D
:10438000C850E6E73346059AD4F8C8009D18069A47
:1043900042F10006002F00F0A180BFB242F2107C73
:1043A00029463246E7FB0C1200F2CF773B44B3FBC1
:1043B000F0F34343EB1A66F10000C4E92A12C4E9A2
:1043C0003A300027E319204693F87C110EF0DAFB0F
:1043D000D4F8A830D4F8AC105A1B0590069361EBC2
:1043E0000600012A70F100034FF00003C0F259816A
:1043F0009145834100DB914604EB8707D7F8CC70E9
:104400004F4528BF4F46C4F8DC70BAF1000F05D005
:10441000D4E93A23C4E92C56C4E93023059B20464D
:10442000039AC4F8D83004230791C4E92E56537276
:104430002A4633460EF0D7FB039B059A18725A6042
:10444000BBF1000F00F038810123039A0799137024
:10445000069B049AB3EB080361EB0202012B72F195
:1044600000004FF00000C0F21E81A74E9E42904116
:1044700000DB1E46D4F81031D4F8C890002B40F071
:10448000178107252046A9FB055A0EF096FB002848
:1044900000F00B81D4E92C32ED184AEB0203A84559
:1044A000049A9A410FD2B5EB0805049A63EB020314
:1044B0006FF00102AA424FF000029A4102D3AE42CD
:1044C00028BF2E46B146039BC3F81090059B9F4220
:1044D00034BF002001200FB0BDE8F08F4FF0FF3156
:1044E0006FF0004260E7002838D06FF00043D4E955
:1044F0002A129A4208BFB1F1FF3F2AD094F8443102
:104500002046234493F87C110EF03CFB18F19802EE
:10451000049B0546099008A843F100038DF820A0EC
:10452000CDE90C2340F20243ADF8283012F09DFE95
:1045300010B940F296411FE7D4E92A320C995B1A70
:104540000D9962EB01025B1B62F10002002AC0F2CE
:10455000A2804546049E4FF0010B32E7D4E93A268B
:10456000D4F8C850A8EB0203AA18B3FBF5F305FB77
:1045700003F346F100069B18A3EB080246F1000680
:10458000972A05D8ED1846F10006D346574619E795
:1045900094F87C1120460EF0F5FA0423D4F8B820E4
:1045A0008DF82930D4F8C850099020468DF820A005
:1045B000D4E93A13521AB2FBF5F26A43521843F1A6
:1045C0000003CDE90C230EF00EFB29468DF82800E0
:1045D00008A80FF0F3FFDDE90C56D6E751F8042FD9
:1045E000013302F1160CCC459FBF821A013791446A
:1045F000FFB2DAB29645F1D8E319204693F87C1160
:104600000EF0C0FA484404EB8703D3F8CC30834261
:1046100009D3A3EB0909B9F1000F22DA40F24E41A8
:10462000AAE6A94667E094F84511D4F8C820B94233
:104630000FD901379542FFB208D204EB8703D3F8B4
:10464000CC3003F1160299461546E4E74FF4856134
:1046500092E69542F7D352009542F4D340F2454199
:104660008AE6AD192046D4E92C234BF100060EF062
:1046700060FAD4F8C8304FF0000B5843D4E93A320E
:104680001B18204642F10002C4E93A322A4633465A
:104690000EF04FFA96E64546049E4FF0010BD146C8
:1046A00074E79946A8E60646E4E6D4E93032F3E634
:1046B0004FF0FF352B46F2E6039B83F800B0C3E9C9
:1046C000045603E7BAF1000F7FF42AAED4F8C820ED
:1046D00008F19805D4E93A13A8EB0106B6FBF2F607
:1046E00056437618A5EB060543F10003AA429B4604
:1046F00097D8A5EB0209002394F845E104F1C8011D
:104700006FF015001F4674E70040420F01292DE9A4
:10471000F347064605D9022900F099804FF4046159
:1047200050E001F00104D0E92CA709F041F896F817
:1047300078818146204641460FF0BAFF0546404643
:1047400009F086FC0246002C3FD0A8F10203DBB240
:10475000022B3AD8534901EB43031B8A15EB090599
:104760002CBF0121002115EB0A0547EB01074E493B
:1047700051F8280000F2E73010444FF47A72B0FB91
:10478000F2F02D1A67F10007ED1847F1000711F05C
:10479000B0FA5230D6F810812C1A67F10005D8F81B
:1047A000C87003F0AFFC06F1E803834210D03A462C
:1047B000CDE90045D8E9780111F072FA874211D2AB
:1047C00040F261312120FCF719FC4FF4FC73C5E77E
:1047D00098F8290130B13A46CDE90045D6E93A01C9
:1047E00011F05EFA314B1A68D6F81031824293F814
:1047F0002A110ED9D3F8C8603218C3F8D86089B925
:1048000041F66A018842A3F8DC1018D34FF4FA612C
:10481000D8E751B16422B0FBF2F151430246401A8D
:10482000C3F8D8104FF4FA71ECE740F2E242B0FB63
:10483000F2F151430246C3F8D810401AE0E71219CA
:1048400045F10005C3E9782502B0BDE8F087D0F84E
:10485000103113B940F2DB71B4E700255D7390F8B5
:10486000781183F8201183F82111FF2483F8224165
:104870000339D0F81001012900F1E8008CBF0021B4
:10488000012110F090FCD6F8100112F07BF9C6F867
:10489000105186F8164109F093F902B0BDE8F047CF
:1048A0000BF09EBBCE1D0500B0200500E4100020DB
:1048B00008B50B4B30B101280DD040F65301212033
:1048C000FCF79CFB18601A6841F669039A4206D906
:1048D00040F65C01F3E740F6C4121A60F3E708BD46
:1048E000E41000200138C0B2032808B504D94FF401
:1048F0003F710620FCF782FB014B185C08BD00BF2E
:10490000E41D05000138C0B2032808B504D94FF4EE
:104910003F710620FCF772FB014B185C08BD00BF1D
:10492000011E05000138C0B2032808B504D94FF4B0
:104930003F710620FCF762FB014B185C08BD00BF0D
:10494000641E05000138C0B2032808B504D94FF42D
:104950003F710620FCF752FB014B185C08BD00BFFD
:104960005D1F0500014B1868704700BF9C110020B7
:1049700008B5034610465A1E032A10D84A1E032AB9
:104980000DD8084A012951700CBF00210A2110716D
:10499000937091721946FDF787F9002008BD6FF0FA
:1049A0001500FBE71E010020074A537A40B143F08F
:1049B0000403002953720CBF00230723537170476F
:1049C00003F0FB03F5E700BF1E01002040EA4100B1
:1049D000014BD870704700BF1E01002010B504467F
:1049E0000EF0E7FB08B9002010BDE0430EF0E1FB3C
:1049F0000028F8D0E31683EAA4635A1E1A42F2D0C4
:104A0000E3B25A1E13405A1E1342ECD0A0B210F06B
:104A100007FD0B28E7D8204610F0FEFC1828E2D846
:104A2000A3B2B3EB144F04D184EA142313F0FF1F95
:104A3000D9D0044B6340581E1840003818BF0120DD
:104A4000D2E700BFD6BE898EF0B5070C164BA7F58E
:104A5000AA4203EA9023543A012A20D927F40040BD
:104A600042F6AA22801A18BF0120002216211F2414
:104A7000164687EA060562EA0505013511D0DD0311
:104A800001394FEA5303ADB245EA56064FEAC43541
:104A90004FEA5404ADB245EA5202EAD1F0BD00201B
:104AA000E3E70020FAE700BFE0FF3F0070B50D46E6
:104AB000BDF818400646BDF81410AC421046BDF8CB
:104AC00010201BD8B5F5486F18D8844216D8B0F519
:104AD000486F8CBF0024012496B91A4E367C96B1DB
:104AE0009CB96FF4506C05EB0C06062E04D86FF4DD
:104AF00050668619062E08D9204670BD0024EBE7C3
:104B000096F88160EBE7002CF6D0854217D803FBBE
:104B10000111B1F5FA7F12DCA2F10A0340F67644E6
:104B20009BB2A3420BD80EF04BFC42F210734143F0
:104B30005A43B2EB410F8CBF01240024DCE7002470
:104B4000DAE700BFA8110020304BF0B5B0F86C7068
:104B50000C461146DA88B0F86A6085B097421D8924
:104B600028BF1746964228BF16461B2E2ED0B5F5F5
:104B7000A47F2DD040F6480301AA9D4228BF1D46C0
:104B80000EF032FCBDF80A30BB4228BF3B46E38042
:104B9000BDF80C30AB4228BF2B462381BDF8063050
:104BA000B34228BF33466380BDF80830AB4228BF0C
:104BB0002B46A380FF232370E3881B3B9BB2E02B93
:104BC00008D940F209513920FCF718FA1B2FCED131
:104BD00005B0F0BD63881B3B9BB2E02B02D940F2CD
:104BE0000B51F0E7238940F64812A3F5A4739BB25A
:104BF000934202D940F20D51E5E7A388A3F5A473CF
:104C00009BB29342E4D940F20F51DCE7A811002097
:104C1000F7B5002304460E461746CDE90033684633
:104C2000FCF772FE08B100201AE0009DA542F6D004
:104C3000304605F1AD030EF0A3FB394695F8AC20E4
:104C40000FF067FC0028EAD005F1B40395F8B32013
:104C500004F1B40194F8B3000FF05BFC0028DED03F
:104C600003B0F0BD054A516A02F11D03127F11F82D
:104C7000030BC0F380100FF04CBC00BF18170020CE
:104C8000012817D80D48824216D8012B0DD140F2C9
:104C900052739A4210D9A1F6C410094B98420BD80E
:104CA0008A428CBF122000207047042BF3D140F6BB
:104CB000C313EEE712207047302070478FFD70025B
:104CC000CBF3700210B504460A480DF010FE0A49F5
:104CD0002046FFF7BFFA20460DF039FD38B12046D7
:104CE000FEF700FF20460DF0FFFD002010BD122052
:104CF000FCE700BFE0110020E81100202DE9F04F93
:104D0000994687B07F4B04460DF110087E4D186818
:104D10000F461B791646049088F8043095F86A30DF
:104D200013B1404602F04AF8394620460FF036FDEE
:104D3000AB69C4F8E83096F84A2006EB4202B2F8B4
:104D40002AA050460EF03CFB01466FF45060002351
:104D50008244BAF1060F7BD9908C4FF0961284F8FA
:104D60002A31A4F8E430C4F8E02040F2E2420EF028
:104D700027FB03F013FA40F2E243014604F1A80ACC
:104D8000A4F8F431C4F8C810C4F8F011504611F07A
:104D9000CFFE834601F0F8FA8306A97B53BF1B239D
:104DA0006B88AA881A46A4F81231584BA4F814212B
:104DB0001B6884F8F010A4F8F2B01BB194F9281124
:104DC000384698472B7C03A80394003B18BF012367
:104DD00084F829310EF0EBF94D4B1B681BB14D499E
:104DE000B4F8AA0098470123A4F8DE304A4B1B68A8
:104DF0001BB14A49B4F8AA009847494B1B681BB13C
:104E00004849B4F8AA009847474B1B6813B1B4F857
:104E1000AA009847454B1B6813B1B4F8AA009847FD
:104E2000AB8804F1C0006A886978033303320191CA
:104E30009BB2297892B2009104F1C401FCF79CFD69
:104E4000D4F8C03083B940F6F4713920FCF7D6F8B5
:104E50004FF04D12A4F8E4300123C4F8E02084F8A8
:104E60002A314FF47A7389E7D4F8C43013B940F685
:104E7000F571EAE70EF064FAC4F8CC00B9F1000F5E
:104E800005D002F011FA20F07F40C4F8D40096F863
:104E90004A302046E96906EB4306338EA4F8D03049
:104EA000F38EA4F8D23011F040FE414604F1170011
:104EB0000FF024FD95F86A3013B9FF2384F83D32D2
:104EC000EB6E23B1012204F59771504698471849BB
:104ED00050460FF0DAF802F0E7F90C23B0FBF3F2DA
:104EE00002FB1300C0B2431DDBB2082B9CBF0D3088
:104EF000C3B2204684F823300FF07FFC07B0BDE832
:104F0000F08F00BFEDA30500A8110020781C002041
:104F1000701C0020D01100208C1C002006120020E4
:104F2000801C0020F8110020841C0020881C002018
:104F3000B211002010B503210020FCF7ABFC0446A1
:104F400070B90321FCF76AFC044620B940F2253110
:104F50003920FCF753F8034B93F9701011F036FA2F
:104F6000204610BDA8110020014B5888704700BF93
:104F7000A8110020044BD87BC0F3400080F0010052
:104F800000F00100704700BFA811002038B50FF0F5
:104F9000BFFA002501F048FD214C01F00DFA10F098
:104FA0001FF803F02BF801F029FF07F067FF01203D
:104FB00001F0A6F91B4B1C4A29461D604FF01B133C
:104FC000A4F86850A58184F83650E573C4E900233D
:104FD0004FF4A4731022A3604FF479432361134B61
:104FE00058681B89A06304F14000A38712F067FC96
:104FF000012342F2107204F15E0084F840306375C0
:10500000C4E9112211F0FFFE04F1500011F021FF5C
:105010000022002384F88050C4E91E2338BD00BF5D
:10502000A8110020681C002003021B00011E0500BF
:10503000064B41F64C521B211A629973C3E90622B2
:1050400041F288325A62FFF7A1BF00BFA8110020C9
:10505000F0B53D4D85B000F1A8070446AB69C0F836
:10506000E8302B7C003B18BF012380F82931374BF7
:10507000C0F8C830384610F0B5FF064601F084F994
:105080008306A97B53BF1B236B88AA881A46A4F802
:1050900012312F4BA4F814211B6884F8F010A4F8E7
:1050A000F26023B194F92811B4F8AA00984703A834
:1050B00003940EF07CF8274B1B681BB12649B4F80B
:1050C000AA009847254938460EF0DFFF0123A4F8CF
:1050D000DE30234B1B681BB10021B4F8AA009847AF
:1050E000204B1B681BB10021B4F8AA0098471E4B47
:1050F0001B6813B1B4F8AA0098471C4B1B6813B186
:10510000B4F8AA009847AB8804F1C0006A886978AF
:105110000333033201919BB2297892B2009104F1DA
:10512000C401FCF729FCD4F8C03023B940F2E241B5
:105130003920FBF763FFD4F8C43013B940F2E341E0
:10514000F6E705B0F0BD00BFA811002000093D0042
:10515000781C0020701C0020D0110020B21100200B
:105160008C1C0020801C0020841C0020881C002037
:105170002DE9F34104460E4611F069F9002800F0CC
:105180009680204611F09DFA40B1B6F80130013BFF
:105190007F2B03D9122002B0BDE8F081204611F028
:1051A00094FA08B90C20F6E7204610F0D2FF002848
:1051B000F8D1204611F0F4F880460028F2D12046BC
:1051C00004F01EFD0028E5D042F21073B6F801701D
:1051D000F17820465F4311F05DFA04213078FCF746
:1051E00059FB054606213078FCF754FB2DB140B140
:1051F00041F676213920FBF701FF18B3054690F8F8
:10520000E5802C4E3368EBB14035284610F03FFD69
:10521000C0B1284610F02CFDA0B9B8F1000F07D09E
:10522000254B28461B68984760B141F68A21E1E783
:105230002249424633682846096A984710B141F628
:105240008F21D7E7204611F034FA014638B93A46A3
:10525000204603F0CFFC40B341F69821CAE7022173
:105260000DF10600FCF7A2FA054608B90D2092E7F9
:10527000BDF806100FF0D0FA2946204611F055FA75
:105280002846FFF7E5FE3A462946204603F0B2FCE1
:10529000024610B141F6B421ACE7084BDB6E23B1F6
:1052A00005F5977105F1A8009847002073E74220A3
:1052B00071E700BF6C1C0020741C0020A8110020A6
:1052C000024B1B6803B118470C207047681C002074
:1052D00008B507F09DFD0EF0D6F8024B83F870007C
:1052E00008BD00BFA8110020014B93F97000704762
:1052F000A8110020F7B5074610460D461E4607F0D8
:1053000087FD0EF0C0F80446042F04D8DFE807F04C
:10531000062649293300122003B0F0BD00F0F6FF45
:10532000A0B19DB9FFF706FE214611F0BDF900219D
:10533000E8B211F034FD10B1214611F044FD1EB168
:10534000204607F053FD30700020E5E70321284692
:10535000FCF7A0FA0028E7D14220DDE70DF081F943
:10536000EDE707212846FCF795FA0028E7D021460B
:1053700011F02BFDE3E70A212846FCF78BFA002801
:10538000DDD090F83830032BC5D1D0F89850002DDF
:10539000D5D0F83D2146284611F01DFDD5F8F8502E
:1053A000F5E701A928460FF0C8F90028B4D1074B4A
:1053B0001B681BB9019B83F82841C0E701222146E5
:1053C00001A898473A28F5D1A6E700BF7C1C002029
:1053D000034B5A8802801B7883700020704700BFFF
:1053E000A811002073B5837806461A2B08D8042B21
:1053F00004D9334A22FA03F3DB0705D412251AE055
:10540000292B01D03B2BF9D13088B0F5706FF5D244
:1054100069460FF092F988B9009B93F82C2102F0AD
:10542000FF05C2B9B27883F82D21FF2283F82C2121
:1054300068460EF02EF9284602B070BD092130886A
:10544000FCF728FA0446002837D001A9B0F8AC01CF
:105450000FF073F908B10C25EDE70821B4F8AE019F
:10546000FCF718FA20B94FF404613920FBF7C6FDA8
:1054700003781BB994F8C831032BECD1019B93F846
:105480004221002AE7D194F8F02102F0FF05002A1A
:10549000E1D1B4F8B021A3F8442194F8B82183F8FD
:1054A0004621027D83F84721B27883F8482184F8A9
:1054B000F021FF2283F84221BDE70225BBE700BFB0
:1054C000200038040188A1F11B039BB2E02B0CD80B
:1054D000428844F24810A2F5A4739BB2834204D8D8
:1054E000034B0020D9801A8170471220704700BFFB
:1054F000A811002038B50278447802F0010302F0C8
:10550000020254EA030101D1112038BDBAB98578ED
:10551000002DF9D0002B18BF002400E01D462046C6
:105520000DF0BCFF0028EFD028460DF0B7FF002893
:10553000EAD0054B00209C72DD729881E5E7002BD4
:10554000ECD000242546EAE7A811002013B5008816
:1055500001A90FF014F9044620B9019890F83E31E2
:105560001BB13A24204602B010BD90F85C3003F025
:10557000FF04002BF5D190F853309B0706D1FF2391
:1055800080F83E3101A80EF084F8EBE70249543070
:105590000FF04EFDE6E700BFD35B02002DE9F047B8
:1055A00003780446032B03D912252846BDE8F0876B
:1055B0004378032BF8D8437E8578002B4FD1012DFB
:1055C000F2D100F0EBFE854340F0928094F8028027
:1055D00018F0010506D001232269A168E078FFF7E1
:1055E0004FFB054618F0020F07D002232269A1687D
:1055F000E078FFF745FB2843C5B218F0040F7BD0D5
:1056000094F803A00423D4F8089022695046494630
:10561000FFF736FB284310F0FF05C6D1B8F1050FA0
:105620000ED194F804800423E16862694046FFF7D4
:1056300027FB05460028B8D1C24559D1894557D125
:10564000237E013B062BAFD801210020FCF722F975
:10565000054650B940F642413920FBF7CFFC6B1E9E
:10566000062BA1D8AA079FD4ABE7A8300DF093FB77
:1056700018B195F854309B073CD1657EE278003D27
:10568000A078A16818BF0125012AB4F800E000F055
:10569000040314BFB2FA82F2022294F818C018BFB1
:1056A000520910F0010F1FD026695BB16769F31929
:1056B000994207D24B089E4228BF1E468B1B9F4231
:1056C00028BF1F460E4B83F83D50002583F8380055
:1056D00083F83920A3F83AE083F83CC083F840000F
:1056E000DF64C3E9111660E7002BEBD02769E9E717
:1056F00011255AE70C2558E7002DA1D055E700BF2A
:10570000A811002000B589B0437940F271218DF8CD
:10571000043083798DF8053001238DF80630037845
:105720008DF80730B0F801304B430393B0F80320F5
:105730004A430D4991F83C100592A2F6C4128DF827
:105740001C1000218DF81D1008498A4209D8A3F6C3
:10575000C4138B4205D801A8FFF720FF09B05DF8FC
:1057600004FB3020FAE700BFA81100203C369C0063
:105770002DE9FF4106460078012813D17378012BEB
:1057800003D9022B0CD1B38853B17288B2B1B3885C
:10579000A3B10A214A434FF4A0614B439A420DDB67
:1057A00012247AE00028FBD10121FCF773F80546AA
:1057B000002840F08E8040F69A5107E00121002039
:1057C000FCF768F8054620B940F63F513920FBF751
:1057D00015FCB388002B76D10CF038FF002874D16B
:1057E00095F81431002B72D12846FFF76BFA044666
:1057F0000028D5D10121DFF830810846FCF74AF8AE
:1058000098F81410074619B110B940F65B51DDE75E
:1058100098F838200023CDE9023312F001031CBFB1
:10582000D8F848000290520741BF04AA02EB830354
:10583000D8F84C2043F8082C002941D097F81431AF
:10584000002B3DD07388DBBB98F838303846009386
:1058500002ABD8F8442098F83A100CF0EFFF78B378
:1058600038460DF09EFA07F14003064605F1400266
:10587000683753F8041BBB4242F8041BF9D1284691
:10588000FFF720FA024610B140F682519EE70C2E37
:1058900007D1014628460DF037FC204604B0BDE88C
:1058A000F08116B140F68B5190E798F839302846D0
:1058B000296D43F0040385F854300DF004FCECE747
:1058C000B2887188E6E71124E7E73A24E5E70C247B
:1058D000E3E70DF011FA04460028DED195F85430C4
:1058E00095F8A62022B195F8A720134385F8A600C5
:1058F000053B012BD1D82B6D13B940F6AA5165E7B2
:1059000001210846FBF7C6FF4FF4C0722946064640
:105910000BF000FA002386F894300423316D3046F2
:1059200086F85430C9E700BFA81100202DE9F04FD8
:10593000457A04468FB0A80718D545F00105657271
:10594000072D15D800F02AFD35EA000040F05881F7
:1059500094F848308BB9012D0AD1A369A94AA3F262
:105960005373934200F24A81012609E06907E7D1A7
:10597000122420460FB0BDE8F08F15F00106ECD1DF
:10598000AA0745BF731CB1464FF0FF09DEB26B0793
:105990000AD5B31D9C4A54F82330A3F6C41393428E
:1059A00000F22C810136F6B204F1080704F1220559
:1059B0004FF000085FFA88F39E422BD823789A1E96
:1059C000022A40F21D81012BD2D813B9A378012BF2
:1059D000CED86378032BCBD894F84930013B062B03
:1059E000C6D88A4F01210020FBF754FF3B7D0546B6
:1059F000002B4CD101210846FBF74CFF002818BFB3
:105A0000054605F1A8000DF0C6F90646002858D055
:105A10000C24AEE7994535D0D7F804A03B6953452F
:105A2000A6D86A8B2B8C9A42A2D8B5F814B0012064
:105A30004FF0060C69882A89EB89CDF800B00591F2
:105A4000CDE9010C0020CDE90623FFF72FF800284F
:105A500000F0D480B8F1000F14D02888059988424E
:105A600086D1E988069A914282D1AA89079B9A42F7
:105A70007FF47EAF6B8A5B457FF47AAF3B689A45D3
:105A800040F0BE8008F101080437023592E7A830E3
:105A90000DF081F90028ADD06FF00043D5E92A124E
:105AA0009A4208BFB1F1FF3FA4D1637A2846009320
:105AB00004F11803E26861780CF0C0FE0646002885
:105AC00098D028460CF0C8FD08B13A2451E7284682
:105AD0000CF0BCFD0028F8D1FB7C4BB90AAF0A934F
:105AE0007B6006238DF82E303846FBF70DFF68B338
:105AF00000210DF12600FBF759FE074600287BD058
:105B000001232246BDF82610FFF7F8F8384611F0B9
:105B100024F81EB9617828460CF04BFE04F1030806
:105B2000A2782178284643460CF0F0FD00286FD17A
:105B300012240021B7F8AA00FBF7C2FE00283FF4A8
:105B400018AF41F288213920FBF758FA0A9B93F8E5
:105B5000CD20802AC8D093F8E530002BC4D057E779
:105B6000637A8DF8286013F00102E16818BFA0691C
:105B70000B911EBF0C9001208DF828009E0744BF9A
:105B80000132D2B258071BD59DF82800063203F027
:105B9000050354F8222040F00400052B0D928DF8E7
:105BA00028000DD10C981318994209D24B08834252
:105BB00028BF0346C91A0C93914294BF0D910D92D0
:105BC0000AA92846FEF746FB94F8481028460039F3
:105BD00018BF01210CF097FD94F8491028460CF0ED
:105BE00078FD28460CF080FE394628460DF06BFA09
:105BF0000024BEE60B249CE70D24BAE63024B8E668
:105C00001124B6E63CF67002CBF37002A811002016
:105C100016B92846FDF766FF21784346A278284644
:105C20000CF0D4FD94F8099000F0B8FB09EA0001EB
:105C3000284601F005010CF04FFD16B9042385F844
:105C400054302F654246A0780DF09AFB0146284655
:105C50000CF0D7FD237833B94246A1783846FEF7D9
:105C6000D7FF0028C6D1002E3FF47AAF0421284682
:105C70000CF076FD0028BBD10C245AE710B543790F
:105C800094B0032B57D823F00203027940F271211C
:105C90008DF80630D0F806308DF80420CDF80730A6
:105CA0004389027BADF80B3001238DF805208DF878
:105CB0000D3003884B43049342884A430792A2F66F
:105CC000C412847B417B41EA0421ADF82810047C96
:105CD000C17B41EA0421ADF82E10847C417C41EA6D
:105CE0000421ADF83410047DC17C41EA0421ADF8F3
:105CF0003A10417D847D41EA0421ADF84010C17D18
:105D0000007E41EA00210E48ADF8461000218DF8D2
:105D10004C108DF84E100B4990F83C008A428DF8DB
:105D20004D000AD8A3F6C4138B4206D801A8FFF78A
:105D3000FDFD14B010BD1220FBE73020F9E700BFD5
:105D4000A81100203C369C0073B506230025CDE940
:105D500000558DF806306846FBF7D6FD08B10026E1
:105D600010E0009D95F8CD30802BF4D095F8E560DB
:105D7000002EF0D095F83131002BECD195F8CC30D5
:105D8000002BE8D101210020FBF784FD044620B957
:105D900041F2BB213920FBF731F9A8300CF0FBFFB1
:105DA000224B1B7D73B3E0B194F85430053B012BBB
:105DB00017D820460CF0F5FF054610B141F2C62178
:105DC000E8E72046FDF714FE94F854302A462946A9
:105DD00023F00403204684F854300DF095F9002593
:105DE0000DE001210846FBF755FD044610B941F2CC
:105DF000D221CFE7A8300CF0CEFF60B90C252846A1
:105E000002B070BD28B9002EF8D0FF2385F8CC3041
:105E1000E5E7002EF9D120460CF0C3FF0546002827
:105E2000EDD12046FDF7E4FDE9E700BFA811002011
:105E3000F7B5067804460F46EF2E03D912263046F2
:105E400003B0F0BD90F901204378002AF6DB827898
:105E50009207F3D113F010001DD19D0603F0030249
:105E600016D5002AEAD11907E8D42179E278E57934
:105E700042EA0122617942EA0142A17941EA05211F
:105E8000257A41EA05418A42D8D81F2A12D8D5E797
:105E9000032AE8D1D2E713F0600FCFD103F0070255
:105EA000052A05D003F00F010D22CA40D207C5D53F
:105EB0001D07DAD5627A013A062ABFD8A27A032AE8
:105EC000BCD813F0040302D1023A012A03D8E27AC3
:105ED000012AB3D813B9A37C032BAFD8237DF8B123
:105EE000012BABD1237E012BA8D818B36378D90737
:105EF00002D500F0A5F920B36378227D03F01803E2
:105F0000082B2ED1022A1CD103213046FBF7C2FCFC
:105F1000054660B310F01DF9002834D00C268EE73A
:105F2000022B8BD0A37D013B022B87D8E37D0F2B67
:105F3000D8D983E700F032FA820707D4237D022BF9
:105F400001D111267BE7A37D022BFAD000F026FABF
:105F50004307CBD4237D032BF3D0A37D032BC5D1E3
:105F6000EFE7022AD0D0237F002BCDD0E9E7032131
:105F70003046FBF753FC0546002843D0224B93F9EB
:105F8000701010F023FA0021304610F008FF28BBF3
:105F9000284610F08BFB21463870E074284610F03C
:105FA00084FAE37E0646002B3FF449AF00287FF4D5
:105FB00046AF0246E96C6846FBF7BEFD3246E86C28
:105FC00001210CF087F9E96C68460422FBF7B4FD67
:105FD00032463146E86C0CF07DF930E740300FF086
:105FE00056FE0028D4D0637813F0330F7FF426AF29
:105FF000A67D2846296A10F077FBFEF783FC8642CF
:10600000C6D08BE707261AE7A811002030B5027921
:106010008BB00346042A4FD84088B0F5804F4BD848
:10602000264900241144ADF800408DF808408A7CD0
:106030004D7B42F010028DF8244042EA4502CD7DAE
:10604000097F42EA850242EAC102694602F01F0264
:106050008DF80020BDF80020ADF809201A888DF8D1
:106060000E00000A8DF80B20120A8DF80D408DF8F5
:106070000C208DF80F008DF810405A7BD3F80700E4
:106080008DF811205A79059002A88DF812209A797E
:106090008DF81320B3F80B209B7BADF818208DF8FA
:1060A0001A307F238DF81B304FF00113CDE90734F0
:1060B000FFF7BEFE0BB030BD1220FBE7011E05004E
:1060C0000278034672B1427862B142881A2A09D92D
:1060D00082881A2A06D90068034A106000209B882B
:1060E0009380704712207047A8110020026800209A
:1060F000014B9A61704700BFA81100200268002080
:10610000014BDA61704700BFA81100200378A3F1AA
:106110000A02112A9BBF024A002012209373704783
:10612000A81100200378FF2B15D14378FF2B12D143
:106130008378FF2B0FD1C378FF2B0CD1037923F089
:10614000E0021F2A07D11F2B05D05B09034A00205C
:1061500082F83C3070471220704700BFA811002021
:10616000014B587400207047A8110020014B98740F
:1061700000207047A8110020024B1B6803B118478C
:1061800011207047901C002008B5052000F0C4F8CD
:1061900010F0CDFD014B024ADA6608BDA8110020BF
:1061A000494B010008B5052000F0B6F805F09AF952
:1061B000014B024ADA6608BDA8110020494B0100D4
:1061C00008B50122054B1A7103F004FD04F02CFB05
:1061D0000DF01CFFBDE8084000F000BF2C120020AD
:1061E00010B5064C064904F108000DF0A2FE04F1BA
:1061F0000C000449BDE810400DF09BBE2C1200209D
:10620000D0000020D800002010B5094C094904F145
:1062100008000DF08EFE04F10C0007490DF089FE18
:1062200004F110000549BDE810400DF082BE00BF2A
:106230002C120020E0000020E8000020F0000020E8
:10624000014B1879704700BF2C12002010B50A4C82
:10625000072000F061F8094904F108000DF069FE1B
:1062600004F10C0006490DF064FE04F1100005492C
:10627000BDE810400DF05DBE2C120020F80000209B
:10628000000100200801002038B5074C0D4600F041
:1062900079FEA06825600DF044FEFEF7C9FE01F00E
:1062A0001BF80123237538BD2C120020014B187DEB
:1062B000704700BF2C12002010B50C4CE0680DF0A8
:1062C00030FE20690DF02DFEFEF760FE202000F06C
:1062D00037F82F2000F034F8262000F031F829207C
:1062E00000F02EF80023237510BD00BF2C120020F3
:1062F00000487047411200200048704743130020B7
:10630000014B83F8190270472C120020014B93F8BF
:10631000190270472C120020C208074900F007003C
:1063200001238340885C03438B5404490B789342D8
:1063300038BF13460B7070477800002046140020C9
:106340000F4B012110B503EBD002C40800F0070089
:1063500001FA00F0195D21EA0001195509490B788D
:10636000A34205D1002012F8014914B100B10B700D
:1063700010BD002BFAD0013B0120DBB2F3E700BFD8
:106380007800002046140020014BD3E9000170473B
:10639000780000200048704780000020054B1868F6
:1063A000C0F3C022C0F30020400040EA820040F069
:1063B000010070477800002008B508F089FE00232E
:1063C000074A32F82310814205D302EB8302937807
:1063D000044A137008BD01330C2BF2D10023F7E7F8
:1063E000341E050047140020024B1878072828BFE8
:1063F00007207047471400202DE9F04F04689846A5
:106400000F4685B094F86330164604F1A80994F855
:106410000FA043EAD303D90702D4BAF1260F5FD104
:1064200094F8A850002F55D1FFF7B8FF8DF80B0056
:10643000002E51D1FFF7B2FF2B4B8DF80C00D3F893
:1064400000B0BBF1000F0CD0AAF126022846494645
:10645000534253410DF10B02009303ABD84705465D
:1064600030B99DF80B3013B19DF80C0028B90925FF
:10647000BAF1260F2AD10020034694F8292132B11F
:106480009B0700F002002DD560B302200346FF22D7
:1064900084F8392194F8382102F0FF05F2B99DF80B
:1064A000382003A984F83B01484684F8382184F851
:1064B0003A31A4F83C818DF80C708DF80D60ADF880
:1064C0000E800DF0E2FD002384F83931284605B036
:1064D000BDE8F08F3846A9E73046ADE73A25F2E748
:1064E0001A25F3E70925F1E7941C002010B504688C
:1064F000B4F8AA3084F88411A4F8853194F8200106
:10650000FEF710FA84F8870194F82101FEF70AFAE1
:10651000044984F8880104F27B10BDE810400EF0B5
:1065200087BD00BF5140020030B5C1F30722CCB295
:10653000164985B0C5B2C0F307230978019049B95F
:10654000114620460DF08FFD20B9194628460DF062
:106550008AFDB0B12B40234002EA030001460CF053
:1065600022FF044608460CF01EFF032C04D1BDF8A0
:106570000630012B08BF0424E4B244EA002005B031
:1065800030BD05EA020003EA0401E8E748140020F0
:106590002DE9FF4704688946054694F80EA0AAF144
:1065A000250359425941052A35D1E37B272B37D1A1
:1065B00004F10F0799F8018099F8026008F00708C4
:1065C00006F0070608F1FF33721E03EA08033240A3
:1065D00013431FD130460DF0F0FD60B394F8203125
:1065E000984228D094F83A21164213D0BAF1250FD8
:1065F00021D094F8192116421DD10138013B474A98
:10660000C0B2DBB21044032B00790FD81A441379BF
:10661000834210D9284604B0BDE8F0470DF095BD7F
:10662000BAF1250F77D104F10E07C3E74FF4DD71FE
:106630000620FAF7E3FC40460DF0BFFD40B194F8A8
:106640002131834204D094F83B3118EA030FE1D0A2
:10665000B9F8039003AB20463246009341464B46BF
:106660000DF0B8FD2C6878BB94F83831012B28D197
:10667000E38804F5367294F82011B4F83C010DF06B
:106680000AFE0646D0B901462846FFF72FFF2B68C1
:1066900083F838613E702B6803F10F02974201D1F5
:1066A0000022DA732B6803F10F0297422FD128469C
:1066B0000EF027FF002004B0BDE8F0872C23A37361
:1066C000E9E784F83801E6E7E388A4F8D89209F10D
:1066D000FF39A9EB030947F6FD731FFA89F99945BC
:1066E00006D92823284684F8313001F095F9D9E7F6
:1066F000E37B0D2B02D00A3B012B01D82A23F1E7C3
:10670000BDF80C30A4F8DA3229233B70CAE7002226
:1067100083F84A20CEE70220CDE700BF641E0500C3
:10672000034B002283F85020A3F85220704700BF8B
:106730004A140020044B93F85020012A1ABF03602A
:1067400001200020704700BF4A140020064B02467B
:1067500093F8501001291BBF0120A3F852200020FC
:1067600083F85000704700BF4A140020054B0246D2
:1067700093F8500028B1136011B1B3F852300B8078
:10678000012070474A140020054B002293F8500066
:10679000A3F8522010B1012083F85020704700BFA9
:1067A0004A140020034B93F85000B0FA80F04009DF
:1067B000704700BF4A14002050B90A4A012013460E
:1067C00003F8010B0868C2F801008A889A807047B4
:1067D000012805D1034B0A68D8719A608A889A818A
:1067E000704700BF9E14002050B90B4B187888B139
:1067F000D3F80120B3F805300A6001208B80704780
:10680000012806D1044BD87920B19A689B890A6087
:10681000F3E70020704700BF9E14002010B9044B1E
:1068200018787047012806BF014BD87900207047BF
:106830009E140020F7B58A8800238DF80600ADF875
:10684000042008680B4A8DF807300146147802F5D9
:10685000A872019DD8B2844201D8082007E052F8FE
:10686000087F01335668AE4208BF8F42F2D103B0B1
:10687000F0BD00BFB0140020084B0146002230B527
:106880005C7803F20113D0B2844201D8082004E0FE
:1068900013F8015F01328D42F5D130BDB0140020F4
:1068A000F0B5254D89B095F8984105F299116846E3
:1068B00022460AF02FFA214668460DF048FE0446AB
:1068C000B8B300EB400102A8C9B2FBF733FA631E6C
:1068D00095F8A1610124DBB295F8981105E0721CCE
:1068E000B2FBF1F001FB1022D6B206F120020DEB53
:1068F000020010F8202C002AF1D103EB430100F82C
:10690000204C06EB460220312A44694411F8187CD9
:1069100082F8A27111F8177C11F8161C82F8A37185
:1069200082F8A411013BAA19DBB282F89941FF2B2E
:10693000D2D109B0F0BD00BFB014002070B506463A
:1069400088B00C46002A4ED0294A92F8A131D018BE
:1069500090F8991119B9FF212820FAF74FFB03EBA2
:1069600043010133114491F8A251E57091F8A3510C
:1069700091F8A41125716171002180F8991192F8A4
:106980009811B3FBF1F001FB103382F8A13192F8BA
:10699000C23123B9174902F5DD700EF046FB657967
:1069A0000D220021684605F03F0545F04005657160
:1069B00010F085FFE37804AA69468DF80F30304661
:1069C00023798DF80D508DF80E30042310F0AEFEB3
:1069D0009DF81F3023709DF81E3063709DF81D30A8
:1069E000A37008B070BD03216018FBF7A3F9D6E7C8
:1069F000B0140020A1680100044B5A78824286BF7F
:106A00001B1893F84A010020704700BFB014002003
:106A1000044B5A78824286BF1B1893F8420100202B
:106A2000704700BFB0140020064B00224FF4617184
:106A30001A8083F8C32183F8C421A3F8C61183F810
:106A4000C2217047B0140020014B93F8C401704775
:106A5000B014002010B51446FFF7ECFE082813D040
:106A6000FFF70AFF094B5A7882420DD904B1207012
:106A7000184490F83A3190F84A01012B08BF40F0D1
:106A8000010000F0010010BD0120FAE7B014002061
:106A9000014BB3F8C6017047B01400200A4B30B563
:106AA0005C7884420ED9184490F802012B3003EB35
:106AB000C004A5790D7053F8300010600120A38840
:106AC000938030BD0020FCE7B014002070B506466E
:106AD0000D4607F0ADF906F051FA0A4890F8C341A7
:106AE00064B1417861B100F1820302303246002D79
:106AF00008BF184606F0EAF906F072FA204670BDA3
:106B00000C46FBE7B014002008B5064B024603EB29
:106B10000113012103F1820006F0D8F9BDE8084015
:106B200006F05EBAB01400200246074810B590F88F
:106B3000C34124B1417821B1023006F0C7F92046A3
:106B400010BD0C46FBE700BFB01400202DE9F74F45
:106B50002F4C9A46804689466378834256D923183B
:106B600093F8425185F00105F9B193F84A31E3B940
:106B700045F002070135BAF1000F18D1FA070AD51E
:106B8000062104EB0810524601FB0841823001F552
:106B90008571FFF7D3FEBB0734D504EB08105246CE
:106BA00049460230FFF7CAFE2CE02F46E3E794F88F
:106BB000A1614FF0010B002DE0D0A31993F89911BA
:106BC000019399B90092DAB100F056FB019B06EBF4
:106BD0004601009A4FEA102C83F899B1214481F8BC
:106BE000A201000C81F8A3C181F8A401013694F838
:106BF0009831013DB6FBF3F103FB1166F6B2DAE71B
:106C000047F00407384603B0BDE8F08F0027F9E7E6
:106C1000B0140020F8B50646174C48B3617804F567
:106C2000A1700DF094FC94F89851074604F2991065
:106C300029460DF08CFC2D1AEDB2AF421AD8002572
:106C40006278EBB29A4201D80120F8BDE21892F8BE
:106C500042215AB90621324601FB034104EB0313DA
:106C600001F5857103F18200FFF768FE0135E7E762
:106C70000546E5E70020E8E7B0140020F0B51B4E1C
:106C800089B007460D46737883422CD9331893F8A0
:106C9000424144BB0D222146684610F010FEEB78BD
:106CA00006EB071004AA8DF80F3069462B79823065
:106CB0008DF80E306B798DF80D30042310F036FD11
:106CC0002A789DF81F309A420AD16A789DF81E30C2
:106CD0009A4205D1AC789DF81D30E31A5C425C41C4
:106CE000204609B0F0BD0020FBE700BFB014002033
:106CF000074B5A78824209D91A1892F842212AB9C8
:106D0000062202FB003000F58570704700207047B6
:106D1000B0140020064B5A78824281BF1B1893F8AA
:106D20003A01B0FA80F0400998BF0020704700BFD8
:106D3000B0140020034B80F880101B680BB1408812
:106D400018477047981C00200B2808B504D940F25A
:106D500029112920FAF752F9014B33F8100008BD28
:106D60006C1E0500036830B50024D3F8C80042F259
:106D70001075A3F84040B3F844404443B4FBF1F429
:106D8000A3F844404C1E05FB0242B2FBF1F2A3F80B
:106D90004220094AB2FBF1F20132A3F848209A8F4F
:106DA00005FB02445A6B5043B4FBF1F4B0FBF1F025
:106DB0009C63586330BD00BF005A6202054B1B78CC
:106DC00033B9054B1A681B790260037101207047C3
:106DD000002070477816002088000020054BFF2215
:106DE0001A70054A016811600179117100221A7048
:106DF000704700BF781600208800002007B5064ABB
:106E000010681279009068468DF80420FFF7E6FFBD
:106E100003B05DF804FB00BFEDA305000346084680
:106E200071B13F2B0BD8074AD35C03F07F0291422C
:106E300005D08CBF0120002000EAD310704701204C
:106E4000704700BF841E0500FF230B7002234B70A8
:106E500083238B70014B1B78CB7070477C1600200E
:106E60002DE9F84FD0F804800C46D8F81C60304665
:106E70000BF0FDF8054620B94FF4AA711020FAF77F
:106E8000BDF8014630460BF000F9B5F800B0824677
:106E90001FFA8BF717B94FF4AC71EFE7224B00F1F3
:106EA00003091B68D3B998F8023098F803202370BF
:106EB000637802F00F02A4F802B023F00F0313432B
:106EC00023F0C00363709AF8003003F00303012B32
:106ED0000FD0022B0DD04FF4BB71CFE73A46494695
:106EE000B8F80200984705460028DCD12846BDE8DE
:106EF000F88F6278304663F3051262700BF0CFF8BA
:106F0000054610B94FF4C071B8E7FB2F02D940F223
:106F10008F11B3E73A464946201D09F0FBFE304683
:106F20000BF014F8E2E700BF9C1C002038B5134CAE
:106F300010220021201D10F0C2FC0125257404F14F
:106F400008031022002104F11400C4E9013310F0F9
:106F5000B6FC84F8205004F11803094AC4E905334B
:106F600000236362A36284F82C30C4F82D30C4F887
:106F7000313084F835301360A36338BD7C160020AF
:106F80009C1C002010B5084C2378FF2B04D040F245
:106F900099111020FAF732F809F028FE2070BDE8A8
:106FA0001040FFF7C3BF00BF8D00002010B5034C99
:106FB000207809F035FEFF23237010BD8D000020DE
:106FC000014B187809F03CBE8D000020014B024AAD
:106FD0001A607047A41C0020616E0100014B024A38
:106FE0001A607047A41C0020616E01002DE9F34176
:106FF000DFF89481054608F11407D8F80830D8F86E
:107000001840227A012A22D1D8F8382052B1137AB6
:107010001BB9BF211020F9F7F1FFD8F83840C4B9E7
:10702000002093E01A7A012AFAD01C46534AEFF363
:10703000108172B650680068506001B962B6A34210
:1070400008BFC8F83840237A1BB9EE21E2E73A4678
:10705000EDE7267AF6B205232372731E0B2B7ED83A
:10706000DFE803F07A062336773F4E3F3F3F3F6B22
:10707000636813B94FF40371CCE72046294698475B
:107080000420EFF3108272B6237A052BD9B24FF0A9
:10709000000369D12372D8F83810A14201D1C8F891
:1070A0003830002A45D162B643E0636813B940F234
:1070B0001521AFE72946204698470346ADF804005E
:1070C000C0B2C3F30723012B3ED0022BD9D129E054
:1070D000636813B940F21D219CE7204698470020C1
:1070E000CFE7274B1B68002BF9D032466068294652
:1070F0009847A6F10A020420534253415B00E4E79B
:1071000063680BB9FE2185E786222A70012259881F
:10711000AA706A7100229869A5F80310AA710AF092
:1071200015FF0420D8F83830A34202D10023C8F854
:10713000383000283FF461AF08E0124B2946204662
:107140001B689847034668B9267298B102B0BDE83B
:10715000F0814FF415715DE740F257215AE740F294
:107160005A2157E70220DDE711B940F27B2151E7B0
:10717000184696E7002B7FF440AF51E780160020B9
:10718000A01C0020A41C00207C160020134610B573
:10719000027A22B140F202311020F9F72FFF0A469D
:1071A00001460248BDE810400DF01CBF80160020CB
:1071B000044890F82C301BB9034924300DF02FBF40
:1071C000704700BF7C160020D54F020003460648DA
:1071D00090F83C203AB190F8352022B9034900F8E4
:1071E0002D3B0DF01CBF70477C160020496E01003E
:1071F0000A4610B5037A23B140F20A311020F9F79C
:10720000FDFE014607230248BDE810400DF0EABE2E
:10721000901600201346027A0AB1037270470A469C
:10722000014601480DF0DEBE8016002001490DF038
:10723000FFBE00BF3D5002000B8BA2F809001046B4
:10724000A2F80B304B8BA2F80D308B8BA2F80F30CD
:10725000CB8B0249A2F811300DF0E4BE9B50020026
:10726000014B1878704700BFB9160020014B187801
:10727000704700BF8E000020094AD2E90003434056
:1072800083EAB01181EA43214FEAF343116053606E
:10729000044B58434FEAF06000EB8000704700BF9A
:1072A000BC160020BB79379E094AD2E9000343404F
:1072B00083EAB01181EA43214FEAF343116053603E
:1072C000044B58434FEAF06000EB8000704700BF6A
:1072D00090000020BB79379E10B50A4C0821094860
:1072E000FAF728FDD4E900321343F7D0064CFFF734
:1072F000DBFF2060FFF7D8FF236860601843F6D0FB
:1073000010BD00BF90000020BC16002038B5A0F1D1
:107310000B0314460D46DBB22046432B96BF0C4AA6
:10732000FE21D15C0EF093F888B985B12978342913
:1073300009D03F2909D0272908BF26212046BDE8CA
:1073400038400EF084B83221F8E73E21F6E738BD28
:10735000C41E0500174B184A9A60184ADA62184A88
:107360001A61184A5A61184A9A61184A1A63184AE7
:107370005A62184ADA64184A9A64184A9A63184B8F
:10738000184A9A60184A1A62184A5A60184A1A60CB
:10739000184A9A62184ADA62184ADA60184A9A61F8
:1073A000184A1A63184A9A64184ADA64184A5A62E0
:1073B000704700BFA81C0020C955020049590200AF
:1073C0001B590200E5580200417B01007D7E01004F
:1073D000317D0100295B02004F5B0200D57C01007A
:1073E000A81D0020DF550200D95A020035560200C0
:1073F0000B5802005F5A02005F5902007D5A0200DA
:10740000455A0200F55B0200935B02007F5B0200BD
:10741000EF5A0200174B184A9A60184A5A60184AE5
:107420001A60184A9A62184ADA62184ADA60184AE8
:107430009A61184A1A63184A1A62184ADA64184A92
:107440009A64184A5A62184B184A9A60184A5A6243
:10745000184ADA62184A1A61184A5A61184A9A6137
:10746000184A1A63184A9A64184ADA64184A9A63DE
:10747000704700BFA81E0020C9550200EF5502004A
:10748000315702007F590200DB590200B57B010031
:10749000ED5902007D7E0100D57C0100295B0200D0
:1074A0004F5B0200317D0100A81F0020DF55020064
:1074B000EF5A02000B5A0200BB5902002B5A02007D
:1074C000657C0100F55B0200935B02007F5B0200BC
:1074D000D95A0200054B064A1A65064A5A65064BF8
:1074E000064A1A65064A5A65704700BFA81C002064
:1074F000A55D02007B5D0200A81D0020655D020005
:10750000375E0200044B054A5A65054B054A1A6569
:10751000054A5A65704700BFA81E0020555E02004C
:10752000A81F0020655D02007F5E0200054B064A31
:107530009A65064ADA65064B064A9A65064A1A664D
:10754000704700BFA81C002081430200374402009E
:10755000A81D0020A341020089440200054B064AF1
:107560009A65064A1A66064B064A9A65064ADA651D
:10757000704700BFA81E0020F5430200916501007E
:10758000A81F0020A3410200F1440200F7B5044601
:1075900001A80F46FFF7CEF820B94FF4AA61512099
:1075A000F9F72CFD50220021019810F088F9019D77
:1075B0003F2F2E4606F8037F43D83F2F44D8DFE8FD
:1075C00017F046004C006C0075008D0074017401CA
:1075D0009A00B3009E0074017401A300AF00B300D1
:1075E00043004300B70074017401CC00CC00E300F9
:1075F000E300EA00430043007401EF00FC000001D7
:1076000004010B010D010F0111011B0125015401A2
:107610005601430043002D015E015C0146013C011F
:107620003E014001420148014C014A0150017401F0
:1076300043004E01440152016001620143005801C0
:107640005A01FF2F00F0258140F24451A7E721465F
:1076500030460EF0E5F8C0B9BBE02668D6F83832FF
:107660006B6096F83C322B72206890F89F3033B9EB
:107670000DF097FF2368DB881844A6F83E02B6F8A1
:107680003E3208206B721B0AAB72FFF75FF80028CE
:1076900040F00D8140F2575181E7236893F8A8200C
:1076A00052BB93F82D3102202B71EEE7236817208F
:1076B000D3F880226A60D3F88422AA60B3F88822C3
:1076C000AA81D3F86022C5F80E20D3F86422C5F849
:1076D0001220D3F89030C5F81630D6E722680D2076
:1076E000D2F8FE316B60D2F80232AB602368D3F877
:1076F0009430EB60C9E7236893F8A030D3E73146B4
:10770000204600F081FBA6E7112306202B715923A8
:107710006B710023AB713923EB7130232B72B4E70B
:10772000236893F89A30BEE7304600F05BFB92E79F
:10773000236893F8A82052B993F8A0203AB193F89F
:107740009D202A7193F89C3003206B719DE793F87C
:107750009B202A7193F89A30F6E723680920B3F842
:107760000C212A71120A6A71B3F8A220AA71120AB6
:10777000EA71B3F808212A72120A6A72B3F8A030CB
:10778000AB721B0AEB7280E7236893F83A212A71E7
:1077900093F83B31D8E7214630460CF0B4FD5AE768
:1077A00023681121B3F8AA00FAF774F800F15B011D
:1077B00030460DF062FB232067E730460FF011FBE7
:1077C00049E730460FF016FB45E73A4B1B68002BA4
:1077D0005BD140F24951E2E6374BF7E7374BF5E72B
:1077E000374BF3E7374B1B68002BF2D023202246A0
:1077F00031469847042048E7324B1B68002BE8D0FD
:10780000224631462420984705203EE72D4B1B6831
:10781000002BDED0224631462520F4E723681121D3
:10782000B3F8AA00FAF736F800F17D0200F15B0127
:1078300030460DF02EFB2B2027E7234BC6E7234BCA
:10784000C4E7234BC2E7234BC0E7234BBEE7234BE0
:10785000BCE7234BBAE7234BB8E7234BB6E7234BF0
:10786000B4E7234BB2E7234BB0E7234BAEE7234B00
:10787000ACE7234BAAE7234BA8E7234BA6E7234B10
:10788000A4E7234BA2E7234BA0E7214630469847C5
:10789000E1E62368304693F8CF22D3F8D0120DF0FA
:1078A000B9FA236893F8CF02D5E60120EDE603B0DC
:1078B000F0BD00BFA8200020B0200020AC20002098
:1078C000B4200020B8200020BC200020C0200020D0
:1078D000C4200020C8200020DC200020E42000205C
:1078E000CC200020E0200020E8200020D020002034
:1078F000D4200020D8200020F4200020F8200020F0
:10790000FC20002000210020EC200020F02000209E
:1079100004210020082100203F289ABF024B53F881
:1079200020000020704700BFA81C00203F289ABFFD
:10793000024B53F820000020704700BFA81E002013
:107940003F289ABF024B53F820000020704700BF29
:10795000A81D00203F289ABF024B53F820000020AA
:10796000704700BFA81F002030F8023CF7B504465E
:107970000E46B0F8825073B101226846ADF801504E
:107980008DF80020ADF80330FDF79AFC18B1952171
:107990006320F9F733FB1C4B1B6813B1A4F12800DB
:1079A00098471A4B1B680BB128469847184B1B6821
:1079B0000BB12846984783230027A6F8035033705D
:1079C000B770637AD4F89C0073710AF0C9FA08B9E9
:1079D000BA21DDE739462846F9F772FF0221284629
:1079E000F9F76EFF18B90B4B1B6803B198474FF4BA
:1079F0000173002003F004021B0A62F3070063F323
:107A00000F2003B0F0BD00BF0C210020102100208A
:107A10001821002014210020F7B5056804464FF610
:107A2000FF77D5F8C0600DF102010DF1010230467B
:107A3000ADF802700AF043FA01A930460AF061FA83
:107A400048B101980AF029FB2168A831002202728E
:107A5000FFF7CEFBE7E7044905F1280003B0BDE8D6
:107A6000F0400DF0DFBA00BF69790100F0B50446BF
:107A700085B00D46FF2600F8E96C10F8EA3CF3B13A
:107A8000174F3B781BB162211F20F9F7B7FA0C2181
:107A9000381DFAF74FF93E70002304F8E93C8A23B9
:107AA0002A4602F8033BD4F80930C5F80330D4F86D
:107AB0000D305360D4F81130936005B0F0BD01A8CB
:107AC0000C21FAF737F9A4F51773039A1A6001AB82
:107AD00003CB44F8F20C44F8EE1C04F8EA6CDBE744
:107AE000C416002010B5054C23782BB90C21201D9D
:107AF000FAF720F9FF23237010BD00BFC416002041
:107B0000024690F80632BBB990F8073203F0FF0145
:107B10000BB100207047094B18780028F9D0197074
:107B2000D9680433C2F8941003CBC2F8FE01C2F83E
:107B30000212FF2382F8063201207047C41600208B
:107B4000036810B59A7B04461F2A2CD1002283F8C3
:107B5000512083F84A2083F88A22036893F8521050
:107B6000B3F8AA0081B1C3F8C9211049A3F8CA012A
:107B700003F5E07083F85220A3F8CD210DF04FFA01
:107B800023680020987310BD0122A3F8B90183F87F
:107B9000B81103F2AF1083F8BF11A3F8BC1183F83A
:107BA000BB210349EAE70220EDE700BFCD58020000
:107BB000B5580200026870B5D37B04460D463BB150
:107BC000132B05D0113B0F2B8CBF0120082070BD5B
:107BD000D2F8A430002B3BD192F8523013B9204692
:107BE0000DF07DFCD5F80B302268C2F8F631D5F8DF
:107BF0000F30C2F8FA312368D5F81320C3F890206B
:107C0000B3F8AA20A3F8F922D5F80120C3F8FB2283
:107C1000D5F80520C3F8FF222368B5F80920002510
:107C2000A3F80323236883F8BE5183F80652206823
:107C30000B4900F53C700DF0F2F9266820460BF078
:107C4000AEFA162286F86A0028462368DA73BEE781
:107C500020460C220321BDE870400DF066BC00BF39
:107C60006D7A0100036810B5DA7B0446202A04D03F
:107C700040F29D211F20F9F7C1F9002193F852200D
:107C8000B3F8AA0083F8511082B1C3F8C91183F880
:107C90005210A3F8CD11A3F8CA0103F5E0700B4907
:107CA0000DF0BDF923680022DA7310BD0121A3F89D
:107CB000B90183F8B82103F2AF1083F8BB1183F840
:107CC000BF210349A3F8BC21EAE700BFCD58020059
:107CD000B558020038B5046894F8A8501DB9E37B84
:107CE00023B101201AE02368DB07FAD4D1F8012080
:107CF0000D4BD1F8051013400C4AC4F86230C3F3A1
:107D000007630A4043F00803C4F8662084F865302E
:107D10000DF0E5FB1DB90423E373002038BD236893
:107D200043F001032360F8E72FC904F76FDB0080FD
:107D300038B503689A7B042A34D1D1F801204C1C51
:107D4000D1F80550C3F86220C2F30762C3F8665049
:107D500042F0080283F86520002283F84A209A73D3
:107D6000026892F8A8200AB983F83F2193F84021CD
:107D7000B2B993F8912102F0FF008AB9B3F8AA20B2
:107D800083F8920103F28910A3F89321D1F801201E
:107D90000549C3F895216268C3F899210DF03FF9B0
:107DA000002038BD0120FCE7AF5A0200036893F8B9
:107DB000402112B1094B1B68184793F891215AB919
:107DC000B3F8AA2003F289100549A3F893211A22D7
:107DD00083F892210DF023B9704700BF1C210020C9
:107DE000AF5A020010B50446FEF7CEFA044A054B1E
:107DF000024009200B40C4F80120C4F8053010BD32
:107E00002FC904F76FDB008037B50C460568FEF715
:107E1000BBFA0A4B0A4A03400A4095F862100093E5
:107E20000B4001928DF800306B4603CBC4F8010083
:107E30000920C4F8051003B030BD00BF2FC904F7F6
:107E40006FDB008038B5DB04154604D5037D13B124
:107E50000023436338BD446B013444630DF0A9FE35
:107E6000836B9C42F6D30023034943632846BDE855
:107E700038400DF0DDB800BF1D5B020070B504682E
:107E80000546A37B94F8A860012B07D01EB9E37BBD
:107E900023B1012038E023689807FAD494F85330CE
:107EA0009A0713D44A78D80784F85D204A88A4F842
:107EB0005E208A88A4F8602043F0020284F85320F0
:107EC0000FD5164904F154000DF0B2F894F8533070
:107ED000D90710D4CEB9E37B43B153214020F9F741
:107EE0008DF894F83E31002BEBD1EFE70123E373DB
:107EF00028460DF0F4FAA37B0020012B4FF000037D
:107F000004BFA37384F84A3070BD23689A0701D573
:107F10005821E3E743F002032360E9E7D35B020063
:107F200070B50568044604F087FF054B0146E8720A
:107F30001B681BB12046BDE87040184770BD00BFEC
:107F400024210020024B1B6803B11847704700BF73
:107F500020210020F0B51F4D00242B7814709BB118
:107F6000013B6D68DBB21E1B012E0FDC05EBC40666
:107F700055F8347076688E4208BF874227D0B842E1
:107F800071EB060612D214700020F0BD1E19771096
:107F9000C6F3470655F837C005EBC70E8445DEF833
:107FA00004708F412CBF33463446DCE705EBC30435
:107FB00055F8335064688C4208BF854206D0A84209
:107FC00071EB040428BF01331370DDE71C46012068
:107FD0001470DAE7E416002010F0070208B503D0A9
:107FE00063214820F9F70AF818B1034B1972586059
:107FF0001A70C80008BD00BFE4160020014B002223
:108000001A707047E4160020014B00221A60704776
:10801000F416002008B5044B186810B9FFF7F4FFF8
:1080200008BD0C20FCE700BFF4160020024B1879B5
:10803000003818BF01207047F416002013B5CDE9B1
:108040000012054BFF225A7100F11003DDE9000117
:1080500083E8030002B010BDF4160020C3693BB9E9
:1080600083692BB9034B1B681B1A58425841704750
:1080700001207047F416002030B50D4AFF2313711C
:10808000D0E9065373B1D0E902149D610C44D9685C
:108090002144D960816939B1CB610023C0E906333D
:1080A000137130BD1560F5E7002BF6D0D960F4E709
:1080B000F416002010B5124AFF231371C16189B96B
:1080C0001368836103B1D86110600023C169C36084
:1080D00099B1CB687BB18468A3420AD230213720A2
:1080E000F8F78CFF8B6988618361002BEDD0D86134
:1080F000EBE71B1BC3600023CB600023137110BD93
:10810000F4160020014B1868704700BFF4160020D9
:10811000034B00201B6803B9704718469B69FAE7B8
:10812000F41600200B4B002230B51B6804464FF0BC
:10813000FF35104623B911B9002808BF104630BDDD
:10814000DA68A24203D3AA423CBF154618461A4633
:108150009B69EFE7F416002070B50F4CFF232371E5
:10816000036A1BB181689D68A94203D2E5213720CB
:10817000F8F744FFC2698669DA619E6152B1936182
:108180009A691AB1D361C26811444A1BDA600023AC
:10819000237170BD2360F3E7F4160020F8B54FF0AB
:1081A000000C0446284E084686F805C000213568B4
:1081B0000B4685B97579002DF6D15BB1984225D370
:1081C000013CB0FBF3F11C4403FB01F5B4FBF3F4F9
:1081D0008C420ED9F8BD2F690BB19F4207D23B46A6
:1081E00027B94FF4A3713720F8F708FFA98AAD69C2
:1081F000DFE7B5FBF3F603FB165626B9B5FBF2F63F
:1082000002FB1656DEB10139ED1AE1E7451E1D44A9
:10821000B3FBF4F4B5FBF0F5AC42DBD3B3FBF5F6FE
:1082200005FB16374FB9B6FBF2F702FB176727B904
:10823000B6FBF1F701FB17671FB10135ECE72846E4
:10824000C8E73046C6E700BFF4160020FF23084AFF
:108250000B700D234B7082238B701368C1F80330B1
:108260005368C1F807309368C1F80B30704700BFFE
:10827000FA1600201622002101480FF020BB00BF93
:10828000FA160020F8B51C4D04466B7D9BB390F8A0
:10829000A83023BBD0E978760DF02BFD94F820218F
:1082A000164B523053F822304FF47A7203F2E73310
:1082B000B3FBF2F3DB19B4F8AA2046F100061B1851
:1082C0002A8046F100066B60AE60E38805F10C0081
:1082D00002220B496B80BDE8F840FEF79BBF4B06BE
:1082E00009D5B0F8AA302B80D0F880326B60D0F876
:1082F0008432AB60E9E7F8BDFA160020B020050033
:108300004D820100094B53F8203003F5224370B52C
:10831000B13316464FF47A720C46B3FBF2F534448F
:1083200005F08EFE2C44204470BD00BF9C2005004B
:108330002DE9F04F98468BB0002304460F46039278
:10834000069390F821B10BF081FE054694F82B01BD
:10835000FEF7FAFC05440DF0CCFCE37B00F1480687
:10836000ADB2472B47D00D2B45D094F80E90A9F114
:108370004701D1F1000949EB0109039B002B40F0B3
:108380008580637B032B40F08180B9F1000F6AD0B8
:10839000B4F8D832BB4266D1D4F820322046B4F8C3
:1083A000F421C4F81032D4F8C830C4F81432B4F848
:1083B00092321344C4F8183203F020F894F829A13B
:1083C000BAF1000F09D0D4F8E02241F64B539A429B
:1083D0008CBF4FF0000A4FF0010A94F8EC326BB9F1
:1083E000D4F8C820D4F8E0329A4221D0B4F8AA00D8
:1083F0000EF016FD1CE04FF00109BEE7B4F8AA002C
:108400000EF00BFD20B940F242713020F8F7F6FD76
:10841000B4F8E8324FF0000AA4F8DE30B4F8EA32DB
:108420008381B4F8D832A0F80EA04381013B0382C7
:1084300094F82A31002B53D1BAF1000F53D1D4F85C
:10844000DC3284F82AA1C4F8D830B4F8DA32A4F8BF
:10845000DC30D4F8E032C4F8C830D4F8E432C4F8E0
:10846000D03002236373A17B29294BD0A1F12C02C8
:1084700051425141E27B292A00D039B1B4F8D832B7
:10848000FB1A1B0402D4204602F074F9B4F890A23F
:1084900004F51873B4F806C0A7EB0A0A0293A7EB19
:1084A0000C0C94F821010FFA8AFA0FFA8CFCBAF13D
:1084B000000FBBBFD4E99E23E2464346C4E9A22392
:1084C000B8BF0023627BBCBF84F833320123032A88
:1084D00000F2B381DFE812F0180028016E004C01B1
:1084E000BAF1000F07D04FF04D13C4F8E03000236D
:1084F000A4F8E430A3E74FF09613A4F8E4A0C4F87E
:10850000E0309CE70121B5E7014694F8ED010CF05D
:10851000CFF88246D4F8D8002946504406F08CFDA6
:108520002946C4F81C02D4F8C80006F085FD07A946
:10853000C4F8200208A805F0DBFC079B0093DDE9E6
:108540000823D4E9A2010EF068FD054604F1A80055
:108550000DF0C5FCD4F8943294F82101D4F8D8B0C9
:10856000069305F075FD069B00F52240D4F81C1219
:108570004FF47A72203BB1305B445B1A30319B1B65
:10858000B0FBF2F0534432465B1B1B1A94F82101F6
:108590000693B4F8DC3003EB4101FFF7B3FED4F8E7
:1085A0009422069BC4F824029B1AB92B5CD840F293
:1085B000C7412AE7D4F8D8302946D4F81402184421
:1085C00006F03AFD2946C4F81C02D4F8C80006F0AB
:1085D00033FDC4F8200204F1A8000DF080FCD4F8AB
:1085E000D830D4F814521D44B4F8F431002B40F0C4
:1085F0009780B8F1000F00F0938094F8210105F006
:1086000027FDD4F81C12D4F8803200F522406D1AF0
:1086100094F82121B130203D1D44A54B53F8222070
:108620004FF47A7302F2E732D4E99EABB2FBF3F275
:10863000A5EB0A05B0FBF3F01544AD1B2D1AD4F8D9
:108640001032D4F8182294F8210102FB0311B4F877
:10865000DC3032460695303103EB4101FFF752FE24
:108660000123C4F824026373D4F8C85004F1E8006D
:10867000D4F82032723D0699ED1AD4F82432AD1B9D
:108680009D4228BF1D46002384F86032C4F8F05193
:10869000D4E9A2325B1842F10002C4E99C320CF02A
:1086A00046FD04232844A4F8907284F86932C4F883
:1086B0006402D4E99C23C4E9A22302F071F920B139
:1086C000D4F864321E33C4F86432B4F8E031DB1BF2
:1086D00018B20028D4BF002301235B0084F868325D
:1086E000B9F1000F40F0AC80B8F1000F40F0AB8062
:1086F000637B002B00F0C380D4F8C81004F5187019
:10870000D4F82032C91A0BF059FF80B2002800F0CB
:10871000B680149B03B1188001200BB0BDE8F08F28
:10872000D4F81C126D1A8AE7D4F82022D4F8C83085
:10873000D4F818129B1AD4F810520AFB03F30693CC
:10874000B4F8F4319C44D4F81C32ACEB010C303357
:108750000CF1FF3C05FB0133B4F8DC1002FB0C33D9
:10876000324601EB4301FFF7CDFDC4F824027BE75D
:10877000D4F8C82002FB0AF20692B8F1000F1CD010
:10878000B4F8F411C9B984F83312D4F8201201FBFB
:108790001A2EB4F8F4A10291CDF818E06BB3BAF137
:1087A000000F2AD1D4E9A051D4E99E23AA4273EB49
:1087B000010108D340F20E5127E694F83312002944
:1087C0007FF452AFE1E73A4B203D53F82B104FF4C2
:1087D0007A7BD4E99E23CDE9042301F2E73301F546
:1087E0002241049AB131AD1AB3FBFBF3B1FBFBF1AB
:1087F0001D446D1AAD1B75440695029BE24432463A
:1088000003FB0AFA0AF1300A4FEA4A0A5146FFF717
:1088100079FD41F64B53C4F82402D4F8C8009842BD
:108820003FF622AF06AB32465146009304F509737A
:108830000BF05AFF84F8330216E740F22651E4E5C4
:10884000B8F1000F1BD0B4F8081239B3B4F80A22FB
:1088500094F80C32551CA4F80A2202FB0333994207
:108860000DDD00280BDD0023A4F80A5284F86832DD
:10887000FEF702FD00F00700013084F80C023946D3
:1088800008A808940AF090FC04F5187104F50E701D
:1088900007F0BAFB20B940F27651B6E50A46D7E7B1
:1088A000039B83F0010384F83032002035E700BFDA
:1088B0009C200500F0B5044685B018B9A5213020EC
:1088C000F8F79CFB052900F2D780DFE801F003D020
:1088D0003530D5CB90F83032C288FBB1B0F82E32AB
:1088E000934208BFB0F8E4319A1AA0F8E621E38079
:1088F0002046D4E99C23C4E99E2301F0A3FF94F809
:108900004C30002B00F0AC805C4B1B68002B00F05F
:10891000A780204605B0BDE8F0401847B0F82C32DB
:108920009B1AA0F8E631B0F82C329BB2DFE705B015
:10893000BDE8F04005F0E8BA0EF067FBD4E99E23ED
:10894000801A61EB0301012871F1000302DA40F2A1
:108950000161B4E76FF0010383424FF000038B41E4
:1089600002DA40F20261AAE7D4F8C8300BB1B0FBDA
:10897000F3F3E07BB4F82E2247280ED0A17B4639D2
:1089800001290AD90D2808D0E1880B449BB2D11ADD
:108990000D0443D501339BB242E00132A4F82E22EC
:1089A000B4F8923203AEE5880133354FA4F8923221
:1089B000B4F842301D44B4F84030013DED1AADB278
:1089C0003B685BB1B4F82E1200222046013989B20F
:1089D0009847B4F82E321844A4F82E02B4F82E1298
:1089E0006B1A18042CD40023204600961A46FFF771
:1089F0009FFC012834D1B4F82E22B4F8E011BDF860
:108A00000C301344521A12049BB204D5EA1A12F421
:108A1000004F18BF0B46A4F82E32D1E7013293B2B3
:108A2000A4F82E3294F83132002BB9D1B4F8E431E5
:108A3000B4F82E22934204BF0133A4F82E32AFE7DC
:108A4000A37C30460394002B14BF08233E2384F8F4
:108A50003130FEF7E1FF20460EF019F80023637372
:108A600005B0F0BD05B0BDE8F04009F004BD437BA2
:108A7000042BF3D0C62122E7CB2120E728210020B8
:108A8000302100202DE9F8430E46044618B9D321C1
:108A90003020F8F7B3FA052900F2A780DFE801F0EB
:108AA0000376413DA52E0EF05CFBC4E95001204643
:108AB00001F05AFAD4F83401A4380EF0A8FA20468E
:108AC0000DF0FFFD054600BB014620460DF0C4FC3D
:108AD00000F1AE06D4F83401B04209D2301A0321B5
:108AE000192838BF19200EF00EFB60B10EF091FA74
:108AF000C4F8346120460DF026FE45B12046BDE89D
:108B0000F8430DF021BE0125F2E70025F2E7D4E994
:108B10005023C4E94A23BDE8F883BDE8F84305F0D3
:108B2000F3B90DF0BFFC04238146884684F839313F
:108B30000EF06BFA07220F46A9FB023102FB081167
:108B4000D4E94A525B1941EB0205D4F810213AB13D
:108B500059EA080204D0984277EB050228BF0126A3
:108B600084F83861D4E95226121A66EB070694F8A5
:108B7000581139B9012A76F100010BDA204601F0CB
:108B8000FBF903E0012A76F10006F7DB002384F805
:108B90005031C0E7984277EB05010FD259EA080837
:108BA0000CD01B1A65EB07019A4276EB010005DB3E
:108BB000012B71F10000A4BF1A460E460C49012397
:108BC00004F1E800914284F851314FF0000384F839
:108BD0003031B341B8BF0A4604F5987107F08CFAFA
:108BE000002898D140F2B26152E7EF2150E700BF70
:108BF0000040420F2DE9F84304460E46154690F812
:108C0000503103F0FF07002B40F0948000F1E8089A
:108C10003946782240460EF052FE224646494046EA
:108C20000EF01DFBC4F81061FF2384F8503166B1CB
:108C3000FEF73AFB00F0070032464049013086F863
:108C40000C0206F50E700EF00AFB40F202434FF0E4
:108C50000009A4F8383184F8309106F043FA00F1A5
:108C6000490620460DF02DFD0146B6B2C0B30BF00B
:108C7000EDF900F12801284689B206F0DDF9284413
:108C8000AE3DC4F834010EF0C0F93018A4F82690B7
:108C900041F10001C4E95001012084F814010DF0F4
:108CA000EAFD2D1AC4F818514FF0FF356FF000415E
:108CB0004046D4E95023C4E95251002504F5987187
:108CC000C4E94823C4E94A2384F8515142F210729E
:108CD00007F012FA38BB40F2B9113020F8F78EF9DC
:108CE0002046DFF85C900DF0B7FBAE30C4F83401DD
:108CF000B9F8000048B1E08C38B1FEF7D5FAB9F800
:108D00000030B0FBF3F202FB130006440EF07DF9D5
:108D1000361841F10001C4E95061002DC4D0AD19ED
:108D200041F10001C4E7294620460DF00FFD384609
:108D3000BDE8F8830C27FAE7858A0100B5880100B1
:108D400010170020F0B5002385B0CDE900330323D0
:108D50008DF806306846F8F7D7FD88B10123114E2B
:108D6000B3700023CDE9023302238DF80E3002A840
:108D7000F8F7CAFD044638B10023B37005B0F0BD62
:108D800000980DF002F9E5E7029D6B7B002BEED019
:108D900005F50E7738460EF05DF938460EF066F9A7
:108DA0006C73E4E710170020044B0022DA709A700D
:108DB00042F210721A80FFF7C5BF00BF10170020E3
:108DC000014BD870704700BF1017002008B504F0A1
:108DD000EFFC044B5A6882422ABF9878002080F04A
:108DE000010008BD10170020F0B5044685B090F8CA
:108DF0004C3003F0FF05002B68D1437B032B65D17A
:108E00000EF003F9D4E99E23801A61EB03010128D7
:108E100071F100035ADB6FF00103834275EB01012E
:108E200004DA40F2AA513020F8F7E8F8D4F8C82064
:108E3000E3880AB1B0FBF2F2013313449BB2A4F809
:108E40002C32B4F8E431B4F82C229B1A1BB2002B5C
:108E50003CDD04F50E700EF0FDF8002836D0FF233F
:108E600084F83132B4F842300DF10E07E588184E1F
:108E70001D44B4F84030013DED1AADB2336863B122
:108E8000B4F82C1200222046013989B29847B4F870
:108E90002C32184480B2A4F82C02B4F82C32EB1A0D
:108EA0001B0413D4B4F82C1200230122204689B2EB
:108EB0000097FFF73DFA012808D1B4F82C32BDF82D
:108EC0000E2013449BB2A4F82C32D7E705B0F0BDB6
:108ED000302100202DE9F7430446062900F2A9803D
:108EE000DFE801F004251422282DA100524B9B78C5
:108EF00003F0FF0253B900920123B0F8E411FFF729
:108F000017FA28B140F2CE61302031E004236373B8
:108F100004F056FE07F064F80023E288A4F89232C9
:108F2000A4F82E2284F8313203B0BDE8F083032385
:108F30004373F9E70DF0BAFFC4E9A001F4E73F4B32
:108F400000F1A8081B681BB14246D0E9A001984770
:108F50001321B4F8AA00F8F79DFC002861D094F81A
:108F60002131022B5BD005D8012B08D0DC21B420A5
:108F7000F8F744F8033B012BF8D81E3000E00A3024
:108F8000858894F82101DFF8B090C31E012B8CBFB7
:108F9000002728270CF08CFF6430D4F82022373FBC
:108FA000A842FFB234BF2B1A0023D4F8C850991836
:108FB0008D428ABFAD1A0025ED1A99F8033023B906
:108FC000D4F8E8309D4228BF1D46D4F8F06104F182
:108FD000E8000CF0ACF8064402200EF06AF802211A
:108FE000AD1B25EAE575854228BF054628460EF0EB
:108FF0008AF810B12E440EF00CF801233A4631469F
:1090000040460CF0A0F9D4F8F031C9F80400D4F8C7
:10901000C800184403B0BDE8F0430DF0F8BF1430A9
:10902000AEE79625ADE7A83003B0BDE8F0430CF0FD
:1090300056BF40F29C7167E7101700202C210020DA
:10904000014B1880704700BF10170020044B1A789E
:10905000012AD0B203D01878831E58425841704775
:10906000181700200C4B4FF47A7253F82130023954
:1090700003F2E733C9B2B3FBF2F3022900F1FF3286
:1090800010B54FEAC21296BF044CF02134F811100B
:10909000134400FB013010BDB0200500081F05007F
:1090A000D928F0B5054628BFD925BDF81460044677
:1090B000303501F5A57006F00207ADB2FF2D28BFCF
:1090C000FF2516F0010621D10FBB002B00F0C58053
:1090D000911EC9B2022996BF7B4D40F6480135F872
:1090E00011100844D92C7FD9D93C951EF721A4B280
:1090F000EDB2002B00F0CF80F634022DB4FBF1F47A
:1091000000F2C680714B33F815306BE0EFB1911E61
:10911000C9B2022997BF6E4D4FF4147105EB41019E
:10912000C9880144D01E012837D801F61440983070
:10913000002E3BD0023AD2B2022A97BF644BC02322
:1091400003EB42035B8A18444EE053B1911EC9B24F
:10915000022997BF5E4D40F6480105EB4101898920
:10916000DFE7032A05D1691D89B2890101F5C871BC
:10917000D7E7042A05D1691D89B2090101F5BF713C
:10918000CFE7022A0BBF05F10B0105F10A0189B2F5
:1091900089B20CBF8900C900C3E7022A01F19C0112
:1091A00014BF4FF4B070B4200844C0E7EBB1911E77
:1091B000C9B2022996BF474D40F6480135F8111053
:1091C000D92C084410D9D93C951EF721A4B2EDB290
:1091D0004BB3F634022DB4FBF1F459D83C4B03EBFE
:1091E00045031B8B03FB0400F0BDF12C214628BF77
:1091F000F121032A05D1133189B2890101F5C87122
:10920000DEE7042A05D1133189B2090101F5BF71E6
:10921000D6E7022A0BBF1931183189B289B20CBFC7
:109220008900C900CCE7B4FBF1F3022DDBB239D8D9
:10923000294931F8151001FB0300C3EB4311C3EBBF
:10924000C103E41AA3B2002BCED00833032A9BB289
:109250002BD19B0103F21A4375E7032A06D105358A
:10926000ADB2AD0105F5C87528443BE7042A05D128
:109270000535ADB22D0105F5BF75F5E7022A0BBF27
:109280000B350A35ADB2ADB20CBFAD00ED00EBE76A
:1092900040F69213A6E7B4FBF1F3022DDBB201D83E
:1092A0000E49C6E740F69211C5E7042A03D11B0117
:1092B00003F5467347E7022A0BBF9B00DB0003F56B
:1092C000BB7303F5CD733EE7141F0500201F050097
:1092D000081F0500141F0500201F0500201F0500A2
:1092E000294B5A6A10B5D2F80F30C0F8CC30537DF4
:1092F000117D1B0443EA0123D17C0B436FF45061C1
:10930000C0F8D430B2F81930591806298DBF40F290
:10931000E241A3F550634FF47A714B438EBF0021B5
:109320004B430121C0F8C83080F82A11937DF9B170
:1093300003EB830303EB83039B00A0F8DC30B2F85C
:109340001730F1B164214B43C0F8D830B2F81B306C
:10935000A0F8D030B2F81D30A0F8D23092F8243006
:1093600003F01F025B0980F8232080F82B3110BD29
:10937000C3EB431403EB840303EB83035B009BB257
:10938000DBE740F2E241DEE7181700200346074A18
:10939000506AD3F86920C0F80320B3F86D20A0F814
:1093A000072093F868100BF053BB00BF181700207C
:1093B000D0F8803073B50BB101221A604388DB0707
:1093C00027D50023144E056ACDE9003302238DF81A
:1093D0000630FF2333776846F8F796FAC8B9009C41
:1093E000A542F8D005F1B40395F8B32004F1B40117
:1093F00094F8B3000BF08DF80028ECD094F8AC3062
:10940000B4F8B1203377D4F8AD30C6F81D30034B33
:109410009A8002B070BD00BF1817002035170020D9
:1094200038B5084D044600F169010623686A002238
:109430000BF0F0FB94F86810686ABDE838400BF058
:1094400007BB00BF1817002070B504460E46134630
:10945000407F6588324615F0040118BF04F177019A
:10946000FDF774FB4107054621D4C2070BD5012344
:10947000607F84F86830FDF73BFC0368C4F869300E
:109480008388A4F86D30AB0701D4012070BD094B6F
:109490000121586AD4F8773084F87610C0F8093082
:1094A000B4F87B30A0F80D300BF0DBFAEDE70020CC
:1094B000ECE700BF1817002010B50446084694F8E2
:1094C000D8306BBB2378082904F1DB0284F8D9304B
:1094D00016D004F1DA01FDF7E1FA20B94FF4776113
:1094E0002D20F7F78BFD94F8DA3043F0020384F86F
:1094F000DA3004F1D0000B49BDE810400BF08FBD0D
:10950000094B586A034613F8031BC1F3801184F812
:10951000DA10D0F80310C4F8DB109B889380E8E7DA
:1095200010BD00BF756102001817002070B5044619
:109530000E461546FCF7EAFE98B92378A4F8C160F8
:1095400084F8C030637C84F8BF500BB194F8483085
:1095500004F1B60084F8C3300249BDE870400BF056
:109560005EBD70BD5163020038B5B0F848300446A6
:109570001A4D0133C3F30E03A0F848302B7B2BB1F7
:1095800004F056FC03F0FAFC00232B7300232B702D
:1095900094F889302BB101212046BDE838400CF009
:1095A00056BD637CBBB1B4F848209A4213D3012165
:1095B00020460CF04CFD63882046DB0747BF236A3A
:1095C000432243224FF6FF7148BFB3F8AA10BDE80B
:1095D0003840FFF7ABBF0021DEE700BF18170020BF
:1095E00010B5FFF733FD064C28B1237B1BB104F007
:1095F0001FFC03F0C3FCA06ABDE81040FFF7B4BF36
:10960000181700202DE9F0410746FFF71FFD05461A
:1096100020B940F682412D20F7F7F0FC214CA26AD8
:10962000166A0EB196F829611FB3616A02F16903E7
:1096300092F8682011F8097BF8090AF06AFFC0B1B6
:109640003146606A0BF035FA98B1A56AFFF7FEFC67
:1096500010B940F65C41DEE723782846E26A07F05D
:109660000F0103F180435269013B52F823309847C0
:109670000546237B1BB104F0DBFB03F07FFC7DB1CF
:10968000A06A0CF09DFC30B104F03EFAE36ABDE83C
:10969000F0419B681847A06ABDE8F041FFF764BF3E
:1096A000BDE8F081181700200346074A906A03B905
:1096B00009B9FFF759BF1378D26A03F180431269E1
:1096C000033B52F8233018471817002003292DE9CF
:1096D000F043054685B0174607D14388980723D441
:1096E0000024204605B0BDE8F083428890F8883019
:1096F000D107DBB2F4D5002BF2D14FF00108DFF82F
:10970000D49099F80C60C6B10AF038FF0828387078
:1097100016D002AA0DF10701FDF7C0F938B940F6DD
:10972000F7612D20F7F76AFC4FF00208E7E702A97E
:109730009DF807000CF092FA06463B78082B08D1FA
:10974000D9F8241011F8030BC0F380100CF086FA3E
:109750000646D9F8241005F1700395F86F2011F82A
:10976000030BC0F380100AF0D4FED9F8241004468D
:1097700011F8030BC0F380100AF0F6FE8146FDF7E6
:10978000C9FA40B1B9F1080F1BD04846FDF734F9CA
:1097900080F00103D8B23A78082A14D01CB96C7F43
:1097A000A21A544254416A8853079AD4002897D188
:1097B00076B9EC7C444518BF002C0CBF0124002472
:1097C0008FE70020E7E780F001022240D4B2EAE709
:1097D000344686E7181700202DE9FF4108230DF1D4
:1097E0000702052104468DF80730FFF76FFF054695
:1097F00020B90025284604B0BDE8F081FBF732FA15
:1098000006460028F5D1344F0DF10808216A7A6A1E
:1098100091F817C0104610F8033BC3F3401303EA56
:109820000C03CB75D2F80330C1F8AD308388A1F8B2
:10983000B1301146D4F820C011F81F3BC3F3801398
:109840008CF8AC30D2F81F000B79029060468DF88E
:109850000C30FFF745FD434694F912200121206AA0
:109860000CF0ECFC216A84F895602046B1F8AA302F
:109870009DF80720A4F89630FF2384F8B3304FF604
:10988000FF73A4F8B4300CF004FD144904F18C000B
:109890000BF0C5FBFCF73AFD60B9236A04F1C40084
:1098A0000F49B3F8AA20A4F8CD20DB7D84F8CF308F
:1098B0000BF0B5FB236A00222046B3F8AA10FFF78D
:1098C00035FE084B00221B683A70002B92D02146CF
:1098D000206A98478EE700BF18170020DF6102005A
:1098E0005F61020038210020032973B5044604D0CB
:1098F00005292BD0012002B070BD08230DF107020D
:109900008DF80730FFF7E2FE0028F3D0237C23B167
:109910009DF807102046FFF7CFFD114D06220426C3
:1099200020466B6A5A701E70FFF730FDA16D94F8E7
:109930005C20686A0BF0AEF8686A2E7004F0F0F9EB
:109940000021686A0DF0C9FA0020D4E7054B1B68B6
:10995000002BF9D0984780F00100C0B2CBE700BFE0
:109960001817002034210020F8B504460F4619B31B
:1099700000F1300528460CF05BFFA0B963881A0798
:109980002ED528460CF069FF064628460CF050FFFD
:10999000301AC0B20CF06FFF494A5368034428469E
:1099A00053600CF024FF28460CF026FF04F002F868
:1099B0002179252003F020FF414E002394F87620E2
:1099C000706A037043706388103B0D2B68D8DFE822
:1099D00003F063675F0C674467676767676767449F
:1099E0002046BDE8F840FFF7BFBD062343702023A3
:1099F00003702046FFF7CAFC638823F008039BB27C
:109A0000152B05D094F85420216D706A0BF033F8B3
:109A1000706A04F085F90021706A0DF05EFA032384
:109A200021790020337003F0E7FF054607B9B060E5
:109A300063881B0704D50CF01BFF0544C4F81C51B8
:109A40006388103B0D2B36D8DFE803F038352F2F15
:109A5000352F353535353535352F0C2321214370DC
:109A6000034603F8091B52B1D4F877200121C0F84E
:109A70000920B4F87B209A800AF0F3FFB9E7226F3F
:109A8000C0F80920B4F874209A8094F86F10F3E7B6
:109A9000062303704370ACE7022303700623F9E743
:109AA00040F259612D20F7F7A9FA21790120BDE88C
:109AB000F84004F0F1B940F6F541F3E7F8BD00BF16
:109AC0001817002038B543880446102B04D1012113
:109AD000BDE83840FFF748BF0B4D2B7B23B103F0A7
:109AE00027FA402004F098F9686A04F019F96088B0
:109AF00010F0040002D1217904F0CEF9002004F026
:109B000073F901232B7038BD18170020024B012177
:109B1000986AFFF729BF00BF1817002010B5144C32
:109B2000237B1BB104F084F903F028FAA06A0CF03F
:109B300047FAA16A18B14B8803F0180323B9084605
:109B4000BDE81040FFF710BDFFF780FA20B940F6DE
:109B500086312D20F7F752FA23780846E26A03F19E
:109B60008043D268013BBDE8104052F823301847CB
:109B700018170020064810B5037803F0FF042BB92E
:109B8000242221460DF09BFE204610BD0C24FBE74D
:109B90001817002010B50023094C2370FCF7A8FB10
:109BA0006062FFF7E7FF20B14FF442712D20F7F715
:109BB00025FAE36A13B940F20B31F7E710BD00BF95
:109BC00018170020014B024ADA627047181700206C
:109BD000DC9F0100044B054A1A60054B054A1A60D8
:109BE000054B064A1A60704734210020D9970100BE
:109BF000382100200F6002003C210020C59C01009C
:109C00002DE9F041067D0446B31E06F0FD06DBB2E9
:109C1000012B8CBF4FF000084FF00108371E18BF12
:109C20000127012B1AD800F1700190F86F000AF09B
:109C30009BFC054663889B0617D4082D10D186B37C
:109C4000FCF764FBB8BBE37E93B3D4F81530C4F8DB
:109C50006930B4F81930A4F86D3006E00825E9E75A
:109C60002846FCF7D5FE0028E9D1657784F81C80EA
:109C700084F86870FCF70CFF05460DF0C6F9002269
:109C80000F4B84F87620E5FB0301C4E91801114667
:109C90002046FFF7D9FB60B940F2A3412D20F7F72A
:109CA000ADF904F169013046FCF79EFD0028DCD1D6
:109CB0000020BDE8F08104F169010120F4E700BF54
:109CC00040420F002DE9F04385B0082305210446EA
:109CD0000DF107028DF80730FFF7F8FC00287DD062
:109CE000FAF7C0FF002879D13E4D02AF206AFFF796
:109CF000F7FA6B6AD3F81F0093F8232002903A71A9
:109D0000226AD3F80310C2F8AD10B3F80710A2F816
:109D1000B1101B78206AC3F3801380F8AC30324B4B
:109D20001B6813B1012221469847D4F820800E23E6
:109D3000686A082698F8AC90002243704FF003013F
:109D4000C378067003F03F03C3700AF089FF204612
:109D5000FFF766FB4946686A0AF083FE0623012284
:109D600008F1AD01686A0AF055FF6179FF2003F040
:109D700043FD686A03F0D4FF0021686A0DF0ADF876
:109D8000D4F82080204641460CF0AEFC3B4601460C
:109D900094F9122040460CF051FA216A00239DF8F4
:109DA0000720204684F89530B1F8AA30A4F8963000
:109DB000FF2384F8B3304FF6FF73A4F8B4300CF0EF
:109DC00068FA236A2E70B3F8AA20A4F8CD20DB7DB0
:109DD00084F8CF30012005B0BDE8F0832046FFF7BE
:109DE000C3FBF7E718170020382100202DE9FF41B9
:109DF000564F04463A7802F0FF0312B90278FF2A60
:109E000004D140F6DD112D20F7F7F8F87B60FB81D7
:109E10007B7380F889304E4B684604F1300500931F
:109E20004C4B01934C4B0293FB6A5B68039303F02A
:109E300061FF03F04BFD03F0FBFF03F09FF8474881
:109E400003F0AEFD464803F04FFF28460CF0CFFC70
:109E500028460CF0D1FC03F0ADFD2179252003F05C
:109E6000CBFC94F9120003F095FD04F15001E06C75
:109E700008F04EFA064604F15801E06C08F06FFA5B
:109E80008046002E3AD094F82430BBB3B4F9485041
:109E9000ED43ED0F237F13B963885B0709D56FF09E
:109EA0000043D4E918129A4208BFB1F1FF3F2FD105
:109EB000ADBB94F88B301BB946EA0806F6B2AEB1DA
:109EC000638813F0100511D1606CC0F30B200CF007
:109ED00016FC94F8463084F84500C0F3032023F0C4
:109EE0000F03034384F8463084F88B50786A0330BC
:109EF000FCF71AFE387304B0BDE8F081B8F1000F2A
:109F000004D094F82550002DC0D1C3E74546C1E7E1
:109F10000DF07BF8D4E9182390429941C8D301226F
:109F200029462046FFF790FA50B1FCF7B1FD0546EF
:109F30000DF06BF80B4BE5FB0301C4E91801B8E722
:109F4000002DB6D040F61C215DE700BF1817002099
:109F50001D9B010005960100A9960100D6BE898EC1
:109F60005555550040420F00024B9862DB6A1B6852
:109F7000184700BF1817002043881A0710B5044679
:109F80000FD5036A3C2210498C304272B3F8AA30D4
:109F90004381FF2380F827304FF6FF7303850BF0D2
:109FA0003EF863882046DB0747BF236A3C223C22F9
:109FB0004FF6FF7148BFB3F8AA10FFF7B7FAFF23B7
:109FC00084F8893010BD00BFDF6102009763020092
:109FD000C59A01009D630200E99801001167020023
:109FE000E19501000D9B0100CC9F0100D09F010075
:109FF000D89F01000138022808B503D9C4212F20B9
:10A00000F6F7FCFF13290A4B05D811290CD81029A3
:10A0100007D0D221F3E71529FBD103EB4003D88801
:10A0200001E033F8100008BD03EB40039889FAE71C
:10A030002A1F05002C4A38B50346948810681C4333
:10A04000402B948004D10421BDE83840FEF742BF84
:10A05000802B01D10521F7E703F00304032C04D181
:10A0600040F6A4313120F6F7C9FFDD0706D50C68AC
:10A0700091602478062C1AD00B2C22D09C0711D585
:10A080000C6821780729117329D00B2922D00529C2
:10A0900008D1C17B182905D1002400250121C0E980
:10A0A0001E4501759B0644BF0823537338BDC47B0E
:10A0B0001C2CE3D100240025C0E91C450124C474F4
:10A0C000DCE7C47B122C01BF0024C474012480F897
:10A0D0005240D3E7C17B1129E4D10021E1E7617847
:10A0E00080F8A010DEE700BF481700200C4A0346A6
:10A0F000517B89B910683BB9B0F81011B0F8F42061
:10A10000914209D8FEF762BE93881B0706D5007CF2
:10A11000083818BF012070470020704701207047A1
:10A120004817002073B5044600680D46036813F015
:10A13000300F49D1B1F805101A2904D9B5F8073004
:10A14000B3F5A47F06D22978204602B0BDE870405E
:10A150000BF007BAB5F801201A2AF4D9B5F8036054
:10A16000B6F5A47FEFD3E83000960BF015F8174B47
:10A170009A8892070DD51B7B142B0AD1226813688D
:10A1800043F01003136020460BF0A9F9002002B041
:10A1900070BD23689A7B212AF0D093F82F31002BD1
:10A1A000ECD1236893F82E31002BE7D123681A688D
:10A1B00003F1E801B3F8AA0042F020021A6003F5A7
:10A1C000B472FDF739F8DEE70120E0E74817002018
:10A1D0002DE9F843894D06462C68002840F0CC80D4
:10A1E000AB8819074FD594F89E302A2B16D00CD87F
:10A1F0001C2B13D0222B18D094F89E30FE2B20D18C
:10A2000040F2FB513120F6F7F9FE3C2BF4D17C4BA8
:10A210001B68002BF0D028469847EDE7002384F810
:10A22000413176480BF053F9E6E784F84201754B6B
:10A230001B68002BF5D004F5A17104F1A400984728
:10A24000EFE7FE2384F89E30E37B1E2B06D1002728
:10A250006A4884F851700BF054F9E773A37B372BED
:10A2600033D0432B39D0242B06D1E37B243B072B5F
:10A2700094BF2B232523A373237C082B02BF022327
:10A28000AB7384F89E30AB88DA074ED5D5F80080E2
:10A29000A96898F80F30D1F80090113B99F8007038
:10A2A0000F2B0BD8BB1EDBB2092B00F2A58040F2AE
:10A2B000333222FA03F3DB0740F19E8009793846F6
:10A2C000FCF7ACFD80B939467FE0012384F8CD323C
:10A2D0000023A37384F84A30CEE7002384F850317A
:10A2E00046480BF0F4F8C7E7012F01D9162F4ED1DD
:10A2F00098F80E000BF025F940B198F80E30242B99
:10A3000004D0252B34D12B2388F80E303846FDF7A6
:10A310000DFB0346002849D1FF2FD4D12B69002B18
:10A3200051D02B68012283F8CE22AB88580704D580
:10A33000227C072A04BF0122AA7399074CD5287BE7
:10A3400001222B680D2883F89F2042D011284CD081
:10A3500007284CD0FDF7FEFA034600283AD12A7BA5
:10A36000FF2A46D12A68372182F8CC02917333E064
:10A37000162F14BF022620266B7B1B0704D5E37B18
:10A38000113B0F2B98BF08263046BDE8F883112FEC
:10A3900015D005D8072F14D00D2FB7D11A4B05E0D3
:10A3A000142FB3D1194B1B68002B8CD0AA684946D7
:10A3B0001248127998470028B7D00646DCE7144BBC
:10A3C000F4E7144BF2E799F800100C480BF0C9F8C9
:10A3D000F1E7114B09489847AB88DA06CCD5E37B07
:10A3E0000A2BC9D10B23E373C6E70C4BF2E70C4BE6
:10A3F000F0E740F2EE5105E70826BDE748170020D8
:10A40000A02100206421002011A50100442100208A
:10A410001F6A020069A501007F680200CB68020084
:10A42000396902000029034608BF1F21252870B59D
:10A4300014461AD8222846D81D2812D80D2801D82B
:10A44000002070BDA0F10E060125F6B2B54040F225
:10A45000512635401CD116281FD01D28F0D1254A81
:10A4600032E02028ECD1244A2EE0262836D0A0F174
:10A470002E02D2B2102AE3D8012040F29515904066
:10A48000284233D10D2A33D0102AD9D11B4B26E0D4
:10A490000021BDE870400CF076BA1668B37B252B1E
:10A4A00009D12046FCF722F886F838510023B3730F
:10A4B00086F84A30C4E72B2BC2D1F37B243B072B11
:10A4C000F4D92A21EDE70E4A1568002DB8D00A46C6
:10A4D000204619462B46BDE870401847094B1B68BB
:10A4E000002BADD02046BDE870401847064AEBE788
:10A4F000064BF4E7542100205C2100208C21002031
:10A50000482100206821002074210020A82100207B
:10A51000024600684978837B212B17D00ED8042B84
:10A5200016D00F2B16D0C07B272817D0333BDBB2B9
:10A530001C2B15D80B48C05CFFF774BF2B2B03D026
:10A540002D2B09D0252BEED11620F5E71420F3E7AB
:10A550000E20F1E71220EFE72320EDE71720EBE7CD
:10A56000FE20E9E73C1F050013B54C7802683E2C3D
:10A57000937B6DD8222C07D8A4F10E02D1B20F29FB
:10A5800040D9002002B010BD233C1B2CF9D801A2F9
:10A5900052F824F0BBA6010083A5010083A50100A9
:10A5A000D9A6010083A5010083A5010083A50100B0
:10A5B00083A501004BA7010083A5010083A501002D
:10A5C000E1A6010083A501000FA7010083A50100FA
:10A5D00023A7010083A5010083A5010037A701007F
:10A5E000FBA6010083A5010083A5010083A501004E
:10A5F00083A501004FA7010083A5010083A50100E9
:10A60000DDA601000F2ABCD801A151F822F000BF3D
:10A6100065A6010083A5010083A5010083A50100B3
:10A6200065A6010083A5010065A6010083A50100C0
:10A6300075A6010065A6010083A5010083A50100A0
:10A6400083A5010083A5010083A50100CFA6010019
:10A65000FF2C96D13F4B1B69002B92D0012382F82F
:10A66000CE328EE702460121204602B0BDE81040FE
:10A670000CF089B9252B01D02B2B82D101900AF047
:10A6800026FF01980368DA7B262A3FF47AAF93F815
:10A6900063201A2122F0010283F86320026892F8F5
:10A6A000633023F0080382F86330FBF71FFF019843
:10A6B0000022036883F8382163E72D2B7FF461AF14
:10A6C000254B1B68002B3FF45CAF984759E7362BAE
:10A6D0007FF457AF214BF4E7214BF2E7214BF0E732
:10A6E000382B02D04F2B7FF44CAF1F4B1B68002B35
:10A6F0003FF447AF2E21984743E7392B7FF441AF12
:10A70000194B1B68002B3FF43CAF3621F3E73A2B83
:10A710007FF437AF144B1B68002B3FF432AF30216E
:10A72000E9E73E2B7FF42DAF0F4B1B68002B3FF466
:10A7300028AF3221DFE7442B7FF423AF0A4B1B689D
:10A74000002B3FF41EAF3521D5E7084BB9E7084B86
:10A75000B7E700BF481700204C21002058210020F7
:10A760006C210020902100207821002098210020D9
:10A77000AC2100202DE9F34790F8DA8204460D461B
:10A7800090F8DB62B8F1000F3BD190F82071002EF9
:10A7900039D194F821A184F8207184F821A1FF23F4
:10A7A00084F822311A4B04F1A8091B6813B1394609
:10A7B00048469847174B1B6823B13A46514601A8B3
:10A7C0000194984794F83831012B02D058EA0606D4
:10A7D00003D0237B43F00103237348460AF0FBFCBC
:10A7E00018B1237B43F00203237306212046FEF7B2
:10A7F00071FB002384F838313DB1A37302B0BDE88A
:10A80000F0874746C3E7B246C5E7E573F6E700BF02
:10A81000502100209C210020024B0020C3E90400AD
:10A82000704700BF4817002008B50022044BC3E959
:10A830000422FCF7EFFDBDE80840FDF753B900BF67
:10A840004817002073B5514D002604462860AE809D
:10A850006E73AE73FF2380F84C30B0F8E231002BFA
:10A8600000F0828090F89E30FE2B7DD190F82C3144
:10A87000002B79D0037C073B012B75D990F82D3143
:10A880000221A0F84460012280F8A0300CF004F806
:10A890000221284684F8EA61FCF778FEB4F8E61154
:10A8A0002046B4F8DE300139B4F8E82189B2B1FBB2
:10A8B000F3F31344A4F8E831B4F840300B44A4F89F
:10A8C00040300CF017F810B1636B0B446363B4F8BD
:10A8D000E2310026012B9CBF0133A4F8E23109B11B
:10A8E00084F8EE61E37B84F8EA610A3B012B0FD820
:10A8F000E388B4F8D8229B1A190409D404F2DA21A7
:10A9000004F1170009F0FAFFE673FF2384F84B30D7
:10A91000B4F8E62104F1A80120460AF036F8E37BFA
:10A920001B49113B1B4A0F2B8CBF002301230093B3
:10A93000194B2868F7F7B2FF696911B100200CF0D4
:10A94000CBFA2C68237BDA0703D500210F48FBF7ED
:10A95000CDFD237B9B0703D504F25F10FCF766FC5B
:10A960000023237302B070BD94F89E10FE2901D01D
:10A97000064891E7094B1E68002E8FD00CF0F1FBC2
:10A9800002460B460148B04788E700BF4817002041
:10A9900035A00100EDA00100B1A90100B021002007
:10A9A000024B1869003818BF012070474817002073
:10A9B0002DE9F04FDFF8B0850F4687B08146B8F833
:10A9C0000410D8F800408D05204655BFB4F840204B
:10A9D00000230132A4F840304CBF84F8EE31A4F8D3
:10A9E00040200BF087FF38B10B4604F5AB7204F141
:10A9F000A8012046FDF726FAB8F8043003F4C06336
:10AA000033B1A37C002B00F0A080032B00F0A380C7
:10AA1000A27CB8F80430012A03D1180544BF0222F1
:10AA2000A274B9F1000F40F00181590657BFB4F884
:10AA300008224A46013292B2A4F8082203F00A0220
:10AA40000A2A0FD198F80C20022A0BD123F0080310
:10AA50003846A8F80430FFF7BBFB38430823C7B2D9
:10AA6000A8F804303846FFF7B3FBD8F81030384365
:10AA7000C7B2002B50D01422002101A80CF01FFFF8
:10AA800094F8210103F0E4FA054694F8210103F05B
:10AA9000D7FA05F5FA754FF47A7394F82911B5FBD6
:10AAA000F3F5B4F8AA300544D4F8C800ADF8043082
:10AAB000E388ADF80A50ADF8083009F02AFE94F8A2
:10AAC000CE32ADF8060033B1D8F808301A689B884A
:10AAD00004928DF8143094F8CD2201A89DF80C3022
:10AAE00062F300038DF80C30D8F81030984700233B
:10AAF000049A84F8CE3284F8CD326AB194F8CC321C
:10AB000053B9A37B372B07D09DF8143023B11178AC
:10AB1000FF2924D11B2B29D9D8F8006096F89E3044
:10AB2000FE2B49D1002F47D1337C073B012B43D962
:10AB300096F82C3113B396F82D3101220221A6F894
:10AB4000447086F8A03030467EE10121A174204691
:10AB5000FEF7C0F95CE702230121A374F7E7072998
:10AB6000DAD1022BD8D15178FF29D5D10121C4F8EF
:10AB7000D02284F8CF3284F8CC12CDE796F80FA01B
:10AB8000AAF1100A5FFA8AFABAF1100F40F219819D
:10AB90003368DA0702D53A460921D4E79D0740F128
:10ABA000A3803A460C2130460BF076FE96F85330DF
:10ABB00043F0010386F85330B4F8E83194F8EB51D0
:10ABC0000133A4F8E831002D00F02283F7F774FF79
:10ABD00010B10023A4F8E831B4F8AA000CF01DF974
:10ABE000A37C8246012B40F25483237C082B40F047
:10ABF0002783B4F84030022B40F24B83B4F8425024
:10AC00000135ADB2E38801A920462B44A4F8E03118
:10AC10000123ADF8043008F0C5FA002800F03D83A8
:10AC2000BDF80430E2881344A4F8E431B8F80430E5
:10AC3000D8F800505E0657BFB5F8F4310023B5F8D8
:10AC4000E6219B1858BF9BB2A5F8F43195F82C313A
:10AC50001BB92B7C073B012B06D8B5F84430B5F85F
:10AC6000E6211344A5F8443095F84A1031B1B5F8FF
:10AC70004630B5F8E6211344A5F8463095F9502042
:10AC8000002AC1BFB5F84E30B5F8E6011B18A5F88B
:10AC90004E3095F831306BB9B9F1000F40F0A48314
:10ACA00098F80E30022B40F05B8395F8A030062B0D
:10ACB00018BF162395F8302022B9AB4885F83130FB
:10ACC000FCF7AAFE28460BF0E2FEA84B1B681BB15E
:10ACD000A74A204611689847002384F84C3007B0F3
:10ACE000BDE8F04FFBF750BD580702D53A46132197
:10ACF00029E7190706D596F898303A4686F8A03025
:10AD0000072120E71A0602D500221B211BE713F0BA
:10AD1000300138D096F82F31002B72D196F82E31B1
:10AD2000C3B1F37B06F1A80006F5977106F2DA22AB
:10AD3000292B26D0B37BA3F129056B426B410AF086
:10AD4000FFF9336823F0200343F01003336000233E
:10AD500086F82E313368DA0653D506F1A8000AF0DA
:10AD60003AFA18B106F25F10FCF760FAB6F80A3149
:10AD700000221521A6F8A030B6F80E31A6F8A230B0
:10AD8000E1E60123DBE713F0400202D00A4624216A
:10AD9000D9E613F4807101D01E21D4E613F40072B9
:10ADA00002D00A462F21CEE613F40051FAD113F453
:10ADB000806202D00A463121C5E6DB0421D52C2170
:10ADC000C1E6D8F80050EB7B182B49D014D8112BD2
:10ADD00037D0162B3BD0B37B002B40F08880F37B21
:10ADE000103B102B40F28B8096F83E30002B00F089
:10ADF000868001221221A6E6202BECD13A460621BC
:10AE000021E0D8F80050EB7B3D2B64D00CD82F2BE1
:10AE100067D0352B53D0262BDDD195F83831022B56
:10AE200050D1002217210EE0452B57D04E2B5BD07E
:10AE3000402BD0D14F4B4C481B6898470022332100
:10AE400001E03A460B2128460BF026FDB4E62846E1
:10AE5000FCF756FE00283FF4AFAE00220421F2E7D3
:10AE600095F8C832012B07D13A46052128460BF048
:10AE700013FD85F8C8729FE695F8C832022BD9B247
:10AE80007FF49AAE95F8523053B106233A4685F8CE
:10AE9000A03028460BF000FD002385F8C832EAE711
:10AEA000D8F8003040F20632A3F89A203A4695F8D6
:10AEB000623013F0040F0CBF0D211121E9E70022CD
:10AEC0001121C0E795F83831012B84D195F839313B
:10AED000002BA6D07FE700222D21B4E700223A21E3
:10AEE000B1E700222021AEE700223C21ABE7092B8D
:10AEF00005D196F89930012286F8A03000E7BAF122
:10AF0000100F7FF659AED8F8005095F80EA0BAF1A0
:10AF1000000F40F0C28095F83F313BB101220E2175
:10AF200028460BF0B9FC85F83FA1A4E795F83E311F
:10AF300083B195F853A01AF0030B0BD14AF0010A24
:10AF400001220C2128460BF0A7FC85F853A085F8B8
:10AF50003EB190E795F84031B3B195F86930DB091F
:10AF60000AD001222B216EE7481700206021002023
:10AF700098000020882100209D4B1B68002B00F0CA
:10AF80008C809C48984788E095F82E312BB395F833
:10AF90002F3113BBEB7B05F1A80005F5977105F286
:10AFA000DA22292B17D0AB7BA3F129067342734118
:10AFB0000AF0C6F8002385F82E3101221421284614
:10AFC0000BF06AFCB5F80A31A5F8A030B5F80E31DF
:10AFD000A5F8A230F0E50123EAE795F83831012B16
:10AFE0006FD195F83931002B6BD1E87BA0F12403A8
:10AFF000072B66D995F820114B1EDBB2032B0AD81C
:10B00000DFF808C2634493F81DE095F82131013B55
:10B01000DBB2032B04D94FF43F710620F5F7EEFFA6
:10B02000BEF1020F95F83A2114D0BEF1030F13D0F0
:10B03000BEF1010F04D1012A14BF002201226AB916
:10B04000A0F14703012B28D90A38042825D9012269
:10B050001621F8E6022AEFE7042AF1D163445A7F69
:10B0600095F83B31022A24D0032A24D0012AE7D1C3
:10B07000012B14BF00230123002BE1D0EB8805F541
:10B080003672B5F83C0109F006F98246B0B90146BE
:10B090005848FBF72BFA85F838A1B37B002B7FF4D7
:10B0A0008BAD96F8CC32002B3FF486AD0122FF2108
:10B0B00049E5022BDDE7042BE0D0C1E72C23AB737D
:10B0C0007AE595F8423113B101222221BBE695F8C9
:10B0D000413143B1484B47481B689847FE28014619
:10B0E000DBD00122AFE695F84A3113B101221D21D0
:10B0F000A9E695F84B316BB195F86730DB0902D0C2
:10B1000001222E219FE63D4B01220C2139481B686C
:10B11000984751E595F84C3113B10122362192E65A
:10B1200095F84D3113B1012230218CE695F850315C
:10B1300013B10122382186E695F84E3133B1304BF8
:10B140002C481B689847012232217CE695F84F3144
:10B1500013B10122352176E695F8513113B1012260
:10B16000262170E695F8D43213B101223E216AE619
:10B1700095F85231B3B1DFF87CA01221DAF8003033
:10B18000B3F8AA00F6F786FB03699B0706D51D4BAB
:10B1900050461B68984701223B2154E61A4B504603
:10B1A0001B68EFE695F854318BB195F8393173B9D6
:10B1B000EB7BA3F12402072A09D9AA7B3E3A042A91
:10B1C00005D93E3B042B02D9012223213BE695F809
:10B1D0005331012B05D1002385F85331012225215C
:10B1E00031E695F85331022B7FF457AFF3E700BFF8
:10B1F0009821002048170020402100207C210020B9
:10B2000084210020A4210020AC2100203C1F050047
:10B21000F7F73EFC08B1A4F8E851F7F755FC002811
:10B220003FF4DAAC94F8EE310133DBB2022B84F850
:10B23000EE3182BF0023A4F8E83184F8EE31CBE48C
:10B2400094F83E3013B1A37B0F2B22D1B4F84250B7
:10B250002046B4F840200135B4F8DE30AD1A99002C
:10B26000A5EB83050BF046FBA8B1A36B626B013322
:10B270009B1A5B1A9D42A8BF1D46BAF1000F05D06C
:10B28000BAF80E30043B9D42B8BF1D46012D3FF772
:10B29000B8AC0125B6E42B46ECE7DFF85CB1B4F8B6
:10B2A000DE60DBF8003073B1012E0CD9F7F7F6FB46
:10B2B000DBF800300246E18820469847BDF80430AC
:10B2C0001844ADF8040094F8EC31002B3CD1012D6A
:10B2D0003AD9E37B0BB10B2B36D1A37BA3BB237CE9
:10B2E00093BBA37C022B2FD194F8EE3163BBD4F82F
:10B2F000C00006F035FE38B394F89E30FE2B23D103
:10B30000B4F8E231012B1FD9B4F8E821B4F8D030F9
:10B310009A4219D2BAF1000F02D0BAF80E1099B9B8
:10B32000013D9B1AADB29BB2B5FBF6F59D4228BF1D
:10B330001D46BDF8043005FB0633003D18BF01254E
:10B34000ADF8043084F8EA512A4B1B68002B3FF417
:10B3500067ACBDF8041020469847ADF804005FE4E0
:10B36000012B08D16B7C002B7FF4A4AC0021284674
:10B37000FDF7B0FDA9E45FB1F80633D4390733D443
:10B38000BA0633D4BB0733D14FF43161312045E6DF
:10B3900039B1B5F84610B5F84830994201D32223A7
:10B3A00088E4002A05DDB5F84E20B5F848309A4209
:10B3B000F5D2B5F84420B5F842309A4209D2AA7CB9
:10B3C000B5F8403052B1B5F842209A42CED80823A1
:10B3D00070E495F82C31002BE1D1F0E7052BC5D9AD
:10B3E0003E2367E41E2365E43D2363E4232361E4F5
:10B3F0002A235FE4802100207021002073B50446D9
:10B400000190D0F8E002D4F8C830984214D1D4F8B2
:10B41000E462D4F8D030F61A18BF012694F8EC3262
:10B42000002B3ED0B4F8AA000BF0F7FC30B940F680
:10B4300068513120F5F7E2FD0126EFE7B4F8E82284
:10B44000B4F8DE309A421AD1B4F8EA3282899B1AF3
:10B4500018BF0123A57B472D15D0E27B472A10D0CA
:10B460000025B4F8E62201A8D4F8E012FBF77AFC34
:10B470008DB30023A3730323A37402B070BD012313
:10B48000E8E73343ECD0154B1B6813B940F6735112
:10B49000CFE7A5F14702002101A855425541984741
:10B4A000DFE7002EDCD0B4F8AA3094F82911A4F814
:10B4B000A73109F02EF9B4F8E432A4F8A90104F296
:10B4C0009D10A4F8AB31B4F8E6320549A4F8AD31CB
:10B4D00009F0AEFDC4E7E573CDE700BF942100207D
:10B4E0001157020008B5FCF70DF8024B024A1A602A
:10B4F00008BD00BF4421002025A1010038B50D4B37
:10B500000D4653F82040084602F0A2FD4FF47A732E
:10B5100004F58564033D0444012DB4FBF3F404F108
:10B52000B4048CBF002528250AF0E3FB20442844FE
:10B5300038BD00BFB02005002DE9F74F99466C4B90
:10B5400005460C46C3601646437D23F0070343F0CF
:10B55000010343750023036191F80EA0AAF147038C
:10B56000012B19D991F80F80A8F14708B8F1010F04
:10B570008CBF4FF000084FF00108B9F1000F04D064
:10B5800000220121204601F0E1FB637B032B7ED8E2
:10B59000DFE803F0057970794FF00108EDE726B98F
:10B5A00040F217213520F5F729FD0027012304F18A
:10B5B000A800BB4663730BF0A7FA4E4B1A6822B182
:10B5C00049462046904707FB00BBD4E978211BEB96
:10B5D000020241F10001C4E97821C5E90021A17B03
:10B5E000A1F10B02D2B21E2A54D8434ED64006F027
:10B5F0000106E27B472A08BF46F0010620460BF011
:10B600009AFB28B1002E4BD1607B012818BF022085
:10B6100004F1E80328751846019309F088FDA86035
:10B62000B9F1000F61D0AAF10D0ABAF1010F8CBF78
:10B63000424648F00102002A57D13946284608F010
:10B64000EBFF1FFA80F920460BF075FB804686BBA6
:10B6500081452ED30BFB00F02E75D4E9782112180A
:10B6600041F10001C5E90021BBF1000F1AD140F200
:10B670009D2197E7D4F830720322D4F848326273E0
:10B6800007EB030B99E7D4F8C8B05F4695E74FF492
:10B69000147187E7472901D00026AAE70126ADE704
:10B6A0000020B5E73946284608F0B6FF80441FFA67
:10B6B00088F901224946204601F048FB0D4B1B68E2
:10B6C00053B10121204698477843D5E900321B1831
:10B6D00042F10002C5E9003204F1E80009F027FD5B
:10B6E000A860D5E90023C4E9782303B0BDE8F08F52
:10B6F00045B70100B421002005000040F7B5012343
:10B700000F4E33700023CDE900336846F6F7FCF89E
:10B71000044618B10023337003B0F0BD009D6B7B6D
:10B72000002BF2D005F5027738460BF093FC384633
:10B730000BF09CFC05F5F0706C73FCF79DFCE4E7E6
:10B74000601700202DE9F041804688B00D46A0F535
:10B750000274052900F29780DFE801F0038F7195EC
:10B76000958A637B13B9EA2135201BE0204601F05E
:10B770005BFA002879D0454B1B680BB120469847EF
:10B78000A8F5B07613217088F6F784F8034696F88A
:10B790007800002B51D002284DD005D8012808D0C0
:10B7A000DC21B420F5F72AFCC21E012AF8D81E338A
:10B7B00000E00A339C8896F87910354FCB1E012B98
:10B7C00098BF2825FFF79AFE16307A78793584429B
:10B7D000EDB28CBF231A0023346AE41A1AB9336C11
:10B7E0009C4228BF1C46A8F5907009F0A0FC00F10F
:10B7F00016080220A4EB08040BF05BFC022124EAEB
:10B80000E474844228BF044620460BF07CFC10B14F
:10B81000A0440BF0FEFB00232A464146304609F0C7
:10B8200092FD7860306A0BF0F2FB1A4808B0BDE870
:10B83000F04104F017BB1433BCE79624BBE7214664
:10B8400002A801230022FFF777FE02A940460BF071
:10B85000EAFB10B94FF4347186E7E18801A801943E
:10B86000013189B2E18007F09FFC08B0BDE8F081AA
:10B8700008B0BDE8F04106F0FEBD637B042BF4D0B8
:10B880004FF4837170E74FF485716DE7B8210020A4
:10B890006017002009DF0100024B0022C3E90022EB
:10B8A000FFF72CBF60170020014B5870704700BF96
:10B8B0006017002008B501F07BFF044B5A688242F4
:10B8C0002ABF1878002080F0010008BD6017002012
:10B8D00030B5044689B0042900F2A880DFE801F001
:10B8E000032A272EA000534B1A7802F0FF03F2B967
:10B8F0000146012202A8FFF71FFE02A904F502700B
:10B9000003F0E8FC20B94FF435713520F5F776FBEC
:10B91000E18801A80194013189B2E18007F044FC7B
:10B9200002F04EF909B0BDE8304003F0FBBC04233F
:10B930006373F5E70323637309B030BDD0F8C830F3
:10B9400090F82951C0F830323DB1D0F84C5241F650
:10B950004B5295428CBF0025012540F2E242ADF8E2
:10B960000C2094F8582242B9D4F84C2293421DD0AE
:10B97000B4F8AA000BF054FA18E0B4F8AA000BF0DF
:10B980004CFA10B94FF44471BFE7B4F854320025B3
:10B99000A4F8DE30B4F856328381B4F84432C5815D
:10B9A0004381013B03827D23ADF80C3094F82A31AA
:10B9B00013BB15BBD4F8483204F5F070D4F84C2210
:10B9C000C4F8D830B4F84632C4F8C820A4F8DC3043
:10B9D000D4F8503284F82A51C4F8D030B4F8DE30AC
:10B9E0005343039A19460293FCF728FB04F1A8007D
:10B9F0000BF08AF802239EE75DB14FF04D13C4F8B7
:10BA0000E0300023A4F8E4304FF47A73ADF80C3042
:10BA1000D0E74FF09613A4F8E450C4F8E030C9E73B
:10BA2000A83009B0BDE830400BF06EB840F2653187
:10BA30006BE700BF601700200D4A0146107890B9EF
:10BA40000129536807D1B3F81021B3F8F4309A42B2
:10BA50000CD8FFF72FBF1289520706D5187C07387C
:10BA600018BF01207047002070470120704700BFB9
:10BA70006817002038B5174B1C895A6804431C818D
:10BA800000F00304032C04D140F6DF213620F5F743
:10BA9000B5FAC50748BFD960840706D50968097893
:10BAA0000629197406D00B290ED0820644BF08223D
:10BAB0001A7038BD917B1D29F7D100240025012182
:10BAC000C2E91E451175F0E7917B1329EDD10021E4
:10BAD000F8E700BF681700202DE9F743837B044691
:10BAE0000090A3F14702012A20D9C27BA3F10D01E6
:10BAF000473A0129D2B216D8012A8CBF002201226E
:10BB0000E188B4F84402013189B2884240F0A7804C
:10BB100094F85852002D00F081804AB940F25E211D
:10BB20003620F5F76BFA012A00F299800122E7E747
:10BB3000524B1B6813B940F25F21F1E700216846C0
:10BB40009847002584F85A52B4F852226846D4F82F
:10BB50004C12FBF707F903212046FFF7B9FEA37B40
:10BB6000A3F14702012A03D9A3F10D02012A71D8DA
:10BB70000023A373E27B292A77D1A3F12C0255423B
:10BB80005541E388B4F8402201339B1A1B046ED45C
:10BB900094F8428294F8203194F84362B8F1000F8F
:10BBA00008BF98460EB994F82161984562D194F87F
:10BBB00021319B1B18BF012343EA050984F820812A
:10BBC00084F82161FF2384F822312D4B04F1A8076A
:10BBD0001B6813B14146384698472A4B1B6823B16E
:10BBE0004246314601A801949847B9F1000F03D0AD
:10BBF000237B43F001032373384609F0ECFA18B1B4
:10BC0000237B43F00203237304212046FFF760FEE9
:10BC1000002384F838317DB3A37328E0B4F8AA3048
:10BC200094F82911A4F8A731D4F84C0208F071FD5A
:10BC3000B4F85032A4F8A90104F29D10A4F8AB3175
:10BC4000B4F852321049A4F8AD3184F8A65109F085
:10BC5000EFF976E7E27B473A012A98BFE573A3F153
:10BC60002902012A86D801258BE72C2BFBD003B0B3
:10BC7000BDE8F08301239FE7E573F8E70422002085
:10BC8000C8210020102200201157020010B54C7866
:10BC90000268162C937B0FD8112C01D8002010BD00
:10BCA0004FF4A803E340DB07F8D502460121204604
:10BCB000BDE810400AF0B0BF1D3CE1B22229EDD82A
:10BCC000222CEBD801A151F824F000BF65BD010082
:10BCD0009DBC01006DBD01009DBC01009DBC01002B
:10BCE0009DBC010059BD01009DBC01009DBC01002F
:10BCF0009DBC01009DBC01009DBC01009DBC0100DC
:10BD00009DBC0100FBBD01009DBC01009DBC01006C
:10BD10007FBD01009DBC0100A7BD01009DBC0100CD
:10BD2000CFBD01009DBC01009DBC0100E3BD010031
:10BD300095BD01009DBC01009DBC0100BBBD010083
:10BD40009DBC0100FFBD01009DBC01009DBC010028
:10BD50009DBC0100F7BD01002D2B9FD1294B1B6815
:10BD60005BB99BE7362B99D1274BF8E7312B95D15F
:10BD7000264B1B68002B91D0104698478EE7382B36
:10BD800001D04F2B8AD1224B1B68002B86D02E214D
:10BD9000984783E7392B81D11D4B1B68002B3FF45B
:10BDA0007DAF3621F4E73A2B7FF478AF184B1B6850
:10BDB000002B3FF473AF3021EAE73B2B7FF46EAFEB
:10BDC000134B1B68002B3FF469AF3921E0E73E2B92
:10BDD0007FF464AF0E4B1B68002B3FF45FAF322142
:10BDE000D6E7442B7FF45AAF094B1B68002B3FF476
:10BDF00055AF3521CCE7074BB1E7074BAFE7074B12
:10BE0000ADE700BFC4210020D0210020D8210020B0
:10BE1000F4210020082200200C22002020220020F3
:10BE2000034610460A1E08BF1F221F2B70B529D8D3
:10BE3000112B03D8032B4AD0002040E0A3F11201BC
:10BE40000D29F9D801A454F821F000BFC1BE0100AA
:10BE500039BE0100C1BE010039BE0100C1BE0100F2
:10BE600039BE010039BE010039BE010039BE0100F2
:10BE700039BE010039BE010033BF010039BE0100E7
:10BE800045BF01003B2B15D8222BD5D9A3F12304A4
:10BE90000121E4B2A140314C21425BD1490741D19B
:10BEA0003B2BC9D12E4B1B68002BC5D01146BDE8DA
:10BEB00070401847A3F1FE0253425341580070BD31
:10BEC000024600211846BDE870400AF0A5BE04688D
:10BED000A37B1A2B01D0142B3ED194F85230002BA7
:10BEE0003AD184F8513084F84A3094F8B73103F0ED
:10BEF000FF0523B14FF481613620F5F77FF8B4F8E0
:10BF0000AA3084F8B821A4F8B93184F8BB51C4F838
:10BF1000BC5184F88A52134904F2AF1009F07FF83B
:10BF2000A57389E710490C68002C85D01946234673
:10BF300005E00E4B1B68002B3FF47EAF1D21BDE8D2
:10BF4000704018470A4B1B68002B3FF475AF1F2148
:10BF50000068F4E70749E6E70220B0E700A84C00D4
:10BF60001C220020B5580200C0210020CC21002056
:10BF7000D4210020F02100200368024649789B7BF1
:10BF8000053BDBB24A2B96BF0248FE20C05CFFF7A0
:10BF900047BF00BF641F05002DE9F3479B4F804654
:10BFA0000E467C68002284F84C20398920468D0595
:10BFB0005EBFB4F84020013292B2A4F840200AF0EB
:10BFC000AAFC38B10B4604F5AB7204F1A801204677
:10BFD000FBF738FF3B8903F4C06333B1A37C23B97B
:10BFE00001212046A174FFF773FCB8F1000F40F067
:10BFF000DF81002E40F0DC813B897D685C0705D540
:10C000002A7C072A02BF01222E747A74980713D55E
:10C01000387C0123072885F89F300AD0112824D0C6
:10C02000FBF78EFC034628B94FF4C3613620F4F7C2
:10C03000E5FF774B774898473B89190740F1B28075
:10C040007C6894F89E302A2B36D81B2B0FD8012BF6
:10C0500056D0032B5DD0002B42D094F89E30FE2B9F
:10C0600040F0898040F22561E0E76B4BE2E71C3B42
:10C070000E2BF2D801A252F823F000BF31C101000B
:10C080005BC001005BC001005BC001005BC0010040
:10C0900039C1010047C101005BC001005BC0010064
:10C0A0005BC001005BC0010065C101005BC0010015
:10C0B0005BC0010031C101003C2B5AD03F2BCCD1D9
:10C0C000E388B4F844229B1A1B0402D4002384F8AA
:10C0D0005A32A37B472B0CD1002384F84A30BCE7AB
:10C0E000E288B4F84412521A1204B6D484F85A32D0
:10C0F000B3E7E37B472BB0D1464809F002FAACE73F
:10C10000E388B4F83E229B1A1804A6D40023A37334
:10C11000A3E7A37B143BDBB2092B05D840F24122F5
:10C1200022FA03F3D90798D4002384F88A32DFE790
:10C13000002384F84131D0E7384B1B68002B8CD0AA
:10C140002046984789E7002384F84231344B1B6826
:10C1500023B104F5A17104F1A40098472D4809F01A
:10C16000B6F97AE72F4B1B68002B3FF476AF2948CE
:10C17000E7E72D4BF7E7FE2384F89E30A37B292BBE
:10C180003AD02ED80B2B32D00D2B33D0E37B472B5C
:10C1900004BF4823E373237C082B01BF02237B7475
:10C1A000002323743B89DA0754D5FA687B68166844
:10C1B000997B93F8520034780AF01BFD28B1112CBA
:10C1C00073D81A4BE340DB076FD511792046FAF795
:10C1D00025FE68BBFB6831460E481A7909F0D2F992
:10C1E00037E0432B0AD0472BD0D1482300E00C2363
:10C1F000A373CBE70E23FBE72A23F9E7002384F898
:10C200005031044809F063F9C0E700BF6817002007
:10C21000DD6B02006C170020C56B0200DC210020E2
:10C22000E0210020E42100201422002074280200D4
:10C230000D2C34D0112C34D0072C34D02046FBF7F1
:10C240006BFB03460028C5D0FA683146C048127916
:10C25000984706463B781C0707D5A97B95F85200FE
:10C260000AF0C7FC002818BF08262846FFF734FC50
:10C270007D6895F89E30FE2B40F09A802B7C073B22
:10C28000012B40F2958095F82C3103F0FF0273B139
:10C290000023A5F844300223A5F89E3088E0AD4B7A
:10C2A000D2E7AD4BD0E7AD4BCEE70826D2E7AB7B6C
:10C2B00043B995F83E2022B31222A5F89E20A5F896
:10C2C000463072E0282B00F0B08010D8132B67D0D6
:10C2D00009D8032B00F0A380122B00F09780103BAD
:10C2E000102B65D90DE01D2BF9D1062359E0352B14
:10C2F00000F0A3804CD8322B00F09D80342B00F04E
:10C30000A680EB7B362B00F2E780212B00F2A18088
:10C31000013BDAB2052A40F2CD8095F89E30FE2B23
:10C3200046D17C6894F89E30FE2B40F02882A37B97
:10C33000002B40F0248294F85A32002B00F0AF8199
:10C3400094F85832002B40F0A581E07B09F0F9F811
:10C350008246002840F0A381E37B342B00F09F81CC
:10C3600094F858328BB11221B4F8AA00F5F792FA7A
:10C37000036913F4007900F09E814723A4F846A0D6
:10C38000A373012384F84A303F23A4F89E30F6E1DA
:10C39000412BB6D1724B6E481B68984734237BE71C
:10C3A0000B23A5F89E30A5F84620012385F84A30D6
:10C3B0007C6894F82C311BB9237C073B012B04D8F3
:10C3C000B4F844300133A4F8443094F84A1021B151
:10C3D000B4F846300133A4F8463094F9502022B125
:10C3E000B4F84E300133A4F84E30B8F1000F40F0ED
:10C3F00015847B7C022B00F00D84012B40F0A78379
:10C40000637C002B40F0B8830021BEE3D5F85C329A
:10C41000C5F890300323A5F89E3000234FE795F828
:10C42000993085F8A030072336E71823A5F8462071
:10C43000A5F89E30BCE72123B3E71123A5F84620D9
:10C44000AA73A5F89E30012385F8A030B0E7272312
:10C4500022E7223B142B3FF660AF01A252F823F0F3
:10C46000A3C50100A3C501001BC301001BC301003C
:10C470001BC601001BC301001BC301001BC301003D
:10C480001BC301001BC301001BC3010065C60100E3
:10C490001BC301001BC301001BC301001BC3010020
:10C4A0001BC301001BC3010085C601004FC601006C
:10C4B00069C60100052B3FF630AF01A252F823F008
:10C4C00077C5010093C5010065C501005DC6010087
:10C4D0001BC3010061C60100383BDAB2172A3FF6E0
:10C4E0001CAF172B3FF619AF01A252F823F000BF83
:10C4F0006DC601001BC3010071C601001BC3010012
:10C500001BC301001BC301001BC301001BC30100AF
:10C5100075C601001BC301001BC301001BC3010042
:10C520001BC3010081C601001BC3010089C60100B5
:10C530001BC301001BC301001BC301008DC601000A
:10C540001BC301001BC3010091C601006DC60100A1
:10C550006C17002079BF0100A56C02008DBC0100A2
:10C560000022002095F8983085F8A0300723A5F820
:10C570009E30002313E00C230022A5F89E3095F88E
:10C580005330A5F84E2043F00103EA7385F8533089
:10C59000C3E61323A5F89E300023A5F84E30EB73B5
:10C5A000BBE695F82F31002B7FF4B7AE95F82E310E
:10C5B000ABB1EB7B05F1A80005F5977105F24222BE
:10C5C000292B28D0AB7B293B012B8CBF00230123D7
:10C5D00008F0B6FD2323EB73002385F82E31EB7BA7
:10C5E000232B7FF49AAE05F1A80008F0F4FD18B1F2
:10C5F00005F25F10FAF71AFEB5F80A31A5F8A03077
:10C60000B5F80E31A5F8A2301523A5F89E30002309
:10C61000A5F84E3081E60123DAE795F83831012B91
:10C6200010D095F83831022B7FF477AE0023D5F87F
:10C630001821D5F83A11A74807F049FE1823A5F8A4
:10C640009E306AE695F83931002BEAD1EEE71123E6
:10C65000A5F89E30002385F8A0309EE70923EEE779
:10C660001B2384E72423EAE71E2380E72F237EE7AA
:10C6700031237CE7984B97481B6898473423DEE7C3
:10C680003A23DCE72723DAE73F23D8E72C23D6E752
:10C690003C23D4E794F84031002B3FF456AE94F895
:10C6A0008A3203F0FF01F3B1E37CA3B1237D73B9B8
:10C6B00040F21771BAE4894B1B6813B94FF4E1617A
:10C6C000B4E41A218348984784F85A9257E00A2321
:10C6D000A4F89E304AE1D4F85C22C4F890200322EA
:10C6E000A4F89E2043E194F83F3103F0FF022BB100
:10C6F0000823A4F89E30A4F846100DE094F84031C9
:10C7000003F0FF018BB194F86930DB0908D02B23CB
:10C71000A4F89E30A4F84620012384F84A302EE085
:10C720006F4B1B685BB36B4861E0D4F88C32002B15
:10C730005FD01F22E07BFAF7E9FD002859D1D4F839
:10C740008C3233B113F8512C012A05D040F24771D5
:10C750006CE440F2437169E413F8283C03F0FF01F4
:10C7600013B14FF4E96161E494F8653098063BD564
:10C770001F23A4F8461084F84A20A4F89E3095F8A8
:10C780009E30FE2B7FF414AEAB7B002B7FF410AEFB
:10C7900095F83D32002B3FF40BAEE87B08F0D1FE5C
:10C7A000044600287FF404AEEB880A2B7FF600AE27
:10C7B0006846FAF703FB00283FF4FAAD052205F1BD
:10C7C000180168460BF054F8002800F0BD819DF870
:10C7D0000430009885F83C320123C5F83802A5F8EA
:10C7E0009E3085F83D42E3E53E4B20461B68984766
:10C7F000C5E794F83E3173B194F8533013F0030257
:10C80000BDD10C2143F00103A4F89E1084F85330ED
:10C8100084F83E215AE794F82E3113B394F82F315F
:10C82000FBB9E37B04F1A80004F5977104F24222FE
:10C83000292B14D0A37B293B012B8CBF0023012380
:10C8400008F07EFC002384F82E31B4F80A21A4F805
:10C85000A020B4F80E21A4F8A220142240E701235E
:10C86000EEE794F83831012B64D194F83931002B7C
:10C8700060D1E07B08F065FE00285BD194F82011C0
:10C880004B1EDBB2032B09D81748034493F84BC067
:10C8900094F82131013BDBB2032B04D94FF43F71F3
:10C8A0000620FFF7C4BBBCF1020F94F83A210CD06C
:10C8B000BCF1030F0BD0BCF1010F04D1012A14BF4E
:10C8C0000022012292B9162302E7022AF7E7042A7E
:10C8D000F5E700BF6C170020002200200422002092
:10C8E0000C220020D8210020641F0500034493F887
:10C8F0004B2094F83B31022A15D0032A15D0012A87
:10C90000E1D1012BDFD1E38804F51072B4F83C01CA
:10C9100007F0C1FC814650B90146A048F9F7E6FD91
:10C9200084F838912BE7022BECE7042BEAE72C2361
:10C93000A37324E794F8413103F0FF028BB3984BC3
:10C9400096481B689847FE283FF419AF00231E281D
:10C9500084F89E0084F89F300CD92438C0B21B287C
:10C9600004D8904BC340D9073FF509AF0023A4F882
:10C970004630D1E601228C4B82401340002B7FF4DD
:10C98000FEAE15280AD01128F0D194F8A02012B1DB
:10C99000A4F84630F3E6A4F84E20F0E6A4F84E30B2
:10C9A000EDE694F84A3103F0FF090BB11D23AFE621
:10C9B00094F8423103F0FF026BB30921B4F844014B
:10C9C000F4F768FF10B984F842017FE690F8F0317F
:10C9D00003F0FF0213B984F8422177E690F8C831DA
:10C9E000032B14D8DFE803F00202050D84F842910E
:10C9F0006CE694F8483180F8F131002384F8423134
:10CA000064E62223A4F89E30A4F8469084E640F21F
:10CA1000DB61FFF70BBB94F84B3103F0FF0163B10F
:10CA200094F86730DB0901D02E2371E65F4B0122B9
:10CA30000C215A481B689847A1E694F84C3103F042
:10CA4000FF020BB1362354E694F84D310BB130237D
:10CA50005EE694F891325BB10D21B4F8AA00F4F7C8
:10CA600019FF08B9392333E690F86232002BF9D068
:10CA700094F8503103F0FF090BB1382328E694F8FD
:10CA80004E3103F0FF022BB1494B44481B689847D5
:10CA90003223B7E794F84F310BB1352338E694F8D9
:10CAA00051318BB194F85A3273B994F866305A0602
:10CAB00008D5404B1B68002B3FF461AE37489847C0
:10CAC000272362E43C4B2CE694F85231BBB13B2265
:10CAD0000021E07BFAF71AFC814680B91221B4F8F4
:10CAE000AA00F4F7D7FE03699B0705D5334B2B4803
:10CAF0001B6898473B2385E7314B1B6813E694F886
:10CB0000543193B194F8393103F0FF016BB9E37BF1
:10CB1000A3F12402072A08D9A27B3E3A042A04D9A9
:10CB20003E3B042B01D92323E3E594F85331012B39
:10CB300004D1002384F853312522D1E594F85331F0
:10CB4000022B7FF41CAEF4E785F83D024BE65EB1A4
:10CB5000F00661D4310761D4B20761D1B30661D464
:10CB600040F66331FFF762BA61B3B4F84610B4F827
:10CB70004830994226D9222384F831300748FAF701
:10CB80004BFF00230221E381A3742046FEF7A0FEA1
:10CB900002B0BDE8F047F9F7F7BD00BF6C17002001
:10CBA000BC2100200929490987120849F8210020E1
:10CBB000FC210020E8210020EC2100201822002088
:10CBC000202200202AB1B4F84E20B4F848309A420E
:10CBD000D1D8B4F84420B4F842309A420ED2B4F816
:10CBE0004420B4F848309A42C5D2A27CB4F8403010
:10CBF0004AB9052B7FF608AC3E23BDE794F82C31EB
:10CC0000002BB8D1EBE7B4F842209A423FF6FCABD8
:10CC10000823B1E71623AFE71E23ADE73D23ABE7BB
:10CC20002A23A9E72323A7E773B5424D002604462C
:10CC300068602E812E706E74FF2380F84C30837BE9
:10CC40000B3B012B11D8C388B0F83E229B1A190464
:10CC50000BD400F50E71173007F050FEA37B0C2BA0
:10CC600008BFA673FF2384F84B30B4F8282204F1E0
:10CC7000A8012046013292B207F087FE0023A4F8F3
:10CC8000283294F84A302BB1B4F84620B4F8483032
:10CC90009A4214D294F950302BB1B4F84E20B4F823
:10CCA00048309A420BD2B4F84220B4F84430934250
:10CCB00005D2A17CB4F8403039B9052B07D9002141
:10CCC0000846FFF769F9002027E09A42F7D994F85F
:10CCD0009E10FE2923D01848FAF758FC6C68174AB2
:10CCE000A17B94F8520009F084FF154B0090204678
:10CCF0001449F5F7D3FD6C68237BDA0703D50021CF
:10CD00000D48F9F7F3FB237B9B0703D504F25F1073
:10CD1000FAF78CFA00230120237302B070BD0A4B8E
:10CD20001C68002CDAD00AF01CFA02460B460248B6
:10CD3000A047D3E7681700206C17002039BA01001C
:10CD400099BF010075BA010024220020B0F82832F2
:10CD50000B4470B5A0F828320446B0F840300D46B8
:10CD600016460B44A0F8403009F0D5FD90B1636B36
:10CD700020460B4404F1A801636308F01AFFD4E9CC
:10CD80000D239A4206D30023144904F5AB70636364
:10CD900008F04EF994F84A3023B1B4F846302B44E9
:10CDA000A4F8463094F9503023B1B4F84E302B44F7
:10CDB000A4F84E3094F82C311BB9237C073B012B8F
:10CDC00004D8B4F844302B44A4F844302046FEF78D
:10CDD00083FE16B1E3881D44E58070BD1D5B020033
:10CDE000014B1874704700BFF0170020074B93F9F0
:10CDF00000301844142804DC10F17F0F03DB40B22C
:10CE00007047142070476FF07E0070475E18002056
:10CE1000084B1B785B425BB21844142804DC10F109
:10CE20007F0F03DB40B27047142070476FF07E0025
:10CE3000704700BF5E1800207F2307B50DF1070083
:10CE40008DF8073001F002F803469DF9070053B151
:10CE5000094B5B785B425BB21844142806DC10F186
:10CE60007F0F05DB40B203B05DF804FB1420FAE746
:10CE70006FF07E00F7E700BF5E180020024B002233
:10CE80001A705A70704700BF5E180020014B18706E
:10CE9000704700BF60180020064BD3F8000138B17E
:10CEA000D3F8040120B1D3F80801B0FA80F04009AA
:10CEB000704700BF00600450034B00221A705A7084
:10CEC00010229A70704700BF64180020F8B506461B
:10CED000022014460D4600F0E1F8114B114A0127DB
:10CEE0005C60191D9A6002F1807203342D011F707D
:10CEF000DC601D83C3E904260022243303F80A2CD6
:10CF00000D2203F8092C084AC2F83015074903C955
:10CF100083E80300C2F80875C2F83835F8BD00BFD1
:10CF2000641800200300000B00600450002005007E
:10CF300008B5022000F0B2F80D4B01221A70002251
:10CF40000C4BC3F80021C3F80421C3F808210A4A96
:10CF5000C3F8802003F57433C3F88C20A3F5802335
:10CF6000C3F88C21A3F580530822C3F8042508BD1B
:10CF7000641800200060045003000080154A08B5C2
:10CF80001378FBB100231449C1F8803001F57431E6
:10CF9000C1F88C30A1F58021C1F88C3108210F4BEC
:10CFA000C3F80815FFF778FF88B101235370938EFB
:10CFB000FF2B03D9BC213B20F4F720F8DBB29370A0
:10CFC000002313700020BDE8084000F067B810236C
:10CFD0005070F4E7641800200060045000200450F2
:10CFE00008B5022000F05AF80121064B0022197002
:10CFF000054BC3F80021C3F80421C3F808211960C8
:10D0000008BD00BF6418002000600450094B1A7866
:10D0100062B1094BD3F8002152B1D3F8040140B1F9
:10D02000D3F80801B0FA80F040097047587870478B
:10D03000022070476418002000600450064A08B5BA
:10D0400013782BB1FFF728FF20B192F8340008BD08
:10D050009078FCE71020FAE76418002038B5084CF7
:10D060000025D4F80035032B04BF01236360C4F806
:10D070000055C4F8005501F057FAC4F8805038BD87
:10D0800000600450044B4022C3F88820BFF34F8F48
:10D09000BFF36F8FFFF7E2BF00E100E010B5044679
:10D0A000FFF7DCFF012C06D0022C09D03CB18C210B
:10D0B0003D20F3F7A3FF074B0222C3F8002510BD64
:10D0C000044B0322C3F8002502F10042C3F880207C
:10D0D000F5E700BF00600450024BD3F8A00300F056
:10D0E0000100704700C0FF00084BD3F8A423D3F819
:10D0F000A833511C9BB203D14FF6FF718B4203D072
:10D1000002608380012070470020704700C0FF004C
:10D110000B4B30B5D3F89053D3F89443D3F898130E
:10D12000D3F89C2305EA04030B401340013317BFD7
:10D1300005600020446081601CBFC260012030BDDA
:10D1400000C0FF000B4B30B5D3F88053D3F88443B5
:10D15000D3F88813D3F88C2305EA04030B4013405B
:10D16000013317BF05600020446081601CBFC260AE
:10D17000012030BD00C0FF00074B0022C3F8002291
:10D18000C3F81822C3F82022C3F80C22C3F81422D3
:10D19000C3F81C22704700BF00A0085010B50D4C0A
:10D1A00001F03F01D4F8203E41F40C3123F4702308
:10D1B00041F4207143EA0243074AC4F8203E536811
:10D1C00023F0030318435060C4F8000DC4F8101D89
:10D1D00010BD00BF00A00850A0180020064B10B5DD
:10D1E0000024C3F87043224621462046FFF7D6FFAD
:10D1F000024B83F83C4010BD00A00850A01800204E
:10D20000094B0022C3F84825C3F84425C3F840253C
:10D21000C3F84C25C3F85025C3F850214FF48012B1
:10D22000C3F80823704700BF00500850EFF3108286
:10D2300072B60D4B93F83D1021B15B78012B04D0F1
:10D24000022B0ED002B962B6704710F0040FF9D16C
:10D25000064B0021C3F8401503F5A04301211961D5
:10D26000F0E710F0020FF2E7A0180020005008507D
:10D2700008B5104B187201380F4B072815D8DFE896
:10D2800000F004080C0A140E10120322C3F8002543
:10D2900008BD0422FAE70622F8E70522F6E7002295
:10D2A000F4E70122F2E70F22F0E740F645513E2075
:10D2B000F3F7A4FEA018002000A00850002814BF17
:10D2C0000223042307B58DF8043000238DF80630BF
:10D2D00009F04BFF01284FF0FF3088BF00208DF888
:10D2E000050001A803F09CFD20B140F65C313E2012
:10D2F000F3F784FE03F0ACFD58B15723ADF80230CC
:10D30000BDF802309BB25A1E92B2ADF80220002B3B
:10D31000F6D1034B012283F83D2003B05DF804FBF6
:10D32000A018002070B5134D034608466E7F26B93D
:10D3300040F6C1013E20F3F761FE63B9012EAC69EE
:10D34000297F05D100F03AFF20442B69C01A70BD37
:10D3500009F0C9FDF8E7012B09D1012EAC69297F3D
:10D3600002D100F015FFEFE709F0C8FDECE700205F
:10D37000EBE700BFA0180020124B93F82900F8B18A
:10D3800093F82820EAB193F82A200F4B52B10F4AA4
:10D39000C3F80821A3F5A043D3F84001B0FA80F008
:10D3A00040097047D3F8002442F00102C3F800247A
:10D3B000D3F8200500F0F600023818BF01207047AE
:10D3C00001207047A018002000A008500B0000802A
:10D3D00013B50B4C01AB94F9092001F0F1F89DF85D
:10D3E000050001F075F920B140F2E3513E20F3F75A
:10D3F00005FE21469DF9040000F066FE02B010BD56
:10D40000A018002008B5134BDB89952B21D970B9E2
:10D41000114B28311846D960104901F041F901300B
:10D42000012816D940F2C2613E20F3F7E7FD01283A
:10D430000CD1094B29311846D960084901F036F959
:10D440000130012805D940F2CC61EDE74FF4DA61F3
:10D45000EAE708BDA0180020A4000020082005006D
:10D46000074BD3F8502110B532B10022054CC3F858
:10D470005021D4F8203203B110BD0AF061F9F8E769
:10D480000050085000A0085008B50E4BDA89952AC4
:10D4900016D95B78012B09D101F00EF90130012872
:10D4A0000ED940F611113E20F3F7A8FD022B07D14B
:10D4B00001F008F90130012802D940F61711F2E70E
:10D4C00008BD00BFA01800200A4B40F409000A4A1A
:10D4D0009B8940F04000B3F5166F36BFA3F63813B2
:10D4E000A3F5166343F48073C2F80837C2F8400509
:10D4F000704700BFA018002000A0085010B50C46CF
:10D50000FFF7B6FE2046FFF7DFFF0D4BD3F80024F0
:10D5100042F01002C3F800240A4A127A082A0BBF0C
:10D5200040F2022240F20312C3F8442EC3F8442E04
:10D5300014BF40F25B62044AC3F8482E10BD00BF1E
:10D5400000A00850A01800202110010007B50DF11F
:10D55000070003F071FC20B140F69F313E20F3F745
:10D560004DFD0D4A9DF807305278012A04D0022A59
:10D570000ED003B05DF804FB13F0040FF9D1074B94
:10D580000022C3F8402503F5A04301221A61F0E709
:10D5900013F0020FF2E700BFA0180020005008505F
:10D5A00038B50C460546FFF763FE20462146FFF7D7
:10D5B0008BFF2846FFF70CFF094B1B7A082B094B02
:10D5C0000BBF40F2022240F20312C3F8442EC3F80C
:10D5D000442E14BF40F25B62034AC3F8482E38BDA4
:10D5E000A018002000A00850211001002DE9F041F2
:10D5F00006460C461746FFF761FE09F012FD0028AB
:10D60000FBD0524D002E56D14FF0010895F828302E
:10D6100085F80180002B3BD1A97A3846FFF7C0FF7F
:10D6200095F82A30002B37D0494BC3F80080494B7E
:10D630004FF47A7233F8173003F5FA73B3FBF2F351
:10D64000E41A012385F828302B691C44424BC3F8A7
:10D65000404595F83E302BB1032B57D0022B51D1CA
:10D66000002E53D03D4B3C49C1F8C031FFF784FE3A
:10D670000546002865D00123CB64D1F84C35A34280
:10D680005FDA21463046FFF7BDFEFFF75FFF59E046
:10D6900095F82A30002BCAD1314B4FF47A7253F8E7
:10D6A000273003F5FA73B3FBF2F32C4AE41A284B44
:10D6B000C3F80021C5E7012E1FD102236B7095F836
:10D6C000283083B9A97A3846FFF718FF95F82A3031
:10D6D0006BB11F4B5E601E4AD2F8003443F010035A
:10D6E000C2F80034ADE795F82A30002BF3D1184B7F
:10D6F000293C1A4AC3F80421A3E740F634013E202E
:10D70000F3F77CFC012BADD1002EABD02F6C4FF486
:10D710008013114D4FF00008E71B1248C5F85081E7
:10D72000C5F85075C5F8043302F0AAFB0123EB6479
:10D73000D5F84C359F4295D80720C5F85085F9F7A4
:10D7400045FD00252846BDE8F08100BFA018002057
:10D7500000A00850D4200500005008500B000080A5
:10D76000B020050061D401004822002101480AF0E0
:10D77000A6B800BFA0180020014BD881704700BF99
:10D78000A0180020024B012283F82A20704700BF16
:10D79000A0180020024B0344187D00F51660704766
:10D7A00008200500014B187F704700BFA01800201B
:10D7B000024B98691B69C01A704700BFA01800206F
:10D7C0000A4B1A7FD3E90430C01A094B03EB8203DA
:10D7D000DB6BC01A074B53F822304FF47A7203F216
:10D7E000F313B3FBF2F3C01A704700BFA018002078
:10D7F000082005009C200500FF2810B504D940F240
:10D80000CB213E20F3F7FAFB013907292AD8DFE8BC
:10D8100001F02C310404292C2C22002403220121A4
:10D820004FF0C743234340EA024043EA015340F02C
:10D83000007043EA0123134943F00803C1F8203E76
:10D84000C1F8280ED1F8203503F0F703032B17D1C8
:10D8500040F25631D5E700224FF080644FF000735C
:10D860001146DFE74FF44F71CBE70024032201217B
:10D870002346D7E70024032201214FF08073D1E72C
:10D8800010BD00BF00A0085008B50A4603460C4969
:10D890000C48C1F870031878032804D040F2AB316B
:10D8A0003E20F3F7ABFB012A59780CBF0822002277
:10D8B000FFF774FC044B012283F83C2008BD00BF35
:10D8C00000A0085006000080A0180020F8B5284EDF
:10D8D0004FF48067C6F89070BFF34F8FBFF36F8F20
:10D8E00009F099FB0546234C09F03BFC0121401B44
:10D8F000214D2061C5F8A410FFF73EFC4FF4002332
:10D90000C5F8401EC5F800341C4B187C00F0F2FE30
:10D9100003F0D6F91A4B1B4AC5F838331A4BC3F833
:10D92000C820013AC3F8C42040F6FE72174BC5F870
:10D930001433174BC3F8042500239622A383A36155
:10D94000238584F82A30E281D5F8002D84F83C3014
:10D950004FF480736260C6F89071C5F88834A36C88
:10D96000376103B19847BDE8F84000F08DBE00BFB5
:10D9700000E100E0A018002000A00850A400002052
:10D980000300008006000080005008500100008065
:10D9900000200850014B5872704700BFA0180020AB
:10D9A000020E034B0002C3F8342EC3F82C0E70474E
:10D9B00000A00850044B054A034490721B7D03F5F8
:10D9C00016639381704700BF08200500A01800204F
:10D9D00008B5FFF70BFE58B9064B0122C3F8400506
:10D9E00003F5A04302201A61BDE80840F9F7EEBB39
:10D9F00008BD00BF00500850F8B53F4F05460E4621
:10DA000097F8293023B940F206713E20F3F7F6FA71
:10DA100097F83E40FCB109F004FB0028FBD0374BDF
:10DA20000122DA64D3F84C459DB9354B4FF47A7234
:10DA3000323453F8263003F5FA73B3FBF2F31C4487
:10DA40003B6932462846E41A2146FFF7C1FF2046CB
:10DA5000F8BD5B34F4E7FFF731FC0123294A87F86E
:10DA60002830D2F8003443F00103C2F8003487F8BC
:10DA70002A4009F0D6FA0028FBD03DBB0123B97A31
:10DA800030467B70FFF78CFD7B78012B02D04FF482
:10DA9000E961BAE7194AD36402F5A0421360174B53
:10DAA0002846D3F84C452146FFF7ACFCFFF74EFD66
:10DAB0003B69E41AF5B9124B4FF47A7253F82630E9
:10DAC00003F5FA73B3FBF2F31C44C0E7012DE6D172
:10DAD0000223B97A30467B70FFF710FD7B78022B6A
:10DAE00002D040F2517190E7044BDD6403F5A0438E
:10DAF0005D60D4E72934AAE7A01800200050085040
:10DB0000B020050000A0085073B5294B4FF4806188
:10DB1000284A4FF0FF30D3F88854C3F89004C2F875
:10DB200090114FF40022244C05F48075C3F80024B2
:10DB300000222249228584F82A20C1F84025C3F812
:10DB40000821C3F80021C3F80421D3F82015C9B275
:10DB5000D1B18DF80700C3F8202201221A619DF887
:10DB6000072012B1D3F820223AB19DF807305BB9F3
:10DB700040F6FF013E20F3F741FA9DF80720013AF5
:10DB8000D2B28DF80720EAE7FFF77EFC084E0023AB
:10DB9000C6F82032238094F83C300BB1FFF71EFB0F
:10DBA0001DB14FF48073C6F8883402B070BD00BF59
:10DBB00000A0085000E100E0A0180020005008502C
:10DBC000F8B52A4FFFF71CFBFFF79EFF00F062FD40
:10DBD00097F83D304BB103F029F920B140F2AE4146
:10DBE0003E20F3F70BFA87F83D00002003F02AF9F6
:10DBF000044610B140F2B141F2E71D4D1D4EC5F88B
:10DC0000C401C6F80801C6F80001C6F80401C5F849
:10DC1000C800C5F8C400C6F80401C6F8000103F046
:10DC200067F8154B40F6FE72C6F83843C6F8144341
:10DC3000C5F8C041C3F80825FC70C7E90544FFF7E3
:10DC4000DFFA0E4B4FF48062C5F84841C5F84441F5
:10DC5000C5F84041C5F84C41C3F89020BFF34F8F41
:10DC6000BFF36F8FC3F89021F8BD00BFA01800204C
:10DC70000050085000A008500020085000E100E0CB
:10DC800070B5174C0646257865B994F82A2065705A
:10DC9000E5701AB1134AC2F8405170BD228584F86C
:10DCA0002A20FAE718B1BDE87040FFF72DBF013D0B
:10DCB000E189A27818BF01252846FFF733FB94F8C5
:10DCC0002A300146268043B1064BC3F84061A27852
:10DCD0002846BDE87040FFF77BBE84F82830F6E7A1
:10DCE000A018002000500850014BC3F84C0E70479C
:10DCF00000A0085038B50446074803F0A3F820B147
:10DD000040F668113E20F3F779F9044D94E80F00CE
:10DD100085E80F0038BD00BF2DD20100EC180020AF
:10DD20000A490B4B10B50124C1F8D00E586283F894
:10DD30002940FFF721FB40B9064BC3F840050320FB
:10DD40000C61BDE81040F9F741BA10BD00A00850C1
:10DD5000A018002000500850084B012210B5C3F84D
:10DD6000D00E074B83F829205862FFF705FB0446C5
:10DD700008B9FFF7C9FE204610BD00BF00A008503B
:10DD8000A0180020144A136918449369834210B5FF
:10DD9000124C09D30220F9F719FA00230122C4F822
:10DDA00040350F4B1A6110BD0123D3706364D4F862
:10DDB00044250532824206D3094AD2F80C120029C2
:10DDC000F1D11361EFE70023C4F84431054BC4F8E7
:10DDD0004405C4F8C431E6E7A018002000500850FC
:10DDE00000A008500900008038B50A4C0346657F42
:10DDF000217F012D227AE08909D100F0EDF9A36994
:10DE000022699B1A1844BDE83840FFF7BBBF00F0F9
:10DE1000FDF9F4E7A0180020044BC3F8940ED3F8E2
:10DE2000002442F04002C3F80024704700A00850CC
:10DE3000054BD3F8002422F04002C3F8002400224E
:10DE4000C3F8942E704700BF00A00850044BD3F8CD
:10DE5000183703F07F035B4203700120704700BF57
:10DE600000A00850094B93F82A206AB10128084AFB
:10DE7000084902D1C2F804117047C2F8001118B95C
:10DE8000997A187AFFF7A4BA704700BFA01800204B
:10DE900000A0085007000080002808B518BF022223
:10DEA0000A4B08BF012299701A7093F82A205AB1C0
:10DEB0001B7A8B4204D040F6C7213E20F3F79EF830
:10DEC000BDE80840FFF7CEBF08BD00BFA018002086
:10DED000054B0022C3F84025044AD2F82035DBB2B6
:10DEE0000BB10123136170470050085000A0085087
:10DEF000044B30B5D3E90C459B6BC0E900450B6082
:10DF000030BD00BFA01800202DE9F04109F07DF8D8
:10DF1000484C494D0123C4E90C01EB64D5F84C355C
:10DF2000A363FFF7B1FA454B0022C3F80821C3F8F9
:10DF30000021C3F80421C3F80421C3F80021D3F859
:10DF4000001421F01D01C3F8001494F83C3084F84B
:10DF500029200BB1FFF742F9D5F84835A361D5F870
:10DF60004435636163786377344BD3F81872D3F820
:10DF70002002FFF701F96678022E40D1E3784BB119
:10DF8000D5F8443133B10120FFF77AFEE36CBDE8E8
:10DF9000F0411847002F45D0237A23B940F24D2194
:10DFA0003E20F3F72BF8DA1E012A24D8234BD3F8AE
:10DFB0001C3E13F006031DD0022B1ED003230025A8
:10DFC00000202377FFF75CFE1C4B85F00101D3F89E
:10DFD0000C2ED2074CBFD3F81C0E0120236D44BF7A
:10DFE00000F00100084300F0010080F00100BDE8EE
:10DFF000F041184703230125E2E70423FBE7012E44
:10E0000010D1237A237737B10020FFF739FE636DF3
:10E0100031460020EBE758B13046FFF731FE636D23
:10E020003946F6E720B10120FFF72AFEA36DAEE7DF
:10E03000BDE8F081A01800200050085000A0085052
:10E04000024B03EB8003D86B704700BF082005002C
:10E05000024B03EB8003186D704700BF08200500DA
:10E06000F7B501230D46477801464370044628461C
:10E07000164600F069F94FF47A73124AADF806308B
:10E08000BDF806309BB243B9BDF806309BB27BB9F0
:10E0900040F65F513E20F2F7B1FFD2F80431002B79
:10E0A000F2D1BDF80630013B9BB2ADF80630E7E790
:10E0B000677016B9EB78A370AB707B1E584258415D
:10E0C00003B0F0BD006004502E3008B5362854D897
:10E0D000DFE800F05053535353534D5353535353AE
:10E0E0005353535353534B535353535358535853FE
:10E0F0004953475345534353413F3D3B39373533EC
:10E10000312F2D2B29272523215A1C003F231F4A5D
:10E11000C2F8103708BD3323F9E72D23F7E728238A
:10E12000F5E72323F3E71F23F1E71B23EFE718238A
:10E13000EDE71523EBE71323E9E71123E7E70F23C7
:10E14000E5E70D23E3E70B23E1E70A23DFE70923F4
:10E15000DDE70823DBE70723D9E70623D7E7052315
:10E16000D5E70423D3E70323D1E70123CFE74FF417
:10E170009873CCE74FF48873C9E74FF48E713F2052
:10E18000F2F73CFF0223C2E73923C0E700A00850A2
:10E190004FF47A73033A5843012A10B5064C00F243
:10E1A000E73034F911100844B0FBF3F08CBF0223C0
:10E1B0000A23C01A10BD00BF882005004FF47A73EF
:10E1C000044A00FB033032F911201044B0FBF3F095
:10E1D000704700BF8820050038B51D460A4B33F94B
:10E1E000114003EB820305355B691C444FF47A73DD
:10E1F00004F6B73403FB00441046B4FBF3F42544A3
:10E20000FFF71EFF284438BD8820050070B506467C
:10E2100008461546FFF71CFF094B03EB85035C69B5
:10E220004FF47A7304F6B73403FB0644241A2846E5
:10E23000B4FBF3F4FFF704FF0530204470BD00BFCA
:10E2400088200500024B00221A705A709A7070479D
:10E25000FC1800202DE9F0470746012015469DF8DF
:10E2600034400E469846DDF824A09DF83090FEF725
:10E2700015FF314AD47014B93B1F5C425C4107F072
:10E280000303002143EA04632C4CC4F804352C4BEF
:10E29000C4F88010C3F88410A3F58023C3F8841158
:10E2A000A3F580530221C3F80815BDF82830316862
:10E2B0009380F36809BA93FA83FCB36818BA736859
:10E2C000C4F810C51BBAC4F81405C4F818352B0AD5
:10E2D000C4F81C152D069DF8206043EA0863DAF89F
:10E2E00004102DBA003E23F00043DAF8000009BA0A
:10E2F00018BF0126B9F1020F00BAC4F8201543EA8D
:10E30000C673C4F824051BBAC4F82835C4F82C55C4
:10E310000CD80C4B022F13F80930C4F848354FF0D5
:10E320000103537000D11370BDE8F0874FF49B7167
:10E330006C20F2F763FE00BFFC1800200060045060
:10E3400000300850E82005002DE9F84F334B044613
:10E350000D465A7822B94FF4A8716C20F2F74EFEA0
:10E360004A7893F803801A81B8F1000F51D14A78A6
:10E3700003F1060B42702A4A4FF0000C294E4FF071
:10E380000E09DFF8ACA006F1080706F1300EC3F85D
:10E3900044B006F1400BDD61C3F820A083F82AC029
:10E3A00083F82B9092E80300C3E90BCC86E80300C6
:10E3B000D2E90201C3E9154A87E80300E91C1F8975
:10E3C00059621F85D2E904018EE803001649996459
:10E3D000D2E90601E21CDA6507EB0802A3F8602027
:10E3E000C2F307428BE8030083F86220012183F81F
:10E3F0006390C3E919CCAA78A2700C4AC2F83065C0
:10E40000C2F838E599701970C2F804C11160BDE80E
:10E41000F88F00F1010B4FF00408ACE7FC18002066
:10E42000EC200500081900200100000C00600450D9
:10E430000100000D334B5A782DE9F04105460E4698
:10E4400022B94FF4BD716C20F2F7D8FD2E4A03F1CA
:10E450003C0C03F14C0403F10C07DFF8C480DFF837
:10E46000C4E0C3F848805E65C3F858E092E8030052
:10E47000C3E9095E8CE80300711C5964D2E9080104
:10E4800084E80300F11C0024D96520499C6683F8C8
:10E490003240C3E91814D2E9040187E80300691C7B
:10E4A000C3E90518D2E90601EA1C03F11C08DA6287
:10E4B0009A881A860E2288E8030083F83320012107
:10E4C000C3E90D44B278AA70114AC2F830C5C2F847
:10E4D000387599701B780BB9A921B4E70D4BC2F8B8
:10E4E0000441C2F80841C2F880300B4AC2F88430B7
:10E4F000A2F58022C2F884310222084BC3F8042519
:10E50000BDE8F081FC180020EC200500E803000EB7
:10E5100000600450010000800030085000200450CA
:10E520000100000C0100000D0C4B1A788AB100228A
:10E530000B490220C1F8802001F57431C1F8842014
:10E54000A1F58021C1F88421A1F58051C1F8080509
:10E550001A7000225A709A70704700BFFC18002091
:10E560000060045008B50B4BD3F8082122B10420F9
:10E57000F8F72CFE022008BDD3F8042122B90520AB
:10E58000F8F724FE0320F6E7D3F80004003818BF9C
:10E590000120F0E700600450014B01225A607047EF
:10E5A00000600450014B1860704700BF6C190020D8
:10E5B000024B1868003818BF012070476C19002002
:10E5C0002DE9F04F254C85B0054698460F46164676
:10E5D00000F0CEF823788146AB4211D16378BB427C
:10E5E0000ED194F90230B3420AD1E378834207D1C5
:10E5F000A388A8F8003094F9060005B0BDE8F08FB4
:10E60000082D1CD18DF80F6028469DF90FB008F039
:10E610008AFC82463846FFF7BDF800220346414691
:10E6200000925846524600F059F8B8F80030A071F0
:10E63000A38025706770A67084F80390DBE72846F6
:10E6400008F071FC0DF10F033246394600F096F8E0
:10E650000028D9D04621A920F2F7D0FCBA0000202A
:10E66000014B18609980704790190020024BD860C8
:10E6700019745A82704700BFBC190020014B1B68F7
:10E680001B68184710010020014B1B685B68184786
:10E6900010010020014B1B689B68184710010020E7
:10E6A000014B1B681B69184710010020014B1B68B8
:10E6B0005B69184710010020014B1B689B691847D4
:10E6C00010010020014B1B68DB6918471001002076
:10E6D000014B1B689B6A18471001002030B4044CA2
:10E6E0009DF8085024680295E468A44630BC604751
:10E6F0001001002000220D49134610B540FA02F423
:10E70000E40744BFCA545C1C02F1010248BFE3B2F3
:10E71000042AF3D1054AFF24D118032B01D9107123
:10E7200010BD013301F8014BDBB2F6E734220020C3
:10E730007D6F0200836F0200856F0200AB6F0200E5
:10E74000896F0200B56F02008F6F0200BF6F020079
:10E75000956F0200CB6F0200A16F0200A56F02004F
:10E76000976F02009D6F0200BB6F0200C56F020031
:10E77000014B187D704700BF201A0020042810B5F7
:10E7800011D883B104280CBF10242824A1420AD236
:10E79000064C54F8200018B141568A42A8BF0A46D8
:10E7A00000201A7010BD6FF01500FBE7201A002042
:10E7B0000728034611DC10F12D0F10DB094A101851
:10E7C00090F82E0002EBC00292F93C209A4207D04A
:10E7D000002918BF0130C0B270471B2070470020CD
:10E7E000704700BF6C210500072808B507DCFFF75C
:10E7F000DFFF044B03EBC00393F93C0008BD082086
:10E80000FCE700BF6C210500C0B208B520B9044B7D
:10E8100001229A601A6008BD4D21B52002F07EF8F1
:10E8200000E0105010F0FF0008B513D10B4B01228F
:10E830005A60DA600A4AC3F800011070D3F808245D
:10E8400012F0010205D1C3F81021C3F81821C3F852
:10E85000142108BD7C21B52002F060F800E01050C2
:10E86000351A0020014B01221A707047351A00201A
:10E8700008B540B9064BD3F8103113B9054B1878D9
:10E8800008BD0120FCE7C221B52002F047F800BF17
:10E8900000E01050351A0020024BD3F8080400F0B5
:10E8A0000100704700E01050024BD3F8480400F01C
:10E8B0000100704700E01050024BD3F84004C0B292
:10E8C000704700BF00E0105007490246D1F84C04E1
:10E8D000D1F84C1410F4803005D0D0B201F003030D
:10E8E0001B1A58425841704700E0105038B51A4B77
:10E8F000D3F80C34DA0304D440F279116D2002F01D
:10E900000DF8164A0124164B106A536620F03F009A
:10E9100094645464136CDB03FCD4136A116C03F02D
:10E920003F03C1F30A01C1F5806181EAE1750B295A
:10E93000A5EBE17509DD3F2B04D0013303431362DE
:10E94000172DE6DC0023936438BD0B31F8DA002B79
:10E95000F8D0013BF2E700BF00E010500008125071
:10E960000100008038B50B4C23781BB100232370C5
:10E97000FFF7BCFFEFF3108572B6637803F0FF007A
:10E980000BB9FFF74FFF05B962B6034B00225A6679
:10E9900038BD00BF381A002000081250F8B5104EDC
:10E9A000012704460D463318DF7008F010FB60B9EC
:10E9B00034B90C4B11227771B560C3F80423F8BD4C
:10E9C00040F225116D2001F0A9FF002DF7D01CB9F0
:10E9D0000220A847B460F2E74FF4A071F2E700BF4D
:10E9E000381A002000E01050044B0022191803EBE5
:10E9F00080034A719A60CA70704700BF381A0020BD
:10EA0000014B1882704700BF381A0020014B588A0A
:10EA1000704700BF381A0020014B188A704700BFAA
:10EA2000381A002010B5EFF3108472B6064B034479
:10EA30005A780132D2B25A705B78012B01D1FFF7BC
:10EA4000E3FE04B962B610BD381A0020034610B5C3
:10EA5000EFF3108472B611490B445A7822B940F290
:10EA600057216D2001F05AFF5A78013AD2B25A70FC
:10EA70005B7883B90B7D43B1094BD3F80C34DB03CE
:10EA800006D44B7803F0FF002BB9FFF7CBFE02E072
:10EA9000487D02F0D5F804B962B610BD381A0020DE
:10EAA00000E0105010B508F095FA0C4C08F08FFA01
:10EAB00060B1A37D3BB90A4B01229A610423E3753F
:10EAC0000023237610BD08F088FAF9E7032301221A
:10EAD000E375034BC3F80423F2E700BF381A0020A4
:10EAE00000E01050014B01221A62704700E0105004
:10EAF000044B587E28B1044BD3F81001B0FA80F0D3
:10EB000040097047381A002000E0105038B50C4B0F
:10EB10005D7E5DB901245C7608F05CFA094B102239
:10EB2000C3F81051C3F80423DC6138BDFFF7E0FFE0
:10EB30000028FAD040F293216D2001F0EFFE00BFD3
:10EB4000381A002000E01050024BD87D003818BF62
:10EB500001207047381A002038B5174C237D23B99F
:10EB600040F206316D2001F0D9FE01232370A37D10
:10EB7000C3B9A37EB3B1227E013B9A4212DA08F0F8
:10EB800026FA054601F0F6FFA37E012B82BF237E05
:10EB90000133237655B1E369C31A0133022B09D936
:10EBA00035B1E061BDE83840FFF77CBF236AF3E789
:10EBB0002062F7E738BD00BF381A002037B5184C7F
:10EBC000A37D63B9606A00F00300FFF77DFE30B1FA
:10EBD000EFF3108372B6E27D1AB103B962B603B0E7
:10EBE00030BD0122E27503B962B608230D4DC5F8A8
:10EBF00008334FF42073ADF80630BDF806309BB2F1
:10EC00005A1E92B2ADF80620002BF6D1C5F80C3191
:10EC100084F82830FFF746FF0823C5F80433DEE701
:10EC2000381A002000E010502DE9F74F4E4C237D9C
:10EC3000002B00F096800323ADF804304B4BD3F843
:10EC40000051D3F80891D3F8142112B9D3F8182140
:10EC50006AB10026C3F81461C3F81861C3F81061E3
:10EC6000637E0BB108F0B9F9667608F01EFB3F4BE6
:10EC7000D3F81031002B59D0637E1BB108F0ADF9E9
:10EC800000236376637913B102238DF80430003DCD
:10EC900018BF012545F01005354E0DF1040A334B20
:10ECA0004FF00008F71EC3F808531AF8010B0328A9
:10ECB0000AD03B7843B14FF0000B336887F800B0BF
:10ECC00013B19847C6F800B008F1010304360137C4
:10ECD0004FF00108022BE8D1B9F1000F08D0234B07
:10ECE0000022C3F808210422C3F80823FFF766FFB7
:10ECF00094F82860EA071D4BF6B2D3F80C7108D5DA
:10ED0000E27D032A05D1A27DA2B90422E275012287
:10ED10009A61C7B1154B0022C3F80C21E37D042B87
:10ED20000DD040F269316D2001F0F8FD002DD3D0F7
:10ED30000125B1E708F051F90223E375E9E7022361
:10ED4000E37508F04AF966B1002384F82830E37DC2
:10ED5000022B01D1FFF7A6FE03B0BDE8F04F08F08B
:10ED60003CB903B0BDE8F08F381A002000E0105025
:10ED7000401A002010B5054C606A00F00300FFF750
:10ED8000A3FD0028F8D0002010BD00BF381A0020D5
:10ED9000F8B5054650B10278022A07D8437842B93F
:10EDA000013B1F2B02D88378212B07D96FF0150068
:10EDB00088E0002BFAD18378002BF7D1634B202217
:10EDC000C3F8A020BFF34F8FBFF36F8F604EC3F81F
:10EDD000A0217D235F4CC6F808330023C6F800311C
:10EDE000C6F80831C6F80C316370A370AB88638233
:10EDF000FFF752FD10B10123E3706370D6F80C04E5
:10EE000040F2563310F4803023821BD0FFF72AFDE6
:10EE1000514801F0EBFE4E4E602360750022C6F8AB
:10EE200004332B78A978012B62766262A375A176F0
:10EE3000227620D0022B17D0F3B140F21E516D2064
:10EE400001F06CFDC6F81001FFF7DEFC404AD2F875
:10EE50001031002BFBD0FFF749FD0020FFF7E2FC4B
:10EE60003E4B00225A66D3E708F0B4F8D6F80C34CB
:10EE7000D903FBD502236362FFF716FD40B3FFF70A
:10EE80001BFD636A03F00303984221D1AB79D3B928
:10EE9000FFF770FFA37E63B12B7853B908F097F8A2
:10EEA000054601F067FE6FF00043002D4BD0C4E92A
:10EEB00007030123202200202375244BE075C3F8AB
:10EEC000A0211A62F8BD224B0422C3F80423E1E713
:10EED0001F4B012200215A61C3F8081194F8241035
:10EEE000C3F840141A610422C3F80423AA79002A43
:10EEF000D0D1D3F80423520702D440F2D1419EE787
:10EF0000174A1769116907F0100741F010011161E4
:10EF1000D3F808310BB908F015FC0D4ED6F80831BE
:10EF200073B1FFF727FF27B90D4A136923F01003C8
:10EF300013610423C6F808330023C6F80831A9E793
:10EF400008F0FEFBEAE7C4E90730B2E700E100E0C1
:10EF500000E01050381A002065E901000008125046
:10EF600000ED00E038B5164C0023E078237508B9B1
:10EF7000FFF758FCE37D042B0BD1124D0020FFF767
:10EF8000A3FC18B1D5F80C31002BF7D00023C5F83D
:10EF90000C31002320226370E375A3700A4BC3F881
:10EFA000A020BFF34F8FBFF36F8FC3F8A0217D2246
:10EFB000044BC3F80823607DBDE8384001F030BE43
:10EFC000381A002000E0105000E100E038B50C4B8A
:10EFD0000C46197919B183216F2001F09FFC60B9AB
:10EFE0005D790DB1002038BD01225A71FFF71AFD7D
:10EFF00021462846FFF7D2FCF4E76FF01500F2E750
:10F00000641A002038B50B4D04462B791BB19A21A8
:10F010006F2001F083FC50B96B790BB9002038BD2B
:10F02000FFF7E2FC20466C71FFF710FDF6E76FF08A
:10F030001500F4E7641A002010B501B3F0B14FF0E9
:10F04000FF33104A1C46E0FB0134944203D9DB2114
:10F050006F2001F063FC1A0DC3F30F100A4B42EA54
:10F0600004324FF22444B2FBF4F100EB024003FB04
:10F070001100B0FBF4F040EA0140013010BD084639
:10F08000FCE700BF3F420F00000024F4014B9B68E7
:10F09000184700BF641A0020014BDB68184700BF07
:10F0A000641A0020014B1B69184700BF641A002036
:10F0B00008B5064B1B7923B140F237116F2001F0E0
:10F0C0002DFCBDE80840FFF747BD00BF641A0020D3
:10F0D000034B1A790AB9FFF799BC988D704700BFA6
:10F0E000641A0020034B1A790AB9FFF795BC988A75
:10F0F000704700BF641A0020024B1B790BB9FFF761
:10F100005DBD7047641A0020014B9B69184700BF22
:10F11000641A002038B51D4C237933B3FFF7C2FFC2
:10F1200050B91B4DC5F81001FFF7B0FFD5F81031ED
:10F13000002BFBD0FFF7B0FF154B6022C3F8042370
:10F14000636A9847002806DB94F82E3023B1012328
:10F15000002084F8303038BDFFF7D6FF0028F6DAFB
:10F1600040F28D116F2001F0D9FB0A4BA3610A4BCD
:10F17000E3610A4B23620A4BA3600A4BE3600A4B2C
:10F180002361FFF705FE0028E1D0E4E7641A0020C0
:10F1900000E0105075ED0100E76F020049EB01003F
:10F1A000D56F0200DB6F0200E16F020010B50A4C60
:10F1B00023795BB194F8303053B1A36A98470028A3
:10F1C00006DA4FF4E2716F2001F0A8FBFFF7CAFEE8
:10F1D000002384F8303010BD641A002038B5084B85
:10F1E00004461D7925B140F2E1116F2001F096FB34
:10F1F00000F0EEFD2046FFF703FC284638BD00BFB7
:10F20000641A002008B5074800F0D0FD054800F05A
:10F2100019F801F007F901F011F800F0E5F9012003
:10F2200008BD00BF981A002008B5054B1A781AB11E
:10F230002721032001F072FB5860197008BD00BF40
:10F24000A01A0020024B986000221A705A60704782
:10F25000A01A0020F7B51E4C2378012BDAB204D097
:10F26000022A2ED0012003B0F0BD0DF10701606825
:10F2700000F0E4F965686B7DDB071CD5AB7F042BE0
:10F2800019D000F027FE0646A8B100F029FE2B6930
:10F29000D5E900279A18B36847F100070A332CBF55
:10F2A000012500251B1845EB01059342BD4102D302
:10F2B000606800F0C9FA0023636023709DF80700BE
:10F2C000D1E70DF10701606800F0C4F9F3E700BF72
:10F2D000A01A002073B505460C4600F0FBFD06465B
:10F2E000AB7F012B1AD021462B4604F1180251F8AE
:10F2F000040B914243F8040BF9D101230DF10701EE
:10F300002846AB7700F09AF916B1012002B070BD23
:10F31000034B0421986808F081F9F6E70020F5E72F
:10F32000A01A0020024B0621986808F077B900BFA8
:10F33000A01A0020174B1868F0B560B150F8102CD7
:10F3400050E9063418380A3344F100049B188269E6
:10F3500044F1000402B9F0BD52E90615994275EB7B
:10F360000406F8D2077D12F8046CB7420BD00FD90F
:10F370000A3152F8103CA2F1180045F100055B1863
:10F3800045F1000404E09688878BF61B3604EFD421
:10F390001268DFE7AC1A0020F8B5244C0023237173
:10F3A0006371A371E371EFF3108272B6A168E36039
:10F3B0006160A36002B962B600261D4D636803B99F
:10F3C000F8BD9A79A3F11800032A07D11A68012120
:10F3D0009E7153F80C3C62609847EFE71B6863B17D
:10F3E000183B07462A46997F04290ED09B7F032BA2
:10F3F00004D063219F2001F091FA2A46136802216C
:10F400001B681360C3688677E6E7B0F81CC0998B69
:10F41000A1EB0C010904996944BF07F118021846D1
:10F420000029EBD01F46A1F11803DCE7AC1A00203D
:10F43000B01A0020042300F118028377002303761A
:10F4400043768376C376044B996811B99A60DA6083
:10F450007047D9680A60FAE7AC1A00202DE9F0413C
:10F46000134C06460F460020236833B9E8B1114B10
:10F47000BDE8F041187801F0E3BB53E9061553F8F5
:10F48000082CD3F80080521845F10005B242BD4166
:10F4900009D22268A3F1180012682260FFF7CAFFA0
:10F4A00001204346E1E71C46FBE7BDE8F08100BFD1
:10F4B000AC1A002014010020494B1B682DE9F74FBE
:10F4C000044682838B46D0E9002003B1183B94F8B0
:10F4D00015C0DFF80CE10CF0010C002B3BD0D3E998
:10F4E0000056AA4270EB060135D3BCF1000F2CD0B8
:10F4F000277D197D8F4228D399684D1946F1000662
:10F5000015F10A0846F1000E424570EB0E0119D2C2
:10F510002169891840F1000788457EEB070901D26F
:10F5200041467746A942B7410FD22046FFF782FFF6
:10F530002C4B187801F084FB00238BF8003003B0CB
:10F54000BDE8F08F11460746ECE703F1180E9B6902
:10F550000BB1183BC3E7BCF1000F34D0A168891888
:10F5600040F10009019173B30199D3E9007611F1DB
:10F570000A0549F10001AF4276EB010123D2257D56
:10F58000197D8D4218D39D68ED1946F1000615F1DD
:10F590000A0A46F10008524570EB080110D22169B1
:10F5A000891840F100078A4578EB070C01D25146D3
:10F5B0004746A942B741B8D39B6923B1183BD3E76B
:10F5C00011460746F5E7DEF80020234643F8182FDA
:10F5D000CEF80030FFF7AEFE8442ADD10123ACE798
:10F5E000AC1A00201401002010B50B4C2378FF2B1F
:10F5F00004D04FF48D719F2001F090F9074801F07D
:10F60000F5FA074B002220701A705A709A70DA705F
:10F610009A60DA601A8210BD1401002099F301008B
:10F62000AC1A002010B5044C2078FF2803D001F05C
:10F63000F7FAFF23237010BD14010020044B1A8A2F
:10F6400010B4541C1C825DF8044BFFF735BF00BF9B
:10F65000AC1A002038B504460D46FFF76BFE231A9E
:10F6600004F11801584258412870044807F0FCFF83
:10F6700010B100230120A37738BD00BFAC1A0020D1
:10F6800038B5114B044600F118019A68B2B19A6876
:10F6900000209AB191420ED108B1A56905609D681C
:10F6A000A94204BF12689A60DA68914200D1D8601A
:10F6B0000023A37707E010461268EAE7034807F043
:10F6C000D3FF0028F4D138BDAC1A0020B01A0020B6
:10F6D0002DE9F041264E04460D46FFF7BFFE306887
:10F6E000002843D0A0F1180C50E90631A34271EB79
:10F6F000050250F8102C3CBF234629460A322CBF85
:10F70000012700279B1841EB07020768604627B9CD
:10F7100000F118037361BDE8F08157E906EC9E45DE
:10F720007CEB0201F4D290F8148017F8041C884591
:10F7300013D019D9744523462A46A7F1180075EB52
:10F740000C0157F8101C3CBF734662465B1842F12F
:10F7500000020A3342F1000206E0B988B0F81C80CA
:10F76000A1EB08010904E5D43F68D0E70346D1E7DF
:10F77000AC1A002010B5054C6169204607F074FFF3
:10F7800018B1606900231838636110BDAC1A0020FD
:10F790009C46144BF0B51D68FDB115F8043C183DAE
:10F7A000834218D812F10A04D5E900364CF1000161
:10F7B000A34276EB01070BD22F69FF1846F1000632
:10F7C000A7428E4107D3B4F10A0041F1FF31F0BDE9
:10F7D0001C463146F7E7AD69DEE74FF0FF300146E2
:10F7E000F5E700BFAC1A002008B5837F022B1CD1BF
:10F7F000437D13F0020302D00023837708BD032268
:10F80000037643768376C3760D4B827700F1180238
:10F81000996839B99A60DA600A4B1878BDE80840EF
:10F8200001F00EBAD9680A60F5E7837F012BE5D0B5
:10F83000837F042BE2D04FF4FF719F2001F06EF81C
:10F84000AC1A00201401002010B500F11801044684
:10F85000084807F009FF20B94FF402719F2001F01A
:10F860005DF82046FFF7E6FD034BBDE81040187831
:10F8700001F0E6B9AC1A0020140100202DE9F74F81
:10F88000D0F810E0BEF1000F04D040F227219F20F5
:10F8900001F044F8836890F814800193D0E90014D3
:10F8A000EFF3108972B6274BB3F810C01B686BB129
:10F8B000019D183B0A35D3E900264EF1000A6D1868
:10F8C00044EB0A0A95427AEB060707D2B9F1000F1A
:10F8D00035D0C0E9001403B0BDE8F08F8A4276EB62
:10F8E00004070CD31F69BF1846F1000BAF427BEB36
:10F8F0000A0B34BF0125002575B99B69D7E712F1C2
:10F900000A0A9D6846F1000715EB0A0547F1000752
:10F91000A94274EB0707ECE71D7DA84509D0ECD997
:10F9200012F10A019D6846F10004691844F10004CF
:10F93000E3E79D8BA5EB0C052D04DED5F0E762B661
:10F94000C7E700BFAC1A0020024B0521186807F07A
:10F9500065BE00BFC81A0020064B586810B520B914
:10F960004FF41B71B02000F0D9FFC3680521BDE83A
:10F9700010401847C81A00202DE9F84F274C81463F
:10F98000237BA668A3BB94F80D8018F0010803D070
:10F99000E3899E4238BF1E4600F082FD10EB060B45
:10F9A00005460F4641F1000A58465146FFF790FEC2
:10F9B00008B3D0E900329B457AEB020104D29D1BCB
:10F9C0009B46924662F100070023154A28463946B5
:10F9D0002362C4E904BAC4E9065700F035FDB8F162
:10F9E000000F02D0E3899E4216D002230D4A0DE09B
:10F9F0004FF00008D0E7237B2BB1637B9B0702D538
:10FA0000636A012098470023074A237384F828304B
:10FA1000C9F80020BDE8F88F0123E7E7C81A0020E5
:10FA200049F9010039FB01002F7202002DE9F0476E
:10FA300017463D4C002B67D0E289D3E9006564325C
:10FA4000864275EB01034FF000033CBF06460D46AE
:10FA50002362B6EB000A65EB010952451A4672EBC8
:10FA60000902C4E9046527DA237B3BB1637B9A076B
:10FA700002D5636A012098470023237394F80D8010
:10FA800008F00108A36803F5E1739A4579F10001D4
:10FA90001DDAB8F1000F11D0E089244A301A65F15F
:10FAA0000001C4E9060100F0CFFC0623204A84F8D7
:10FAB00028303A60BDE8F0879846E3E71B4A3046B5
:10FAC0002946C4E9066500F0BFFC0523EEE7FFF711
:10FAD000E3FAE089A368B8F1000F0BD0984209D986
:10FAE000301A124A65F10001C4E9060100F0ACFCCD
:10FAF0000123DBE7F01A0D4A65F10001C4E90601B4
:10FB000000F0A2FC0223D1E7237B2BB1637B9B0790
:10FB100002D5636A0120984700252573FFF7BCFAD8
:10FB20002B46044AC3E700BFC81A002049F9010068
:10FB300039FB01002F720200023970B50546032916
:10FB400000F2D480DFE801F006020840694B002291
:10FB500083F82920002024E0664C94F82830042BF8
:10FB600009D8022B28D8013B012B1BD94FF4CD71AA
:10FB7000B02000F0D3FE053B012BF7D8FFF76AFB5E
:10FB80000028E7D000F07CFC00F08AFC06460C461A
:10FB9000FFF79EFD2A46034621463046FFF746FF03
:10FBA000022070BDFFF756FB0028D3D000F068FCA0
:10FBB0002846FFF7E1FEF3E7FFF74CFB0028C9D02A
:10FBC000012384F82930C5E74A4C94F828301A1FDD
:10FBD000012A2AD8042B94F829600CD100F090FB5C
:10FBE00048B900200021FFF773FD08B1FFF72CFE94
:10FBF000FFF752FADCE7002EC6D1FFF7BBFD002865
:10FC0000C2D06060C4E90B6600F04AFB6068022362
:10FC100031468377C3689847D4E9040107F005FBB0
:10FC2000354B84F828602B60BAE700F039FCA369F3
:10FC3000C01A236A9842ACBF2062236294F828302D
:10FC4000022B19D1FFF722FA94F82830022BD4E9BD
:10FC500004012CD1637BDB071BD5237BCBB9E38964
:10FC6000264AC01A61F10001C4E9060100F0ECFB6C
:10FC7000032384F828306DE7637BDA0701D5207B06
:10FC800010B140F2B31173E7636A984701232373FD
:10FC9000DAE73238236A194A41F1FF31C01841EBE3
:10FCA000E371C4E9060100F0CFFB0423E1E7012B77
:10FCB0000AD1A368114AC01A61F10001C4E9060122
:10FCC00000F0C2FB0223D4E7236A32380B4A41F129
:10FCD000FF31181841EBE371C4E9060100F0B4FBF1
:10FCE00094F82830062BE0D10523C2E740F2F11149
:10FCF0003EE700BFC81A002001FD010049F90100DC
:10FD000002392DE9F041064604292ED8DFE801F03A
:10FD100003090B2D0E00174A537B003B18BF01232C
:10FD2000137300201FE0FFF795FAFAE7DFF844802D
:10FD300000F0C6FA00F0B4FB0C460546FFF7C8FC1D
:10FD40000746D8F80400FFF74FFD0023002228469D
:10FD5000C8F8043000232146C8E904233B46324654
:10FD6000FFF764FE0220BDE8F08140F21721B020C9
:10FD700000F0D4FDC81A002010B5EFF3108472B65D
:10FD8000084B1A681168084A914208D193F8283044
:10FD9000033B012B03D8FFF77FF900F071FB04B997
:10FDA00062B610BDC81A002039FB0100064A0023C4
:10FDB00010B5064C0260206084F828306373FFF7AA
:10FDC00091F93230A06010BD2F720200C81A0020D5
:10FDD00008B5074B1A681168064A914204D040F2F0
:10FDE0005121B02000F09AFD3230986008BD00BF6C
:10FDF000C81A00202F72020010B5EFF3108472B6FB
:10FE0000034B0421186807F009FC04B962B610BD61
:10FE1000C81A002008B5094B5A6822B940F272216D
:10FE2000B02000F07BFDD3E90421BDE80840801834
:10FE3000034A41F1000100F007BB00BFC81A0020CF
:10FE400059F9010008B5064B5B6823B94FF41E71E0
:10FE5000B02000F063FDBDE8084000F011BB00BF1A
:10FE6000C81A002008B5054B5A6822B940F27E2115
:10FE7000B02000F053FDD86208BD00BFC81A0020B2
:10FE800008B5054B5A6822B94FF42171B02000F033
:10FE900045FD186308BD00BFC81A0020054B1B6B49
:10FEA00010B523B940F28A21B02000F037FDBDE83B
:10FEB00010401847C81A0020054BDB6A10B523B95B
:10FEC0004FF42471B02000F029FDBDE81040184720
:10FED000C81A0020014B5868704700BFC81A00209C
:10FEE00008B5054B5A6822B940F29B21B02000F0BA
:10FEF00015FDD3E9040108BDC81A0020034B587B47
:10FF000010F0010018BFD889704700BFC81A002040
:10FF10000028ADBF00F1604000F00F00044B00F579
:10FF20006140B4BF185C90F800034009704700BFFF
:10FF300014ED00E02DE9F04105460E46E1B9114F00
:10FF40003B681BB18621452000F0E8FC38600E4874
:10FF5000FFF788FF0D48FFF793FF07F002F96B7D6D
:10FF600004465B0708D507F056F80A34241A7C606B
:10FF700000F0A8FA0028FBD02B6A3146686ABDE879
:10FF8000F0411847001B0020B1FF010091FF010064
:10FF9000064B1B6810B51BB97221452000F0BEFC52
:10FFA0001A6A0421586ABDE810401047001B00205F
:10FFB000064B1B6810B51BB96C21452000F0AEFC48
:10FFC0001A6A0321586ABDE810401047001B002040
:10FFD000024B00221A601A81704700BF001B0020EC
:10FFE00008B5074B1A681AB9B921452000F096FCEC
:10FFF0000449D16000221A60BDE80840FFF792B9B9
:020000040002F8
:10000000001B002035FF010030B587B00C461822D8
:1000100000210546684607F052FC637A4FF0000263
:100020006168C3F38003029183F0010363F38202EA
:10003000237A8DF81430224B8DF815200393237802
:100040005BBB9DF81500D4E904324007CDE90032CE
:1000500007D50A3B01F10A0142F1FF320291CDE9D5
:100060000032637A69469DF81520C3F3400322F0FD
:1000700003025B0043F0010313438DF81530114B6D
:100080005868C0F30800B8B11038FFF741FF98B9BD
:100090002846FFF71FF907B030BD2369049306F027
:1000A000B4FF9DF815305B0744BF029B0A33CDE9CE
:1000B000000148BF0293D4E7284606F0B4FFEAE700
:1000C00035FF010000ED00E008B50A4B1B6823B9BD
:1000D0004FF4EE71452000F021FC5B7D5B0703D4FB
:1000E000BDE8084007F03DB807F03BF80A3041F1A1
:1000F000000108BD001B002070B50B7886B023B14D
:1001000040F21F21452000F009FC4C7A4FF0000618
:100110000593C4F380034D6883F00103029563F3F4
:1001200082060B7A8DF814300F4B8DF81560760728
:100130000393D1E90431CDE9003107D50A3B05F13C
:100140000A0541F1FF310295CDE900319DF81530E6
:10015000C4F340046946049264F341038DF81530FA
:1001600006F061FF06B070BD35FF01007FB506F0F7
:100170004CFF002305930B4B039340F21E23029385
:100180004FF0FF33CDE90001694607480493FFF7BC
:10019000A1F818B99B21432000F0C0FB07B05DF81F
:1001A00004FB00BFD1010200381B002010B5074C32
:1001B00094F820304BB9FEF775FF30B9012384F86D
:1001C0002030BDE81040FFF7D1BF10BD381B002024
:1001D00008B505292DD8DFE801F0032E282C2C0DB9
:1001E00006F004FF144806F0BEFF1E38BDE80840C4
:1001F00006F00DBFFEF756FF38B10F4B002283F813
:100200002020BDE80840FFF78DB806F0F1FE08B9E0
:1002100006F0ECFE00214FF4007006F074FF002899
:10022000E0D1B921432000F079FBBDE80840FFF799
:100230009DBFC521F6E708BD381B00204FF00043E5
:100240000B4A0021C2F88030A2F58022C2F880312A
:10025000012302F57832C2F80435A2F58022C2F8F3
:1002600004352022034B184683F8201007F027BBE3
:1002700000400C50381B00200023084AC2F8803090
:10028000A2F58022C2F88031012302F57832C2F84B
:100290000835A2F58022C2F80835704700400C509E
:1002A00008B51EF0E7FC054AD2F8583743F00103C1
:1002B000C2F85837BDE80840FFF778BF00200E505D
:1002C00008B51EF0E7FC0B4AD2F8583723F00103BB
:1002D000C2F858370122084B5A604FF0FF32C3F87A
:1002E00008232022054BC3F89021BDE8084000F008
:1002F000C7B800BF00200E500050085000E100E0D9
:1003000008B5FEF7CFFEB0B90D4BD3F800314BB9AD
:100310000C4A536A0133312B53620BD96C214320B1
:1003200000F0FCFA06F064FE08B17021F7E706F071
:100330005BFE012008BD034B00225A62F9E700BFB3
:1003400000E01050381B002040F20251014808B56F
:1003500000F0DAFA0EA405001848202208B5C0F80B
:100360009020BFF34F8FBFF36F8F154BC0F89021D4
:10037000D3F8041521F00301C3F80415D3F80815C8
:1003800041F00301C3F8081592FAA2F1B1FA81F124
:10039000092904DD40F29F310A4800F0B5FAC3F89C
:1003A000101501215960D9604FF00041C3F8801049
:1003B0004FF0FF31C3F80813026108BD00E100E00F
:1003C000005008500EA40500134A4FF4E0632021AA
:1003D000C2F838330023C2F8AC35C2F8BC35C2F8D5
:1003E000CC35C2F82031C2F82431C2F828310B4A8A
:1003F000C2F89C11C2F89C10BFF34F8FBFF36F8FF0
:10040000C2F89010BFF34F8FBFF36F8FC2F89011F7
:10041000034A1360704700BF00200E5000E100E067
:10042000601B002008B5FFF7CFFF054B4FF4A0621B
:10043000C3F834232022034BC3F89C21DA6108BDA2
:1004400000200E5000E100E00B4B10B51C681CB101
:100450004C21042000F062FAB1F5801F1A6001D32C
:10046000FFF772FF054B0122C3F8A005C3F8A415DE
:10047000C3F8AC2510BD00BF601B002000200E504B
:10048000054A136833B100230449C1F8AC35C1F8FB
:1004900020311360704700BF601B002000200E5009
:1004A00030B54FF0FF30064C6FF04041D4E90023E7
:1004B000904271EB0305F9D31046C3F3130130BD2D
:1004C00040270E5008B5FFF7EBFF044BD3E902239A
:1004D000904299412CBF0120002008BD601B0020E4
:1004E00008B5FFF739FF024B01221A6008BD00BFB3
:1004F0000050085010B5FFF72FFF0F4C0023C4F831
:10050000BC35C4F82431FFF7CBFF0A3041F10001BC
:10051000B1F5801F01D1FFF717FF4FF00043C4F87A
:10052000B005C4F8B415C4F8A4310123C4F8BC352F
:10053000024BC3E9020110BD00200E50601B0020D9
:10054000144BD3F8342312F4A06F10B503D1FB2160
:10055000042000F0E3F9D3F8202162B100220E4913
:10056000C3F8AC25C3F820210B6813B940F203117E
:10057000EEE70A609847074BD3F828214AB10022DA
:10058000C3F8CC25C3F82821034BBDE810401B69F4
:10059000184710BD00200E50601B0020034610B30A
:1005A000007888B91A79012A1ED85A79012A1BD8ED
:1005B0009A680E49643A8A4216D8D8680C4B984219
:1005C0002CBF00200120704701280CD11A79012A84
:1005D00009D85A79012A06D8DA680449643A8A4265
:1005E00001D89868EAE70020704700BF3C86010008
:1005F0000040420F70B5044606F007FD40F2F96670
:10060000656AD4E90632963342F100025B1905F5BA
:10061000DF6542F10002B5FBF6F55B1942F100021D
:1006200083428A410ED294F82A30052B03D0B3219D
:100630006A2000F073F90A21236A94F85800984759
:10064000B621F5E7044C236813B1984700232360D3
:10065000BDE87040FFF7C4BC741B002070B50446B1
:100660000D4639B9012380F85930FFF7C3FF022640
:10067000304670BD0E78032E70D801A353F826F0D3
:100680006F06020091060200FB060200B30602009C
:100690004868C72801D80026EAE7042106F033FDA0
:1006A0000028F8D006F0B5FC6968204606F021FE67
:1006B000DEE790F8286006BB4D682846FFF76EFF1E
:1006C00000284BD02B78D3B9012121702B796A797E
:1006D000003B18BF0123002A14BF0422022243F06A
:1006E00004032272AA68A5326260EA686372032377
:1006F000226184F82A3084F829102046B5E794F85E
:100700002A30052B04D040F293116A2000F006F93C
:10071000267004F130002B796A79003B18BF012361
:10072000002A14BF0422022243F004032272EA6862
:100730006372A532A9686260D4E906325B1842EBA5
:10074000E1722146C4E90432042384F82A30FFF719
:100750005BFC0028D1D140F29511D6E7012384F843
:100760005930CAE72DE9F8438846074658B300F0E8
:1007700037F84FF0000904465FFA89F6B44203D80F
:100780006FF00B00BDE8F883304609F1010900F075
:100790002DF890F82A50002DEED1304600F026F8C2
:1007A0000A490446058580F82A50024680F85860B8
:1007B000303006F054FD01232762284684F82A30A1
:1007C00088F80060DEE76FF01500DBE701730200D8
:1007D000024B00221A601A71704700BF781B00207C
:1007E000014B1879704700BF781B0020044B1A7921
:1007F000824283BF1B68602202FB003000207047EA
:10080000781B00200A4610F0030110B50AD1074CEE
:100810002271206008B9002010BD60235A4307F000
:100820004EF8F8E76FF00D00F6E700BF781B0020E8
:10083000BFF34F8F0549064BCA6802F4E0621343C9
:10084000CB60BFF34F8F00BFFDE700BF00ED00E0BE
:100850000400FA05084B01225A604FF0FF32C3F83A
:1008600008238022054BC3F88820BFF34F8FBFF3C6
:100870006F8FC3F8882170470070045000E100E0DA
:1008800038B51D4C2378ABB306F0B4FBEFF31085FD
:1008900072B60023636006F0E1FCFEF787FC0121DD
:1008A000164B1748C3F8A4104FF48063C0F890307B
:1008B000BFF34F8FBFF36F8FC0F89031FFF7CAFFC0
:1008C000B4F90830002B0BDB5A0903F01F039940E1
:1008D00002F1200340F82310BFF34F8FBFF36F8F57
:1008E000FFF776FF074B0122C3F8082505B962B66A
:1008F0000023237038BD00BF801B002000A00850DB
:1009000000E100E00020085008B572B6024B5B68B9
:1009100003B19847FFF78CFF801B00201FB572B60C
:10092000144B5C6894B9FFF783FFB2FBF6F22B46D9
:100930005D1C002AF9D1DBB203F110056D4405F806
:100940000C2C0A2233B901A8A047ECE70246002389
:100950000A26EDE7013BDBB203F110050DEB0506BE
:10096000B0FBF2F502FB1500303006F80C0C2846FF
:10097000E8E700BF801B0020F8B5234F05460C4672
:1009800016463B78002B3CD106F020FB7E601F4BC7
:1009900001263C814FF48062C3F8A4601C4BC3F86D
:1009A0009020BFF34F8FBFF36F8FC3F89021FFF7F5
:1009B00051FF184B002D14BF28461846FEF7AAFB1E
:1009C0000546E0B9FFF704FBFEF796FB06F075FD60
:1009D000FEF718FC18B9B8211120FFF79FFF002C73
:1009E0000BDB04F01F036409A4009E4004F1604483
:1009F00004F56144C4F88061266001233B702846F9
:100A0000F8BD4FF0FF35FAE7801B002000A008502A
:100A100000E100E084220500074BB3F90830002B09
:100A200009DB5A09012103F01F03994002F1400339
:100A3000024A42F823107047801B002000E100E0CA
:100A4000014B1878704700BF801B002050B1074B46
:100A500003F1140253F8041B934240F8041BF9D12C
:100A6000002070476FF01500704700BF3CA40500E0
:100A70002DE9F84F0746894693469846374CDFF8EC
:100A8000F0A0374D2E780136F6B2D5E84F3F01334E
:100A9000DBB2C5E8403F0028F7D101216160C4F80E
:100AA0000001C4F80401EFF3108072B62D4BC5F8B5
:100AB0000490AB60C5E905B33B68C4F810357B68AA
:100AC000C4F81435BB68C4F81835FB68C4F81C3585
:100AD000254BC4F830351033C4F83835216000B9DF
:100AE00062B6D4F800312BB9D4F8043113B92B789D
:100AF0009E421CD0B8F1000F09D00A9B3BB1D4F83C
:100B000040350A9AC8F80030D4F83C351360D4F860
:100B10000431002BB5D12978B142B2D1C4F80031EB
:100B2000C4F804310323C4F80833BDE8F88FDAF8B9
:100B30001030DB06D5D503238021C4F804330B4BDA
:100B4000C3F88811D4F80031002BCAD1D4F804318D
:100B5000002BC6D106F0F4FDC3E700BF00700450BF
:100B60008C1B00201000000B901B002000E100E017
:100B700000ED00E01A4B4FF4000270B5C3F8982066
:100B8000BFF34F8FBFF36F8F164C0021164DC4F883
:100B90000011C3F898212E692B6906F0100643F066
:100BA00010032B610123C4F804332360D4F800310F
:100BB0009BB11EB92B6923F010032B610123D4F8DC
:100BC00008054FF400026360C4F808330023C4F83A
:100BD0000031034BC3F8982170BD06F0B1FDE5E785
:100BE00000E100E000700D5000ED00E038B50B4969
:100BF000042301EBC302157905F0FF042DB1013B7D
:100C0000F7D240216920FFF789FE41F83300012126
:100C10005471D8B29471117138BD00BFB01B00205F
:100C2000042808B503D947216920FFF777FE034B55
:100C3000002203EBC0031A7108BD00BFB01B0020E7
:100C4000042808B503D950216920FFF767FE094B36
:100C500003EBC0000379012B01D05121F4E7437964
:100C600082790133DBB29A4218BF4371BDE8084074
:100C7000FFF7D2BEB01B002038B505240F4D95F804
:100C8000281005EBC1031A79012A09D158799A79FC
:100C9000904205D05A79D2B29A7155F831309847BE
:100CA00095F82830013C0133DBB2052B28BF002327
:100CB00014F0FF0485F82830E1D138BDB01B0020C6
:100CC000094B0A4AC3F800230132C3F80C2301324E
:100CD000C3F818230132C3F820230132C3F81C23C0
:100CE0000132C3F81021704700A0085004000080B2
:100CF000074B0022C3F80023C3F80C23C3F81823C2
:100D0000C3F82023C3F81C23C3F81021704700BF89
:100D100000A00850844641EA000313F0030359D1B0
:100D2000403A33D3F0B4F0C9F0C0F0C9F0C0F0C914
:100D3000F0C0F0C9F0C0403AF5D2F0BC26E0403A2D
:100D400024D300BF0B6803604B6843608B688360EB
:100D5000CB68C3600B6903614B6943618B69836135
:100D6000CB69C3610B6A03624B6A43628B6A83621D
:100D7000CB6AC3620B6B03634B6B43638B6B836305
:100D8000CB6BC36340304031403ADBD230320BD3BF
:100D90000B6803604B6843608B688360CB68C360FB
:100DA00010301031103AF3D20C3205D351F8043B15
:100DB00040F8043B043AF9D2043208D0D2071CBFF1
:100DC00011F8013B00F8013B01D30B88038060461A
:100DD000704700BF082A13D38B07B0D010F003036D
:100DE000ADD0C3F10403D21ADB071CBF11F8013BDD
:100DF00000F8013BA3D331F8023B20F8023B9EE709
:100E0000043AD9D3013A11F8013B00F8013BF9D279
:100E10000B7803704B7843708B7883706046704713
:100E2000014B1B681B68184718010020014B1B6809
:100E30005B68184718010020014B1B689B68184726
:100E400018010020014B1B681B691847180100207E
:100E5000034B1868034BC01A18BF0120704700BF2E
:100E600018010020680E02000579020011790200C5
:100E7000157902001D7902002179020081F00041FC
:100E800002E000BF83F0004330B54FEA41044FEA6F
:100E9000430594EA050F08BF90EA020F1FBF54EA0A
:100EA000000C55EA020C7FEA645C7FEA655C00F0A6
:100EB000E2804FEA5454D4EB5555B8BF6D420CDD77
:100EC0002C4480EA020281EA030382EA000083EAFA
:100ED000010180EA020281EA0303362D88BF30BD9A
:100EE00011F0004F4FEA01314FF4801C4CEA1131F0
:100EF00002D0404261EB410113F0004F4FEA03334F
:100F00004CEA133302D0524263EB430394EA050FD9
:100F100000F0A780A4F10104D5F1200E0DDB02FA48
:100F20000EFC22FA05F2801841F1000103FA0EF2DC
:100F3000801843FA05F359410EE0A5F120050EF1A2
:100F4000200E012A03FA0EFC28BF4CF0020C43FAD3
:100F500005F3C01851EBE37101F0004507D54FF0E0
:100F6000000EDCF1000C7EEB00006EEB0101B1F530
:100F7000801F1BD3B1F5001F0CD349085FEA300076
:100F80004FEA3C0C04F101044FEA445212F5800F81
:100F900080F09A80BCF1004F08BF5FEA500C50F11E
:100FA000000041EB045141EA050130BD5FEA4C0C01
:100FB000404141EB0101013C28BFB1F5801FE9D25E
:100FC00091F0000F04BF01460020B1FA81F308BF81
:100FD0002033A3F10B03B3F120020CDA0C3208DD4D
:100FE00002F1140CC2F10C0201FA0CF021FA02F128
:100FF0000CE002F11402D8BFC2F1200C01FA02F198
:1010000020FA0CFCDCBF41EA0C019040E41AA2BFBC
:1010100001EB0451294330BD6FEA04041F3C1CDA84
:101020000C340EDC04F11404C4F1200220FA04F0A4
:1010300001FA02F340EA030021FA04F345EA03014E
:1010400030BDC4F10C04C4F1200220FA02F001FA10
:1010500004F340EA0300294630BD21FA04F0294692
:1010600030BD94F0000F83F4801306BF81F480112B
:101070000134013D4EE77FEA645C18BF7FEA655C9E
:1010800029D094EA050F08BF90EA020F05D054EA70
:10109000000C04BF1946104630BD91EA030F1EBF75
:1010A0000021002030BD5FEA545C05D14000494179
:1010B00028BF41F0004130BD14F580043CBF01F56C
:1010C000801130BD01F0004545F0FE4141F4700152
:1010D0004FF0000030BD7FEA645C1ABF194610462D
:1010E0007FEA655C1CBF0B46024650EA013406BF2E
:1010F00052EA033591EA030F41F4002130BD00BFED
:1011000090F0000F04BF0021704730B54FF48064A9
:1011100004F132044FF000054FF0000150E700BF2A
:1011200090F0000F04BF0021704730B54FF4806489
:1011300004F1320410F0004548BF40424FF0000176
:101140003EE700BF42004FEAE2014FEA31014FEAB9
:1011500002701FBF12F07F4393F07F4F81F0605108
:10116000704732F07F4208BF704793F07F4F04BF53
:1011700041F40021704730B54FF4607401F0004530
:1011800021F000411CE700BF50EA010208BF704790
:1011900030B54FF000050AE050EA010208BF704781
:1011A00030B511F0004502D5404261EB41014FF4EA
:1011B000806404F132045FEA915C3FF4D8AE4FF0F2
:1011C00003025FEADC0C18BF03325FEADC0C18BFD5
:1011D000033202EBDC02C2F1200300FA03FC20FA26
:1011E00002F001FA03FE40EA0E0021FA02F1144473
:1011F000BDE600BF70B54FF0FF0C4CF4E06C1CEA8C
:1012000011541DBF1CEA135594EA0C0F95EA0C0FFC
:1012100000F0DEF82C4481EA030621EA4C5123EA6F
:101220004C5350EA013518BF52EA033541F480119E
:1012300043F4801338D0A0FB02CE4FF00005E1FB51
:1012400002E506F00042E0FB03E54FF00006E1FB9B
:1012500003569CF0000F18BF4EF0010EA4F1FF04DE
:10126000B6F5007F64F5407404D25FEA4E0E6D411E
:1012700046EB060642EAC62141EA55514FEAC5202F
:1012800040EA5E504FEACE2EB4F1FD0C88BFBCF5AB
:10129000E06F1ED8BEF1004F08BF5FEA500E50F15C
:1012A000000041EB045170BD06F0004646EA010122
:1012B00040EA020081EA0301B4EB5C04C2BFD4EB54
:1012C0000C0541EA045170BD41F480114FF0000E4D
:1012D000013C00F3AB8014F1360FDEBF002001F0BB
:1012E000004170BDC4F10004203C35DA0C341BDC35
:1012F00004F11404C4F1200500FA05F320FA04F007
:1013000001FA05F240EA020001F0004221F000413A
:1013100010EBD37021FA04F642EB06015EEA430EAD
:1013200008BF20EAD37070BDC4F10C04C4F12005DD
:1013300000FA04F320FA05F001FA04F240EA020090
:1013400001F0004110EBD37041F100015EEA430E61
:1013500008BF20EAD37070BDC4F1200500FA05F281
:101360004EEA020E20FA04F301FA05F243EA020300
:1013700021FA04F001F0004121FA04F220EA02000F
:1013800000EBD3705EEA430E08BF20EAD37070BD55
:1013900094F0000F0FD101F00046400041EB010135
:1013A00011F4801F08BF013CF7D041EA060195F017
:1013B000000F18BF704703F00046520043EB0303D1
:1013C00013F4801F08BF013DF7D043EA06037047BE
:1013D00094EA0C0F0CEA135518BF95EA0C0F0CD0C9
:1013E00050EA410618BF52EA4306D1D181EA03010F
:1013F00001F000414FF0000070BD50EA410606BF09
:101400001046194652EA430619D094EA0C0F02D14D
:1014100050EA013613D195EA0C0F05D152EA033692
:101420001CBF104619460AD181EA030101F00041B0
:1014300041F0FE4141F470014FF0000070BD41F0F9
:10144000FE4141F4780170BD70B54FF0FF0C4CF4D3
:10145000E06C1CEA11541DBF1CEA135594EA0C0FF2
:1014600095EA0C0F00F0A7F8A4EB050481EA030E3F
:1014700052EA03354FEA013100F088804FEA033326
:101480004FF0805545EA131343EA12634FEA0222F4
:1014900045EA111545EA10654FEA00260EF00041B5
:1014A0009D4208BF964244F1FD0404F5407402D207
:1014B0005B084FEA3202B61A65EB03055B084FEA98
:1014C00032024FF480104FF4002CB6EB020E75EB95
:1014D000030E22BFB61A754640EA0C005B084FEABD
:1014E0003202B6EB020E75EB030E22BFB61A75463A
:1014F00040EA5C005B084FEA3202B6EB020E75EB85
:10150000030E22BFB61A754640EA9C005B084FEAFC
:101510003202B6EB020E75EB030E22BFB61A754609
:1015200040EADC0055EA060E18D04FEA051545EAF8
:1015300016754FEA06164FEAC30343EA52734FEAA1
:10154000C2025FEA1C1CC0D111F4801F0BD141EA1A
:1015500000014FF000004FF0004CB6E711F4801F7F
:1015600004BF01430020B4F1FD0C88BFBCF5E06F5F
:101570003FF6AFAEB5EB030C04BFB6EB020C5FEA6F
:10158000500C50F1000041EB045170BD0EF0004EC4
:101590004EEA113114EB5C04C2BFD4EB0C0541EAF6
:1015A000045170BD41F480114FF0000E013C90E6F3
:1015B00045EA060E8DE60CEA135594EA0C0F08BFB7
:1015C00095EA0C0F3FF43BAF94EA0C0F0AD150EAB6
:1015D00001347FF434AF95EA0C0F7FF425AF104649
:1015E00019462CE795EA0C0F06D152EA03353FF471
:1015F000FDAE1046194622E750EA410618BF52EAEE
:1016000043067FF4C5AE50EA41047FF40DAF52EAC1
:1016100043057FF4EBAE12E74FF0FF3C06E000BF5E
:101620004FF0010C02E000BF4FF0010C4DF804CD6B
:101630004FEA410C7FEA6C5C4FEA430C18BF7FEA2B
:101640006C5C1BD001B050EA410C0CBF52EA430C59
:1016500091EA030F02BF90EA020F0020704710F1D9
:10166000000F91EA030F58BF994208BF90422CBF68
:10167000D8176FEAE37040F0010070474FEA410C61
:101680007FEA6C5C02D150EA013C07D14FEA430C7F
:101690007FEA6C5CD6D152EA033CD3D05DF8040BF0
:1016A000704700BF8446104662468C461946634622
:1016B00000E000BF01B5FFF7B7FF002848BF10F1F9
:1016C000000F01BD4DF808EDFFF7F4FF0CBF01203E
:1016D00000205DF808FB00BF4DF808EDFFF7EAFFBA
:1016E00034BF012000205DF808FB00BF4DF808ED75
:1016F000FFF7E0FF94BF012000205DF808FB00BF6A
:101700004DF808EDFFF7CEFF94BF012000205DF8F3
:1017100008FB00BF4DF808EDFFF7C4FF34BF012000
:1017200000205DF808FB00BF4FEA410212F50012ED
:1017300015D211D56FF47873B3EB625212D94FEA18
:10174000C12343F0004343EA505311F0004F23FA02
:1017500002F018BF404270474FF00000704750EA57
:10176000013005D111F0004008BF6FF00040704714
:101770004FF00000704700BF4A0011D212F500126E
:1017800011D20DD56FF47873B3EB62520ED44FEAD9
:10179000C12343F0004343EA505323FA02F0704759
:1017A0004FF00000704750EA013002D14FF0FF3097
:1017B00070474FF0000070474FEA4102B2F1E0433A
:1017C00024BFB3F5001CDCF1FE5C0DD901F0004C28
:1017D0004FEAC0024CEA5070B2F1004F40EB830078
:1017E00008BF20F00100704711F0804F21D113F1A4
:1017F0003872BCBF01F00040704741F480114FEADD
:101800005252C2F11802C2F1200C10FA0CF320FA65
:1018100002F018BF40F001004FEAC1234FEAD32382
:1018200003FA0CFC40EA0C0023FA02F34FEA4303EC
:10183000CCE77FEA625307D150EA01331EBF4FF075
:10184000FE4040F44000704701F0004040F0FE4090
:1018500040F40000704700BF7BB972B90029BEBFD9
:1018600000204FF0004106E008BF00281CBF6FF0C9
:1018700000414FF0FF3000F057B8ADF1080C6DE9B2
:1018800004CE002909DB002B1ADB06F078F8DDF81E
:1018900004E0DDE9022304B07047404261EB4101FE
:1018A000002B1BDB06F06BF8DDF804E0DDE902231A
:1018B00004B0404261EB4101524263EB4303704785
:1018C000524263EB430306F05AF8DDF804E0DDE929
:1018D000022304B0404261EB41017047524263EB86
:1018E000430306F04CF8DDF804E0DDE9022304B020
:1018F000524263EB4303704753B94AB9002908BF0A
:1019000000281CBF4FF0FF314FF0FF3000F00CB843
:10191000ADF1080C6DE904CE06F031F8DDF804E015
:10192000DDE9022304B07047704700BF08B5EFF748
:10193000A3FDF4F7C1FCEFF79DFB002008BDFFF706
:1019400085B8F4F72FBCF4F71FBC02F0E3BA02F03D
:10195000E4BA02F0E4BA10B586B0044601A8FFF775
:1019600075F802230020237005236070A3709DF892
:101970000430E0706371BDF805302071E380DDF85C
:101980000730A36006B010BD01F048BF70B5044633
:10199000FBF7A2FB012805461AD1601CFBF7A4FB4C
:1019A000B0B1A3790020E61D63F03F03A371F4F703
:1019B00035FF38B110220021304605F080FF0020AD
:1019C000257070BD3046FBF7A3FB0028F2D0F6E788
:1019D0000025F4E710B504461022002105F06FFF42
:1019E00004F1100310220021184605F068FFFBF7F0
:1019F000A9FB0020F4F712FF20B12046FBF788FB7B
:101A0000002010BDFBF768FB0028F6D0F8E710B502
:101A10000446FFF7AFF8B0F5007F09DA10F5007F54
:101A200008DD031EB8BF03339B100020237010BDD8
:101A30007F23FAE76FF07E03F7E710B4034690F9CF
:101A4000032000787F2A0870B3F8014008BF002205
:101A5000CB1CA1F80140A1B25DF8044BF3F74ABCDE
:101A600003460078CA1C0870B3F80130A1F80130B1
:101A700099B201F02DBE8178008802F007BA007893
:101A8000003818BF012001F0A6BE37B505460C4648
:101A900000880DF1060101F0A4FF2B882380BDF81A
:101AA0000630638003B030BD38B505460C46EFF70D
:101AB000F7FC30B13E2D04D12046BDE83840EFF7A9
:101AC00033BD38BD37B504462046F5F78FFA0228F6
:101AD00005460FD004280DD123788A2B0DD0942BE6
:101AE00021D0204600F038F8A1782078FFF7DCFFFD
:101AF0000028E9D0284603B030BD05213E20FFF77D
:101B0000D3FF0028EDD1E37801A92279684643EAA2
:101B10000223ADF8003002F045F90028D4D053215B
:101B20000820EFF76BFA1A213E20FFF7BDFF0028CF
:101B3000D7D163796946A27901A843EA0223ADF8B7
:101B4000043011238DF80630F4F716FB0028BBD0C3
:101B50006521E5E703F00ABA10B503780446813B36
:101B60001B2B43D8DFE813F0430049005500590010
:101B700063007B0081001C0075004F008F00950002
:101B80006F00850089009B00A900C300CE00DC0027
:101B9000E200010107010D0113014200FB00F50005
:101BA0002920EFF7C1FC30B13E232370222363705C
:101BB0002923A3701AE00A20EFF7B6FC3E23237016
:101BC00018B11F2363700A23F3E70123A3701323C3
:101BD0006370E37903F00103E371D4F81A30C4F8B9
:101BE0000E30E38B638294F82030237510BD3E23C2
:101BF0000370042343701423DBE73E2303700A239E
:101C000043700323D5E73E2303700D234370052360
:101C1000CFE705232370042307E05A20EFF740FCA9
:101C200008230028F6D05A2222706370DEE75B207A
:101C3000EFF736FC18B15B2323700623F5E730235A
:101C400023700323F1E73E2303700B234370072324
:101C5000AFE73E230370062343700C23A9E7132349
:101C6000037083789B000133DFE75723037002235F
:101C7000DBE73E2303700D239BE73E230370012324
:101C80004370112395E73E2303700623437012230C
:101C90008FE73E23037009234370132389E73E2314
:101CA00003702420EFF740FC18B12423A370142301
:101CB000BBE70E23A3701023B7E73E230370252054
:101CC000EFF732FC227B20B125230B32A370627028
:101CD0008CE70F2304F10B0104F10800A37002F15B
:101CE000080302326370BDE8104005F0D1BD3E2309
:101CF00003702620EFF718FC18230028D6D02622E0
:101D0000A27092E73E2303702A20EFF70DFC18B172
:101D10002B2363702A234CE71D236370192348E7A4
:101D20003E230370072343701A2342E73E230370C8
:101D30003820EFF7F9FB18B13823A370262374E796
:101D40002C23A37020236370E38A03F00F03E38244
:101D50004CE7FF2303700D234370802329E7FF2303
:101D6000037029234370812323E73E2303700C2350
:101D7000437023231DE73E2303700E234370372354
:101D800017E73E2303700A234370352311E73E23F0
:101D90000370FE2343702B230BE708B510B96FF0D7
:101DA000150008BDFFF7D6FE0028F8D00020F8E7A0
:101DB00010B50C4648B141B1FFF784FE00282070F1
:101DC0000CBF6FF02200002010BD6FF01500FBE784
:101DD000F8B5941C0E46054617460C446343B3F50C
:101DE000004FA8BF4FF0FF3310F003019CB203D0A7
:101DF000B0211420EFF702F9B4F5004F01D9B12159
:101E0000F7E71422043005F05AFDEF746C802E8041
:101E1000F8BD38B50388C4888B420589C4F30E0227
:101E200003D2D1211420EFF7E9F884EA0503C3F3C4
:101E30000E030BB9AC4206D102F118030122C152C4
:101E40008274184438BD1846FCE7023101444A4305
:101E5000B2F5004FA8BF4FF0FF3290B21B3020F018
:101E60000300B0F5004F34BF00B24FF0FF307047B1
:101E700040881B3020F00300B0F5004F34BF00B2A3
:101E80004FF0FF3080B2704738B503888B4203D2E1
:101E9000F7211420EFF7B2F8857C65B1C388C3F34E
:101EA0000E031833C25A8A4207D3C152811DEFF77D
:101EB0004BFB00238374284638BD0025FBE703460F
:101EC0001830F0B59E88DD88B4B2C6F30E06A54280
:101ED00014D05F89DD7C845B3D44E41B0235A4B2F1
:101EE000354428440D88A54284BF0C802546598975
:101EF000B1FA81F149091170DD81F0BD0025284654
:101F0000FAE7F8B582880026C38904460D4692B2E6
:101F10000E60CBB14189C2F30E020B4418329BB262
:101F20008718825A4381934204D94FF4A271142036
:101F3000EFF764F804D1011DEFF706FB46812F602F
:101F400000230120E381F8BD1846FCE783880146A1
:101F500002899BB29A4202D00831EFF7F5BA704776
:101F60008388C0889BB2C31A584258417047828800
:101F700073B595B2C488C2F30E02AC4202F11802E6
:101F800012D04189C689835A314499420EDB0DF142
:101F90000601ADF80650EFF7D7FABDF80600001BB2
:101FA00018BF012002B070BD0020FBE70120F9E757
:101FB00070B5C488034606891830C4F30E0584EA58
:101FC0000602C2F30E020AB9B4420FD19C891A88E4
:101FD0000CB1465B921B914207DCDA7C2C44023246
:101FE000224410440A461A8270BD00221046FAE7C5
:101FF000F8B5038A002B38D08B4236D3C48800F161
:1020000018038589C4F30E041E1995B91D55757002
:1020100085891E5B0D443144ADB285811953D2B11F
:10202000811DEFF791FA00238381002303820120B1
:10203000F8BD1E5BAE4204D04FF4F6711420EEF7EB
:10204000DDFFC57C2644878A023535445E195F531F
:10205000857DB570DCE7C27C254402322A4499189C
:102060009B5A83828B788375DFE70020E0E78388C3
:10207000C2889BB29A4206D0428922B9C3F30E03AA
:1020800018331844704700207047C37C0233C818C7
:102090007047C37C0233C81A70470230704738B5A6
:1020A0008388C2889BB29A4207D045892DB9011D09
:1020B000EFF74AFAC581012038BD0020FCE703880C
:1020C0001380C388C3F30E031833034480890B6065
:1020D00070470368002223B9C0E90132031D036081
:1020E000704759681B680A44F5E70729034670B52D
:1020F00004D84FF4EC711520EEF780FF0068C0B1F2
:10210000446806461A688C4210D0106860B901F124
:102110000805AC420DD3546850501868651A54181D
:1021200000686560505002E01346E9E714683046E5
:102130001C6070BD0023C1E9003203680B600160C0
:10214000704730B590B18478B1FBF4F304FB1313FE
:1021500000EB430252898A4201D1D8B230BDC27825
:1021600022B900F10803D0B2844201D8FF20F5E77C
:1021700033F8025F01328D42F5D1EFE782780388B0
:1021800005324B4303EB42031844704737B5002434
:102190000546CDE900448DF806006846ADF80440D8
:1021A000EFF7B2FBBDF8044008B103B030BD2946DB
:1021B0002046EFF785FB0028EFD040F235211720AD
:1021C000EEF71CFF70B51E460D460921FFF73DFED8
:1021D0000446324609212846FFF737FE40EA040349
:1021E0001B0454BF00194FF0FF3070BDD31D23F006
:1021F000070370B5083390B110F0070403D05821DD
:102200002220EEF7FBFE04604FF6FF75C28000F15E
:1022100008040A468180013A92B2AA4203D103FB24
:1022200001F0083070BD0668266004601C44F2E7C7
:1022300018B1C2888188FFF7D9BF70470346EFF312
:10224000108272B6006830B1016819600023037013
:1022500043708370C37002B962B67047EFF31083A6
:1022600072B602680A60016003B962B67047012362
:1022700003707047F8B50C46054611461E4684F0BB
:1022800001046400E4B2FF23837003191B7D012B5A
:1022900005D00134E4B203191B7D012B0AD105EBF3
:1022A00044073B8B3A8C9819904205DD00232C445F
:1022B0003B8323750020F8BD05EB8404324660683B
:1022C0001844FEF727FD3B8B1E443E830023AB7072
:1022D0000120F0E781F00101490010B5C9B2FF23E8
:1022E000837043181C7D012C07D10C3120F811207C
:1022F00002221A750023837010BD0131C9B2431840
:102300001C7D012CF1D04FF499710920EEF776FE77
:10231000024630B5837803F0FF00F3B9137D022B3A
:1023200019D0537D022B15D10346012089B1002419
:10233000D5180C332C7522F81340131803241C7580
:1023400002EB80035B680B6000F10C0332F8133082
:102350008B80012030BD0123E8E70020FAE7034627
:1023600030B5827802F0FF00E2B99A7D022A17D0D8
:10237000DC7D022C13D1032281B11D1900200C3405
:10238000287523F8140098180324047503EB8200C1
:102390000C32406833F8123008608B80012030BD69
:1023A0000324E9E70020FAE7037D012B01D1008B2C
:1023B0007047437D012B0CBF408B00207047837D0D
:1023C000012B01D1808B7047C37D012B0CBFC08BCB
:1023D00000207047838B23B9C08B003818BF0120C1
:1023E000704701207047027D022A01D1008B70479F
:1023F000437D022B01D1408B7047032AF6D0032B7B
:10240000F9D000207047827D022A01D1808B70476D
:10241000C37D022B01D1C08B7047032AF6D0032B5A
:10242000F9D0002070472DE9F041064606989846FD
:102430000D46430711469DF81C7002D010F00300B2
:1024400003D025214C20EEF7D9FD4FF48B72FFF716
:10245000CDFE002F06AB044600FB08F114BF0020A0
:102460001846EFF793F817B9069B33602C60BDE868
:10247000F081EFF72FBCEFF789BC012807D148792D
:1024800000F0C000A0F140035842584170470020BE
:1024900070470B46812203F8032BB0F80920A1F8FE
:1024A0000320C27A9A70704740F2BD21322008B5ED
:1024B000EEF7A4FD13B503460C4690F8DE2002F0BB
:1024C000FF0032B1A3F1360000F016FC8F23042088
:1024D000237002B010BDF8B50E46044620B940F294
:1024E00006313220EEF78AFD437A4789002B46D128
:1024F000036DD0F80E20C3F8AD20428AA3F8B120B6
:10250000437B026D03F0FD03003B18BF012382F8FB
:10251000AC3094F8545094F8A6302BB194F8A7300E
:102520001D43002384F8A630204600F0E5FBAA07EF
:1025300008D025F0040500222046114684F85450A6
:1025400000F0E2FD8822334604F1290103F8032B51
:1025500004F1090252F8040B8A4243F8040BF9D142
:1025600012781A700023B371637AD3B9F3F70CFFB2
:102570004B0416D53846BDE8F84000F0F3BD002105
:102580003846EFF787F910B940F21231A9E7002178
:10259000B0F8AA00EFF794F90028BAD040F215314C
:1025A0009FE7F8BD38B504460D4600F0ECFB94F803
:1025B0007030012B03D094F87030002BF7D13F22FC
:1025C0000021204605F07BF90722002384F85850AB
:1025D00084F8492040F2011284F8543084F8A53080
:1025E000A4F84A20636684F89430C4F8903084F8E4
:1025F000A63038BD0023A0F8793180F87B3180F80F
:102600007030704708B5F0F791FAFBF77DFABDE836
:102610000840F0F7A3BC08B5F0F788FAF0F716FC0D
:10262000FBF772FABDE80840F0F798BC08B5F0F780
:102630007DFAFBF769FA032008BD08B5F0F776FAD2
:10264000F0F704FCFBF760FA032008BD90F83E00A9
:10265000003818BF01207047007A003818BF0120E9
:102660007047002313B50446CDE9003301238DF8EC
:1026700006306846EFF748F908B102B010BD009B7C
:1026800083F85840F5E708B501210020EFF702F97B
:1026900020B940F645013220EEF7B0FC90F9580021
:1026A00008BD10B5012104460020EFF7F3F810B182
:1026B0002146FFF777FF01210846EFF7EBF810B14D
:1026C0002146FFF76FFFBDE81040F1F7D5BCF1F7E9
:1026D000FDB980F84910704711F0010318BF0122BD
:1026E00010B518BF80F87C218C0705D55A1C022430
:1026F000034483F87C41D3B24A0742BFC018032386
:1027000080F87C3110BD80F85710704710B5044632
:102710000846194694F84030023B012B0AD994F838
:10272000400000F0FD000038BDE8104018BF012057
:10273000F4F774B80028F2D102F0FD02101E18BFA1
:10274000012001F011FF0828E9D0012010BD90F808
:10275000400000F0FD00003818BF0120F4F75EB81B
:1027600038B504460D4690F8A63003F0FF00F3B9E3
:1027700094F85430013B012B18D8042916D1D4F811
:10278000103123B140F6F8113220EEF737FC216DFD
:1027900011B940F6F911F7E704F1E80000F04FFB3A
:1027A00084F8A750FF2384F8A630012038BD00200C
:1027B000FCE780F84010704701F0FD0380F85510E9
:1027C000B3FA83F35B0980F84A30704710B50446CA
:1027D0000846194600280CBF0123002384F8560040
:1027E00084F84B304FF0080384F84C3008D102F0E5
:1027F000FD02101E18BF012001F0B6FE84F84C0047
:1028000010BD08B522B940F63F213220EEF7F6FBA5
:1028100080F85A101368C0F85B30938890F8412014
:10282000A0F85F30036D83F8B320D0F84220C3F8DE
:10283000B420B0F84620A3F8B82008BD2DE9F04137
:10284000D0F8C8509DF81840954233D190F84020F8
:102850008A422FD1002690F845C104F0020E32467C
:102860003146F5B2AC4506D204F00500431A584291
:102870005841BDE8F081471997F87C71A7F103082A
:10288000B8F1010F11D841F00401BEF1000F0ED1D3
:1028900000EB850553F822700136D5F8CC5016357B
:1028A000BD4207D10132D2B2DBE73943F0E7013252
:1028B000D2B2EDE70020DCE7012938B5044601D1AA
:1028C000F0F7C4FA94F8543004F16C0513F0030FD8
:1028D00002D02846F1F778FC2846F1F723FC204681
:1028E000BDE83840FFF786BEA03001F0A9BB10B5A7
:1028F000012104460020EEF7CDFF20B940F6CB21A0
:102900003220EEF77BFB637880F85430227812F0A7
:1029100001031CBF012180F87C11520742BF1B1824
:10292000032283F87C21A37880F84030E178FFF718
:1029300043FF237980F84930637980F8573010BD20
:1029400010B504466C30F1F73FFC2046BDE810405E
:10295000FFF750BE082970B50646154608461C46C6
:102960000CD01946F4F79AF818B9C3213320EEF7C2
:1029700045FB237843F00203237070BD737C237002
:1029800073681A682A609B88AB80F6E7036863B1B6
:10299000EFF3108272B603681968016002B962B67B
:1029A00000221A705A709A70DA707047333070478C
:1029B0001FB5002403949DF9204002949DF81C400B
:1029C00001949DF818400094F1F732F904B010BD5D
:1029D0001FB503939DF91830CDE90123FF2304228D
:1029E00000930023F1F724F905B05DF804FB18B15A
:1029F000407BFF3818BF0120704770B5037816463A
:102A00000C460546C3F380134B7402F031F8062ED2
:102A1000A07407D8012303FA06F212F0550F06D16D
:102A20009E4212D000236370C4E9013313E0637047
:102A3000EB1C63600023A3606B78063B13F0FF037D
:102A40000AD009352374E56070BD03236370EB1869
:102A500009356360A56000231D46F3E738B50D46D0
:102A6000C178044611F03F0105D128462822BDE86F
:102A7000384004F024BF0378C3F380136B7401F073
:102A8000F7FFA87423796B70E078830900F03F00AA
:102A90002B70227912F001011ABF611D0B2305234F
:102AA000696012F002011CBFE1180633A96018BF6B
:102AB000DBB2510744BF0133DBB212F008011CBF87
:102AC000E1180233696118BFDBB212F010011CBFBC
:102AD000E1180333A96118BFDBB212F020011EBF59
:102AE000E1181233DBB212F04002E96100F1040197
:102AF0001EBFE2180133DBB22A62C91A11F0FF01CE
:102B000014BFE2180A466A626278013A121AD2B217
:102B10002A741AB10B441C44EC6038BDEA60FCE72F
:102B2000027802F00F02072A01D1FFF797BFFFF7E3
:102B300064BF08B5D0F8E830D21A04D540F28A3123
:102B40002120EEF75BFAD0F8C800B2FBF0F008BD28
:102B5000022808B511D006D8012810D040F217116C
:102B60009E20EEF74BFAC31E012BF7D8032840F244
:102B7000BE2008BF4FF4D26008BD6020FCE74FF4D0
:102B8000BC70F9E770B50D4606460846FFF7E0FF52
:102B900004462846FBF75CFA00F522434FF47A72AC
:102BA0008C34B133A4B2B3FBF2F31819D6F8103158
:102BB00013B1012D08BF400070BD002110B50B46B8
:102BC00090F84541CAB2944205D2D0F8C800C31A61
:102BD0005842584110BD00EB820216330131D2F841
:102BE000CC201344EEE72DE9F0411E46D0F8103119
:102BF000804617462BB1FFF7E0FF0130C0B2BDE8B9
:102C0000F081D0F8C8400725A4FB0545FFF7D5FFA4
:102C100050B1D8E92C23A41845EB0303A74276EB67
:102C200003030AD20320EAE7D8E93032E41845EB7F
:102C30000205A74276EB050501D20220DFE701205D
:102C4000DDE72DE9F041044604F0DFF90746884648
:102C50002046D4E92C23FFF7C6FF064604F029FAE4
:102C60001828034603D800263046BDE8F081421CF0
:102C7000D4E9361513D04218AA42D4E92A2028BF35
:102C80006B1AD21B60EB0800012A70F100054FF0AF
:102C900000052FDB9342854100DB13465D186D1A5A
:102CA00041F288339D4228BF1D4604F0AEF9C7F1BA
:102CB000320303449D42D6D33146284604F023FA1A
:102CC00006460028CFD004F0A4F9D4F8E020D4F8C8
:102CD000D830A818D4F8DC202B44C4F8E000934284
:102CE000C4F8D83004BFD4E93A23C4E9302304F04F
:102CF0008EF9B9E72B46D1E738B5044690F8143180
:102D000003F0FF0083B3FF2384F8153104F58C75BD
:102D1000284604F09FF9284604F5A47504F0A6F9A6
:102D2000284604F097F9284604F0A0F9002120462F
:102D3000FFF7C2FD94F8163104F1E805ABB1D4F801
:102D40000831E3B12846F5F707FA002384F8153176
:102D500094F8160110F0FF0018BF0C2084F816310B
:102D6000C4F8103184F8143138BDD4F8100130B1F2
:102D7000D4F808311BB900F5F070F5F77DF9284655
:102D8000F5F77AF9E1E790F814310BB1FFF7B4BF2A
:102D90007047FFF7F8BF90F86C00003818BF0120AB
:102DA0007047D0F810310BB1FFF7A6BF0C20704769
:102DB000F8B506460F4690F8153103F0FF04002BD6
:102DC00039D104F022F9054696F87801062F2AD861
:102DD000DFE807F0043333222E333300FFF7B8FE69
:102DE00000F19804A4B2D6F8B020D6F8D830AD1AC5
:102DF0008C3B2544AB428CBF012400240AD83046CA
:102E0000FFF71FFF30B1D6F8D8408C3CA5422CBF4D
:102E1000002401242046F8BD0338012898BF282447
:102E200004F55774DFE74FF44B712120EEF7E6F815
:102E300040F20124D7E70024ECE70124EAE7F8B5E3
:102E40000D46064601F5F0770021D5F8E801F5F7C3
:102E500069F9B042044606D18268D5F8E8319A4251
:102E600013D2816989B121463846F5F723F9002349
:102E700033622CB194E80E005B1842F1000201E0CD
:102E800000231A46C5E97832F8BD9A422CBFB260D9
:102E9000B360F2693762002AF2D00ECAECE72DE97E
:102EA000F041044688B0052900F2C980DFE801F04E
:102EB000035B716CC79090F8153103F0FF064BB1BE
:102EC0000121FFF7F9FCFAF77BFE08B0BDE8F041FD
:102ED000FDF786B804F045F902460B4607468846DA
:102EE000C4E92C012046FFF724FE94F84511029412
:102EF0000596E1B1D4F8E850D4F8C8207B1BB3FBA9
:102F0000F2F302FB035533467D1BDAB2013304EBC7
:102F10008202D2F8CC2002F1160CAC459EBF163DC1
:102F20000136AD1ADAB298BFF6B29142EDD2B4F8DA
:102F30007A3184F84461C3F30C038DF81860ABB1A7
:102F4000D4F840310020039303238DF810308DF81E
:102F5000190002A8F0F7A6FDD4F8D8008238C4F80A
:102F6000E00004F054F808B0BDE8F081B0FA80F059
:102F70003A46434640098DF810002046FFF7D9FD38
:102F8000003818BF0120E2E708B0BDE8F041FAF7C9
:102F9000BBBFB0F87A31C3F30C030BB1FFF7D0FC21
:102FA0000022012302A920460092F1F79DF958B1B1
:102FB00002A904F58C70FDF727F80028D3D140F260
:102FC00073712120EEF71AF82046F0F7BFFDCAE72B
:102FD00090F8153123B108B0BDE8F041F0F776BDA7
:102FE000B0F87A31C3F30C0323B390F87831033B84
:102FF000012BF0D890F87031002BECD1012180F832
:10300000701144F2365004F07EF80028E3D004F04A
:1030100000F8D4F8D83044F236500344C4F8D8301D
:10302000D4F8E0301844C4F8E00008B0BDE8F0413E
:1030300003F0EDBFFFF705FE002894D1CBE74FF476
:10304000E571BEE730B5044689B00D4690F814210D
:1030500002F0FF0322B140F267212120EDF7CEFFFD
:10306000FF2280F8142180F8153180F84431FFF7F1
:10307000A4FDD0B994F845110346C2B291420CD2D6
:10308000C4F8F0300122002302A920460095F1F790
:103090002BF968B94FF41F71DFE704EB8202163396
:1030A0000130D2F8CC201344E7E741F28833E7E758
:1030B00002A904F58C70FCF7A7FF10B940F27D213E
:1030C000CBE709B030BD38B504460D4690F8143151
:1030D00023B14FF423712120EDF790FF11B940F295
:1030E0008D21F8E7F1F7A4F8C4F810516B7B03F0D9
:1030F000FF0113B140F29321EDE784F81611204649
:10310000BDE83840FFF79EBF38B504460D46F1F7DD
:103110008FF829462046BDE83840FFF793BF10B529
:10312000044688B090F8152102F0FF039AB91A46B8
:1031300002A90093F1F7D8F850B102A904F58C70F8
:10314000FCF762FF38B940F25A712120EDF756FFC3
:103150002046F0F7FBFCFAF733FD08B0BDE810405D
:10316000FCF73EBF10B50E21EEF758FB044618B928
:103170005E215320EDF742FF4FF4BA72002104F0B4
:103180009EFB0123142284F8F33084F8F42084F8A1
:10319000173110BD00207047002070477047012094
:1031A0007047704700207047704700207047704795
:1031B000704700EA400000EA400000EA400000EAF0
:1031C000400000EA400000EA4000B0FA80F0400908
:1031D000704708B5034610468B4209D03AB183EADE
:1031E000010002F0D3F801288CBF0020012008BDA7
:1031F0000120FCE737B5002304460D46CDE9003336
:103200006846EEF781FB30B10023CDE9003302239D
:103210008DF8063014E0009B2A462046D3F8CC10E7
:10322000FFF7D7FF0028EBD0012003B030BD009B93
:103230002A462046D3F8CC10FFF7CBFF0028F3D165
:103240006846EEF761FB0028F1D00023CDE900339A
:1032500004238DF8063007E0009B2A4620461968B3
:10326000FFF7B7FF0028DFD16846EEF74DFB0028D7
:10327000F2D00023CDE9003305238DF8063007E0B6
:10328000009B2A4620461968FFF7A3FF0028CBD1F0
:103290006846EEF739FB0028F2D00023CDE9003371
:1032A00009238DF8063008E0009B2A462046D3F813
:1032B000BC11FFF78EFF0028B6D16846EEF724FB5D
:1032C0000028F1D00023CDE900330B238DF8063020
:1032D00008E0009B2A462046D3F8E410FFF779FF68
:1032E0000028A1D16846EEF70FFB0028F1D000229C
:1032F0004FF44023CDE900236846EEF705FB58B1B3
:103300000023CDE900330A238DF806306846EEF736
:10331000FBFA58B1002088E7009B2A462046D3F8E4
:10332000E410FFF756FF0028E6D07DE7009B2A4611
:103330002046D3F83C11FFF74CFF0028E6D074E795
:1033400070B523260025F3F7AFFF0446F1F746FBDF
:1033500020B100212046FFF74DFF50B10020013E73
:1033600001D00028EFD04DB940F215210F20EDF724
:1033700045FE20462546F1F767FBF0E7284670BD7D
:1033800000F0FD00003818BF012070478207034697
:1033900007D410F0010005D113F0040018BF03207A
:1033A0007047022070478207034607D410F00100DF
:1033B00005D113F0040018BF0320704702207047A6
:1033C0006FF45063C318062B8EBF40F2E243A0F5A2
:1033D00050604FF47A735843704720B190F86202FE
:1033E000003818BF012070472DE9F0411646B0F8AB
:1033F0006A70B0F86C5071B303F09AFB0446022176
:1034000001F035F980460221204601F030F94745A8
:1034100028BF4746BFB21B2F38BF1B27FB2F28BF33
:10342000FB27854228BF05467780ADB21B2D38BFEC
:103430001B25FB2D28BFFB25B4F5A47F38BF4FF417
:10344000A474F580B4F5296F28BF4FF42964B480C3
:103450003481BDE8F08102F0C5FDCFE7002307B558
:10346000CDE9003303238DF806306846EEF74CFAB9
:1034700008B1002004E0009802F06BFE0028F4D0B0
:1034800003B05DF804FB1FB5002240F6881303A9C2
:103490000092FBF723F905B05DF804FB10B5044674
:1034A00038B1F2F77BFF24EA0000B0FA80F040095F
:1034B00010BD0120FCE738B5044602F0C8FFD8B1C2
:1034C000204602F046FE08B9002038BD204602F032
:1034D00059FD0546204602F058FD78B9002DF3D07D
:1034E0000221B5F8AA00EEF7EBF90028ECD041F67E
:1034F000D6213920EDF782FD4220E6E70C20E4E7F3
:10350000F0B587B00546008802A901F016F9044617
:1035100000287CD1029B93F87021029ED11E4A4262
:103520004A418DF8062096F8A820002A72D1DA7B4D
:10353000222A72D19DF8062082F0010293F86230AF
:103540008DF807209B0603D49DF80730002B68D028
:10355000EB881B3B9BB2E02B65D8298944F24810CD
:10356000A1F5A4739BB283425DD86B881B3B9BB2D1
:10357000E02B58D8AA88A2F5A4739BB2834252D8F4
:10358000B1F5296F51D8B2F5296F4ED8FF2786F8CB
:103590002F719DF80630002B41D1029B03AA06F142
:1035A000A80093F8A810B1FA81F14909FFF71CFFB0
:1035B0006A88BDF8123040F64800BDF814109342F6
:1035C000B5F806C028BF13468142AA88A6F8343150
:1035D00028BF0146BDF80E30634528BF6346A6F8F4
:1035E0003031BDF81030834228BF0346288983421A
:1035F00028BF03468A42A6F83231134628BF0B463D
:10360000A6F8363186F82E71002386F82F31204631
:1036100007B0F0BD1A6892068CD422468EE73A2491
:10362000F2E71A24F3E71224F1E71124EFE710B5CB
:103630000446FFF713FF58B901210020EEF72AF9DD
:10364000D0B901210846EEF725F9D8B9012009E0E3
:10365000F2F75CFE68B1F1F76DFC044603F02DF85B
:1036600008B1002010BD204603F023F80028E3D065
:10367000F7E7002CE0D1F4E7A830FFF78CFB002837
:10368000DFD0EEE7A830FFF786FB80F00100C0B284
:10369000E8E7006890F8A8303BB190F8EA3123B130
:1036A000002380F8EA31F5F79FBB7047112243F2FF
:1036B00039030270C2705922A0F801308280C380A1
:1036C00000207047082108B5EEF734FB002008BD44
:1036D00037B50D461446042804D8DFE800F0061E6E
:1036E0003C212A00122003B030BDF2F70FFE60B17A
:1036F0005DB9F1F71FFC02F0D9FF207094F90000CA
:10370000F9F774FB20700020EDE703212846EEF75F
:10371000C1F80028EFD14220E5E7FEF7B4FFECE75F
:1037200007212846EEF7B6F80028E7D003F050FB53
:10373000E3E70A212846EEF7ADF80028DED090F83E
:103740003830032BCED1D0F898000028D6D0F838E6
:1037500003F044FBD1E701A9284600F0EEFF002862
:10376000C1D1019B93F928312370C7E773B5064691
:1037700000880C46088001A980B200F0DEFF0546F3
:1037800040B9B3784BB9019B93F92801A070F9F7C0
:103790002DFBA070284602B070BD7F20FFF773FE9E
:1037A000F4E710B504466FF07F00FFF76CFEF9F701
:1037B0001DFB20707F20FFF766FEF9F717FB607096
:1037C000002010BD0A4600F1100108B5072303F0E0
:1037D000ADFF002008BD012138B505460846EEF7CB
:1037E00059F820B940F2EF713920EDF707FCA83005
:1037F000FFF7D1FA044620B92846F1F759F82046D8
:1038000038BD0C20FCE710B5014604460020F2F755
:10381000EBFF08B92060A080002010BD10B5044661
:10382000F2F744FD28B900202146F2F7C5FF002039
:1038300010BD0020FFF7FBFE0028F4D10C20F7E7B5
:1038400010B504460120FFF7F2FE28B10120214601
:10385000F2F7B2FF002010BD0C20FCE7FFF750BECE
:103860001FB502880A8044F2902183888B4215D8C4
:10387000B3F5296FADF80420428801A828BF4FF4A2
:103880002963ADF80620ADF80830ADF80A20ADF890
:103890000C30FFF735FE05B05DF804FB1220FAE7A7
:1038A00037B508800D4601A900F047FF044640B92E
:1038B00001982A4610F8A81FB1FA81F14909FFF7CB
:1038C00093FD204603B030BD03466FF06F0100202A
:1038D0000A2210B56FF00404587099701C70DA70E9
:1038E0001C7158719971DA7110BD73B500880D465D
:1038F000088001A980B200F020FF044680B9019E33
:1039000086F8224196F82001F0F7FCFFA87096F89F
:103910002101F0F7F7FFE87096F82231002BEFD184
:10392000204602B070BD1FB5044603A9008800F010
:1039300004FF38B9A388022B14D8E078FFF7AEFD56
:1039400010B9112004B010BDA078FFF7A7FD002822
:10395000F7D0012303A80093A388E278A178F2F7B7
:103960004BFDEFE71220EDE737B58378C17803F020
:103970000104027903F0020351EA04051DD052EA62
:1039800003051AD0002C18BF0021002B037818BFA4
:1039900000228DF802108DF80320427843EA0223BA
:1039A000ADF8003043798279684643EA0223ADF8E6
:1039B0000430FFF7B8FF03B030BD1120FBE707B5B7
:1039C00003788DF80030437868468DF80130002385
:1039D000ADF80230ADF80430F1F7CAFE03B05DF87F
:1039E00004FB13B50C4601A900F0A7FE28B9019B02
:1039F00093F8A820DB8812B9238002B010BD0133F0
:103A0000FAE72DE9F04186B00446008805A900F0E8
:103A1000B6FE064620B9059D95F8A83023B11126BB
:103A2000304606B0BDE8F08106230DF1130105A86C
:103A300005F1A8068DF81330FFF7BAFBA2889DF8B0
:103A400013101046FFF7BCFCD5F8C83067899842C0
:103A5000A0890CBFB5F8DE300123874201D91226B8
:103A6000DEE7CDE90131238930460093E3886188A0
:103A7000F1F71CF88046002844D095F85A3203F03C
:103A8000FF06002B40D1A088FFF79AFC074605F1FE
:103A9000E80001F04CFB16308742C0D30D21B5F889
:103AA000AA00EDF7F7FEFFF798FC78BBA3886FF448
:103AB00050621344062B8ABF40F2E2436423B046AF
:103AC000BB42CCD2B8F1000F05D0B5F8201140F2BE
:103AD000022291421AD1A5F84632C5F84C72E27919
:103AE000A37943EA0223A5F85032237A627A43EAA3
:103AF0000223A5F85232002385F85832FF2385F8B7
:103B00005A328DE730268BE73A2689E70C2687E77D
:103B100013B5044600F03CFD00284DD02046FF249C
:103B2000F3F75CF90023CDE900336846EDF7ECFECE
:103B300048B300244FF44033CDE90043FF246846E6
:103B4000EDF7E2FE18B300204FF48023FF24CDE907
:103B500000036846EDF7D8FEE8B100214FF4C0231A
:103B6000FF24CDE900136846EDF7CEFEB8B1002280
:103B70004FF42023CDE900236846EDF7C5FE90B150
:103B8000002002B010BD009B83F83D42CDE7009BB2
:103B900083F88A40D3E7009B83F83440D9E7009B41
:103BA00083F83440DFE7009B93F83820032AE3D101
:103BB000FF2283F82220DFE71220E2E707B5008822
:103BC00001A900F0DCFD30B9019B93F83F2112B947
:103BD000FF2283F83F2103B05DF804FB10B50446D3
:103BE000F2F7D2FB20600020616010BD73B505467E
:103BF00001A9008800F0C3FD064620B9019C94F895
:103C0000A8301BB10C26304602B070BD94F88A3241
:103C100003F0FF0633BB94F86230DB0724D5D4F8F9
:103C2000A430002BEED1D5F8023004F51C72C4F894
:103C30008032D5F80630C4F884326B89A4F8883213
:103C400005F10C031C3553F8041BAB4242F8041B6E
:103C5000F9D10C2104F51770EEF76CF8FF2384F806
:103C60008A32D0E73A26CEE71A26CCE730B589B0BB
:103C7000034600F118056A461868083353F8041C17
:103C80001446AB4203C42246F6D1186802232060D2
:103C90006846ADF81C30FFF7A9FF04461E2200213C
:103CA000684603F02DFE204609B030BD37B5044606
:103CB000F1F740F9054623781F2B18D8C16C042270
:103CC0006846EDF739FF22460021E86C12F8013B07
:103CD000FEF7D0FA68B1EC6C2046FEF770FB0021CD
:103CE00002462046FEF7F6FA002003B030BD12204F
:103CF000FBE70720F9E737B50446F1F71BF905465E
:103D000023781F2B18D8C16C00226846EDF714FFEA
:103D100022460121E86C12F8013BFEF7ABFA68B1CC
:103D2000EC6C2046FEF740FB012102462046FEF7E0
:103D3000D1FA002003B030BD1220FBE70720F9E7DD
:103D400073B505460026F1F7F5F804468DF80460D2
:103D500002F0B7FC2B78C0018DF80760012BADF89D
:103D6000050005D101A92046F1F702FA02B070BDA5
:103D70002BB9204602B0BDE87040FFF79CBB122073
:103D8000F4E710B5044634F8020B0880022180B233
:103D9000EDF780FD20B12146BDE8104002F082BE63
:103DA000022010BD008808B50880022180B2EDF71E
:103DB00071FD20B10021BDE8084002F073BE022071
:103DC00008BD37B5044600880D460880092180B239
:103DD000EDF760FD10B10C2003B030BD0B21208841
:103DE000EDF758FD0028F6D10C212088EDF752FDA3
:103DF0000028F0D101A9208800F09FFC0028EBD119
:103E0000019B9B8F6B80E7E737B5044600880880ED
:103E1000092180B2EDF73EFD10B10C2003B030BD9A
:103E20000B212088EDF736FD0028F6D10C212088E3
:103E3000EDF730FD0028F0D163880BB91220EDE7D3
:103E400001A9208800F079FC0028E7D1658842F2BA
:103E50001072019BA9B2D3F8C8405143B3F8DE20D9
:103E60006243B3F8D04004FB02229142E6D3D3F878
:103E7000C820D3F8C8409442F9D100229D875A63E4
:103E8000621E0A44B2FBF4F29A63C7E710B50C460F
:103E90000221EDF7FFFC90B1022C12D804F00102D0
:103EA000C4F3400480F8EC2180F8EB4112B190F8A3
:103EB000EA310BB9002010BDF4F796FFFAE70220B3
:103EC000F9E71220F7E710B504460078FF280AD07A
:103ED0000321EDF7DFFC58B16378A27843EA0223AF
:103EE000C384002010BDB4F80100F5F7A9F8F8E785
:103EF0004220F7E710B504460078003818BF0120CB
:103F0000F7F7D2FC2078003818BF0120F4F758FFEB
:103F1000002010BD0820F2F7FFB902F00ABF02F03E
:103F2000F1BD10B5044604B910BD23689847646814
:103F3000F9E703680BB9016070471A465B6813B173
:103F40008A42FAD170478A4218BF5160704708B55B
:103F500002F0E9FDF1F7C8F9FEF7A3FBBDE8084060
:103F6000F4F758B808B5F4F74FF8F7F795FCF1F700
:103F7000BBF9BDE80840EFF757BD08B5F4F7E2FE1E
:103F8000F5F7F8FD20B140F263119320EDF736F814
:103F90000320BDE80840FEF7F9B808B50220FEF797
:103FA000F5F80020FEF7F2F8EDF738FDF2F7B8FB70
:103FB000EEF74AFC20B140F243119320EDF71EF8D2
:103FC00008BDFFF7EABF08B5FFF7D7FFF6F724FCF7
:103FD00020B14FF4BC719320EDF710F808BD08B57F
:103FE000FFF7B5FF02F09FFE20B14FF4E871932078
:103FF000EDF704F808BDFFF7D0BF08B5F5F7E2FD0F
:10400000F4F7D2FEBDE80840F5F7C4BD08B500F0EE
:104010007DFAEEF729FC0220FEF7B8F80020BDE893
:104020000840FEF7B3B808B5EFF734FDFFF79AFF85
:10403000FFF7ECFF02F079FEBDE80840F2F7C6BFDB
:104040000123038040F2011343807047FBF740B81F
:104050000B46892203F8032BD0F80920C1F803206E
:10406000427B1A717047012804D1012914BF002036
:1040700001207047022801D10229F7E7042908BF6F
:1040800004280CBF01200020704738B50D460446B7
:10409000F2F784F92B78002B08BF034684F87430BC
:1040A0006B78002B08BF034684F875306B88A4F842
:1040B000763038BD37B58B780546046803F00703C2
:1040C00084F819314B7803F0070384F8183126235C
:1040D000E37394F8393113BB94F83831012B1ED0B7
:1040E00094F8213194F81821D91E012998BF04238E
:1040F0009A42B4F81E3118D194F8202194F819018D
:10410000D11E0129B4F81C1198BF042290420CD191
:104110000222A4F83A11A4F83C3184F83821284648
:1041200003B0BDE8304001F0DAB9022094F81D2157
:1041300094F81C1100902846F2F75EF90028EED0A2
:104140004FF46671AE20ECF759FF38B503680446AA
:104150000D4693F83831012B02D11E21F2F7C6F932
:104160002368002083F8380165B1182283F899206C
:1041700009229A7393F84A3093B940F25B41AE201A
:10418000ECF73CFFDA7B243A072A03D82046DD739C
:1041900001F0B7F920461821BDE8384001F0E1B937
:1041A00038BD08B503689A7B22B14FF4E671AE20A2
:1041B000ECF724FF24229A7308BD034610F0010097
:1041C00007D19A0704D413F0040018BF03207047E6
:1041D000022070472DE9F34B1646054610461F4650
:1041E00046EA0104FFF7E9FF83460846FFF7E5FFCB
:1041F00089464BEA0404DDF8288001900443E4B2C8
:10420000003C18BF0124F2F7C9F8064018BF5E460B
:10421000F2F7C4F895F8202110EA0901019B18BFB4
:104220001946B24214BF3346002388F8003095F88F
:1042300021218A4208BF00210B4388F801100AD1CE
:10424000EB88013FFF1A47F6FD73BFB29F428CBF58
:10425000002404F00104C6B995F82001F0F762FBD0
:1042600003280ED195F83831012B0AD1B5F83C213D
:1042700095F82031012A0AD1042B0AD0042388F8AA
:104280000030204602B0BDE8F08B032EE9E7032B97
:10429000F7D00323F3E7032906D101280AD104212B
:1042A0000120518013807047042903D1012801D0D7
:1042B0000321F5E700207047012807D0022805D028
:1042C000033801288CBF00200120800070477FB593
:1042D0000B460468CDE9002118461146F2F724F98F
:1042E00094F8206194F82151C3B2C0F30720B3427F
:1042F00008BF0023854208BF002084F8423284F8BA
:10430000430204B070BD2DE9F0410C6805460F462C
:1043100094F84222D31E012B2DD894F82031D91EB7
:10432000012928D8D31A18BF012394F84302FFF7B4
:10433000C3FF06460BBB1046FFF7BEFF804694F84E
:104340009F306BB948EA060313F0FF0306D02046FE
:1043500001F027F93B68DB8803449BB2A4F84032A4
:10436000B4F840320520AE70EB701B0A85F801806E
:104370002B71BDE8F0810023D7E74FF00008DEE79E
:10438000F7B504680E4605461746E17B71BBA37B73
:10439000283B022B2CD901A8F2F7E8F9014628B1F5
:1043A000019B0DF10301DB788DF80330A07B162211
:1043B000F2F7ACFF044630B102461621284601F060
:1043C000B4F8044609E073785A0709D0B3785B075C
:1043D00006D031462846FFF76DFE204603B0F0BDFB
:1043E0003A463146284601F0CDF8EAE70124F4E7E1
:1043F0002024F2E770B5056802460B46EC7BA4F179
:104400002406072E15D994B9AD7B292D11D04D78EE
:104410006E0706D08D786D0703D0FFF74BFE204660
:1044200070BD19781046BDE8704001F09AB80124BB
:10443000F5E72024F3E737B50468A37B242B21D1CB
:104440004B7813F0070519D08B7813F0070215D0BD
:1044500000238DF804508DF80520ADF80630019A40
:10446000D4F83A11FFF733FF0123002084F84A30D3
:104470002823A4F84600A37303B030BD0023A4F89A
:104480004232F1E70120F7E738B503680546DA7BE9
:10449000B3F84242262A14D184B9DC7393F8383138
:1044A000012B02D12146F2F721F82B68002283F874
:1044B00038212846BDE8384001F023B82922DA73B4
:1044C000F7E79A7B282A0ED154B99C732146F2F75C
:1044D0000DF82B6883F83841002283F84A2038BD54
:1044E00029229A73F8E740F2CC51AE20ECF786FD12
:1044F00008B50368DA7B262A05D022B140F2D351F1
:10450000AE20ECF77BFD2722DA7308BDF2F708B97D
:10451000704730B542401C7808785D7860404C7830
:104520006C409D7820448C786C40DD782044CC78B9
:104530006C401D795B7920440C7949796C404B4083
:10454000204418441044B0FA80F0400930BD0246BF
:1045500000200139C9B2FF2900D17047535C83F0B4
:1045600001030344D8B2F4E708B5F2F763F9082869
:1045700003D0BDE80840F2F77FB908BD08B502F0E6
:1045800082FC18B1BDE80840F8F758BD082008BD06
:1045900070B503791F2B0FD8461E051D002416F891
:1045A000010F00F028FF0444AE42E4B2F7D1012C21
:1045B00094BF0020012070BD0020FCE7F8B505463F
:1045C0000C46D0E9047602F050FE18B95221292099
:1045D000ECF714FDE4B1D5E90423D21B63EB060329
:1045E000012A73F100014FF0000113DB6FF00100AD
:1045F0009042994101DA5C21E9E7631E1344B3FB61
:10460000F4F35C43E41946F10006C5E904461C4690
:104610002046F8BD0C46FBE7F8B50C460546D0E948
:10462000007602F0ADFDF4B1D5E90023D21B63EBB7
:104630000603012A73F100014FF0000115DB6FF052
:1046400001009042994103DA76212920ECF7D6FC4B
:10465000631E1344B3FBF4F35C43E41946F1000614
:10466000C5E900461C462046F8BD0C46FBE702297A
:1046700005D13C281AD980100F3880B27047CB1E64
:10468000012B0ED804290BBF96234FF4167310226A
:10469000402203F5BC73984208D9C01A90FBF2F08F
:1046A000EBE7702802D9C0100E38E6E7002070470B
:1046B000022908B5034614D005D8012909D0E721FD
:1046C0002920ECF79BFC03390129F8D840F6A660B5
:1046D00008BD40F6C41040F2E242002B08BF10466D
:1046E000F6E740F6C410F3E7801A723810B5884236
:1046F000029C94BF091A491A2268012902EB51024F
:1047000094BF0020012022601A68A2EB51021A60B7
:1047100010BD69B1A0F57A7241F270739A4207D860
:104720004FF47A73B0FBF3F000F5506080B270473D
:1047300040F2E243B0FBF3F0F8E738B50C46002155
:104740000546EDF7A7F8206048B902212846EDF7A5
:10475000A1F82060B0FA80F04009400038BD002088
:10476000FCE70368587BC0B293F830302BB900F0F7
:10477000FB00003818BF012070470020704710B5BB
:104780000C46FFF7DAFF38B92046FFF7EAFF80F062
:1047900001004000C0B210BD0220FCE738B54FF464
:1047A00026720D460021044603F089F86FF03602A8
:1047B0000123A4F8AA5084F863200422E37584F846
:1047C00064206FF03B0284F86A3084F865206F2221
:1047D00084F86620032284F86720002284F8682089
:1047E0006FF07F0284F869202B2284F86220FE2279
:1047F00084F89E207F22E27238BD40F6B83307B5B8
:10480000B0F8D220D0F8C8100190838701A8F2F741
:10481000A9FA03B05DF804FB38B54FF444720D46B5
:104820000021044603F04BF86FF036020123A4F890
:10483000AA5084F863200422E37584F864206FF0A2
:104840003B0284F86A3084F865206F2284F8A8302F
:1048500084F86620032284F86720002284F8682008
:104860006FF07F0284F869202B2284F86220FE22F8
:1048700084F89E207F22E27238BD40F6B83307B537
:10488000B0F8D220D0F8C8100190838701A8F2F7C1
:1048900069FA03B05DF804FBC2B292FAA2F2030A0D
:1048A00093FAA3F31B0E100E40EA03207047013168
:1048B00005300022C9B270B510F8013F8B4216D303
:1048C00010F8054C0023012505FA03F626421CBF0B
:1048D00001F1FF31C9B269B10133082BF4D10132C2
:1048E000D2B2052AE8D19B214620ECF787FBC91AF2
:1048F000C9B2F4E703EBC200C0B270BD0B6870B57B
:10490000C0F8013004460B790546461D03F01F032D
:1049100043710023C37215F8010F00F06CFD68713C
:10492000B542E37A1844E072F5D170BD81EA1141D5
:1049300070B58CB20546C17A032682EA0400FFF7FF
:10494000ABFF013E00EB001016F0FF0604EB000287
:1049500090B2F4D144402522B4FBF2F302FB13439E
:10496000C3F3C402D8B203F007032A4456780122E5
:1049700002FA03F31E4207D161432846C1F30741FF
:10498000BDE87040FFF793BF70BDF8B590F82250B6
:1049900004466B1E242B03D9E1214620ECF72EFBA5
:1049A000DAB1C07D002843D194F8243094F8231064
:1049B00002FB01322523B2FBF3F103FB1123DBB22F
:1049C00004EBD30203F0070684F82430117E0122A1
:1049D000B240114202D084F82530F8BDB3FBF5F2A5
:1049E00005FB123304F11C01013303F0FF0311F83E
:1049F000012F9A4219D311F8055C0022012606FA0C
:104A000002F72F4208D0013B13F0FF0304D102EB61
:104A1000C00284F82520E0E70132082AEFD10130F6
:104A2000C0B20528E3D1D721B7E79B1ADBB2F6E77E
:104A3000E28804F11700496AFFF778FF84F825003F
:104A4000CBE7D0F803300B60B0F807308B807047AD
:104A50000378890123F0400301F040010B43037008
:104A60007047037803F07F0343EAC1130370704774
:104A70000078C00970471F2A38B50546144603D987
:104A8000A8212A20ECF7BAFA06340930FCF742F9DB
:104A90006C7038BD1F2A38B50546144603D9CA21A3
:104AA0002A20ECF7ABFA06340930FCF733F96C70C6
:104AB00038BD0378024603F00F03032B3ED0052BCD
:104AC00042D1C37F90F82000034392F821000343B2
:104AD00092F82200034392F8230000F01F001843CD
:104AE00033D05378222B2FD1B2F81930B1B1B3F5AE
:104AF000506F13D940F607518B4225D8B2F81B30BE
:104B0000B3F5FA7F20D2B2F81D0040F676430A389A
:104B100080B298428CBF002001207047991F40F658
:104B20007A4089B281420FD8917D481E07280BD860
:104B3000994209D2B2F817109942DEE74078A0F105
:104B40000C0358425841704700207047C37813F057
:104B50003F035DD007295BD8DFE801F0040B1E2975
:104B6000343F4A55037913F0010F0CBF0020052094
:104B70007047027912F002004BD0052002F00102CA
:104B8000072902EB420200EB4200C0B241D1021FF2
:104B90009A42C8BF00207047027912F0040038D052
:104BA000052012F0020F1CBF0630C0B2E6E7027902
:104BB00012F008002DD0052012F0040F1CBF0130A8
:104BC000C0B2EEE7027912F0100022D0052012F0F8
:104BD000080F1CBF0230C0B2EEE7027912F02000CD
:104BE00017D0084612F0100F1CBF0330C0B2EEE71A
:104BF000027912F040000CD0052012F0200F1CBFEB
:104C00001230C0B2EEE702795006F5D50620F4E77F
:104C10000020704770B50C46064611461D4624B963
:104C20004FF41F712A20ECF7E9F9FFF78FFF10B955
:104C300040F27D21F6E7031F2B443F2B02DD40F2BB
:104C40007E21EFE72A4621463044BDE87040FCF75C
:104C500061B810B50446FFF779FF00B1204410BDDC
:104C600030B5C1F38003C1F38014C1F34005234480
:104C7000C1F3001404EB44042344C1F3401404EBD7
:104C8000C40403EB4403C1F300042C44C1F3C00586
:104C9000134404EB44042C4403EB440313F0FF03DC
:104CA0001CBF01330171C17818BFDBB221F03F0195
:104CB00003F03F042143C170591C41701AB1043301
:104CC0009B1A013AC25430BD4378C278013B02F0CE
:104CD0003F02981AC0B27047F8B50D4619461746FC
:104CE0000646FFF7F1FF441AE4B2BC4228BF3C4637
:104CF0004DB1F278284602F03F02043211442246B8
:104D00003144FCF707F82046F8BDC378024613F09B
:104D10003F0022D0137913F0200FC3F3C001C3F377
:104D2000400014BF0922002213F0100F114403F0B9
:104D300001020244C3F3800002EB42020A44C3F3BF
:104D4000801114BF032300230844184400EB4200E1
:104D500010F0FF001CBF0130C0B2704738B5C578F5
:104D60000446AB09032B1ED005F03F054378AB4248
:104D700019D9FFF7CAFFA84215D895B12379DB06E8
:104D80000FD504212046FFF764FF48B1037803F0F4
:104D90003F03242B07D880785F288CBF0020012098
:104DA00038BD0120FCE70020FAE70278437802F0E2
:104DB0000F02072A12D8DFE802F0080408111111C7
:104DC000080E0C3B584258417047063B1F2B8CBFC6
:104DD0000020012070470BB1FFF7C0BF00207047D3
:104DE000027802F00F02072A0AD0082A0AD0042A01
:104DF0000ED1407806381F288CBF00200120704754
:104E0000FFF7ACBF4078A0F10E03584258417047FD
:104E1000002070471B2A08B504D940F299312A2096
:104E2000ECF7ECF8BDE80840FBF774BF8388A1B14C
:104E3000B3F5506F11D940F6075293421BD8C3887F
:104E4000B3F5FA7F17D2008940F676430A3880B26C
:104E500098428CBF0020012070479A420BD8B3F5CE
:104E6000486F08D84278511E072904D89A4202D2C6
:104E700042889A42E2E700207047013001F12003A6
:104E800051F8042B994240F8042BF9D10B88038088
:104E9000704738B515460446FFF7EFFF2B68C4F896
:104EA00023306B68C4F8273038BD2DE9F04F85B04A
:104EB0008846154603A99DF838400193FFF73DFC4D
:104EC000814618B9039E2DB901237375012005B0E1
:104ED000BDE8F08FD6F8C0A029465046FCF799FFF0
:104EE000074608B90020F2E7F0F73EF88542F9D806
:104EF00039465046FDF7C9F8727D8346A0F8019007
:104F0000002A18BF4FF0020880F800803846FDF7ED
:104F1000C4F80746DCB1B6F8E640C4B102F075F853
:104F200040F271225443241841F1000179602A466D
:104F300001990BF103003C60FBF7ECFE294650465B
:104F4000FCF7A2FF28B983212B20ECF757F8214664
:104F5000ECE7039B93F8A83033B103A8FEF799FB65
:104F6000039B0022A3F8E2210023AEE7437837B584
:104F7000C3F301120446032A03D8DFE802F0050E4A
:104F80001D05002003B030BD057803F00F0000239D
:104F900000930221231D628807E0057803F00F00CB
:104FA000002301210093231D628845EA0020FFF7BA
:104FB0007CFF60B10120E5E7F1F7ECF903685B05E0
:104FC000DFD560780123257800F00F00E0E7F2F7E5
:104FD000EFF8EFE71A230B7001234B708B707047CB
:104FE000F1F7A4BF10B521B940F2A9211020ECF7C8
:104FF00005F84A600B72EFF3108472B6031D0B6064
:1050000042681AB1127A012A08BF03600368196066
:10501000016004B962B6BDE81040F1F7D1BF0222C9
:10502000F2F7B4B80322F2F7B1B80422F2F7AEB83F
:105030000222F2F7EFB80322F2F7ECB88D230B70DF
:1050400030F8B53CA1F8033030F86B3CA1F80530DE
:1050500030F8673CA1F8073030F8693CA1F8093016
:1050600030F8653CA1F80B30704708B5CB1E012B1A
:1050700004D8800100F5747080B208BD012902D106
:105080000E30C000F8E7022902D10F308000F3E7AC
:105090004FF40C710620EBF7B1FF30B587B0044632
:1050A0000D46EFF767FF80B334F8BE4C69462046E3
:1050B000FEF7F6FB18B1FB212C20EBF79FFFBDF8A4
:1050C000063003A8ADF80C40ADF80E30BDF808303E
:1050D000ADF81030BDF80230ADF81230BDF8043034
:1050E000ADF81430FEF7BAFB10B14FF48271E3E76C
:1050F000ADF80C009DF80C30002063F307009DF81C
:105100000D3063F30F2007B030BD2B469A2203F811
:10511000032BD4F80920C5F80320D4F80D205A60D9
:10512000B4F811201A810423ADF80C30E2E740688E
:105130007047033901298CBFC08A4FF4296070473A
:1051400070B590F878608D88033E0C89012E04D9E3
:1051500043B11678033E012E04D8B5F5296F38BF48
:105160004FF4296590F87960033E012E04D943B1CC
:105170005378033B012B04D8B4F5296F38BF4FF4A3
:105180002964CB884A88A0F86430A0F86020A0F891
:105190006250A0F8664070BD8383BDF80030018383
:1051A0004283C38370471B2200294FF01B110CBFA1
:1051B0004FF4A4734FF4296382840284028502F1C0
:1051C000A472C160C3844384C38383834382038204
:1051D000C0E9052170470346B3F85810B3F86420BE
:1051E000F0B5914293F87940B3F85C5028BF11466E
:1051F000033CB3F86620E4B2B0F84E70AA42B0F8AF
:105200005200A3F84E1028BF2A46012CB3F8544090
:1052100087BFB3F8566015464FF429664FF42965E9
:105220008C42A3F8525038BF0C46B24238BF3246C7
:105230008F42A3F85440A3F8562026D1401B18BF34
:105240000120B3F86020B3F85A10B3F84C509142E3
:10525000B3F8504028BF114693F87820033A012A4A
:1052600015D9B3F85E20B3F86260B24228BF324667
:105270008D42A3F84C10A3F850200BD1944218BFD4
:1052800040F0010000F00100F0BD0120D9E74FF42B
:105290002962EDE70120F5E738B5CB1E0446012B66
:1052A00010D9C58B438C9D4228BF1D46207AFFF73D
:1052B000DCFE6389AB4228BF2B46984238BF1846B4
:1052C00080B238BD4FF42965F0E72DE9F8439946DF
:1052D00007460D46808919461446FFF7C6FE064666
:1052E0009DF8208049463846FFF7D6FF8642414662
:1052F000A8F1030828BF0646B88AFFF7B6FEB8F142
:10530000010F0346B6B28CBFFA8A4FF4296290426D
:1053100004F1060028BF134628449BB233441844C6
:10532000BDE8F8830346828F13B5403049B9598FE1
:1053300093F87940009493F87830FFF7C6FF02B0F5
:1053400010BD198FF4E770B50C46154619464BB9D8
:10535000068FFFF7E7FF28443044A04294BF201A8D
:10536000002070BD468FF4E738B50D46114604465F
:10537000FFF7D8FF2844606438BD01F19C038342E5
:105380003DBF9C38401A40080020704700F055335C
:10539000400800F05530034403F033329B0803F01B
:1053A00033331A4402F00F33120902F00F32134460
:1053B00003F0FF101B0A03F0FF13184400EB10402A
:1053C000C0B2704745F2555200EA020302EA5002A9
:1053D000981843F2333300EA030203EA90031A44B5
:1053E00040F60F7302EA030003EA1213184400EBBD
:1053F0001020C0B2704700F05503400800F055007F
:10540000034403F033009B0803F03303034403F029
:105410000F0000EB1310704780EA6000FFF7B6BF83
:1054200040F34E039BB25840FFF7CCBF32280CD05C
:1054300006D8162818BF012894BF01200020704705
:10544000A0F13E035842584170470120704708B50B
:105450000246FFF7EBFF40B10846FFF7E7FF20B138
:105460008A420CBF23202A2008BD8A420AD1A2F119
:105470003003DBB20B2B0FD840F6210020FA03F3E8
:10548000DB071ED4322901D1262A03D0322A03D1C8
:10549000262918D12A20E7E73E2907D1262AF9D064
:1054A0003E2A12D03B2A10D11F2902E03E2A04D105
:1054B00026290CBF2A200020D6E73B29F2D11F2A3B
:1054C000F7E72320D0E73E29F7D10020CCE7036897
:1054D00000229A7383F84A20A3F846207047026896
:1054E00092F8A8302BB9A2F84E30012382F8503040
:1054F00070470023A2F84E3092F8503001335BB26F
:10550000F4E7026808B592F8A83013B982F8503071
:1055100008BD92F85030013B5BB2002B82F850304E
:10552000F6DA52214A20EBF769FD08B5036883F8E3
:105530009B1083F89A203522DA73FFF7D0FF002002
:1055400008BDA0F10A03042B09D9A0F14703012BE0
:1055500005D9243807288CBF00200120704701207E
:1055600070470268136810B513F0080408D143F0BF
:10557000080382F898101360FFF7B1FF204610BDB2
:105580000120FCE7036810B5DC7B44B90A7883F896
:1055900098200322DA73FFF7A2FF204610BD0124F2
:1055A000FBE7D0F8C82041F64B539A4296BF4AF623
:1055B000C8730623B3FBF2F3B0F8D020B0F8DE00D6
:1055C0001344584380B27047036800201A7C073A9E
:1055D000012A81BF4A785A7407221A7470470268F8
:1055E000137C073B012B84BF0823137470470268A8
:1055F00070B5D57BE5B9CB88D688A2F8D832013B07
:105600009B1B47F6FD769BB2B34206D9282382F84E
:105610003130F2F701FA284670BDD1F80130C2F8F6
:10562000DA324B7982F8DE320A220368DA73F2E763
:105630000125F0E708B503689A7B1AB13B21552094
:10564000EBF7DCFC0B229A7308BD2DE9F74F0646F9
:10565000894690460193FFF7A4FFD6F8FC710446F3
:1056600057B90023C8F80030F38823449CB2019B4B
:105670001C8003B0BDE8F08FF2F7D8FC0028F0D111
:10568000D6F8C8C0D6E978320CFB04FE1EEB030E38
:10569000D7E9021342F100020B44D7E900155B1869
:1056A00045F10005734575EB020114D2BEEB030111
:1056B0006FF0010B62EB050A8B4570EB0A0A03D20F
:1056C0003D215620EBF79AFC3869471E3944B1FB5F
:1056D000F0F1E0FB0135B3EB0E0365EB02056FF073
:1056E00001029A424FF00002AA4101D24821E8E7A4
:1056F000B3FBF9F209FB1233B3FBFCF291B20CFBE2
:105700001133C8F80030F3881C441444A4B2AEE747
:105710000B46822203F8032BD0F80920C1F803209E
:10572000D0F80D205A60427C1A720023CB7070476B
:105730000368F7B5DD7B06460C46002D63D193F870
:10574000297106230DF107018DF80730FDF730FDB3
:105750009DF8072039462046FFF768FB38B92178C5
:105760003046FFF7FEFE0546284603B0F0BD32681E
:105770006389D188A2F8D832013B5B1A47F6FD71E4
:105780009BB28B4206D92823304682F83130F2F79B
:1057900043F9E9E7A3886FF450615918062995BFCA
:1057A000A3F5506340F2E2414FF47A7128468CBF72
:1057B0004B434B43C2F8E0326378C0B103EB830341
:1057C00003EB83039B00A2F8DA326388C0B1642143
:1057D0004B43C2F8DC32E388A2F8E4322389A2F812
:1057E000E632002382F8EC320D23D373BCE7C3EB1F
:1057F000431103EB810303EB83035B009BB2E2E7FE
:1058000040F2E241E4E70125AEE708B503689A7B80
:105810001AB1A2215620EBF7F1FB0D229A7308BDB5
:10582000F8B50D6804460F46D5F84C0295F82911D5
:10583000FEF76FFF6FF45062B5F8463282182071A0
:10584000000A92B26071062A8BBF40F2E2426422E3
:10585000002601268CBFB3FBF2F3B3FBF2F36370B7
:10586000B5F85032A3711B0AE371B5F852322372B6
:105870001B0A6372386890F89F303BB905F51173C5
:1058800005F51272D5F84C12FFF7DFFEB5F8443279
:10589000A3721B0AE372D5F8483246B164220C2089
:1058A000B3FBF2F3A370C3F30723E370F8BD40F238
:1058B000E242F4E70B46842203F8022BD0F80920D9
:1058C000C1F80220D0F80D205A6070470B4685229F
:1058D00003F8022BD0F80920C1F80220B0F80D20FF
:1058E0009A80704710B504460068837B1A2B12D14A
:1058F00000F1800200F51871052300F51C7001F01D
:1059000015FF2368012200200021DA741D22C3E95B
:105910001C019A7310BD0220FCE703689A7B142ACD
:1059200010D1D1F80120C3F86822D1F80520C3F8BE
:105930006C2203680020D1F80920C3F894201A22B1
:105940009A7370470220704703689A7B102A05BF3C
:10595000002013220220D87408BF9A73704708B53C
:1059600003689A7B132A04D040F277111F20EBF7CB
:1059700045FB012283F8522012229A7308BD38B5E4
:1059800003680546DC7B34B1113C0F2C8CBF01242D
:105990000824204638BD1A7D002AFAD0D3F8A43056
:1059A0002BB9FFF79CFD2B681122DA73F1E70C226B
:1059B0000A21BDE83840FFF7B8BD08B50368DA7BB7
:1059C000162A04D040F253211F20EBF717FB0122C7
:1059D00083F851201822DA7308BD0368DA7B122A93
:1059E00005BF132200200220DA737047036810B548
:1059F000DB7B04461C2B06D1FFF783FD23682022A6
:105A00000020DA7310BD0220FCE708B50368DA7BDA
:105A1000112A04D040F27E211F20EBF7EFFA012279
:105A200083F851201222DA7308BD08B50368DA7BC7
:105A3000182A04D040F28A211F20EBF7DFFA1C223B
:105A4000DA7308BD08B503689A7B1D2A04D040F2BA
:105A5000FE211F20EBF7D2FA1F229A7308BD08B56A
:105A600003689A7B22B14FF441711F20EBF7C6FA0D
:105A7000012283F8512010229A7308BD10B50468E2
:105A8000A37B3BB194F8523023B940F20B311F2075
:105A9000EBF7B4FA012384F851301423A3730023E5
:105AA00084F8BE31FDF77BFB84F86A0010BD3E230D
:105AB0000B700C234B7004238B70D0F80930C1F8A5
:105AC0000330D0F80D30C1F80730B0F81130A1F82C
:105AD0000B30C37C4B73704708B503689A7B1AB1CF
:105AE000CF211C20EBF78AFA04229A7308BD08B56F
:105AF000036893F8A82032B9DA73A3F84E20BDE802
:105B00000840FFF7FEBC1A68D10703D4DD211C2032
:105B1000EBF774FA22F001021A60F0E787230B70AA
:105B200030F8AC3C4B807047036893F8A8109A7B20
:105B300059B9052A08BF00224FF0000002BF83F8C0
:105B40003E2083F84A209A7370470F2AF2E738B54F
:105B5000046894F8A85045B9E37B4BB9FFF7BFFC44
:105B600045B90223E373002038BD23685B07F5D5F0
:105B70000120F9E7236843F004032360F3E7036897
:105B800093F8A8201AB11A6822F004021A60FFF7ED
:105B9000B8BC08B503689A7B1AB172214B20EBF7A9
:105BA0002DFA93F8A820002A14BF0F2205229A7319
:105BB00008BD10B5D0E90D42A24206D30B8D121BD1
:105BC000C98E05334B43934202D3012380F83E3004
:105BD00010BD0C230B7008234B7000238B70B0F8A2
:105BE0005630A1F80330437A4B714389CB808389C7
:105BF0000B81704710B5046894F853309A070CD4A1
:105C0000A37B1BB177214020EBF7F8F90122A4F820
:105C10004630A27384F84A2010BD94F8A8303BB9EE
:105C2000E37B0BB9FFF76DFC002384F83E31F3E70B
:105C300023689B07F8D5FFF764FC236823F0020371
:105C40002360F1E710B50B7901284C790A6843EA23
:105C50000421104608BF41F4803110BD07B5FFF79D
:105C6000F1FF0DF10702F2F775F903B05DF804FBDF
:105C700090F838300BB90020704790F83830012B7D
:105C8000F9D090F83800073818BF0120704790F815
:105C90003830012BDAB201D0FFF7EABF1046704767
:105CA00030B585B01546089BC01A099B61EB03040B
:105CB000002C214602DA404264EB440103AB2A4641
:105CC000009302AB01F07FFD002C039801DA00B1D4
:105CD000281A05B030BD002307B501A80193F8F7D5
:105CE000CDFC019810F0030018BF012003B05DF84F
:105CF00004FB10B5FFF7EFFF002814BF14240024A5
:105D0000FBF7A6F8404200F01400204410BD73B524
:105D10000C46B1F8051005461A2921D9B4F8073008
:105D2000B3F5A47F1CD3B4F801201A2A18D9B4F80B
:105D30000340B4F5A47F13D30068009400F1A806D3
:105D4000E830FFF729FA2C683046FFF744FA10B91B
:105D5000012002B070BD04F25F10F1F767FAF7E7B7
:105D60000020F6E708B503689A7B1AB12621A32024
:105D7000EBF744F921229A7308BD38B5056804464B
:105D8000AB7B213B022B0BD8FFF7C1FF18B10421DD
:105D90002068F5F79DFD002085F84A00A87338BDFE
:105DA0000120FCE7F7B504460068C57B002D40D113
:105DB000B1F805601A2E04D9B1F80730B3F5A47F05
:105DC00005D2204603B0BDE8F040FFF7DBBBB1F8D9
:105DD00001701A2FF5D9B1F803C0BCF5A47FF0D338
:105DE0003A463146E830CDF800C0FFF7D5F92368D0
:105DF0009A7B212A08D123682322DA732046FFF7F1
:105E00006EFB284603B0F0BD93F82F31002BF2D182
:105E1000236893F82E31002BEDD12368222203F161
:105E2000E801DA73B3F8AA0003F5B472F1F704FAE3
:105E3000E4E70125E5E70368002210B50446DA73BC
:105E4000A3F84E20FFF75DFB20680421BDE8104059
:105E5000F5F73EBD38B505680446AB7B213B022B08
:105E60000BD8FFF754FF18B106212068F3F732F87A
:105E7000002085F84A00A87338BD0120FCE70268BD
:105E80001368D90610B5044603D4B821A320EBF754
:105E9000B5F8990601D5B921F8E723F0100313608E
:105EA000FFF72FFB20680621BDE81040F3F712B87A
:105EB00038B50546F8F7CCF800F544434FF47A724C
:105EC000033D4933B3FBF2F4FFF713FF012D00F15B
:105ED000A4038CBF002028202344184438BD10B5EB
:105EE000044690F87900FFF7E3FF012201462046BF
:105EF000BDE81040FFF738BA002313B51A464373C4
:105F0000A0F89032194600930446F2F711FA20B136
:105F100040F2E7113020EBF771F80123C4F81802C2
:105F2000C4F810026373A4F82E02A4F82C0284F8BB
:105F30003102E388A4F89202013BE38002B010BD75
:105F4000F8B50D460023D0F81011044680F814313E
:105F5000D0E9506781F8ED2180F85031D0F8100178
:105F6000FEF78BFCD4F81001C0E99E67C0F894528C
:105F7000C0E9A267FFF7C0FFF7F722FEBDE8F840CF
:105F8000FAF72EB8D0F81001704738B5044690F8EB
:105F900050319BB1FF2380F85831012100F0D6FB2E
:105FA00094F8503153B104F1E805284601F052F855
:105FB000284601F05BF8002384F85031002038BDFA
:105FC00008B590F8582142B990F8142142B1D0E9AF
:105FD0004631994202D9F3F7CFFF0022104608BD9F
:105FE0000122FBE710B50446FFF783FE00F25911CA
:105FF000226A236C9A4228BF1A461046FFF7BDF961
:10600000B0F5296F28BF4FF4296080B210BD012A76
:1060100070B506460D4614460BD0022A0ED08AB93A
:10602000F7F7C6FB224601462846BDE87040FFF759
:1060300087BFF7F7BDFBC6F8940270BD0122D0F808
:106040009412F1E740F2C3713020EAF7D7FF70B540
:10605000044621B1012978D040F2D37172E000F0FA
:1060600021FA94F8513105460E46DBB150EA01039E
:1060700018D0D4E94832D4E95001C01A334661EB54
:1060800002012A4601F0ABFB05FB01F300FB0633DE
:10609000A5FB00021344D4E94821121843EB010385
:1060A000C4E94823E08C30B1F1F7E6F8E38CB0FBAB
:1060B000F3F202FB1300D4E94832ED184FF000036D
:1060C00046EB02062D1840F2024284F8303146F1C8
:1060D000000684F85131A4F83821C4E94856C4E9CF
:1060E000505694F8583103F0FF01DBB96FF00043CC
:1060F000D4E952029A4208BFB0F1FF3F18D02046BF
:10610000D4E9505600F0A8F9AE30D4E952325B1B06
:1061100062EB06021B1A62F10002002A08DA20462E
:10612000F3F72AFFF7F74CFDBDE87040F9F758BFC9
:1061300004F5987104F1E800F9F766FF0028F1D141
:106140004FF4E0613020EAF759FF002380F8143162
:10615000E8E790F85001003818BF012070470B465F
:10616000812203F8032BB0F80920A1F80320C27A9A
:106170009A7070470B468C2203F8032BD0F8092045
:10618000C1F80320D0F80D205A6070478B88F7B50E
:1061900013F0180506460C461FD1086820B940F2D6
:1061A000EA312D20EAF72AFF00F057FB217CF2F7B5
:1061B00059FF677CA38801463A46304600932B4638
:1061C000F2F76EFFA430D4E90223824273F1000398
:1061D0002CBF0120002003B0F0BD0120FBE738B543
:1061E00088220B460C4603F8032B00F109022930E4
:1061F00052F8041B824243F8041BF9D112780221A1
:106200001A700123A588A3712846EBF743FBA0B1C0
:10621000E3784BB102212846EBF752FB68B140F21C
:1062200033212D20EAF7EAFEF0F7AEF84B0404D54F
:106230002846BDE83840FCF795BF38BD70B5044628
:106240000D46173019461646FEF758FB84F82051C4
:1062500084F82151FF2384F82231E91E04F1E8007B
:1062600001298CBF00210121FEF79DFF314604F179
:10627000A800F0F75FFD94F82A31002B14BF4D23DE
:106280009623A4F8E230A4F8E0300023A4F8E43028
:1062900070BD70B50D46044691F829111646D5F823
:1062A000C800FEF736FAB5F8D030A4F8AC0004F117
:1062B000A002A4F8AE30B5F8D230A4F8B03095F80A
:1062C0002B3184F8B230237F73B394F86830012BFC
:1062D0002AD194F86E3003F0C003402B24D1D4F8B7
:1062E0006930C4F8A030B4F86D309380082E236A6A
:1062F00004F1A60193F8AC2003F1AD0084F89920D5
:1063000004F19A02D3F8AD3019D0C4F8A6308388CE
:1063100030468B8004F19901F0F7C0FB40B940F69C
:10632000E2312D20EAF76AFE0023C4F8A030DCE752
:1063300094F8993043F0020384F8993070BDC4F8A2
:106340009A30838893800023C4F8A6308B80F5E7C9
:106350000B468B2210B503F8032BD0F80920C1F8A7
:106360000320427B1A71CB78A3B130F8B43C1B07F1
:1063700010D4B1F8054002212046EBF78BFA48B162
:1063800002212046EBF79CFA20B140F276212D2025
:10639000EAF734FE10BD0121F3F7E6BAFFF7FBBFC1
:1063A00008B590F894300BB1012008BD90F8CC30BE
:1063B000002BF9D190F8BE3003F0FF00002BF4D091
:1063C000EFF7A4FF80F00100C0B2EEE730B54FF464
:1063D000B07285B00D460021044601F070FAFF232B
:1063E00023701323638042F21073E384EBF75EFBA8
:1063F00000220146E0646846EBF79EFB0022012183
:10640000E06CFBF767FF0422E16C6846EBF794FB56
:106410000022E06C1146FBF75DFF04F13000A5742B
:1064200000F0CBF902A8F0F7C9FC20B94FF449718C
:106430002D20EAF7E3FD02A904F13600FEF75EFA2B
:1064400005B030BDFF23C86C0B70FBF710BF0078A0
:10645000FF3818BF01207047F7B5044630300E46AC
:1064600000F0FBF961880746CA0605D52822F3F734
:10647000C1FD6D3003B0F0BD8B07E06C0FD5FBF7AD
:10648000C2FF217905463846F2F7ECFD63880146E4
:106490002846009333466279F2F702FEE9E7FBF7FC
:1064A000A2FFEEE7D0E9020170472DE9F04F074661
:1064B0009DB00C46054610AE0DF120080FCF0FC65B
:1064C0000FCF0FC697E80F0086E80F0040466E79A1
:1064D00000F073F9A37A277D039323787A1E04933F
:1064E000022A637803F07F0AD14600F28380D9063E
:1064F00003D4A67D731E022B7CD8637E03F0FD03BC
:10650000012B02D1032F08BF0427A37E03F0FD0354
:10651000012B02D1032E08BF0426617A404600F009
:1065200053F9237D227F4046022B02F101020CBF6A
:10653000617D0121D2B204BF0131C9B200F046F938
:106540001AF0080F6CD1404600F087F96378834653
:10655000DA0654D4EBF7D8FA824639465846F2F7B1
:1065600081FD0123014632465046CDF80090F2F7F6
:1065700097FD40F27122217900F28620E378B0FB8A
:10658000F2F043EA01236179504343EA0143534364
:10659000984239D84FF0000B94F818A00793A37CC9
:1065A000E86C05930AF1FF33D3F1000A4AEB030AC2
:1065B000FBF719FF0690E86CFBF725FF0699079B90
:1065C000814238BF014688B268B308A90C9306938C
:1065D0000A910AA9ADF82C90CDF834B08DF8387036
:1065E0008DF83960FFF7D2FD069BE0B945201DB05C
:1065F000BDE8F08F40F212310620EAF7FFFC2822B6
:106600004946F3F7F7FCB4E7E179A37943EA0123BC
:10661000217A43EA01435343834228BF0346B9E743
:1066200000239B46B8E7CDE9123B059B049A8DF801
:1066300053308DF8447010AF039B8DF845602E46A3
:106640008DF850A08DF854308DF84020ADF8429070
:106650000FCF0FC60FCF0FC697E80F0086E80F00C9
:1066600098E8030028630020A986E37A03F0FD037D
:10667000003B18BF012385F86F30E3682B67238A3E
:10668000A5F8743095F84630E27D62F3071385F87B
:106690004630ACE74FF40043A0F8483043881D2B48
:1066A00008BF0021417470478174704790F912004F
:1066B0007047408800F0010070478078C0F34000C8
:1066C00070478078C0F3C000704710B54488C06C34
:1066D000E30654BFC4F340040024FBF77BFE84F0C0
:1066E00001042043C0B210BD4079C31E012B05D860
:1066F000B1F81E31012B14BF03200420704710B5E0
:106700000446F0F7B9FDC0F30B00A042F9D010BD6C
:1067100010B50446F3F76AFB00212046F3F724F98D
:106720002046BDE81040F2F743BE90F868300162A1
:1067300081F8B330D0F86930C1F8B430B0F86D30BA
:10674000A1F8B83070477047F2F70EBF80F8881094
:1067500070478278034612F0010002D0D978C90749
:1067600010D5900702D5D97889070AD512F0040010
:1067700008D0D878C0F3800080F001008000C0B25B
:10678000704702207047C0F34002C0F3800300F05E
:106790000100134418447047022808B507D00428A4
:1067A00007D0012807D039212E20EAF727FC262020
:1067B00008BD2720FCE72520FAE70023C0F80230B7
:1067C00001234370037070478170704710B54270A9
:1067D000144601708078FFF7D6FF484304FB00F2AF
:1067E000FE2A03DD5C212E20EAF708FC10BD002301
:1067F000C37043710371704710B50446FFF7A9FFDA
:10680000637962780133DBB29A4263710CD1E37829
:106810000022A17803436271DBB29942E37001BFA9
:106820002379E27001332371BDE81040FFF7B4BF54
:1068300038B504468078FFF7A6FF0146E078FFF7F9
:10684000A2FF2378227965789B1A6B4359436379B9
:10685000C91A00FB1510C0B238BD014608B58078D2
:10686000FFF791FF4A780B7853435843C0B208BDF5
:1068700040F2EE20704740F25A335843704708B553
:106880000368DA7B182A04D040F27E513120EAF7FF
:10689000B5FB1E22DA7308BD08B590F89E30FE2BBA
:1068A00004D040F66F113120EAF7A8FB002380F8EE
:1068B0009E1080F89F3012B9A0F84E2008BDA0F8B5
:1068C0004630012380F84A30F8E708B50368DA7BE0
:1068D000352A05D10022DA73BDE80840FEF711BE63
:1068E000182A02D11E22DA7308BD40F293513120DA
:1068F000EAF784FB037D63B9C37BA3F11002032A8B
:1069000007D990F8520028B1202B8CBF002001201D
:10691000704701207047037D63B9837BA3F11002A8
:10692000032A07D990F8520028B1202B8CBF0020F1
:106930000120704701207047036810B59A7B93F8D7
:10694000A010092A08D193F899208A4204D1002284
:106950009A7383F84A2010BD1A6812F0080406D012
:1069600022F00802BDE810401A60FEF7CABDFF29F8
:1069700004D1372283F8CC429A73ECE74FF4AF612D
:106980003120EAF73BFB38B50E38136814460D4644
:106990009A7B09283ED8DFE800F0053D3D3D0F3DDC
:1069A000183D3D27042A05D12046FEF790FD2046DC
:1069B000F1F7FCF9002038BD0F2AFBD10022204658
:1069C0001146BDE83840FFF7AFB8212AF2D1204682
:1069D000FEF77DFD002DEDD0226892F8623023F0A5
:1069E000200382F86230E5E7DA7B272AE2D100252E
:1069F0002046DD73FEF785FD236893F83831012BBF
:106A000003D129462046EFF771FD2368002283F861
:106A10003821CFE740F262213120EAF7EFFA02464F
:106A200000680B4690F8621041F0040180F8621093
:106A300099785878F3F7F6BC38B50C460546D1E995
:106A40003001EAF7D7FF637B3BB104F50E742046B3
:106A500000F000FB204600F009FB0F212846EAF772
:106A60002FFF10212846EAF72BFF12212846EAF7CC
:106A700027FF11212846EAF723FF13212846EAF7CA
:106A80001FFF28461421BDE83840EAF719BF00224D
:106A9000C281827490F84C3013B10221F2F71ABA15
:106AA0000321FBE738B504460846E37B162B09D0E3
:106AB000A3F118025342534194F8C82222B10C2585
:106AC000284638BD0123F7E7002BF8D094F8F832B8
:106AD00003F0FF05002BF2D190B194F8063223B9F0
:106AE00040F66C313120EAF789FA052304F180027F
:106AF00004F5FB7100F01AFE012384F8C832DFE7C9
:106B00000223FAE7F0F72ABD10B5044690F8791091
:106B100090F87800F4F7F2FC002201462046BDE828
:106B20001040FEF721BCF4F7E9BDC0F8E81170474A
:106B300010B50446FFF7DDF800F58A71226A236C70
:106B40009A4228BF1A461046FEF717FCB0F5296F87
:106B500028BF4FF4296080B210BD08B520B940F2BB
:106B600077113520EAF74AFA437B03F0FF0113B1AE
:106B70004FF4BC71F5E7202200F50270BDE8084033
:106B800000F09DBE10B5044686B020B94FF4BF7129
:106B90003520EAF733FA427B02F0FF0312B140F2EC
:106BA0007F11F5E7014601226846F4F7C5FC694606
:106BB00004F50270F8F78EFB10B940F28311E7E795
:106BC00006B010BD036893F8A02022B100229A738A
:106BD00083F84A207047DA73FEF793BC03689A7B08
:106BE000032A04D1002283F84A209A737047FEF7E3
:106BF00088BCA1F11203012B0AD910B9192902D8B6
:106C00007047122906D91F298CBF00200120704728
:106C1000012070470020704738B5142813680D46CE
:106C200014469B7B0CD016281AD0122835D1052B80
:106C300014D1002220461146BDE83840FEF774BF4B
:106C4000213B022B0AD81046FEF741FC35B12268E1
:106C500092F8623023F0200382F86230002038BDC1
:106C6000242BFBD11046FEF732FC6DB1226892F85E
:106C7000633023F0010382F86330226892F86330B6
:106C800023F0080382F863301A212046EFF72EFC28
:106C90002368002283F83821E0E740F2AE41362035
:106CA000EAF7ACF9024600680B4690F8621041F032
:106CB000040180F8621099785878F5F7B1B870B58A
:106CC0000C460546D1E93001EAF794FE637B3BB1FF
:106CD00004F50276304600F0BDF9304600F0C6F902
:106CE00004F5F0742046F1F7B9F910B12046F1F738
:106CF000C3F90F212846EAF7E3FD10212846EAF7F9
:106D0000DFFD12212846EAF7DBFD11212846EAF7CC
:106D1000D7FD13212846EAF7D3FD28461421BDE804
:106D20007040EAF7CDBD00207047F0F713BBF0F7D5
:106D3000D1BBF0F7FBBB70B5B0F8DE600146827CDA
:106D4000B600B0F840300ABBC3F106039D1B91F8B2
:106D50003E3013B18B7B052B1DD10846FFF7DBFDC1
:106D6000D8B1D1E90D34E41AA41BAC42B1F8AA00A1
:106D7000A8BF2C4600F051F820B1C389043B9C42C7
:106D8000B8BF1C4624EAE47080B270BDB0F842502F
:106D9000ED1AAD1BDBE70024E7E72C46E5E770B50D
:106DA0000D4604210646EAF775FD044648B906215A
:106DB0003046EAF76FFD20B115B190F8E53003B920
:106DC0000446204670BDC173704780F83610704786
:106DD00090F93600704780F8D910704790F9D900C3
:106DE00070471D2310B504460370EFF7FDFA60707D
:106DF000022010BD1E2310B504460370EFF7F4FA0D
:106E00006070022010BD0123438003800023838033
:106E1000C3804FF44863038170471021EAF73ABDFD
:106E200073B501A90546FDF788FC044618B1212178
:106E30005420EAF7E3F82846019EFFF7EEFF30B151
:106E40000123A6F8DE30848144810482C48102B02B
:106E500070BD3C2303804FF4FA4343800123C38079
:106E600083800023038143814FF44863838170470B
:106E700008B5F6F779FCF6F705F9F6F71DF8BDE861
:106E80000840F7F7DFB910B5C824F6F7BFF80228B5
:106E900008D1013C14F0FF04F7D10620F0F796F971
:106EA000204610BD431E58425841FAE710B5F6F788
:106EB00087FC044600F055F9201841F1000110BD8F
:106EC00038B504461546F6F72DFA01462A462046FF
:106ED000BDE83840F6F77CBD704719B943780BB16F
:106EE000C3788370704710B504460846F7F7B0F8CA
:106EF0004FF47A73B0FBF3F0201A10BD38B5044696
:106F000008461546F7F7A4F84FF47A7300F2E73015
:106F1000033DB0FBF3F0012DA4EB00048CBF022075
:106F20000A20201A38BD013808B507280BD8DFE839
:106F300000F00F1106040A0F0F08032008BD0220FD
:106F4000FCE70420FAE740F289410620EAF756F808
:106F50000020F3E70120F1E700F038B8801A00F3D1
:106F6000070038B50D46144659B240B2F7F73CFC5D
:106F70000023287020446B7040B238BD00230360AA
:106F800070477047002070474FF0FF3070474FF058
:106F9000FF30704770474FF0FF3070470020704758
:106FA000002070470023037070479DF800300022D6
:106FB000FFF7D4BF4FF0FF307047002070474FF00D
:106FC000FF3070474FF0FF30704770477047002028
:106FD000F7F74EBC0020F7F725BD0020F7F736BDC8
:106FE0000020F7F745BC7047F7F77CBDF7F78EBD7B
:106FF000F7F77EBD08B5F8F7BFFEF9F7E5F9F9F741
:107000003BF9BDE80840F8F70DBBF9F749BAF8F7C6
:1070100001BFF8F717BFF9F76DBA00F048B9F9F7F3
:107020005FBAF9F74FBA10B5837F8BB9034601F108
:10703000180251F8044B914243F8044BF9D1012452
:1070400084772146F8F7F0F8F8F7D6FE204610BD11
:107050000020FCE710B504460221F8F7E5F8F8F740
:10706000CBFEA07FB0FA80F0400910BD38B50446D1
:10707000A37F03B938BDA37F032B02D0A37F042BCA
:107080000ED1EFF3108572B62046F8F7F9FA05B97C
:1070900062B6A37F002BEDD0FF210320F9F73EFC61
:1070A000A37F012B02D14FF48271F6E700F048FB79
:1070B000DEE7F8B50746F8F70DFF044620B940F2C1
:1070C00029110320F9F72AFCF8F70AFFA468002524
:1070D0002418384641F1000622463346F8F758FB9B
:1070E000A04271EB060309D3001B6FF0010361EBB3
:1070F0000601834275EB010102D3F8BD2846FCE787
:107100004FF0FF30F9E72DE9F04104460F46F8F75C
:10711000E1FE064620B94FF4A3710320F9F7FEFB08
:107120008568002362195B4113B10020BDE8F0813E
:10713000F8F7D6FE2A18384641F1000314EB02088E
:1071400043F10005F8F724FB4045A941EDD3F9F7D9
:10715000A7F900F06AF8B368012037752344B360DB
:10716000E4E7F8F7BDBE8068704708B5F8F7B2FEEF
:1071700020B940F29B110320F9F7D0FB007D08BD38
:10718000F8B50369044623B14FF4D1710320F9F730
:10719000C5FBF9F785F905460E46F7F783FF70B38F
:1071A0006435D4E9003246F10001AB4272EB0100D4
:1071B00001D22B460A46C4E90032EFF3108572B6BD
:1071C000F8F788FE064698B1F8F78AFEB3680B33E5
:1071D0002CBF012200221B18D4E9006042EB010100
:1071E000B34271EB00023CBF33460146C4E90031B3
:1071F00005B962B62046BDE8F840F8F73FBBF7F79F
:1072000071FF0746F8F77AFEB84238BF3846963520
:1072100046F100024319D4E9000142F10002834221
:1072200072EB0105C7D20346C4E7F8F717B9032983
:1072300010B5044606D801290ED840F25D11B020E1
:10724000F9F76CFB0429F8D1F8F704F820B12046CF
:10725000F8F792FB022010BD0020FCE77047C0E960
:1072600008122022002100F02ABB10B5037886B056
:10727000044623B14FF4AB714520F9F74FFB05935A
:10728000CDE90333D0E90423CDE900234368029319
:10729000037A68468DF81430FFF772FF0120DDE9AC
:1072A0000023C4E9042306B010BDF8F77FBF10B572
:1072B000029C241841F10001A01A61EB0301B0F116
:1072C000004F71F1000103DBAA210420F9F726FB2E
:1072D00010BD08B500230B8581F82A300B6A0921FF
:1072E000984728B103781BB1E9216A20F9F716FB0A
:1072F00008BD436A19444162A1F19600FFF787BEB9
:10730000F8B5044620B940F2AD116A20F9F706FB42
:1073100090F85850052900F2C780DFE801F003809B
:1073200043656F7990F82A30033B012B02D94FF463
:10733000DC71EAE7052380F82A30002380F8593011
:107340000378EBB12378012B24D1F8F7BDFE6368F5
:1073500094F828606362C4E90601F6B9FFF75FFE9E
:1073600031462046FFF7C5FF236A31462846984735
:1073700001462046F9F772F9022840F09880F8BDDE
:10738000FFF743FE07460E46F8F79EFE87428E4102
:10739000F6D3D7E7D4E90401D9E72046BDE8F840A1
:1073A000F9F728B990F82A30DA1E012A02D940F2FA
:1073B000ED11AAE790F828202AB121462846BDE819
:1073C000F840FFF786BF042B036A18BF012180F83D
:1073D0002A100521284698470028D0D00378002B92
:1073E000CDD04FF4007190E790F82A30052B02D0F1
:1073F00040F2062189E7036A0221B7E790F82A30B4
:10740000052B02D04FF403717FE7036A0121ADE73A
:1074100090F82A30052BC0D040F2122175E790F881
:107420002A30052B07D090F829200AB1032B02D06F
:1074300040F2172169E794F82820002ABDD194F87A
:10744000593083B102230821284684F8592084F852
:107450002A30236A9847002891D00378002B8ED0D9
:1074600040F2232151E794F8292062B1214604F12A
:10747000300084F82930F8F7C7FD00287FF47FAF8B
:107480004FF40A7141E702230721284684F82A3085
:10749000236A984700283FF472AF0378002B3FF42B
:1074A0006EAF40F22F2130E74FF40D712DE7012828
:1074B000236A0CBF0421032158E770B50024F9F7B3
:1074C0008FF905462646E0B2854200D870BDF9F72F
:1074D0008DF90134068580F82A60F4E7F8B5044692
:1074E0000D460027F9F77CF90646F8B2864204D823
:1074F000082D0CD96FF0150008E0F9F777F990F82E
:107500002A300137002BF0D04FF0FF30F8BD2CB1FE
:1075100029462046BDE8F840F9F774B921462046CF
:10752000F8E710B50446F9F761F9014688B190F81B
:1075300028308BB990F82A3073B1013B012B04D865
:107540002046FFF7C6FE002010BD012380F828303A
:10755000F9E76FF00100F7E76FF02200F4E770B58C
:107560000D46F9F743F9044600284CD090F82A60FC
:10757000731E012B4DD8002D48D02846F9F70EF880
:10758000002843D02B780BBB012323702B796A7919
:10759000003B18BF0123002A14BF0422022243F03B
:1075A00004032272AA68A5326260EA686372032348
:1075B0002261214604F1300084F82A30F8F724FDD6
:1075C00050BB40F2C1216A20F9F7A8F9022E20D160
:1075D000002323702B796A79003B18BF0123002A0E
:1075E00018BF042643F004032672EA686372A532CA
:1075F000A9686260D4E906325B1842EBE172C4E923
:1076000004320423D5E76FF0010070BD6FF0150060
:10761000FBE76FF02200F8E70020F6E7F8B5037902
:1076200004461BB11B219D20F9F778F946790171B9
:1076300026B901234371217909B96171F8BD276821
:1076400020462671B84702280546F4D1032120467A
:10765000B84708B12F21E6E7236829462046984716
:107660000028E8D03021DEE70346006800B9704703
:107670008842F9D102681A60704701F1100301389D
:1076800013F8012D8B4200F8012FF9D170472DE935
:10769000F04713F0010F8EB004460D4617469A4688
:1076A000DDE9168924D006A8FFF7E7FFA30735D048
:1076B00002AA04F110052068083454F8041C13468B
:1076C000AC4203C31A46F6D106AD02AC1AF0020F63
:1076D0004346CDF8009023D0294620460AAAF9F760
:1076E000C7F90AA93846FFF7C8FF0EB0BDE8F08712
:1076F00013F0040F0DD106AB0E4601F1100C1D4620
:107700003068083656F8041C1A46664503C213460C
:10771000F6D1214602A8FFF7B0FFD6E706ADD5E7C0
:107720003A4629462046F9F7A3F9DEE713B50024C7
:10773000CDE90044FFF7ABFF02B010BDF9F79CBAEA
:1077400020BF704720BF70479142F8B503D3732123
:107750009620F9F7E3F8B2FA82F33BB1C3F12004C3
:1077600099409A4020FA04F4984021434FEA124C81
:1077700093B2040C87B2B1FBFCF50CFB151E05FBA4
:1077800003F64FEA0E4E0EEB1040864205D9361A2C
:10779000964294BF01260226AD1B04EB014128044A
:1077A00005FB1211B1FBFCF40CFB1411634307EB56
:1077B0000147BB4205D9DB1B934294BF012302233F
:1077C000E41A2043F8BD70B5044615461E46FFF77F
:1077D000BBFF049B00FB154430601C6070BD2DE9AD
:1077E000F0411D4607460C46164652EA050303D1F2
:1077F000A6219620F9F792F885B9914204D2FFF7B5
:10780000A3FF2946BDE8F08108462946FFF79CFF03
:1078100005463246384606FB1541F0E7B5FA85F8CD
:107820000123400803FA08F3C8F11F0840EAC470B6
:10783000A3FB0212610803FB0522FFF785FF30FA64
:1078400008F04FF0000102D0013861EB010100FBAC
:1078500005F3A0FB062C06FB0133BF1A634464EB5F
:107860000304B742AC41CDD3013041F10001C9E777
:1078700062B1013910B5841810F8012B11F8013FDD
:10788000A04201D09A42F7D0D01A10BD10467047DE
:10789000431A934200EB020310B508D301390246A4
:1078A0009A420BD011F8014F02F8014BF8E70A4455
:1078B00012F8014D8A4203F8014DF9D110BDF0B51F
:1078C000C9B20446A30726460ED14FF0013522F077
:1078D00003034D43E718BC420CD1334402F00302CA
:1078E0001A44934209D1F0BD002AFCD0013A04F8B1
:1078F000011BE7E744F8045BEDE703F8011BF0E741
:10790000FFF7DDBF00280CBF6FF0150000207047A7
:107910000020704707230370002070470020704745
:107920000020704710F8012B11F8013B012A28BFF5
:107930009A42F7D0D01A7047034611F8012B03F88A
:10794000012B002AF9D17047034613F8012B002AB6
:10795000FBD1181A01387047430803F05533C01A99
:1079600000F03333800800F0333018444FF0013317
:1079700000EB101000F00F305843000E70472DE957
:10798000F0478C468E46089E154604461946002B45
:1079900040F0D080724547D9B2FA82F74FB1C7F1B3
:1079A00020030EFA07FCBD40BC4020FA03F343EA73
:1079B0000C0C4FEA154EA8B2230CBCFBFEF80EFBD4
:1079C00018CC08FB00F943EA0C43994528D9EB1879
:1079D00008F1FF3204D2994502D9A8F102022B44E2
:1079E000A3EB0903A4B2B3FBFEFC0EFB1C330CFBA0
:1079F00000F044EA0344A04214D92C190CF1FF33DF
:107A000004D2A04202D9ACF102032C44241A43EA66
:107A100002401EB1FC40002334607360BDE8F08773
:107A20004246DDE76346F1E7002A79D0B2FA82F3F5
:107A3000002B3FD01946C1F1200302FA01F500FAEC
:107A400001F42EFA03F20EFA01FE20FA03F3AFB2AC
:107A500043EA0E034FEA154EB2FBFEFC0EFB1C2060
:107A60001A0C0CFB07F842EA004290455AD9AA18B2
:107A70000CF1FF3004D2904502D9ACF102002A4447
:107A8000A2EB08029BB2B2FBFEFC0EFB1C220CFB1D
:107A900007F743EA02439F4246D9EB180CF1FF3245
:107AA00004D29F4202D9ACF102022B44DB1B42EA12
:107AB000004202E0AEEB020301224FEA154EAFB2E4
:107AC000200CB3FBFEFC0EFB1C330CFB07F840EA5A
:107AD000034398452AD9EB180CF1FF3004D298459E
:107AE00002D9ACF102002B44A3EB0803A4B2B3FB10
:107AF000FEFC0EFB1C330CFB07F744EA0344A742D1
:107B000016D92C190CF1FF3304D2A74202D9ACF1DB
:107B100002032C44E41B43EA00400F46114678E779
:107B20001F2188E76046ABE76246BFE76046DBE7B8
:107B30006346EFE7734506D916B9002108466DE79D
:107B4000C6E9000EF9E7B3FA83F787B9734501D3A5
:107B5000824207D8841A6EEB030301209C461EB9AB
:107B600000215BE73846FAE7C6E9004CF8E7C7F1C1
:107B7000200CBB4000FA07F422FA0CF520FA0CF1B5
:107B8000BA401D432EFA0CF30EFA07FE4FEA1549D0
:107B900041EA0E011FFA85FEB3FBF9F809FB183024
:107BA0000B0C08FB0EFA43EA00439A4540D9EB1848
:107BB00008F1FF3004D29A4502D9A8F102002B4403
:107BC000A3EB0A0389B2B3FBF9F809FB183308FBEE
:107BD0000EFE41EA03418E452CD9691808F1FF33A6
:107BE00004D28E4502D9A8F10203294443EA004099
:107BF000A1EB0E01A0FB02984145CE46434602D3BD
:107C000006D14C4504D20138B9EB020E68EB0503EE
:107C1000002EA5D0B4EB0E0261EB030101FA0CFCBF
:107C200022FA07F3F9404CEA0303C6E9003197E76B
:107C30004046C5E74346D9E708B501F0E3FC20B16B
:107C4000BDE80840002101F0CFB99FED010B08BD50
:107C500000000000000000002DE9F04F2DED048B26
:107C60009FB005F09BFE05F08DFE1FF0B8FA0023D3
:107C70000546089308A815F083F9044615F0B8F9ED
:107C8000002C00F049822146C3481FF045FF05F053
:107C900079FE2A460146C1481FF03EFF1FF01BFB3C
:107CA00004461FF018FB064602F03AFF074605F0AF
:107CB00069FEBB4B3246214601900093B9483B46D2
:107CC0001FF02AFF02F048FF05F04EFA05F034FCE1
:107CD000B54826F0D6FE04F09FF8B44802F03EFE08
:107CE00006F0FEFD07F01EF905F04CFE05F0F0FF72
:107CF00010B1AF481FF010FF284603F03FFC03F01F
:107D000049FCAC4803F078FCAB4C204626F0BFF9A8
:107D100030B32669A56833684FF4803223F480338A
:107D20003360102120462B689847AF6967B13368EC
:107D30004FF0A07213F4803F14BF4FF000734FF068
:107D4000806310212046B8479C4B9D4A53604FF4F6
:107D500080339360EB691BB101229949964898479B
:107D600003F042FA04F036FD06F0FCF905F0BAFC27
:107D700006F076FA10B193481FF0CEFE04F0A0FC96
:107D800005F03AFF00F014FE02F006FE02F0FAFDE4
:107D900008B101F0F9FE8C4805F044FC49F640407A
:107DA00001F096FD05F0EEFA08F0AEF900238748E1
:107DB00019461A461FF0B3FA4FF4FA6003F022FC9A
:107DC00002F0DAFD824B834A002818BF1A4610469B
:107DD00004F02CF804F042FB08F0B6F940B103F0CF
:107DE00069FE01F0E1FE23F07AFC08B923F093FC70
:107DF00001F052FC9FED668B05F084FA002605F039
:107E000039FC05F003FC01F0D3FB734F00221F2166
:107E10008DED008B644826F044FE044605F02AFCF4
:107E20006148214626F039FE05F0F0FB04F06CFCB9
:107E3000E3060BD500F0BCFD02F0AEFD02F0A2FDA2
:107E400010B9664819F0DCFE24F01004A50718D517
:107E500000F072FD624D012085ED000B02F09CFDEB
:107E600001F092FE5F4BD888F9F75AF932463B464B
:107E7000F9F7EAFAD5E90023F9F74CFC18B124F038
:107E80000204002CC2D05048564D05F0CBFB14F034
:107E9000060F2A8A40F061814FF47A7303FB02F0E7
:107EA00001F016FD05F06EFA08F02EF9200717D53F
:107EB00002F062FD80464C4A1821136808A801337D
:107EC00013604A4A1DF0E2FAB8F1000F00F04C814D
:107ED000404947483E4A08AB1FF021FA01F010FD27
:107EE000A1070AD53E4B93ED009B02F045FDB0EE95
:107EF000490AF0EE690A00F073F9620739D5DFF834
:107F0000F880DFF8F890EFF3118E402383F31288A6
:107F1000BFF36F8F98F8002099F80030934200F07B
:107F20002E810E21334B0DF1200C01FB023303F1A6
:107F3000080BE246186859680833AAE803005B4555
:107F4000D446F6D118680132CAF800009B8802F0C6
:107F50000702AAF80430012388F800208EF3118864
:107F6000BFF36F8F002B40F0038102F005FD00F09E
:107F700073F9E30740F1BE804FF4FA6003F042FB6F
:107F800001F0BEFC02F0F8FC114B124A38E000BFD1
:107F9000FFFFFFFFFFFFFFFF833F050009400500D4
:107FA000503705003C400500586800204972040025
:107FB00076400500159B0200A00F05004F720400DB
:107FC00048680020AE400500E0930400F240050040
:107FD000733505007B35050000408F40200C0020E4
:107FE00040220020D2A20020546800202541050034
:107FF000513F0500777900207579002076790020BF
:10800000002818BF1A46104603F010FF04F026FAA5
:1080100008A806F0E1FC05A805F09EFB04F068FB4B
:10802000044605F0AFFC804626F074FC4FF47A7CE1
:10803000A0FB0C0E47F612220CFB01E10023F9F71E
:108040005BFC4FF47A720023F9F706FC89468246FE
:1080500008F07AF8504B514A00280CBF9B469346D3
:1080600002F08AFCAA68EB684146002818BF134654
:108070005246CDE900B34A484B461FF04DFD9DF8EE
:108080002030002B7DD1DFF84C91DFF820A19DF846
:108090001F50002D7AD09DF81E50BDF814B014F575
:1080A000004F75D00A23002C94FBF3F8B8BF64424C
:1080B000A4B2B4FBF3F203FB12440FFA88F806F003
:1080C0007DFA2B4652464946CDE90240CDE900B83B
:1080D00034481FF021FD03F089FB02F04DFC00F055
:1080E000BBF800F065FC02F057FC02F04BFC08B155
:1080F00001F04AFD08F028F818B103F0DBFC01F0AC
:1081000053FD01F0C9FA05F0FDF805F0B3FA05F0EA
:108110007DFA01F04DFA79E6089919B922481FF065
:10812000FBFCB4E5214C11F0100F214A08BF224698
:1081300011F0020F1F4B204E08BF234611F0200FF5
:108140001E4808BF204611F0010F18BF3446CDE984
:1081500000041B481FF0E0FC99E51A480F211FF0AE
:10816000DBFC43F698209BE617491848184AB2E60C
:1081700002F002FC014608A804F0C0F8C3E60023A0
:10818000ECE6DFF854900DF1480A80E7AB4686E74D
:108190004FF00008444692E76F3F0500683F050036
:1081A0002D4105005A410500A23F0500CD5B0500A9
:1081B000313F05003B3F05004C3F0500453F0500B2
:1081C000F23F0500F7400500733505005D3F0500EF
:1081D0007B3505007C3F0500773F0500000000006F
:1081E00010B52DED028BB0EE408AF0EE608A82B0C1
:1081F00030B1002251EC100B114BF9F781FA98B90C
:108200009FED0B1B0F4C104BB0EE480AF0EE680AC6
:108210000093002220460D4B0D4904F0FBF9204647
:1082200002B0BDEC028B10BD9FED031B094CEAE7C9
:10823000000000000000104000000000000020408E
:1082400000002040564E0500CA8D0500033505008C
:10825000AA4B05004F4E05002DE9F0478046002649
:108260009F4CA6B002F05CFCB04227DC10A805F0E1
:1082700073FA002840F011829DF84B30002B00F07B
:108280000C829DF8494034B1BDF94640142CD4BF4E
:10829000002401242046934D934E2B78002B00F0B0
:1082A000BD813378A34200F0B981002840F02382D9
:1082B000002B40F0AD818D498D48F3E1304602F04E
:1082C00037FC0578304602F033FC132D00F2948021
:1082D00090F8019004A9284603F052FA07460028B6
:1082E00000F08A802B464A460AA818211FF03AF867
:1082F0000A236B439DF81A00E2180F2894BF4FF031
:10830000010A4FF0000AE35C21D80BB1D3796BB9B5
:10831000F8F7F6FE774B41EC100B00939FED6A1BCC
:10832000754B764976480AAA04F074F90A2303FBD0
:10833000054209F1FF3982F807A0B9F1040F57D8B7
:10834000DFE819F00E005E003901F8009600002BFE
:10835000ECD0D379002BE9D0F8F7D2FE694BDAE7FD
:1083600010A806F039FBDDE916010022664BF9F78B
:10837000D1F990B1BDF91D00B0F5487F0DDBF8F7DC
:10838000CFFE5C4B41EC100B00939FED511B5F4BFC
:108390005F4960480AAA04F03DF940F2B532BDF9E0
:1083A0001B3093422ADCB3F52F7FACBF59274727F8
:1083B0000A236B43E218E35CB3B19379BB4213D059
:1083C0008DF8083000239DF81720534801929DF83E
:1083D000162002A9009203AA8DF809308DF80C70BE
:1083E0008DF80D301EF0A2FF0A2303FB05439F7199
:1083F0000A2301226B43E254013633E75227D7E7C1
:10840000BDF91B005E280DDDF8F78AFE394B41EC03
:10841000100B00939FED301B374B404940480AAA90
:1084200004F0F8F80A236B43E218E35CABB1BDF942
:108430001B30B2F904209B1A002BB8BF5B42132BF0
:108440000BDD9DF81730374801939DF816300093E7
:1084500000231A4619461EF069FF0A2303FB054351
:108460009DF81B209DF81C1042EA01229A80BFE76C
:108470000A226A439DF81930A018A25C03F0040197
:10848000C3F38007C2B14278BA4215D0B8F1000FE9
:1084900012D1002940F02981234812B923490A4604
:1084A00001E02349214A9DF8173001939DF81630C9
:1084B000009300231EF03AFF0A2303FB05435F707D
:1084C00096E71A491A4AEEE70000000000002E4025
:1084D00000000000000089400000000000C057407C
:1084E0004E7800208F9E0020909E0020E6580500C8
:1084F000C14E0500CA8D0500CD4E0500CF4E0500CA
:10850000D44E05002C4C050000002E40E54E050021
:1085100023870500E94E0500F44E0500AA4B05002F
:10852000004F0500094F05005D4E0500684E05002F
:10853000794E05006B439DF81920E118D007E35CE4
:108540001DD512071BD40BB10B7A9BB9BDF91B00CB
:10855000F8F7E6FD0022704BF8F776FF6F4B41EC21
:10856000100B00939FED681B6D4B6E496E480AAA75
:1085700004F050F80A2303FB05431F7238E7C3B128
:108580000A2303FB05431B7A9BB1BDF91B00F8F7D7
:10859000C7FD0022604BF8F757FF644B41EC100B0E
:1085A00000939FED591B5E4B5E495F480AAA04F099
:1085B00031F80027DEE70A236B43BDF91B20E118E1
:1085C000E35C171E18BF0127EBB18B78BB421AD0B2
:1085D000B8F1000F17D1002A40F082801BB1544936
:1085E0005448554A06E0544952480A4602E0524966
:1085F00052484F4A9DF8173001939DF8163000936A
:1086000000231EF093FE0A2303FB05439F70EFE651
:108610004B494C484C4A00231EF081FE01232B702D
:10862000002304A88DF81030347004F081FD9DF80B
:108630001030002B38D0454C454B002808BF1C4655
:10864000444D2B7853B129462046FFF76BF928B1EA
:1086500000232246294640481EF061FE002623885A
:108660009DF84A002B80A378EE70AB703B4D0A2832
:1086700094BF012737462C7825D86CB9F8F740FD10
:108680009FED231B41EC100B2246244B0093344BEF
:108690002449344803F0BEFF2F7026B0BDE8F087B0
:1086A000274931480A46B6E79DF849304BB940F6AC
:1086B000C462BDF84010264C244B914288BF1C4632
:1086C000BEE7224CBCE7002CE6D0F8F719FD174BAB
:1086D0009FED0F1B009341EC100B3246204BD7E768
:1086E000002B84D0124915487FE72048002A3FF428
:1086F000E8AE1F49D3E6002BD2D113491A48104ADD
:1087000089E700BFAFF300800000000000004E408A
:10871000000000000000244000002440CA8D050035
:108720003D850500AA4B0500834B05002C4C050038
:108730007E4E0500984E0500AB4E0500864E0500A6
:10874000F2470500C14E0500E6580500D447050074
:10875000D04705008B9E0020154F05008A9E002003
:10876000CD4E0500D94E0500B44E05006F4E0500F4
:10877000794E0500000000002DE9F04F804685B0DD
:108780008946634825F083FC002800F0B68004F099
:10879000EBFD05201EF0C1FEFD235E4E0DF106002F
:1087A00031788DF8063005F06FFC0446C8B90A2010
:1087B0001EF0B3FE317802A805F07EFC044680B9B5
:1087C00002A81EF089FE9DF80A30834207D10DF100
:1087D0000B001EF081FE9DF80D30834231D06FF00A
:1087E000040400274FF0FD0BDFF848A11AF8015BE5
:1087F00033788DF807B0AB427AD029460DF10700E7
:1088000005F042FC002873D10A201EF086FE29469E
:1088100002A805F051FC00286AD102A81EF05CFEF7
:108820009DF80A30834263D10DF10B001EF054FE17
:108830009DF80D3083425BD12946374835701FF0D3
:108840006BF9BDF8080040BA80B2F8F769FC2CA3B8
:10885000D3E90023F8F7CEFC2BA3D3E90023F8F7E4
:10886000F3FD00222D4BF8F70DFB0646BDF80B007B
:108870000F4640BA80B2F8F753FC0022284BF8F7B5
:10888000B9FC21A3D3E90023F8F7DEFD0022254B34
:10889000F8F7F8FA0022002304460D46F8F71CFF0B
:1088A00018BB0022204629461F4BF8F733FF08B1BA
:1088B00000241D4D00221D4B30463946F8F79AFC26
:1088C000F8F732FF00221A4BA8F80000294620468C
:1088D000F8F7DAFAF8F750FF002489F800001EF0E4
:1088E000D0FD204605B0BDE8F08F00240025E1E76B
:1088F0000137032F7FF47AAFF1E74FF0FF34F0E751
:108900000000000000E0654000000000E0FFEF40D4
:10891000C0100500860B0020D55B05000080464096
:1089200000405F4000001840000059400000244013
:108930000000E03FD3A4050030B587B0684604AA24
:1089400002A91EF0FCFD40BBDDE9002310461946DC
:10895000F8F750FCDDE9022304460D46104619469F
:10896000F8F748FC02460B4620462946F8F78CFAF1
:10897000DDE9042304460D4610461946F8F73AFC93
:1089800002460B4620462946F8F77EFA41EC100BCA
:1089900007B0BDE830401EF00BBB9FED030B07B0E6
:1089A00030BD00BFAFF300800000000000000000F9
:1089B0002DE9F04F002400254FF0100A4FF0000B76
:1089C00026462F4687B0684604AA02A91EF0B7FDC6
:1089D00000283FD1DDE9002310461946F8F70AFCCC
:1089E000DDE902238046894610461946F8F702FC65
:1089F00002460B4640464946F8F746FADDE90423AD
:108A00008046894610461946F8F7F4FB02460B46A5
:108A100040464946F8F738FA41EC100B1EF0C8FA08
:108A200059EC108B304642464B463946F8F72CFA43
:108A300042464B4606460F4640464946F8F7DAFBA3
:108A400002460B4620462946F8F71EFA04460D4614
:108A50000BF1010B9D20002125F06CFEBAF1010AFB
:108A6000B1D1BBF1030F2BDD5846F8F759FB024695
:108A70000B468046894630463946F8F7E5FC4246C3
:108A800006460F464B4620462946F8F7DDFC32469F
:108A900004460D463B4630463946F8F7ABFB0246E6
:108AA0000B4620462946F8F7EDF907A3D3E9002342
:108AB000F8F730FE003818BF012007B0BDE8F08F8E
:108AC0005046FAE7AFF3008092CB7F48BF7D4D3F21
:108AD0002DE9F04DAA4CB6B04FF0FF324FF0FF3306
:108AE000A84818F035F80122A7480DF11F011FF022
:108AF000F8FB0128F0D1A5499DF81F200B68242A16
:108B000003F10103A24E0B6002D130602270EAE74C
:108B10003368002BE7DB0D2A02D00A2A40F0BD8122
:108B20000025052BE55440F35F819A4A21461368DE
:108B30009948013313605F2227F006FE964B83F8B5
:108B40005F5005F039FE18B9944A13680133136079
:108B50003368052B40F34881E378522B38D0E37813
:108B6000472B40F041812379472B40F04F816379B7
:108B7000412B40F04B8105F01FFE002800F04081A2
:108B8000874A102113681EA80133136005F0F8FD11
:108B9000082840F329814FF0FF324FF0FF3381481E
:108BA00017F0AEFE249827F095FD7F4D85F8500014
:108BB000259827F08FFD85F85100269827F087FD2E
:108BC00051EC100BF8F7F8FD686505F03DFE0BE180
:108BD00023794D2B40F008816379432B40F00481C9
:108BE00005F0EAFD8046002800F005816F4A182153
:108BF00013681EA80133136005F0C2FD092840F375
:108C0000F3805822002108A827F059FD209B1B78EB
:108C1000A3F14102534253418DF8203025F07AFEF2
:108C20004FF47A75A0FB0507002347F6122205FBD7
:108C30000171F8F761FE9DF82030CDE91A010BB300
:108C4000DDE9210105F060FDDDE923018DED0A0B71
:108C500005F05AFD8DED0C0B25980378002B38D0CC
:108C600027F035FD51EC100B41A3D3E90023F8F7B1
:108C7000C1FACDE90E01269803786BB327F027FDE2
:108C80008DED100B00238DF848309DF8203033BB5C
:108C90004FF0000A4FF0000B4FF0FF334FF0FF3260
:108CA0004048434D17F02CFE58223F4808A927F0B2
:108CB000E0FC2B780022002B40F080805046594683
:108CC0003C4BF8F727FD002840F0818005F0BCFD03
:108CD00084E000200021C7E79FED270BD0E71F9F0E
:108CE0003846FEF731FE052802D8DDE90EABD3E7A2
:108CF000279D2846FEF728FE0528F6D90A2297F870
:108D000004C07979ACF1300C303902FB0C112879B0
:108D10006B79049197F802C0F978ACF1300C3039D6
:108D200002FB0C11039197F800C07978ACF1300C7C
:108D3000303902FB0C1102912F786978303F3039BD
:108D400002FB07110191AF78E978303F303902FB1F
:108D500007113038303B02FB00330091164A2021C6
:108D600012A81CF093FB9DF82030002BBDD18FE79B
:108D70006F1283C0CAA1FD3F000000000000000088
:108D800051A30020A00D0020A4060020B46A0020FA
:108D9000A0060020B06A0020F0A20020AC6A0020EB
:108DA000A46A0020BC6A002048250020A86A002090
:108DB000D1A30020000008408E5E050050465946B1
:108DC000394BF8F789FC002880D04FF0000885F86F
:108DD000008005F039FD354B1B684BB99DF82030FC
:108DE00013B1334817F080FE4FF0FF3333607AE65B
:108DF00040469847F2E73368052B3FF7B0AEF3E7FC
:108E00003368052BF0DDE378472BEDD12379532B25
:108E1000EAD16379562BE7D16278A378472A0AD141
:108E2000502B18D04C2B2FD0412B30D0422B07D1B8
:108E30000325082311E0422A09D1442BD4D1F7E7B6
:108E4000512B27D0492BCFD10525202305E0492AD6
:108E5000CAD1522BF7E700250123164A11780B439C
:108E6000137025F057FD4FF47A77A0FB070C124BD7
:108E700047F6122203EBC50507FB01C10023F8F7F3
:108E80003BFDC5E90001AFE701250223E5E7022527
:108E90000423E2E704251023DFE77E2BA4DC591C22
:108EA0003160E2541FE600BF0000F83FB86A0020BE
:108EB000700D002050A300201825002000000000A5
:108EC00013B500246FF009034FF48062144915486C
:108ED000009418F013F81449124825F06BFB13495D
:108EE000134825F0AAFA224604211C2009F0EAFFC3
:108EF0000122104BD3E8EF1FC3E8E02F0028F9D17F
:108F000005A3D3E900230C49064818F037F820469A
:108F100002B010BDAFF30080389C1C0000000000C0
:108F2000B0E70020C0630020BFA10500A3CA040071
:108F30000073002098720020C80500200000000087
:108F400010B50B4BD3E8AF3F53B1F6F7B1F806A31A
:108F5000D3E90023BDE810400649074818F00EB8D1
:108F600010BD00BFAFF30080389C1C000000000063
:108F700098720020C8050020C06300200000000097
:108F800070B4174E0C46B042154608D00136B042B8
:108F90000FD0023EB04210D070BC1BF045BA0AA3FD
:108FA000D3E90023C5E900230E4B0020236070BCE9
:108FB000704707A3D3E90023F4E707A3D3E900230D
:108FC000F0E700BFAFF3008002C0FF7F00000000A9
:108FD00003C0FF7F0000000001C0FF7F0000000011
:108FE00002C0FF7F03004E802DE9F84F814688467E
:108FF00000232DED028B19F803705A1C202F00F06E
:109000009E81A7F10901042940F299812B2F144672
:1090100031D02D2F34D0042547F02003692B31D0D7
:109020006E2B68D000224FF00A0B924694461346EE
:10903000114615F4006073D047F02006A6F1610ECA
:10904000BEF1050F6CD8573EF6B25E456DD347F0C2
:10905000200705F08006782F40F0AC80002E5BD012
:1090600053EA010640F0A88045F4006E4FF0100B63
:109070001FFA8EFE8CE0042519F802709C1CCBE7C9
:109080004425F9E79FEDB08BB54B13F8011B49B1AF
:1090900019F80420601C42F020028A422FD0B14A05
:1090A000934239D1B0EE480AF0EE680A27F0CFFDBE
:1090B00048B119F80430282B05D1013419F80430CF
:1090C0000134292B1DD16B0607D518EE901A18EE26
:1090D000102A01F1004343EC182BB8F1000F02D025
:1090E0004C44C8F80040B0EE480AF0EE680ABDEC07
:1090F000028BBDE8F88F9FED968B9B4BC5E704462E
:10910000C3E723F02002413A192AD7D9A3F130024C
:10911000092AD3D95F2BD1D000249FED8F8BDCE7B8
:10912000A7F13006F6B25E4539D245F0800E15F44F
:1091300080701FFA8EFE23D1BBF10A0F14BF0F27D8
:109140001027BA450EDCAF0527D4ABFB0335F31867
:109150000BFB015545F1000153EA010018D00AF15B
:10916000010A15E045F4C07EBBF10A0F1FFA8EFE1E
:1091700006D1042E04D9052E4FF0020C08BF064676
:10918000002E18BF4CF0010C1EF4007F00D10132FC
:1091900019F80470754601344BE7013AD5E7FE2E05
:1091A0007FF455AFAE053FF552AF45F4007E1FFA90
:1091B0008EFEEDE7002EAFD0002876D09200702012
:1091C000B84217D119F80400661C2B2804D02D28AA
:1091D0006DD145F48065ADB219F80670A61C044641
:1091E0003846A0F13007092F64D901340CBF06F1CD
:1091F000FF34B41E53EA010004F1FF3400F09C80F8
:1092000028057CD53632B1F5800F6AD3574FB1F5BA
:10921000000F6BD2BA4269DB4CEA0303084603F045
:109220000306032E03D003F00606062E09D10433ED
:1092300041F10000B0F5000F22BF013201234FF4CD
:109240008000B2F5806F74DAB0F5800F4FEA9006B7
:109250004FEA930326BF02F2FF3226F48016002263
:1092600043EA807346EA0251184641EC180BB0EE0F
:10927000480AF0EE680A1DF059FF0138022804D8A8
:109280003B4B222209F078FF1A50B0EE480AF0EE6C
:10929000680A1DF04BFF013802283FF614AF344B2B
:1092A000222209F069FF1A500DE7652088E74FF088
:1092B000FF3496E7002440F2D34E4FF00A0B74457A
:1092C000DCBF30380BFB040419F806000136A0F1AE
:1092D0003007092FF3D96F0548BF64422244344652
:1092E00088E7DB1802F1FF3249418CE75E0803F0A2
:1092F0000103013246EAC1764908334387E79244C5
:109300001AF5A27F12DDBAF59B7F12DA03F0010095
:1093100040EA0C0001308008181841F1000100F00B
:109320002BF8B0EE408AF0EE608AAEE79FED0A8B34
:10933000ABE79FED058BA8E79FED078BC3E61346D0
:1093400059E600BFAFF30080000000000000F07F8E
:10935000000000000000F87F000000000000000096
:1093600071A6050074A605006EA6050002FCFFFFAD
:109370000C000000000000002DE9FF478046164663
:109380000F46002900F0A380B1FA81F4341B002EAF
:1093900004F10A04C0F2A38030461DF0EDFC044441
:1093A00030461DF0EFFCA4EB060905466946304641
:1093B0001DF010FDA9EB05036A4640467D33394692
:1093C00027F064FAA64282460D4600F38480B9F184
:1093D0003F0F00F382804FF0FF33A9F12000C9F165
:1093E000200103FA00F003FA09F223FA01F103FA6B
:1093F00009F3024328EA03030A4327EA020213435C
:109400000CBF01200020002D00F08B80B5FA85F301
:10941000E31A40F2FE7203F23E43934200F3878068
:10942000002B23EAE371D4BF01220A46121BA2F2E9
:109430003344A2F2344EA2F25343C4F120072AFA75
:1094400004F625FA03F3CEF1200C05FA07F725FA06
:1094500004F405FA0CFCCEF120083E43A2F2544776
:10946000A2F254421E432AFA0EF325FA07F743EA02
:109470000C033B4313F0010318D04FF0FF3707FAFA
:1094800002F307FA0EFC4CEA030C27FA08F307FA7A
:109490000EF74CEA030C2AEA070A25EA0C055AEAF9
:1094A000050A42D1002840D006F001039A1944F180
:1094B00000041646C4F3130452EA040008BFC91896
:1094C00044EA015747EC106B04B0BDE8F087B0FAEE
:1094D00080F420345AE7012095E7002093E7C6F195
:1094E000000948461DF04EFC241A48461DF04AFC6F
:1094F000A61B0546694648462E441DF0DDFC6A461B
:10950000404606F17C03394627F0C0F982460D46F5
:10951000404639461DF046FC81458CBF00200120A5
:1095200071E7BAFA8AF3203372E70123BEE79FEDB1
:10953000020BC9E7AFF30080000000000000F07FDD
:1095400008B527F084FB9FED020B08BDAFF3008048
:10955000000000000000F87F70B5EFF31185402394
:1095600083F31288BFF36F8F0E490F4B0C781B7873
:10957000621C02F0070293420ED00E260B4B06FB34
:10958000043300F10C0450F8046BA04243F8046B60
:10959000F9D1008818800A7085F31188BFF36F8FA6
:1095A00070BD00BF767900207579002077790020A2
:1095B00013B501F0E1F94FF47A74104BE0B19B68F8
:1095C00047F6122C40F2E73000215C434FF47A72E8
:1095D0000023E4FB0C01F8F78FF902460B4600214B
:1095E0000020CDE90001064818F0D2FA204602B06A
:1095F000BDE8104004F016B8DB68E1E7D2A2002015
:10960000580C002070B58AB00B46194A282105462F
:1096100068461BF03BFF6846FEF796F9694604462C
:10962000284627F0BAF8134E00B301190A4611F87C
:10963000015BA5F10903DBB2172B08D826FA03F367
:10964000DA07F3D46946013027F0A7F8ECE73A2DA2
:10965000F8D10132104603780132093BDBB2172BF7
:1096600004D8044921FA03F3DB07F3D40AB070BD30
:10967000296905001300800010B51446FFF7C2FFEA
:1096800030B10422034927F04DF8B0FA80F46409A0
:10969000204610BD7A32050010B5AAB006F02EFDA6
:1096A00000221B4B1A7006F04FFD38B304F06AF924
:1096B000044604F09FF96021164B174ACDE900409B
:1096C00012A81BF0E3FE02F057FA40210346134AAA
:1096D00002A81BF0DBFE02A912A81EF096F868B1E2
:1096E00002A912A81EF091F840B10D481EF014FA1C
:1096F00003F0C0FE06F0F8FC2AB010BD05F04EFEE7
:1097000003F0B8FE2AB0BDE8104006F0EDBC00BF83
:109710004C7900207F3205008D320500A26F0500D4
:109720009D3205002DE9F04F4FF000094D46CB4624
:109730008FB0CDE903011F469DF86030BDF964404C
:1097400002939DF81030BDF9688006939DF80C30A7
:109750000592079301F0E4F9484506DC1B9B03B131
:109760001D6058460FB0BDE8F08F484601F0E0F9A3
:109770000678132E3AD8059B2BB9039B002B02DBEE
:10978000079BB34232D1304608A901F0F9FF68B314
:109790009DF826A0BAF1000F28D0049B002B02DB15
:1097A000069B534522D1012F34D10AF1FF33DBB29E
:1097B000042B22D83E4A32F9132094420DDB3D4956
:1097C00031F913309C4208DCB8F1000F05DB9B1A1D
:1097D000012B0ED1B8F1000F0FD02346524631466F
:1097E0003548CDF800801EF097F9013509F10109DF
:1097F000B0E7A4EB08039A42EFDC3A465146304604
:10980000CDE90048029B01F031FD0028EED10BF1BB
:10981000010BEBE70B2F0CD1214602981DF0B7FC92
:109820000028EAD123463146029A24481EF074F9F2
:10983000DBE70A2F14D1A4F5FA639BB2B3F5FA6FF4
:1098400009D8A8F5FA639BB2B3F5FA6F03D8A4EB75
:109850000803632BD1DC4346224631461848E5E72E
:10986000022F0CD143F68C42A4F5FA739BB29342BB
:10987000C3D92246314613481EF04EF9B5E70C2FE6
:1098800008D104F128039BB2302BB6D922463146C9
:109890000D48F1E70D2FB0D149F6404204F59C4345
:1098A00020339BB29342A8D9224631460748E3E7CA
:1098B000CA310500C0310500EE3205002C33050029
:1098C0006133050098330500C9330500FE330500F8
:1098D00010B5094B04469B7C63B103F0E5FC2046C0
:1098E00004F0DEFF30B105481EF016F9BDE8104067
:1098F00005F004B910BD00BFD2A200203C34050021
:1099000070B586B001F038F8044660B901461422FB
:109910001C4826F0D4FE142221461B4806B0BDE8A0
:10992000704026F0CCBE0024164E174D16F8013BB1
:109930007BB16946E0B201F023FF50B19DF80630DB
:10994000052B06D19DF8093013F0040308BF06F873
:10995000013C2B7873B16946E0B201F011FF48B1C8
:109960009DF80630012B05D19DF8093013F0200336
:1099700008BF2B700134142C05F10105D6D106B0B7
:1099800070BD00BF617900204D79002010B51949E4
:109990000446FDF7C7FF08B320461749FDF7C2FF8D
:1099A000E8B120461549FDF7BDFFD0B12046144966
:1099B000FDF7B8FFB8B120461249FDF7B3FFA0B1DB
:1099C00020461149FDF7AEFF88B120460F49FDF74B
:1099D000A9FF00280CBF06204FF0FF3010BD01206A
:1099E000FCE70220FAE70320F8E70420F6E7052069
:1099F000F4E700BF69340500793405008D340500B3
:109A00009C340500AB340500B8340500C9340500AA
:109A100010B503780446002B4BD02E49FDF782FF8A
:109A2000002846D020462C49FDF77CFF002840D076
:109A300020462A49FDF776FF00283AD020462849DB
:109A4000FDF770FF002834D020462649FDF76AFF55
:109A500088B320462449FDF765FF70B320462349AB
:109A6000FDF760FF58B320462149FDF75BFF40B387
:109A700020462049FDF756FF28B320461E49FDF732
:109A800051FF00B320461D49FDF74CFFE8B12046C9
:109A90001B49FDF747FFC0B120461A49FDF742FFB9
:109AA000A8B12046FFF772FF431C14BF0B20002013
:109AB00010BD0120FCE70220FAE70320F8E70820A8
:109AC000F6E70A20F4E70C20F2E70D20F0E7092082
:109AD000EEE700BFD9340500E1340500F03405009D
:109AE000E9340500FC340500053505000F35050097
:109AF000173505001F3505002A35050037350500E7
:109B0000453505004E3505000146014824F0BEBF2D
:109B10005868002038B5037A0446D90706D5FFF700
:109B20001BFDBDE838400420FFF7EEBF4279052A4F
:109B300013D15A0723D58379132B20D800F01CFFAB
:109B400058B1A3790E4AD15C39B901212046D154CC
:109B5000FFF702FD0420FFF7D7FF6579012D0ED135
:109B6000237A9B060BD5A379132B08D800F004FFAA
:109B700028B1A379034AD15C09B9D554D1E738BDDE
:109B8000617900204D79002007B50023044A05487B
:109B9000CDE9002317F0FCFF03B05DF804FB00BF24
:109BA0001C4E0E00200C00202DE9F04FAA4CADF207
:109BB0008C4D23786BB905F00FFA40B1A7481DF022
:109BC000ABFF0DF28C4DBDE8F04F02F0EBBE012370
:109BD000237040F2DC524FF40071A2A805F07CFB28
:109BE000012805D002F0DEFE0DF28C4DBDE8F08FAD
:109BF00000242022002122A826F061FD1822002145
:109C000016A826F05CFD2023954922AAA2A81DF0E3
:109C100021FB13AD1823934916AAA2A81DF01AFB25
:109C20009149A2A80C232A46C5E90044AC601DF066
:109C300011FB28468D49FDF775FE48B128468C4931
:109C4000FDF770FE20B128468A49FDF76BFE30B95A
:109C50008949A2A81DF0E0FA00283ED101242A7803
:109C6000864B8748002A18BF2B4616A922AA1DF04A
:109C700053FF844916A8FDF755FE0546002840F01D
:109C800042810146A0222AA826F019FD1822294661
:109C90001CA826F014FDA0237B492AAAA2A81DF027
:109CA000D9FA182379491CAAA2A81DF0D3FA784939
:109CB000A2A81DF0B8FA77490746A2A81DF0ACFA91
:109CC00038B300226A49A2A8FFF7D6FC0446002850
:109CD0005CD0714B0093714B19E06749A2A81DF04D
:109CE000A2FA04461DF0F7FA84420646B6D052ADF9
:109CF000034660216A4A284600941BF0C7FB33469E
:109D00002246684816A91DF007FF674B0095674A71
:109D1000F1E06749A2A81DF07FFA02460028D0D1E1
:109D20005349A2A8FFF7A8FC06460028C9D1DCB118
:109D300060491CA8FDF7F6FDB0B103F023FE1DF04D
:109D40004EFA5D4B05465D4A009316A9334622A89C
:109D500002F01EFC4FF47A715948B5FBF1F11DF089
:109D6000DBFE28461DF08FFA3A461CA92AA802F00D
:109D700075FD054652AE5021304602F02BFE15F11E
:109D8000780F40F0AF804F4B009361E04849A2A8A4
:109D90001DF042FA08B34649A2A8FDF74DFF51EC69
:109DA000100BF7F7E9FC4FF00108C6B200F0B8FE5F
:109DB000854204DB4CBB444B0093444BA7E7284649
:109DC00000F0B6FE4378B34205D10378132B9CBF55
:109DD00008FA03F31C430135E8E72E49A2A8FDF772
:109DE0002BFF51EC100BF7F79FFC1328054601D908
:109DF000374BE1E752AC2146C0B201F0C1FC00286C
:109E0000F6D001249DF84E61AC403A461CA9234689
:109E100000962AA802F0D2FE054652AFA02138468D
:109E200003F04EF8002D55D14FF00108A94608FA6D
:109E300005F3234208D04FF4E16304223146CDF804
:109E40000090E8B21DF050FA0135142DEFD10097C3
:109E500000231A4A4FE000BF4C79002093350500DB
:109E6000D5350500406A0500D9350500DF35050008
:109E7000E5350500E9350500D33705005635050001
:109E800066360500843605008E360500639F0500A2
:109E9000FE770500F43E05009236050066350500A4
:109EA000EE35050010360500553605009295050083
:109EB000839F0500503705005637050070350500B3
:109EC0006C37050092370500FF3605008335050025
:109ED00036370500974B984A009715F1100F18BFB9
:109EE000134614E71CB11DB902F05CFD71E63DB1EB
:109EF000924A904B009616A922A802F049FBF3E77C
:109F000023468F4AF6E78F4916A8FDF70BFD30B9B7
:109F100052AD6021284602F05DFD009598E78A4920
:109F200016A8FDF7FFFC58B900F026FD874B884ABC
:109F3000002818BF1A46104601F078FF854B23E72A
:109F4000854916A8FDF7EEFC044600283ED1012005
:109F500001F0CCFB282181481DF0DEFD49F6404090
:109F600001F050FB254626464FF0010852AF394616
:109F7000E8B201F005FC18B108FA05F31E430134FC
:109F80000135132DF3D1002001F0B0FB0EB9744B55
:109F900012E7304603F04EFD054601F0B9FB00F034
:109FA0004DFD28237021CDE901036E4A3346384622
:109FB00000941BF06BFA224631466B481DF0ACFD55
:109FC000002D40F084802B465D4A7EE0674916A84C
:109FD000FDF7A8FC58BB6649A2A81DF01DF9044670
:109FE000A8B900246349A2A81DF016F9D8B16149A7
:109FF000A2A81DF018F9604BA0F13C029A4212D8B9
:10A000005E4BD86003F098FDFFF7D2FA96E7584907
:10A01000A2A81DF008F95A4BA0F11E029A42E0D8FE
:10A02000564B9860DEE7002CECD1564B52E6564971
:10A0300016A8FDF777FC0146002840F0D0811822D1
:10A040002AA826F03CFB5149A2A818232AAA1DF0F1
:10A0500001F94F49A2A81DF0DFF8002840F0AC80BC
:10A060004C49A2A81DF0D8F8002840F0A5804A4924
:10A07000A2A81DF0D1F8002840F09E8047492AA8E8
:10A08000FDF750FC30BB4649A2A81DF0C5F808B347
:10A090004349A2A81DF0C7F803F0CCFC044601F028
:10A0A00037FB1DF018F9054600F0C8FC064600F025
:10A0B00037FD52AFCDE900602B4660213846394A62
:10A0C0001BF0E4F91CB923461D4A009713E71B4A0D
:10A0D000194BFAE734492AA8FDF724FC00286BD174
:10A0E0002F49A2A81DF098F8002865D02C49A2A8F5
:10A0F000FDF7A2FD55EC104B0022204629462B4BC4
:10A10000F7F708FB002890D0002220462946284B6C
:10A11000F7F7ECFA002888D0264B00222046294683
:10A12000F7F768F8F7F728FB144BD88003F004FD25
:10A1300004E700BF6135050066350500929505000E
:10A1400070350500A6370500B137050073350500E9
:10A150007B350500BC370500CD370500DB37050032
:10A160000138050032380500633805008F380500D6
:10A170009C380500A5380500443A0900D2A2002009
:10A1800062510100AC380500AF380500BD3805004C
:10A19000F43E0500839F0500E5350500D337050033
:10A1A0008D350500C3380500FC3405000000E03F94
:10A1B0000000304000408F40A949A2A81DF02CF8B3
:10A1C000002836D0A749A2A81DF026F8002836D0CE
:10A1D000A449A2A8FDF730FDA349A2A859EC108B11
:10A1E0001DF01AF8044640B19F49A2A8FDF724FDCE
:10A1F00051EC100BF7F798FA04B29C49A2A81DF095
:10A200000BF8002860D09949A2A8FDF715FD51EC84
:10A21000100BF7F789FA064600229149A2A8FFF72A
:10A220002BFA82462AA8FFF7F3FB00284FD1904B68
:10A2300050E58E49A2A81CF0EFFF0028C2D18D493D
:10A24000A2A81CF0E9FF00283FF4EFAE8549A2A8C0
:10A250001CF0E2FF00283FF4E8AE8649A2A8FDF713
:10A26000EBFC51EC100BF7F75FFA7E490446A2A80D
:10A27000FDF7E2FC7C49A2A859EC108B1CF0CCFF46
:10A28000054640B17849A2A8FDF7D6FC51EC100B69
:10A29000F7F74AFA05B25FFA84FA52AE31465046F1
:10A2A00001F06EFA074608B19DF84E71132C3FF687
:10A2B000BCAE2AA8FFF7ACFB064600283FF4B5AEBB
:10A2C000002F38D16C4B77E54FF0FF36A4E7092813
:10A2D00001D16A4BFEE40D902AA8FFF757FB4FF01F
:10A2E000000B0546494640461CAFCDE90247CDF874
:10A2F00070B0F7F719FA25EAE57500B2EDB231460C
:10A3000052460D9B019000954FF0FF30FFF70AFA7F
:10A3100005461C9E52AC034690212046584A0096A2
:10A320001BF0B4F80094002D7FF492AD002E7FF75F
:10A3300044AD544BEBE440464946F7F7F5F904B217
:10A340002AA8FFF723FB0B2E20EAE0785FFA88F8B3
:10A3500007D1214640461CF01AFF88BB4A4B0093A8
:10A36000E7E70A2E10D1A4F5FA639BB2B3F5FA6FB2
:10A3700008D8A5F5FA639BB2B3F5FA6F02D8631B50
:10A38000632B1DDC414BEAE70C2E06D104F12803B8
:10A390009BB2302B14D93E4BE1E7092E04D1A3B276
:10A3A000132B0DD93B4BDAE70D2E09D149F640436B
:10A3B00004F59C42203292B29A4201D9364BCEE744
:10A3C0004346324639465046CDE9004500F04EFF3F
:10A3D000034600287FF429AE304A009239E530491F
:10A3E00016A8FDF79FFA044600287FD12D49A2A8A0
:10A3F0001CF012FF40B12B49A2A8FDF71DFC51EC47
:10A40000100BF7F791F904461849A2A81CF004FFB5
:10A4100000284BD01549A2A8FDF70EFC51EC100BFB
:10A42000F7F782F906460E490022A2A8FFF724F9A1
:10A4300010490746A2A81CF0EFFE002839D00D49AC
:10A44000A2A8FDF7F9FB51EC100BF7F76DF9B4F585
:10A45000616F02D830422FD577BB134B3AE400BF6F
:10A46000E53505008D350500E8380500839F0500BA
:10A47000ED380500F43E0500AC380500063905004E
:10A480008D390500CD390500DF390500093A050091
:10A49000393A05005F3A0500803A0500B43A0500F4
:10A4A000D73A0500E33A0500EB3A05004FF0FF36D6
:10A4B000B9E74FF0FF30CAE7002523B23A463146EC
:10A4C000CDE90053CDE902550423FFF72BF90646E9
:10A4D00052AF034660213846A34A00941AF0D6FFD3
:10A4E000002E7FF470ADA14AA14BEEE5A14916A85C
:10A4F000FDF718FA00284BD19F49A2A81CF08CFE4A
:10A5000048B19E4C9C49A27CA2A8003A18BF0122E7
:10A51000FFF7B2F8A0749A49A2A81CF07DFE50B1D2
:10A520009749A2A81CF07FFEA0F10A03B3F5917F22
:10A530009CBF924B18829349A2A81CF06DFE002884
:10A540003FF4F4AD1022002152A826F0B8F88D494E
:10A55000A2A8102352AA1CF07DFE8B4952A8FDF739
:10A56000E1F988B1894952A8FDF7DCF970B1884951
:10A5700052A8FDF7D7F9002814BF002003207F4B15
:10A58000D87404F0F9F9D1E50120F8E70220F6E7E4
:10A59000804916A8FDF7C6F948B97F49A2A81CF062
:10A5A00042FE00287FF741AD01F0D2FAC6E47B49B4
:10A5B00016A8FDF7B7F9002835D1102200212AA8E6
:10A5C00026F07DF8102376492AAAA2A81CF042FEA4
:10A5D0002AA803F053FA044610B1724BFFF77ABB76
:10A5E00003F0D0F9054603F0CDF91CF0F8FD52AEAA
:10A5F0002B4660216C4A009030461AF047FF16A99E
:10A6000023466A4A009622A801F0C2FF03F0BAF975
:10A61000014667481DF080FA4FF4FA701CF033FED3
:10A62000012006F0D3F9634916A8FDF77BF900284D
:10A6300050D16149A2A81CF0EFFD10B95F4BFFF7A4
:10A6400049BB5F49A2A81CF0E7FD0028F6D05A4993
:10A65000A2A81CF0E8FD5A490446A2A81CF0E3FD9C
:10A6600081B2A0B203F09AFA52AD0446A8B103F049
:10A670004BFA044603F054FA41F2A8634FF4FA721D
:10A68000CDE90240CDE90032C02140F6B83328467A
:10A690004C4A1AF0FBFE00954BE62AAF384603F011
:10A6A0005BF8804603F030FA064603F039FAB8F159
:10A6B000000F0DD1BDF8A8309DF8B240CDE90134AE
:10A6C00000903346C02128463F4A1AF0DFFE24E4BA
:10A6D0002346F3E73D4916A8FDF724F9002834D1B5
:10A6E0003B49A2A81CF098FD38B93A49A2A81CF031
:10A6F00093FD10B9384BFFF7EDBA3549A2A81CF00D
:10A700008BFD344B3249002808BF1946A2A8FDF73B
:10A7100093FA51EC100BF7F707F800B200F1280399
:10A720009BB2302B3FF637AE40B203F01BFA50B964
:10A7300003F0E4F952AD034650212846274A1AF0A7
:10A74000A5FEFFF7EABB264B09E6264916A8FDF74A
:10A75000E9F80346002847D1214A16A9009222A809
:10A76000124A01F015FF57E7223B050092950500BC
:10A77000833505005D3B0500663B0500D2A2002045
:10A780006D3B05007B3B0500893B0500953B0500C3
:10A790008F3B0500993B0500A33B0500A93B050045
:10A7A000A1590500B33B0500DD3B050070350500F0
:10A7B000063C05002E3C0500373C05003F3C0500EB
:10A7C000643C05006D3C0500D33C0500153D0500CB
:10A7D000333505008D350500203D0500473D05005A
:10A7E000AC3805007A3D05004C4916A8FDF79AF8EB
:10A7F00000283BD14A490DF5A47A8B681193CB68A8
:10A800000D938B7CB1F806B00E93CB7C0F93098A25
:10A81000109100F085F905461CF05DFD064603F039
:10A82000B1F8074603F070F9804603F079F98146E4
:10A8300003F064F90F9B109903930E9B394ACDE9FD
:10A8400001B30D9BCDE90A02049100934FF4A0716E
:10A850005046CDE90889CDE90667119B324A059536
:10A860001AF014FECDF800A0FFF7F2BA2F4916A88F
:10A87000FDF758F80546E0B903F0A0FE2C49044660
:10A88000A2A81CF0D0FC52AE03468021294A3046D3
:10A8900000941AF0FBFD2B46274A009616A922A821
:10A8A00001F076FE002C7FF71FAB01F003F9FFF7F4
:10A8B0001BBB224916A8FDF735F8044608BB014624
:10A8C00000F0E8FE002802DB00F02AF9044652AD51
:10A8D0002346602128461A4A1AF0D8FD0023164A5A
:10A8E00016A9009522A801F053FE00F045F8154B7B
:10A8F000154A002818BF1A46104601F097FAFFF7CC
:10A90000F3BA124916A8FDF70DF820B9104B0093C1
:10A91000104BFFF7FCB9104BF9E700BF813D050074
:10A92000D2A20020503705008C3D05004F3E0500A7
:10A930005B3E0500643E050070350500C83E05001D
:10A94000D23E0500733505007B350500EA3E050063
:10A95000053F0500F93E0500AC380500034B044AED
:10A96000186000231370034A137070476468002056
:10A97000E9790020E8790020014B1878704700BF82
:10A98000E9790020024B187808B9024B1878704713
:10A99000E9790020E87900202DE9F0410446204EB5
:10A9A00023F0B8FF33781F4DA34235D04FF47A77A8
:10A9B000A0FB070C47F6122207FB01C10023F6F7A4
:10A9C0009BFF074603462878DFF86CC0164A18B18B
:10A9D0009CF80000A04207D00123C2E900712B704F
:10A9E0008CF80040BDE8F081104F114C002818BFD2
:10A9F0003C46D2E90072DB1B61EB0201A34271F11C
:10AA00000001EFDB00232B700A4B30701B68002B1A
:10AA1000E8D0BDE8F041184700232B70E2E700BF03
:10AA2000E9790020E879002048220020C0D4010004
:10AA3000E093040064680020E7790020002310B54B
:10AA400018460124054911F8332001331F2A9CBF01
:10AA500004FA02F21043132BF5D110BDA82505000E
:10AA600012289ABF024B53F820000248704700BFDB
:10AA700058250500CD5B05002DE9F0471CF02BFCA7
:10AA8000234E04463368002B224B02DB1A688242B5
:10AA900036D000221C60114613464FF001091E4FAC
:10AAA000326009FA02F0204225D0D5B2284607F8D4
:10AAB00031501CF0FAFB07EBC10A8AF80100284666
:10AAC000FFF7CEFFCAF804000020144B4FEAC1087C
:10AAD00093F800C0AC4515D1D3F804C0BCF1000F09
:10AAE00010D09CF800E0BEF1000F0BD0B844C8F8BD
:10AAF00004C0012301310132132AD2D103B13160E4
:10AB0000BDE8F0870130132803F10803E0D1F0E736
:10AB100088060020686800206C680020A8250500D1
:10AB200008B5FFF7A9FF014B186808BD880600208B
:10AB300010B50446FFF7A0FF002C07DB044B1B6891
:10AB4000A34203DD034800EBC40010BD0020FCE776
:10AB5000880600206C6800202DE9F34100260E4D88
:10AB60002F7838461CF0A1FB044660B195F80180AF
:10AB7000804508D0FFF762FF2346009042463946E1
:10AB800006481CF0C9FF0136132E05F10805E7D170
:10AB900002B0BDE8F08100BFA82505009141050085
:10ABA000F7B50C461546144901AA07461E461EF085
:10ABB000A6FB88B1019B7BB9502C03D06FF0150028
:10ABC00003B0F0BD22460D493046A8470028CCBF4F
:10ABD00000206FF00400F3E73846094901AA1EF08F
:10ABE0008EFB30B1019B23B9042CE7D122460549E5
:10ABF000EAE76FF00100E3E7AA4205006069002080
:10AC0000D3420500206900207FB51C4EADF80A3004
:10AC1000BDF920308DF808108DF8092018493278D8
:10AC2000ADF80C30174B0446174D02A801EBC201DA
:10AC300053F8223049780090144801950088013378
:10AC400003F03EF940B1317811481CF065FF132143
:10AC500020461FF0ABF90EE00E490F4BC8800B6089
:10AC60000E4B20461B888D608B8015238B8110F046
:10AC7000BBFE0028EBD104B070BD00BFD77A002026
:10AC8000AC77002060690020C27A0020AA770020FB
:10AC90008742050024690020E5AE0200A877002065
:10ACA00050220249024807F0CFBA00BF6069002075
:10ACB000A44205002DE9F047B6B00DF11009C622F7
:10ACC00000210646484625F0FAFC304F304B3868E4
:10ACD0001C680DF11601241AC02C28BFC024A5B28F
:10ACE0002A4602F085F8396848B12A481CF014FF5A
:10ACF000132130461FF05AF936B0BDE8F087DFF86F
:10AD0000BCA004912449DAF800300A68581CADF858
:10AD10001450904205F10605ADB2CAF8000006D302
:10AD200003F2014304221D480B6007F08DFA1C4B0F
:10AD3000DFF88C801A781B4B1B4803EBC203597851
:10AD4000CDE90158CDF80090DAF80030008803F022
:10AD500021F918B115481CF0DFFEC9E73B6814491A
:10AD600023443B60134BC8800B60134B30461B8859
:10AD7000C1F808808B80D7238B8110F035FE002826
:10AD8000BAD03B681B1B3B60B2E700BF18690020CC
:10AD900014690020AE4205001C690020CD42050068
:10ADA000D77A0020AC770020AA770020D742050090
:10ADB00004690020E5AE0200A6770020206900208B
:10ADC000EA7900202DE9FF4104460D4649B9384B88
:10ADD000384819781CF0A0FE132120461FF0E6F831
:10ADE00020E0137C032B60D1334E344F3378EBB922
:10ADF000DFF8BC8098F8000001F0D2FFB0B9284617
:10AE000020F03AFA98F8003038802D4800EBC30063
:10AE1000B0F90430C2788178B0F90600009020467D
:10AE2000FFF7F2FE002004B0BDE8F0813B88284621
:10AE3000ABB920F021FA234A234B38801360234B0F
:10AE400011465360012313814FF6FF73D38103230F
:10AE50002046137410F010F90028E3D0BCE720F06E
:10AE60000BFA1B4B1B4F18800023114D03933946DF
:10AE7000194A287803AB01F0A1FF0028ACD1174B89
:10AE8000039A1A603B6832B901213170191400919C
:10AE90001BB20521C3E7297811481CF03DFE0223AF
:10AEA00020463370FFF706FFBCE70120BBE700BF79
:10AEB000D77A0020EE420500C17A0020A877002052
:10AEC000AC7700203469002070A40500C5AD0200F5
:10AED000A677002014690020A477002018690020BC
:10AEE0001A43050073B5354D04460A462B7859B10F
:10AEF0003349344809781CF00FFE1321204602B074
:10AF0000BDE870401FF052B8032B42D8DFE803F0D1
:10AF100002152D432A4D2C4829781CF0FDFD0021F7
:10AF20002B782A4A02F83310294951F8232001329C
:10AF300041F82320FFF7B4FEDFE7214E244A3178A1
:10AF400052F82130013342F82130FFF7A9FE214B9E
:10AF500031781A6820481CF0DFFD02232B70204650
:10AF600002B0BDE87040FFF7A5BE1C4E306801F08E
:10AF700065FF184B32681B689A42F0D30323002206
:10AF80002B70174B009206212046B3F90030FFF7D3
:10AF90003BFE02B070BD0A4D124829781CF0BCFD82
:10AFA00029780B4A52F82130013342F82130FFF75B
:10AFB00077FE012001F056FF9FE700BFC17A002015
:10AFC000D77A00204143050079430500AC77002083
:10AFD000606900201469002098430500186900206A
:10AFE000A4770020B44305001328F8B504460F46A3
:10AFF00015460ED8124E16F830305BB10122114BB7
:10B00000D3E8EF1F002903D1C3E8E02F0028F7D1D0
:10B0100005D0F8BD01F0C4FE0028EFD1F9E70A4BD6
:10B020002A681C70094B06EBC4061A60AA88777060
:10B030009A80AA7906489A71BDE8F84015F058BF81
:10B04000AC7700205C690020D77A0020D87A0020F5
:10B050008C060020F7B52B4B04461B680A4683423A
:10B060004DD151B1284B294819781CF055FD28487D
:10B0700003B0BDE8F04015F037BD00F0A1FB20465D
:10B080000DF106011EF029FE0746C8B90020002177
:10B090000AF066FD054698B104210C301EF003FB52
:10B0A00002230370BDF806300646A0F8013002F016
:10B0B00025FD3A46F07029464FF60E400AF0B4FEE0
:10B0C0000023144A20461380134A1380134A137036
:10B0D000134A144B11461360134B53600123138121
:10B0E0004FF6FF73D381032313740FF0C5FF30B104
:10B0F0001321204603B0BDE8F0401EF057BF03B057
:10B10000F0BD00BF58690020D77A0020EA4305004F
:10B1100048690020A8770020A6770020C17A002087
:10B120003469002081A40500C5AD0200034B1B68F3
:10B13000834202D1024815F0D7BC704758690020FD
:10B140004869002030B585B01CF0D8F81C4815F0CF
:10B1500025FD1C4D1C4B0FCB8DE80F0069462B467F
:10B160001A4A1B480DF0D0FA014670B119481CF07C
:10B17000D3FC00F025FB0022174BD3E8EF1FC3E8F8
:10B18000E02F0028F9D105B030BD0023134A0C4848
:10B1900015F0DEFC70B1124B124819781CF0BCFCA3
:10B1A000132128681EF002FF47F6122200230448EC
:10B1B00015F0CEFC28680CF0F7FC00232B60D8E7D4
:10B1C0004869002058690020501D0500D431050051
:10B1D000D87A0020124405005C69002090D003005A
:10B1E000D77A00203244050038B5012200211948E1
:10B1F00023F09BF807F094F908B91EF07DF802F0EF
:10B20000C1FB0446FCF7A0FB41F2210522464FF6A4
:10B21000FF73204482420DD10F4A10481380104B17
:10B220001A68104B1A6000F0AFF90F481CF074FC5C
:10B23000002038BD082412F8011B83EA012319B24B
:10B240000029B5BF85EA41015B008BB29BB2013C8E
:10B25000F5D1DFE748690020AA770020E9AF0200B6
:10B26000206900201C69002049440500F8B5132816
:10B2700016461D46BDF91820BDF91C3010D80A4FDE
:10B2800007EBC0046170012107F830100146074840
:10B29000A670E570A280E3801CF03EFC0020F8BDA3
:10B2A0006FF01500FBE700BFAC770020624405009B
:10B2B00007B58DF8001001906A461846024909F05A
:10B2C00055FF03B05DF804FBE9B2020002460B46ED
:10B2D000014815F015BB00BF086A0020014815F0B1
:10B2E00081BB00BF086A002040F2FF43F0B502882E
:10B2F0000C469A429DB00FD14FF6FF7243681988F1
:10B30000914206D18A4A15681DB16268D978987849
:10B31000A84700201DB0F0BD0378FF2B40F0068148
:10B320004378142B40F2028143680EAA03F1100601
:10B33000154618685968083303C5B3422A46F7D141
:10B34000186828601B792B714FF6FF73BDF8382001
:10B350009A4240F0EB809DF83A30022B40F0E680B4
:10B36000744B1B881BB1BDF83B209A42D1D19DF88C
:10B370003E30132BCDD80AA90EA802F02FFD0028CD
:10B38000C7D16D4B1B78002B4FD04FF0FF304FF0E3
:10B39000FF31FFF79BFF9DF83EC0684BDDF83F1083
:10B3A00013F80C00664A00284BD142F82C101822E2
:10B3B000012102FB0CF2634F03F80C10BB18BD5CBB
:10B3C0000B44B9540DF1300E0AAA164603CE764549
:10B3D00018605960324603F10803F6D130681860EE
:10B3E000B2889A80182202FB0C7794F90030FB7324
:10B3F00023F090FA4FF47A76A0FB060C47F612225F
:10B40000002306FB01C1F6F777FAC7E90401FFF74D
:10B4100065FF002D40F08280656807AE2B78032B16
:10B4200076D8DFE803F0156F71731BF054FF9DF8B9
:10B430003E201F2A3FF66DAF012393400342A4D163
:10B4400067E752F82C008842AFD3FFF747FF60E769
:10B450003D493046FCF770FAAB7905966A781E21B3
:10B460000492AA7814A80392EA7802922A790192A7
:10B470006A790092354A1AF009F89DF82D309DF846
:10B480003E10013BDBB2052B96BF314A314A52F8E0
:10B490002320314814AB1CF03FFB30499DF82D3080
:10B4A0009DF83E20013BDBB2052B96BF2848294B77
:10B4B00050F8233094F9000004909DF83000039078
:10B4C0009DF831000290BDF934000190BDF93200C1
:10B4D000009023481CF020FB9DF83030DA0707D499
:10B4E0009DF82D20052A1BD113F0040F3FF411AF56
:10B4F0001C4B1B68002B3FF40CAF94F900100AA8FA
:10B50000984706E71849A4E71849A2E71849A0E7B1
:10B510000A213046174A19F0B9FF9DE71649BDE7E1
:10B52000012A7FF4F6AE13F0200FDFE70120F1E6E9
:10B53000B06900204C780020DF7A0020E07A0020FB
:10B54000B469002050220020A1440500C344050036
:10B550004026050091440500E64405009544050099
:10B5600029450500046A0020A8440500AF440500F1
:10B57000B9440500959205009B440500014B1880D5
:10B58000704700BF4C780020014B1860704700BF27
:10B59000B06900201FB5134822F01EFE00200BF0FA
:10B5A00069FA044630B101460F481CF0B5FA20464E
:10B5B00004B010BD4FF4C8730194ADF806304FF4D9
:10B5C000A07301A80949C0E90144ADF808300CF0A6
:10B5D000A5F8044610B101460548E6E705481CF009
:10B5E0009BFAE4E7086A002070450500B1B202004A
:10B5F00089450500A6450500014B1860704700BF4E
:10B60000046A0020002330B589B0CDE90233CDE9CA
:10B6100005336022049307934FF4C873ADF80A20F2
:10B62000ADF8163050224FF4A0730446ADF80C204C
:10B63000ADF818300CF0C2F8154902A80CF06EF8FD
:10B6400020B940F2E7350190002C07DC0CF0B6F889
:10B650000F4905A80CF062F809B030BDB4F57A7F47
:10B66000204647F6122EA8BF4FF47A70AC460199D7
:10B670004FF47A72E0FB0EC100236046F6F73CF906
:10B6800023F058F8A4F57A7401F0C0FFDCE700BF9E
:10B69000B1B202002DE9F8430027814688464FF0F9
:10B6A000FF304FF0FF31FFF711FE3E464FF0180E0E
:10B6B000DFF834C0B04511DD9CF800304BB1654671
:10B6C0000EFB06940FCD0FC495E8030084E8030039
:10B6D00001360137142F0CF1180CEBD1FFF7FEFDEA
:10B6E0003046BDE8F88300BF50220020044B0549D6
:10B6F0001870054B002808BF194604481CF00CBA06
:10B70000DF7A0020C84505000746050022460500EF
:10B710002DE9F84300241BF0DEFD27464FF0010819
:10B7200005464FF0FF314FF0FF30FFF7CFFDDFF858
:10B730004C90104B1A7862B108FA04F62E4008D1EA
:10B7400018461822314624F0BAFF034609F804606F
:10B7500001370134142C03F11803EBD1FFF7BEFDC0
:10B7600037B12A463946BDE8F84303481CF0D4B93E
:10B77000BDE8F8835022002038460500E07A00201A
:10B78000132870B505460C4616D84FF0FF304FF021
:10B79000FF31FFF79BFD182202FB05F0074B1E5CF3
:10B7A0001D182EB10FCD0FC495E8030084E80300E7
:10B7B000FFF794FD304670BD0026FBE750220020C5
:10B7C0001FB50023CDE9013303934FF4C873ADF8DF
:10B7D00006304FF4A073044901A8ADF808300BF00F
:10B7E0009DFF05B05DF804FBB1B202002DE9F04FFA
:10B7F00091B023F08FF84FF47A74A0FB040547F65C
:10B800001222002304FB0151F6F776F8CDE90D0171
:10B81000FFF786F90026434B0246194642481CF0C2
:10B820007BF9B146DFF824A1FFF77AF9B0420BDCCF
:10B83000FFF776F93B4B024649463C4800931CF023
:10B840006BF911B0BDE8F08F3046FFF771F905468E
:10B850004FF0FF314FF0FF30FFF738FD18232A7803
:10B860005A430AEB0203597AD3E904780B91997A87
:10B870000A91B3F90B100991B3F90D10089193F9DE
:10B880000F101AF802300C910F93FFF727FD6C7818
:10B890000F9B013C95F800B0E4B283B9052C98BF2A
:10B8A000234B594698BF53F824201E4B88BF214A8A
:10B8B00000936B6820481CF02FF90136B4E70D9B0C
:10B8C0004FF47A72DF1B0E9B384663EB0808414643
:10B8D0000023F5F7C1FF194B1249BB424FF000039B
:10B8E00007910B9973EB080306910A99B8BF144BA3
:10B8F00005910899A8BF134B04910999052C039150
:10B900000C9998BF0A4ACDE901010093594694BFAA
:10B9100052F82420074A6B680B4809F101091CF012
:10B92000FBF8CAE7CC5B05007A460500294705000D
:10B930004026050091440500BA460500C0D4010028
:10B940007446050070350500D546050050220020DC
:10B950000B4B30B5196800230A4A994201DC0A48AA
:10B960000AE012F8335002EBC304854205D1606847
:10B97000054B002808BF184630BD0133EDE700BF76
:10B98000A4250500A8250500CD5B050013B51C46C0
:10B99000013AD2B2052A96BF044B054B53F8223028
:10B9A0000094044A19F072FD02B010BD582605003B
:10B9B000584705005C47050070B505460C4600F089
:10B9C0009DFE28B32846174924F0E7FE38BB2846D9
:10B9D000154924F0E2FE051E18BF01252046FBF79D
:10B9E000B3FF2A460146204602F014FD064660B128
:10B9F0002046FBF7A9FF0D490D4B0246002D08BF5D
:10BA00000B460C4831461CF087F84FF0FF3005E03C
:10BA1000214628461BF0F6FE0028D3D170BD012533
:10BA2000DCE700BF7C47050083470500724705003F
:10BA3000694705008A4705007FB50E46044601F0B8
:10BA4000A1FF054601F0D6FF6021CDE90106044BB8
:10BA50002046044A009519F019FD04B070BD00BFDE
:10BA60007F320500C1470500002313B504460DF1E0
:10BA700007008DF8073001F05BFB9DF807300246A8
:10BA800033B10A4B0A48002A18BF184602B010BD4D
:10BA9000637A43B940F6C46221880448044B91425A
:10BAA00098BF1846F2E70148F0E700BFD447050009
:10BAB000D047050030B5A1B002F080FD002801DCC0
:10BAC00021B030BD4FF440611D4802F097FD0028C1
:10BAD000F6DD46F2682300241A491948CDE90534F9
:10BAE000079424F05AFE05AD70B12946234605306F
:10BAF00010F8012F1AB1222A01D00B2B1BD10022E2
:10BB000080336B4403F86C2C01F03CFF044601F0D9
:10BB100071FF6021CDE901050B4B0C4A009408A888
:10BB200019F0B4FC064908A81BF06CFE0028C7D128
:10BB300002F0CEFDC0E701F8012B0133D8E700BFCA
:10BB400074920020D84705007F320500C1470500E8
:10BB5000002208B5054B5A6018601BF0D1FB01228A
:10BB6000034BC3E90001034B1A7008BD38240020C1
:10BB700030240020889E002030B5A1B00AA802F031
:10BB80002BFF09AB039308AB029307AB019306AB02
:10BB90000093354905AB04AA14A819F0A1FC0628A6
:10BBA0004BD1DDE904300228D8BF013B002BB8BFE0
:10BBB0006FF4C7724FF4C874BABF9A1892FBF4F4CA
:10BBC00093FBF4F4069A2949032801FB043102F19E
:10BBD000FF3340F26D1202FB01334FF06402B4BF39
:10BBE00009256FF0020503EB9103B1FBF2F19922F5
:10BBF0002844504305220230B0FBF2F05B1A1C4A85
:10BC0000034402FB04334FF46162079CA3F52F2326
:10BC10005443184AA3F66C2302FB03443C22089BBE
:10BC200002FB0344099B1C44134B9C4205D920464C
:10BC3000FFF78EFF204621B030BD104B1C78002C42
:10BC4000F8D00F4B1C681BF05BFB0E4AD2E90035A5
:10BC5000C01A4FF47A724FF0000361EB0501F5F75B
:10BC6000FBFD0444E6E700BFDF47050070FEFFFF71
:10BC7000B13A020080510100FFE00B5E889E002077
:10BC800038240020302400202DE9F04F2DED048BC6
:10BC9000D1B0064610AC22A80F46904602F09CFE9A
:10BCA000204601F059FD00284DD1637A002B48D081
:10BCB000B4F90620264D274B002AC8BF1D46204652
:10BCC000FFF7D2FE0195A27A034600926021224A34
:10BCD00038A819F0DBFB4821204602F093FE01F062
:10BCE000F5FE1E4B0546186001F084FE814601F00A
:10BCF00049FE8246FFF740FF834622A89DED248B34
:10BD00009DED269B1BF07FFC38AB0E93DDE92823CD
:10BD1000CDE90C230123CDE90A0400938DED089BA6
:10BD20008DED068B434639463046CDE903ABCDE970
:10BD300001590B4A19F0AAFB51B0BDEC048BBDE8C8
:10BD4000F08F084DBBE7084938A8FBF7F5FDC2E7BF
:10BD5000FB470500F2470500034805001C6A002068
:10BD60006C480500E6580500354805002DE9F04708
:10BD7000DFF898A0A4B080460D4616464FF4007137
:10BD800050461F4A1F46DDF8B090FFF77DFF04467E
:10BD90005044C4F5007125B31A4B2EB3194AB9F1BA
:10BDA000000F24D0174C37B3DFF858C0CDE90A7C18
:10BDB000CDE9084CCDE90232CDE90462CDE9003588
:10BDC000114A4346CDE9064919F060FB0CA80C491D
:10BDD000FFF732FE0D490CA8FFF7EEFD24B0BDE8D9
:10BDE000F0870B4D0B4BD8E7094E0A4AD7E7DFF82F
:10BDF0002090084CD7E7064FDFF818C0D6E700BF01
:10BE00005C7D0500DD470500E8480500F47F002063
:10BE10004B4A0500CD5B05000023024A1360024A2D
:10BE2000137070471C6A0020889E00202DE9F04F97
:10BE30002DED048BADF50F7D40AD8046284602F018
:10BE4000CBFD00230DF15E040DF15D0AB74F5146A5
:10BE50002046ADF85E308DF85D30FCF78DFC482152
:10BE60002EA802F0CFFD4FF440613846B04AFFF7EC
:10BE70000BFFC31910930A23BDF95E200646002A62
:10BE800092FBF3FBB8BF524292B2B2FBF3F103FB59
:10BE900011242A7895ED068B95ED089B9DF85D7031
:10BEA000C0F54069002A00F0D08095F85000A14A02
:10BEB000A14900280CBF92468A46686DF5F742F901
:10BEC000CDE90A0195F851204346CDE908A22EAAF2
:10BED0004946CDE90672CDE904B4984A8DED029B3E
:10BEE0008DED008B109819F0D1FA06EB000A1BF0CB
:10BEF00007FACDE91301FEF713FE0025DFF8708283
:10BF0000DFF870B21290129B9D4203DABAF5366FD9
:10BF1000C0F29E800026FEF703FEB0463546374647
:10BF20003446DFF850B21190119B9E4202DA722C17
:10BF300040F35B81002704F50E730DEB030404F856
:10BF4000807C1AAE21AC3046675501F005FC19A97A
:10BF500018A8CDE9187702F037FBF37A002B00F030
:10BF6000AD81B6F90620531D80F2A8815021B37A25
:10BF700052424B431DA8B3FBF2F31021704A19F053
:10BF800085FA6A4DCAF540616E4A00946EAB05EBC6
:10BF90000A0019F07BFA0AEB00046319109330468B
:10BFA000C4F540631193FFF75FFD1290307A378834
:10BFB00096F80AA001F0A8FC737A8346B488B6F913
:10BFC0000690002B00F07F815F4E604BB9F1000FAF
:10BFD000C8BF1E4604F0B4F8054604F0ABF8139051
:10BFE00002F0ECFA189B80461493199B15931BF0F2
:10BFF00087F9574B574A0E930023F5F72DFC159BF5
:10C00000554A0B93149BCDE90C01DDE91001CDE9F4
:10C010000983139BCDE90349CDE907531DABCDE956
:10C020000563CDE901AB129B009719F02FFA56A8D2
:10C030003F49FFF701FD3D4956A8FFF7BDFC0DF54F
:10C040000F7DBDEC048BBDE8F08FDFF82CA134E749
:10C050002846FEF76DFD0646002864D090F8009053
:10C06000447856AF4B46224614213846FFF78EFCE3
:10C0700048466EA97668FFF783FB2C4B002E08BF5D
:10C08000464653441093CAF54069002800F0988052
:10C09000052CBDF9C32171D19DF8C131C3F38003D3
:10C0A00012F5004F2D4F74D12D491DA8FBF744FC0C
:10C0B000052C78D1BDF9C33113F5004F7AD1284949
:10C0C00021A8FBF739FC002D0CBF43465B46013C21
:10C0D000E4B2052C119398BF224B729898BF53F885
:10C0E0002440139B88BF204C7399181A149B4FF45B
:10C0F0007A7263EB01010023F5F7AEFB9DF8C231C4
:10C10000CDE90801069321ABCDE904731DABCDE960
:10C11000024356AB00934946119B144A109801966E
:10C1200019F0B4F982440135EDE600BF74860020B1
:10C130003A49050066470500374905003D490500B5
:10C1400015810500504A0500FB470500F247050030
:10C150005037050080EE3600724A0500858D0500D7
:10C160004B4A05007026050091440500BD490500B5
:10C17000CD5B0500704A0500EAA20500012C01D044
:10C18000042C0CD112F5004F0BD00A2392FBF3F3D1
:10C190004E4F10214E4A1DA819F078F988E7134632
:10C1A0007EE74A4F80E79DF8C131180787D4BDF973
:10C1B000C53181E71021464A21A819F067F982E7C5
:10C1C000013CE4B2002D0CBF43465B46052C96BFF4
:10C1D000404A414A52F824204946CDE9016210986C
:10C1E0003E4A009719F052F99CE73046FEF7A0FC52
:10C1F000814600284CD04278012A49D1007800F0CD
:10C20000D3FA109099F80000C10728D52A2D26DC12
:10C210000138C0B21BF0A8F8129099F800001BF08A
:10C22000A3F8129A0346522A21A82844C5F13101E5
:10C2300030D0522B2FD0592A2CD0592B2BD0472A13
:10C2400028D0472B27D0264A264BB8F1000F08BF2D
:10C250001346254A19F01AF9054408F10108109B04
:10C260006EA8473BDBB2122B2044C4F179011DD8E4
:10C270001E4A22FA03F3DA0718D5109B1C4A0093D2
:10C28000174B002F18BF5B4619F000F90444013723
:10C29000013649E61346124A0093124BB8F1000FDB
:10C2A00008BF1346124A19F0F1F8D5E70C4B0E4AB5
:10C2B000002F18BF5B4619F0E9F8E7E70D491DA804
:10C2C000FBF73AFB5DE60C4E84E600BF3D850500BA
:10C2D000BCA105007026050091440500134A050025
:10C2E000CD5B0500704A0500494A050001080400BD
:10C2F000424A05004B4A0500E65805002DE9F04F7B
:10C300000546C1B012A80DF1340B0C4602F064FBD7
:10C31000AB796A7914215846FFF738FB6B795A1EBE
:10C32000042A49D8DFE802F0034A3E4446003A4E68
:10C330002C7A14F008075CD00027B5F90C40374E72
:10C34000DFF81081364BDFF810A14FF42071354A29
:10C3500050460B93FFF798FC8146A879FFF7F8FA4F
:10C360009DED187B8DED087B2F4A0B9B1268C9F55C
:10C370002071CDE90572CDE903432C4A3346CDE95E
:10C3800001B0CDF800800AEB090019F07FF828A869
:10C390002449FFF751FB514628A8FFF70DFB41B098
:10C3A000BDE8F08F1D4E224A002C18BF1646BFE78D
:10C3B000204EBDE7204EBBE7204EB9E7204EB7E741
:10C3C000052B0CD0B5F90A400FD8042B0DD10A2348
:10C3D0003C2794FBF3F4DFF87C801A4BB3E7DFF8DB
:10C3E0007480C4F38004184BADE70027DFF8648045
:10C3F000F9E7012BE4D1B5F90A401449A4F52F73EC
:10C40000134A9BB2F92B8CBF884690460A235F27BC
:10C4100094FBF3F4E1E700BF5A4B05007C4B0500A9
:10C42000AF4B05007D4705001C6A0020B94B050095
:10C430006B4B0500834B0500914B05009D4B0500A0
:10C44000664B05003D850500858D050023870500A9
:10C45000B24B0500AA4B0500F48300202DE9F04FF4
:10C46000C5B01AF04DFF05460F46FEF759FB3E4B8F
:10C4700000269D4277F10003ACBF01230023DFF8C3
:10C480000C91DFF8F0A007900893079B9E425CDABE
:10C490003046FEF74DFB002864D00478132C61D899
:10C4A00090F801B010A92046FFF76AF900284FD094
:10C4B000149B2E49EA1A159B67EB03038A4273F11A
:10C4C0000003ACBF4FF001084FF0000819F804302A
:10C4D000434547D016A802F07FFA23465A46142156
:10C4E0000BA8FFF753FA224A4FF400712148FFF7D7
:10C4F000CBFBC0F5007100EB0A0B20460991FFF75A
:10C5000027FA9DED1C7B1C4A8DED047B1B4B099982
:10C51000B8F1000F18BF1346194A1268CDE902326C
:10C520007823184ACDE900030BAB584618F0AEFF4C
:10C530000F492CA8FFF780FA51462CA8FFF73CFAC8
:10C5400048B1214610481BF0E7FA45B0BDE8F08F2E
:10C55000DDF82080BAE709F8048041F68560002103
:10C5600022F0E8F8013690E781A90300C1D4010068
:10C570007D470500F4810020CA8D05002C4C050084
:10C580001C6A0020324C0500B24C0500749E00204D
:10C590002DE9F047184E9EB00746884691464FF465
:10C5A00020713046154A1D46DDF898A0FFF76CFB58
:10C5B00004463044C4F52071D5B1114B114ACDE980
:10C5C0000235BAF1000F08BF9246CDE900890E4A44
:10C5D000CDE9043A3B4618F059FF06A80749FFF792
:10C5E0002BFA054906A8FFF7E7F91EB0BDE8F0876A
:10C5F000064D074BE2E700BF747D0020E34C0500C9
:10C60000DD470500AC380500E84C05004B4A050045
:10C61000CD5B05002DE9F04F2DED048B214EBDB013
:10C6200007460EA888461546B0EE408AF0EE608AAE
:10C630009946B0EE419AF0EE619A02F0CDF94FF4CE
:10C6400020713046184AFFF71FFB04463044C4F5FA
:10C65000207125B3154ADDE914ABCDE90CAB144BC1
:10C660001B68CDE902520B934A9BCDE900820A93E5
:10C67000104A3B468DED089B8DED048BCDF818904C
:10C6800018F004FF24A80849FFF7D6F9054924A8A3
:10C69000FFF792F93DB0BDEC048BBDE8F08F064D7D
:10C6A000064AD8E7F47A00207D470500DD470500FB
:10C6B0001C6A0020204D05004B4A0500CD5B05009B
:10C6C00008B5084821F0E3FC28B907481BF024FA14
:10C6D0006FF0120008BD05484B2255211BF01CFAD3
:10C6E0000020F7E7401105009F4D0500D44D0500DF
:10C6F000014BB3F900007047840B0020014B187800
:10C70000704700BF899E002073B5214C204621F060
:10C71000BEFC48B1A6684C212046F36898471D4DE1
:10C7200020B14FF400432B8002B070BD0C216A464B
:10C730002046336998470028F3D1174A019B0A2401
:10C7400093FBF2F3009A04FB0233144A2B80117816
:10C7500069B940F251318B42E6DD0121117093FB42
:10C76000F4F104FB11320E481BF0D6F9DCE740F27D
:10C77000EE218B42D8DC107083EAE372A2EBE37205
:10C78000B2FBF4F1074804FB112293FBF4F1EBE751
:10C7900040110500840B0020A0860100899E002026
:10C7A000014E0500324E050013280DD80A225043D1
:10C7B000064B1A181B5C3BB19379473BDBB2122B3B
:10C7C00002D8034AD05C70473F2070474E78002063
:10C7D00092A4050008B5C8220021074823F06FFF86
:10C7E0000023064A06491370064A07481370BDE83D
:10C7F0000840FBF7A1B800BF4E7800208F9E0020B4
:10C80000CD5B05008A9E00208B9E002038B508462F
:10C810001146144611F0EEFF054628B101460B48BB
:10C820001BF07AF9284638BD094B1A68A11819601F
:10C83000084B1A68002AF5DD6420D31781FB00013C
:10C84000F5F70AF8044B1860ECE700BF204F05002D
:10C85000206A0020246A0020286A00202DE9F84F71
:10C86000414D80462B780C46012B164675D0042B83
:10C8700073D0002874D0002972D0002A70DD2046C1
:10C880003A49FBF74FF840B9214639481BF044F9C3
:10C890006FF077042046BDE8F88F2146172235480F
:10C8A00023F052FF00234FF0010B324ADFF8ECA0D7
:10C8B000DFF8EC90304FD3752E4932462F48C9F837
:10C8C00000303B60CAF8006085F800B01BF024F926
:10C8D0004FF400712A4812F05BF8044640B9034651
:10C8E0000146DAF80020584611F05AFF044630B1EC
:10C8F000214624481BF010F905232B70CAE7024695
:10C900002149404602F06CFD011ED9F8002000DBF1
:10C9100052B91E481BF000F9002011F077FF0523E3
:10C920006FF004042B70B5E7022301202B7011F087
:10C930006DFF044610B101461548DBE71EF0BFFE4F
:10C94000044610B101461348D4E764233B60032337
:10C9500011482B701BF0E0F89CE76FF00F0499E78B
:10C960006FF0150496E700BFA9A00020503705001E
:10C97000434F050091A00020286A0020674F050062
:10C98000919E0020824F05000DC80200A44F0500B3
:10C99000C94F0500EB4F050012500500246A002026
:10C9A000206A002008B5094B1A78032A0CD104220A
:10C9B00007481A701BF0B0F842F29F40002121F0A6
:10C9C000B9FE012004F002F808BD00BFA9A00020B4
:10C9D0003C50050007B5094B1B78042B96BF084A4D
:10C9E000084B52F82330084A0192084A1268009214
:10C9F000074A18F04BFD03B05DF804FBA9A0002026
:10CA0000882605005C7C050091A00020286A002093
:10CA1000695005002DE9F0471E4C0E46208815464A
:10CA20001EF037FE1C4FDFF87C90DFF87C80208002
:10CA3000002D01DC00242AE03C683146C4F5007A70
:10CA4000AA4528BFAA4609EB0400524623F011FE6E
:10CA500004EB0A03B3F5007F3B605644A5EB0A05DF
:10CA6000E6D10E484A46D8F8001000681CF0C8FA13
:10CA7000D8F80030044603F50073C8F800300023EE
:10CA80003B600028D4D0014605481BF045F82046FD
:10CA9000BDE8F087167900202C6A0020346A002057
:10CAA000AD500500AAA00020306A002070B5084CE7
:10CAB000204621F0ECFA48B1A36820465D68802149
:10CAC000AC46BDE870403823024A604770BD00BFE5
:10CAD00000110500386A002038B501220024154BEA
:10CAE000986802FA04F101420FD000229A610222F2
:10CAF0005C711A71FAF730FF214602460E481BF0AE
:10CB00000BF8BDE83840FFF7D1BF0134142CE8D151
:10CB10001D69D868002D14BF052204221A71FAF786
:10CB20001BFF04462846FAF717FF21460246034832
:10CB3000E5E700BF386A0020CF500500F750050038
:10CB4000F8B5184D184E284621F0A1FA174C98B99F
:10CB500034220021164823F0B2FD154B43F8046C33
:10CB60002379012B15D113481AF0D6FF0023237126
:10CB7000FFF79CFF0020F8BDAB6822461F688021AC
:10CB800038232846B8470028E2D12368B342DFD1D2
:10CB9000E6E7032BEED1D4E90532617906481AF0B5
:10CBA000BBFFE7E70011050042544F4E386A0020F2
:10CBB0003C6A00202C510500555105002DE9F04F2D
:10CBC00085B09B469DF838308A461646CDE902036B
:10CBD000002800F0AD80002900F0AA80002A40F370
:10CBE000A7805F4B0BF1FF329A4200F2A1805D4DAE
:10CBF0002B7903F0FD03012B00F0AE80DFF8949158
:10CC0000D9F800306BB94946012005F0BDF940B1B3
:10CC100055481AF081FF6FF01204204605B0BDE8B8
:10CC2000F08FD9F800008268B24206D231464F48F0
:10CC30001AF072FF6FF01A04EFE700211CF0F5F90B
:10CC4000044628B14A481AF067FF6FF00404E4E78D
:10CC5000484B494F188041F20143DFF83C81AB80DB
:10CC6000039B17225146C5E90560C5E902B038604B
:10CC7000C8F8000028614148AB7123F065FD85F8D4
:10CC80003740FFF713FF5846FAF766FE039A03464C
:10CC900051463B48009232461AF03EFF224639493F
:10CCA000029802F09DFB061E08DA314636481AF05B
:10CCB00033FF05232B71FFF7F9FEC6E7D8F80030E4
:10CCC0005BB3D9F800001CF0DCF98368DB68984797
:10CCD0000368D8F8000000F1FF3B9B44BBFBF3FB6B
:10CCE00003FB0BFBBBF5007FDFD8DFF8B0A0ABEB9D
:10CCF0000002FF21504423F0E2FC5B4652463968B3
:10CD0000D9F800001CF07CF93B68D8F80020C8F87E
:10CD1000004013443B600028C7D139686A698A42E1
:10CD200009D01A481AF0F8FE05232B71FFF7BEFE52
:10CD30006FF0150471E70F4B1B88AB83FFF7CCFE38
:10CD4000FFF7B4FEA868FAF707FEAA8B03466969E5
:10CD50000F481AF0E1FE60E76FF00F045DE700BFD7
:10CD6000FEFF0F00386A00207B5105009A51050034
:10CD7000C951050016790020306A0020586A002049
:10CD8000E851050015CA02001D5205003C5205007D
:10CD90006F520500346A00202C6A0020AAA00020EF
:10CDA000054A1379023B012B04D853791B1A5842C8
:10CDB0005841704700207047386A002038B5154642
:10CDC0001C46FFF7EDFF70B111B1084B5B690B60BA
:10CDD00015B1064B9B8B2B800CB9002038BD034B43
:10CDE0009B692360F9E76FF00100F7E7386A0020DC
:10CDF0002DE9F0410F4E044633680F46154643B106
:10CE00000D4A2B19526993420CD96FF01500BDE8F9
:10CE1000F0813146012005F0B7F80028F0D06FF01E
:10CE20001200F4E72B463A4621463068BDE8F0414F
:10CE30001CF0D1B8346A0020386A0020084B9A6987
:10CE400082420BD203221A71C0F30D02BF2A9861ED
:10CE500002D95B69834201D1FFF728BE704700BF4A
:10CE6000386A002073B5124C06466179636913294C
:10CE700094BF012500250F480F4A009398BF8D40AD
:10CE8000A369002E08BF02460C481AF045FEA368AD
:10CE900023EA0503A3603EB1E3682B43E36002B0DD
:10CEA000BDE87040FFF718BE23692B432361F6E706
:10CEB000386A0020B4520500AB520500BB52050091
:10CEC000F0B5114C064623790F46052B96BF0F4A45
:10CED0000F4D52F82350626985B03AB16420A169C0
:10CEE0000023A1FB0001F4F707FD0246094B394678
:10CEF000CDE90123637930460093074A2B4618F0A9
:10CF0000C5FA05B0F0BD00BF386A00209C260500B8
:10CF10005C7C0500586A0020DA52050070B50023D9
:10CF200015468CB002AACDF8013002938DF80C3072
:10CF30006B1CCDE90532079304AB0893012306AAC5
:10CF40000E46CDE90A238DF80000CDF810D00993E4
:10CF500008480949836808AA1C680AABA047044628
:10CF600028B92A4630460DF1090123F082FB2046FC
:10CF70000CB070BDE0100500B826050037B51B48A1
:10CF80001AF0CAFD0122042119481AF04AFA04468F
:10CF90004FF4FA6021F051F816481AF0BDFD012255
:10CFA000002115481AF03DFA05464FF4FA6021F0C9
:10CFB00044F812481AF0B0FD012205210C481AF07D
:10CFC00030FA44EA05020E4902430E4A08BF0A46F7
:10CFD0000346009221462A460B481AF09DFD44F66E
:10CFE000206021F02AF8002003B030BD3A5305003C
:10CFF000800F05005C530500C00F05007C53050041
:10D00000CD5B05001D530500AA53050038B50B780C
:10D0100004460D464BB921F03AF830B120461BF0DA
:10D0200081FE024610B901232B7038BD21680248E9
:10D03000BDE838401AF070BDDD530500FF23F0B5A0
:10D0400085B08DF80B30314821F021F818B93048FF
:10D050001AF062FD0EE0002303A903229F20ADF821
:10D060000C308DF80E30FFF759FF014628B12948E2
:10D070001AF052FD002005B0F0BD9DF80C409DF85F
:10D080000D509DF80E60D4B955EA06031CD0322726
:10D09000012205200DF10B01FFF740FF9DF80B3039
:10D0A00003F00103C0B19DF80B30DA071DD50093E2
:10D0B0002A463346214618481AF02EFDDAE704EADC
:10D0C00005033340FF2BE2D1144833462A4621465C
:10D0D0001AF022FD1248BBE7002BE4D044F6206092
:10D0E00020F0ABFF013FD3D1DDE70E4820F0C6FFB3
:10D0F00028B1009033462A4621460B48DCE73346E8
:10D100002A46214609481AF007FDB3E7E01005005A
:10D11000FC5305003C5405002E5505006B540500DA
:10D12000BA5405002011050095550500E35505008A
:10D1300010B50B4B04461B782BB90CB9012010BD60
:10D1400000232370FAE70B2106481AF039F900286A
:10D15000F3DB0CB101232370431E58425841EEE724
:10D16000AAA20020A00F05000022454B73B5454838
:10D170001A701AF0D1FC444820F089FF10B14248DF
:10D1800004F094FE414820F082FF10B13F4804F0C3
:10D190008DFE012200213E481AF043F901220421AC
:10D1A0003C481AF03EF9012205213A481AF039F9B3
:10D1B0000022012137481AF034F9002209213648AB
:10D1C0001AF02FF90022082131481AF02AF900221A
:10D1D0000E2131481AF025F900220D212E481AF0AF
:10D1E00020F9002202212B481AF01BF900220D2100
:10D1F00029481AF016F90022032126481AF011F9DD
:10D2000000220A2124481AF00CF9002120481AF0C3
:10D21000EBF8042104461F481AF0E6F805210546FC
:10D220001C481AF0E1F82A46034621461B481AF02A
:10D2300073FC082116481AF0D7F80921044616484D
:10D240001AF0D2F80121054612481AF0CDF8022151
:10D25000064610481AF0C8F833462A462146009080
:10D260000F481AF059FC0F210E4A0B481AF09CF88F
:10D270000B210C4A084802B0BDE870401AF094B87F
:10D28000AAA20020FE550500201005000010050090
:10D29000C00F0500800F0500A00F050062560500B5
:10D2A0009F5605001000010008B511491148FFF70D
:10D2B000ADFE0122082110481AF0B3F81E201AF022
:10D2C000CEF8012209210D481AF0ABF81E201AF001
:10D2D000C6F801220A4811461AF0A3F832201AF0C3
:10D2E000BEF8BDE808400122022105481AF099B8AD
:10D2F000ABA2002000100500C00F0500A00F050024
:10D30000800F050010B5124B1A785AB10022114C4B
:10D310001A7020461BF0E7FC024618B121680E483F
:10D320001AF0FAFB002201210C481AF07AF80022C8
:10D3300009210B481AF075F80022022107481AF05B
:10D3400070F8BDE810400022082106481AF069B8BC
:10D35000ABA2002000100500F5560500800F050067
:10D36000A00F0500C00F050008B5012205210448E3
:10D370001AF057F8BDE8084003201AF070B800BF53
:10D38000800F050008B518491848FFF73FFE012235
:10D39000082117481AF045F81E201AF060F80122FB
:10D3A000092114481AF03DF81E201AF058F80122FD
:10D3B000114811461AF035F832201AF050F80122BF
:10D3C00002210D481AF02DF80122092108481AF00F
:10D3D00028F81E201AF043F8BDE8084000220D216D
:10D3E00004481AF01EB800BFACA2002020100500AF
:10D3F000C00F0500A00F0500800F050010B5042424
:10D40000C8201AF02CF800F001F9013CF8D140F2E4
:10D41000DC524FF4487114481AF07EFB01220E21B1
:10D42000124819F0FEFF40F2DC501AF018F82246BC
:10D430000E210E4819F0F5FF4FF47A701AF00FF82C
:10D4400000F0E4F84FF47A701AF009F800F0DEF812
:10D450004FF47A701AF003F800F0D8F8BDE81040E5
:10D4600003481AF059BB00BF14570500A00F050070
:10D470005057050010B5094B1A786AB10022084CC4
:10D480001A7020461BF02FFC024628B1216805487F
:10D49000BDE810401AF040BB10BD00BFACA2002098
:10D4A00020100500F55605002DE9F0411A4BD3E890
:10D4B000AF3F33B321F02EFA4FF47A76174BA0FB2F
:10D4C00006071C68164B47F61222E41806FB01718A
:10D4D0004FF000032CBF01250025F4F70DFA114A87
:10D4E000D2E90032C01A61EB0201844275EB0101FE
:10D4F0000FDB0D4B19680D48BDE8F0418368DB6810
:10D5000018470B4BD3E8AF3F0A4A116813609942A2
:10D51000EFD1BDE8F08100BF786A0020746A002076
:10D52000BF270900402400209C0600206010050051
:10D530007C6A0020706A00202DE9F041274E86B0F9
:10D540003378002B48D1264D284620F0A0FD40B965
:10D5500024481AF0E1FA6FF01204204606B0BDE844
:10D56000F081214B02AC0FCB84E80F00AF6821465D
:10D570002846BB689847DFF8908000280146C8F825
:10D58000000005DA19481AF0C7FAD8F80040E4E7B5
:10D59000022128463B689847044620B101461448BA
:10D5A0001AF0BAFAD9E701233370124BD3E8EF2F00
:10D5B000C3E8E14F0029F9D1D8F80010FB682846EC
:10D5C000984700230C4A0D48CDE9002314F0E0FAF7
:10D5D0000B490C481AF0A0FA0024BEE7ADA20020C7
:10D5E0006010050081570500601D0500B357050058
:10D5F000E8570500786A00201C4E0E00E80B00205A
:10D60000C0D401001B5805009C060020044BD3E841
:10D61000EF1F0131C3E8E21F002AF8D1704700BFB5
:10D620007C6A002038B50F4B1B78CBB10E4B1860CD
:10D6300021F070F94FF47A74A0FB040547F612222A
:10D64000002304FB0151F4F757F90122074BC3E90A
:10D650000001074BD3E8EF1FC3E8E02F0028F9D102
:10D6600038BD00BFADA20020746A00204024002015
:10D67000786A0020094B1B787BB10022084BD3E865
:10D68000EF1FC3E8E02F0028F9D1064BD3E8EF1FC6
:10D690000131C3E8E21F002AF8D17047ADA2002093
:10D6A000786A00207C6A0020012310B586B00193BF
:10D6B00000238DF808300723CDE9031200908DF880
:10D6C000143007489DF81430826843F002038DF847
:10D6D000143094686B2302226946A04706B010BD3F
:10D6E000C010050013B5174820F0D1FC38B9164812
:10D6F0001AF012FA6FF01204204602B010BD002397
:10D700008DF80630482301220DF106010DF10700C6
:10D710008DF80730FFF7C8FF044628B16B21024699
:10D720000A481AF0F9F9E5E79DF8061001F0380308
:10D73000182B02D06B220648F3E706481AF0ECF9E2
:10D74000DAE700BFC0100500365805005058050044
:10D7500080580500AE5805002DE9F04F05468BB006
:10D7600021F0D8F84FF47A74A0FB0406002304FBE0
:10D77000016147F61222F4F7BFF8604F81468846F0
:10D78000D7E9001351EA03005D4E15D0B9EB010251
:10D7900044F6206168EB03038A4273F100030BDA5D
:10D7A00033682B6073686B60B368AB60F37A73B3F4
:10D7B00000200BB0BDE8F08F0023CDE904330693C1
:10D7C0004CF22E03ADF80C30022303AC07940893FF
:10D7D0008DF824304B489DF82430826843F00203D2
:10D7E0008DF82430D2F808A06B23012207A9D04776
:10D7F00080B104AB03CB3060186804AA7160B060DC
:10D80000C7E9009803CA286018686960A8606FF0CB
:10D810000400CEE7002140F21B6020F08BFF04A93A
:10D820003B2019F034FEB0FA80FB824607A93D2068
:10D830004FEA5B1B19F02BFE18B9BDF81C30ADF890
:10D840001230352007A919F022FE18B9BDF81C3096
:10D85000ADF81430332007A919F019FE18B9BDF836
:10D860001C30ADF8163000238DF80B301C2301223C
:10D8700020460DF10B018DF80C30FFF715FF20B994
:10D880009DF80B305B098DF8183040F6D862BDF872
:10D890001430BDF81040934294BF002301238DF84B
:10D8A000193000F031F9019000F03AF9019B9C42E7
:10D8B0001FD284421FD96422241A54431B1AB4FB7A
:10D8C000F3F4E4B28DF81A408DF81BB004AA03CA31
:10D8D0003060106804AB7160B06003CB28601068E2
:10D8E000C7E900986960A860BAF1000F3FF460AF23
:10D8F0008DE76424E6E70024E4E700BF4824002025
:10D9000018790020C010050007289ABF024B53F871
:10D9100020000248704700BFD4260500914405004E
:10D92000F7B51446134901AA06461D461BF0E7FC4D
:10D9300060B1019F57B9104E0F2231462846A047CB
:10D9400020EAE0703754002003B0F0BD30460B49A8
:10D9500001AA1BF0D4FC50B1019B43B90422284614
:10D960000749A0470028EEDC6FF01500ECE76FF0E8
:10D970000100E9E7A1590500C2A200207159050084
:10D98000806A0020034B044A1878002818BF1A4602
:10D9900010467047C2A20020EA58050010B504F0F6
:10D9A000BFFD0C4804F082FCFFF7ECFF0A4B014678
:10D9B00018780A4B0A4C1A680A4B002A08BF2346FB
:10D9C000094C0A4A002808BF2246BDE81040084812
:10D9D0001AF0A2B82A590500C2A20020806A0020CD
:10D9E0001F5905001459050002590500F658050095
:10D9F0003059050038B5FFF7C5FF094D04462978B1
:10DA000029B101461022E81C22F08CFE28B12346E1
:10DA10001421044A024817F039FD014838BD00BFFF
:10DA2000AEA2002055590500014B1868704700BF91
:10DA3000806A0020B0F5002F10B5044610D20A49C4
:10DA400004220860094804F0FFFB094B094A0A4810
:10DA5000002C08BF1A4621461AF05EF8002010BDBF
:10DA60006FF01500FBE700BF806A00206B590500CE
:10DA70005B590500CD5B05007559050010B50446DE
:10DA8000D8B10378CBB1F9F75FFF0F2815D821463D
:10DA900000240F220A4822F057FE094B1846DC7377
:10DAA000F9F752FF06490246064804F0CDFB064846
:10DAB00003491AF031F8204610BD6FF01500FBE75E
:10DAC000C2A200209B590500A759050070B5094C5A
:10DAD000636901336361084D284620F0D8FA38B1F4
:10DAE000AB6854215E682846042304F11402B04751
:10DAF000606970BDD2A2002000110500014B93F9AE
:10DB000018007047D2A20020044BB3F8190041F26C
:10DB10007C53002808BF1846704700BFD2A20020DF
:10DB2000044BB3F81B0040F6D863002808BF184622
:10DB3000704700BFD2A2002070B5084C204620F0EC
:10DB4000A6FA48B1A36820465D684021AC46BDE80E
:10DB500070401D23024A604770BD00BF00110500E0
:10DB6000D2A2002000F128039BB2302B10B504464E
:10DB70000DD8084B93F91820824206D01876FFF78B
:10DB8000DBFF2146044819F0C7FF002010BD6FF0ED
:10DB90001500FBE7D2A20020C759050038B5A0F652
:10DBA000B833B3F52F6F04460D461ED8A1F6B8332F
:10DBB000B3F52F6F19D8431AB3F5FA7F15DB0C4B69
:10DBC000B3F81920824203D1B3F81B208A420AD04D
:10DBD000A3F81940A3F81B50FFF7AEFF2A462146D1
:10DBE000044819F099FF002038BD6FF01500FBE7DD
:10DBF000D2A20020FA59050073B52F4D2F4C2846AC
:10DC000020F045FA00283DD147222270432262705D
:10DC10005722A2705322E270092222716FF05F0234
:10DC20000023A2710F226371E27163723C22A3721E
:10DC3000E3726373A373E373637423756375A375EE
:10DC4000E3757C2322726376782215232273A376F0
:10DC500028226FF027032274E37601220E23A27498
:10DC6000237703220823E2742376FFF765FF144825
:10DC700019F052FFE268A168124802B0BDE8704096
:10DC800019F04ABFAB6822461E6840211D23284672
:10DC9000B0470028B8D122680B4B9A42B4D1A38870
:10DCA000092BB1D1A37C09480093E388E268A168FD
:10DCB00019F032FFDEE700BF00110500D2A20020FC
:10DCC000295A05007C5A050047435753425A05001C
:10DCD000F0B5ADF5797D064614F09EFF01460028AB
:10DCE0006AD11A220DF10A0022F0E9FC4FF48043B8
:10DCF000344F01ADCDE904374FF490532022ADF8F5
:10DD0000083031492B4602A814F09CFD0446002837
:10DD100055D1334628212D4A10A817F0B7FB2146CC
:10DD200006464FF45E721AA822F0C9FC39461AA8BA
:10DD300014F0D4FE58B16FF002041AA821F012F9C1
:10DD4000286814F033FD20460DF5797DF0BD0D23D4
:10DD500040F202211E4A1AA821F0C0F90028EAD197
:10DD600040F201112A681AA821F0C1F90028E2D175
:10DD700040F20321334610AA1AA821F0AFF9014658
:10DD80000028D8D118220AA822F099FC4FF440723A
:10DD9000104B1AA9CDE90B234FF41053ADF82430E2
:10DDA00080230D4A09A8ADF8263021F009F9041E98
:10DDB00018BF6FF00204C0E74FF0FF34C3E76FF005
:10DDC0000104C0E709010008B3A40500CE5B05000B
:10DDD000A5A4050000014405846A0020F0B50446AE
:10DDE0004FF6FF76D4F807300D46B0F803104079AF
:10DDF00097B08DF83100180A8DF83400180C8DF8A2
:10DE00003500180EADF82C608DF836000226002083
:10DE1000A2798DF82E6000900E0A0EA88DF82F10B2
:10DE20008DF832208DF833308DF8306019F040FBDA
:10DE3000B4F80F30D4F80B00ADF84C30D4F81130F2
:10DE40001290CDF84E3008AB06930823059309AB2A
:10DE500004930A23039312AB02930B2316480193F6
:10DE60000BAB009315490D2300680EAA21F031F881
:10DE7000F8B9089B062B1CD127889DF824602F80B9
:10DE8000A7789DF82510AF70B4F80370BDF926206F
:10DE9000A5F803706779BDF928306F71A779AF7164
:10DEA000D4F807402E72EC7169726A81AB8117B0A9
:10DEB000F0BD4FF0FF30FAE7846A0020000144050E
:10DEC0002DE9F04F884695B0010A8DF82810190AFF
:10DED0008DF82C10190C8DF82D10190E8DF82E10B0
:10DEE00001214FF6FF7B4FF0020A8DF827000091C9
:10DEF000064601460CA817461D468DF82A208DF8C7
:10DF00002B301F9CADF824B08DF826A08DF8298009
:10DF100019F0CEFA08AB069310230593062303935A
:10DF20001E9B024602930B23184801930DF14009F2
:10DF300009AB0093CDF810900D231549006820F02F
:10DF40007FFF4FF0FF320346E8B908990A291AD13A
:10DF50006270BDF844201098A4F80F20DDF8462028
:10DF600084F800B084F802A0A4F8036084F8058067
:10DF7000A771C4F80750C4F80B00C4F81120184664
:10DF800015B0BDE8F08F1346F9E700BF846A0020A2
:10DF9000000144052DE9F04FC7B0BDF84451884653
:10DFA000691EC529074692461E46529C05D94FF068
:10DFB000FF33184647B0BDE8F08F010A8DF83010E6
:10DFC000190A8DF83410190C8DF83510190E4FF010
:10DFD00002098DF8361000214FF6FF7B8DF82F00D7
:10DFE0008DF83810CDF8009001460FA88DF832203A
:10DFF0008DF83330ADF82CB08DF82E908DF831803F
:10E000008DF8375019F054FA0AAB0693CA230593DA
:10E0100013ABCDE90353509B0BAA02930D2300923F
:10E020000246174801931749006820F009FF09903C
:10E030000028BCD10A992A1D8A42B8D14FF0FF327C
:10E04000A4F80B50627084F800B02A4684F802905D
:10E05000A4F8037084F8058084F806A0C4F807606B
:10E0600013A904F10D0022F004FB05F58C730DEBF0
:10E07000030555F8CC2C099BC4F8D32099E700BFC1
:10E08000846A0020000144051FB50B4601220221CD
:10E09000019002928DF80C1006489DF80C108468CF
:10E0A00041F002018DF80C10A46801A9A04704B04A
:10E0B00010BD00BFC01005001FB50622029203224A
:10E0C0000B4601908DF80C2006489DF80C208168C5
:10E0D00042F002028DF80C208C68012201A9A047B1
:10E0E00004B010BDC010050010B588B00DF10703D5
:10E0F00002930123039300238DF810300723CDE909
:10E1000005128DF807008DF81C3007489DF81C306B
:10E11000826843F002038DF81C30946814230222B5
:10E1200002A9A04708B010BDC01005001FB502230A
:10E130008DF800008DF80110CDF804D002938DF811
:10E140000C3007489DF80C30826843F002038DF8CC
:10E150000C3094681423012201A9A04704B010BD1B
:10E16000C010050013B51C481FF091FF80B30020BC
:10E1700001220DF107018DF80700FFF7B5FF0446F6
:10E1800040B10146154819F0C7FC6FF01204204653
:10E1900002B010BD9DF80710902901D01048F2E799
:10E1A000C8211A20FFF7C2FF02211920FFF7BEFF86
:10E1B00000219D2020F0BEFA04212120FFF7B6FFA8
:10E1C00004211F20FFF7B2FF064819F0A5FCDEE787
:10E1D0004FF0FF34DBE700BFC0100500FB5B05001C
:10E1E0006B5C0500995C050007B581020E480823A9
:10E1F0006A4600681AF0EFFE90B99DF80030A62B31
:10E200000ED1BDF8010058B1084A00F108031268A8
:10E21000B3EB822F88BF4FF0FF3003B05DF804FBF3
:10E220004FF0FF30F9E700BFA06A00209C6A002091
:10E2300010B4084B1B784BB1074800218368074A8C
:10E240005C681423A4465DF8044B60475DF8044BFA
:10E25000704700BFEFA2002000110500886A00206F
:10E260002DE9F04FDFF8A4B18DB05946002003F03E
:10E270008BFE039038B101465A4819F04DFC0398C3
:10E280000DB0BDE8F08FDBF80030DFF884919B68BB
:10E29000554D564E9B0AC9F800302E60544C20460E
:10E2A0001FF0F5FE534B1870002837D0A3682046A6
:10E2B0001F680399142307AAB84798B9079BB3426C
:10E2C00010D1D9F80030089A9A420BD2099A934299
:10E2D00008D92E4607AC0FCC0FC62368E96846481C
:10E2E0003360CAE7454800263446B246B046374652
:10E2F00019F012FC0496D9F800309F4210D3B8F1FF
:10E30000000F3FD13E48C5E90288C5F80480C5F832
:10E31000108019F001FCFFF78BFFB0E73948E2E706
:10E320003846FFF761FF03460133059001D10137FD
:10E33000E1E70423B902DBF8000007AA19441AF048
:10E340004AFED0B9079A059B03F2074307EB9323D4
:10E35000B8F1000F13D00499924584BF3C46924611
:10E36000914206D2D9F800100492B3FBF1F601FBFA
:10E3700016361F4608F10108BDE70022E3E73C46D8
:10E380009246EFE74FF000084746C5E90164A64210
:10E3900003D0D9F8003098450BD3049BEF600133CC
:10E3A0002B6100933946D5E90132174819F0B4FBC7
:10E3B000B1E72046FFF718FF421CD9F8003015BF1F
:10E3C00000F20740013404EB9020B4FBF3F217BFD6
:10E3D000B0FBF3F403FB124403FB1404013708F110
:10E3E0000108D4E7BD5C0500886A0020504741570A
:10E3F00000110500EFA20020E35C0500085D0500A8
:10E400007A5D0500415D0500A95D0500A06A002058
:10E410009C6A00202DE9F04FDFF8989189B0D9F877
:10E4200000300F4603900292002B00F0BA800029C2
:10E4300040F3BA8001F20743DFF87CB19A0A0192F7
:10E44000DBF80020B2EB932FC0F0AE80584C01995E
:10E4500063680B449A4204D200236360E36803B903
:10E46000A3604FF0000A524D6E685644B2073DD08B
:10E47000019B0AF1010A5345F6D122696568531CD4
:10E480002361A6238DF818303B128DF81A30029BB9
:10E49000AD02003B18BF012307928DF81B302946BF
:10E4A0000823D9F8000006AA8DF819701AF0A8FD03
:10E4B000002873D105F108013B46039AD9F8000002
:10E4C0001AF09EFD0546002868D16368019A1A4437
:10E4D0001346DBF80020B3FBF2F102FB113363605B
:10E4E000E3680133E360FFF7A3FE2AE0029B33B940
:10E4F000EB68A9680093331D0493009B13B906F1E0
:10E50000040839E00846059119F073F8DDE9043193
:10E510009942F4D201EB00084645F0D24FF00003D7
:10E5200089028DF81830D9F80000012306AA0331BA
:10E530001AF051FD48B99DF81830DB0705D56FF08A
:10E540001B05284609B0BDE8F08FDBF80030B8FBAA
:10E55000F3F103FB1181009B013B0093CDE71844CD
:10E56000864211D2DBF80030B0FBF3F203FB12005D
:10E57000EB68A860013BEB60EB682BB1A86819F071
:10E5800038F8AB684345EAD34FF48052D9F800001D
:10E59000B1021AF04AFD00283FF46AAF6FF004059B
:10E5A000CFE76FF01205CCE76FF01505C9E700BFA4
:10E5B000886A0020A06A00209C6A0020014BD8686D
:10E5C000704700BF886A002030B50B4C226902B149
:10E5D000013A48B1E36833B15D1E95428EBF002316
:10E5E000C3F101039B18036021B1E368002B18BF3E
:10E5F00013460B6030BD00BF886A00202DE9F84348
:10E600002D4D0646EB680F46002B42D0A868FFF759
:10E61000EBFD421C044623D14FF00008DFF8AC901C
:10E620002AE0AC684444B4FBF3F203FB12442046F6
:10E63000FFF7DAFD01301DD0B8F1000F0AD04146D6
:10E640001E4819F069FAEB68AC600BB1013BEB6056
:10E65000FFF7EEFDA868FFF7C7FD431C044606D090
:10E66000BC421BDB3A462146154819F055FA6FF0BB
:10E67000040410E008F10108D9F800309845D0D31F
:10E68000104819F049FA6B68AB600023EB60FFF7A4
:10E69000CFFD4FF0FF342046BDE8F883A9680A4853
:10E6A000890223463246006808311AF094FC00289B
:10E6B000DDD13055EFE700BF886A0020ED5D050031
:10E6C000525E0500255E0500A06A00209C6A0020BD
:10E6D00038B50B4DEB6893B1AC68204618F089FF54
:10E6E000084B04441B68B4FBF3F203FB1244EB68D1
:10E6F000AC60013BEB60BDE83840FFF799BD38BD29
:10E70000886A00209C6A00202DE9D0430C4680B323
:10E71000037873B321F0DBFF57EC106B0022164B2C
:10E7200030463946F2F790FEF2F7FEFFF2F7F8FCBA
:10E730000022114B80468946F2F75CFD02460B46EB
:10E7400030463946F2F79EFB00220C4BF2F77CFE76
:10E7500042464B46F2F798FB3CB1237803F0FB03AB
:10E76000532B02D101F10043194641EC100BBDE8D7
:10E77000D08300200021F8E70000594000004E40FF
:10E780000C4B30B5024603600025012013F8014B05
:10E790000CB1884200DB30BD2C2C05D103F8015CA4
:10E7A00042F820300130F1E72A2C08BF03F8015C61
:10E7B000ECE700BF51A3002010B50F4B1A78242AB4
:10E7C00015D119460120002411F8012F8AB12A2AF7
:10E7D00000F1010009D118441022002116F0A0FE1A
:10E7E000C0B2031B5842584102E05440ECE70020FD
:10E7F00010BD0120FCE700BF51A30020034600220A
:10E80000F0B5411E93B011F8014F74B90092402148
:10E810000B4A02A816F03AFE06460A4F02ADB44271
:10E8200001DA402C03D113B0F0BD6240EBE715F8DC
:10E83000011BBB6803485B6898470134EFE700BFE2
:10E84000835E050000100500014812F0CBB800BF40
:10E85000BC6A002010B5044690B08368DB6B6BB1D6
:10E86000984758B910B010BD4022694620469847D5
:10E87000021E0DDD6946084819F013FDA368DB6A26
:10E8800013B12046984718B1A3681B69002BEBD140
:10E89000024812F029F9E5E7A4060020A00D0020A7
:10E8A00010B504460D4812F079F947F6122C40F2E3
:10E8B000E730002124EAE4744FF47A720023E4FB89
:10E8C0000C01F3F719F802460B46044812F040F920
:10E8D000002818BF6FF00A0010BD00BF700D0020A7
:10E8E00010B588B01B481FF077FC1B4C20461FF06A
:10E8F000CEFB28B9194808B0BDE8104019F00CB992
:10E90000A3682BB11B6C1BB1002220461449984709
:10E910000121114803F0FEF9A3681B6A0BB10E48F0
:10E92000984700220023CDE9062300230522CDE9E4
:10E930000133CDE9032300934FF40062094B0A49E8
:10E940000A4812F0BDFB0A4908481FF033FE094887
:10E95000D1E700BFBC6A002000100500AF5E0500D3
:10E9600055E80200D18A0200B0BF002050240020E8
:10E97000613B0500C75E050030B50128044689B03B
:10E980001CD00F4D0F4B022818BF1D462B462021CF
:10E990000D4A684616F07AFD6846FFF72FFF002102
:10E9A00040F6A6601FF0C6FE0848FFF727FF2A467C
:10E9B0002146074819F0B0F809B030BD054DE5E72C
:10E9C000F75E05000F5F05001B5F0500265F050071
:10E9D0002E5F0500035F050010B504464FF0FF32BF
:10E9E0004FF0FF33054811F08BFF204658220449B1
:10E9F00021F03FFEBDE81040FFF726BFBC6A0020B3
:10EA0000482500202DE9F04F9BB0064604A80F468C
:10EA1000FFF7E2FF9DF81090B9F1000F07D13946DA
:10EA200030462D4A1BB0BDE8F04F16F02FBD1FF049
:10EA300071FF4FF47A74A0FB040547F6122204FB21
:10EA400001510023F2F758FF244A039088463046CC
:10EA5000394616F01BFD00250446DFF898A0DFF8C4
:10EA600098B09AF8003023FA05F2D20714D503982B
:10EA70005BF835100BEBC502411A47F23150526872
:10EA800068EB0202814272F1000211DB0122AA400E
:10EA900023EA02038AF800300135062DE1D1104A3D
:10EAA000391B301916F0F2FC20441BB0BDE8F08F82
:10EAB0000C4B0D4A53F82530391B00930B4B301982
:10EAC000B9F1000F08BF1346094A16F0DFFC4FF0FA
:10EAD00000090444E0E700BF5F5F0500BB49050093
:10EAE00027850500F4260500704A0500CD5B05006A
:10EAF000625F050050A30020182500202DE9F04F8B
:10EB00002C4E9DB006A8FFF767FF33682A4F01938C
:10EB10003B68DFF8D8900093DFF8D480274BD8F813
:10EB200000201B68D9F80010254818F0F5FF254C87
:10EB30009DF81850244B1B98002D18BF1C46DDE98A
:10EB40000A23CDE90423DDE90823CDE90223F2F706
:10EB5000F9FA9DF869A09DF868B0CDE90001534627
:10EB60005A462146194818F0D7FF194B194A197807
:10EB70001948002918BF1A46114618F0CDFFD9F8D8
:10EB800000302BB915481DB0BDE8F04F18F0C4BFD8
:10EB9000D8F800300BB91248F5E73B6832681343E8
:10EBA00001D11048EFE70DB90F48ECE71DB0BDE803
:10EBB000F08F00BFA46A0020A86A0020AC6A002081
:10EBC0007F5F0500EAA20500695F0500C85F0500D8
:10EBD000F0A200206F5F0500056005001A600500C7
:10EBE00053600500AE60050005610500B46A0020B1
:10EBF000B06A00202DE9F0412B4F04463B786BB3FF
:10EC00002A4B0D281A6801D00A281AD10024284856
:10EC1000284903783C7001EB43218C5403220133D3
:10EC2000B3FBF2F202EB42029B1A234ADBB21278E8
:10EC30009A4216BF037021482148BDE8F04118F000
:10EC40006BBFB2F5FF7F07DC1949501C09781860CB
:10EC5000184B03EB41239C54BDE8F081DFF86C8036
:10EC6000184DD8F800600E2E16DC731CC8F8003062
:10EC7000A8550F2BA8BF0F23002413491148EC54AB
:10EC800021F08BFD0028E7D001233B70074BC8F82B
:10EC900000401C602C70DFE70E222846691C21F022
:10ECA000F5FC3346AC73E4E7A3A80020D86A002043
:10ECB000A6A80020A7A80020A5A80020896105001B
:10ECC000B761050093A80020D5610500D46A002033
:10ECD000F8B50F4E0D280446336801D00A2809D133
:10ECE0003BB100240B4A0C481146D45418F014FFD1
:10ECF0003460F8BDBE2B074D06DD002729460648C7
:10ED0000EF5418F009FF3B465A1C3260EC54F0E710
:10ED1000D06A0020D2A50020DF6105000248836888
:10ED20001B6A03B1184770472010050010B5044650
:10ED300090B08368DB6B8BB1984778B910B010BD89
:10ED4000A3681B69002BF9D04022694620469847EA
:10ED5000021EF3DD6946064819F0A3FAA368DB6AD0
:10ED6000002BEDD0204698470028E9D1E6E700BF08
:10ED7000B80600200146024883685B68184700BF58
:10ED80002010050010B5037804460D2B05D00A2B82
:10ED900003D00146054818F0BFFE013C14F8010FEE
:10EDA00000B910BDFFF7E6FFF8E700BFE761050017
:10EDB0000146044883681B6803B118476FF0570089
:10EDC000704700BF20100500014610B5012204461F
:10EDD000084819F086FA012804D12078FFF70AFFC5
:10EDE000012010BD2046FFF7E3FF0028F5D00020EA
:10EDF000F7E700BFB80600202DE9F74F284E0024A2
:10EE0000B2469346814688460AF8014B18F01CFC2E
:10EE10001BEB000741EBEB7B18F016FCB84271EBE3
:10EE20000B0125DB6FF0010003B0BDE8F08F9DF80A
:10EE30000700FFF74DFFB4F5007F9DF8075021DA7A
:10EE400035550134B4F5007F23464FF00005A8BFC7
:10EE50004FF4007349463046F55421F09EFCD0B97A
:10EE6000B8F1000F04D04146304621F096FCA0B91D
:10EE70000DF10700FFF7A8FF0128D8D0022018F0F5
:10EE8000FCFBC9E740F2FF125146054821F0FEFBAA
:10EE900086F8FF51D6E72846C6E74FF0FF30C3E7B4
:10EEA00092A6002070B506460C46154618F0DBFB0E
:10EEB0003046FFF767FF0548FFF764FF2A46204604
:10EEC000BDE870400249FFF797BF00BF676C0500BF
:10EED000F761050038B50F4D0F4B2C781B78A34216
:10EEE00015D00E4940F2FF1201EB44210C4821F0ED
:10EEF0002BFC00230A4A013482F8FF310323B4FBC0
:10EF0000F3F3012003EB4303E41A2C7038BD002017
:10EF1000FCE700BFA5A80020A6A80020A7A8002005
:10EF2000D2A3002010B50D4C20461FF0B0F820B938
:10EF30000B48BDE8104018F0EFBD0121204602F05B
:10EF4000E9FEA3682BB11B6C1BB1002220460549CA
:10EF50009847FFF7E3FE0448EBE700BF20100500E9
:10EF6000E96305002DED0200026405004FF4FA622A
:10EF700008B504490448FFF795FFB0FA80F040094E
:10EF800008BD00BF92660500A0660500F7B518F041
:10EF90005BFB0F4F10F5FA750E4E41F1000418F0AF
:10EFA00053FBA842A14103DA3A7833789A4205D05C
:10EFB00003B0F0BD9DF80700FFF78AFE0DF10700D2
:10EFC000FFF702FF0128F5D0022018F056FBE6E714
:10EFD000A6A80020A5A8002030B5C7B0FFF7C6FF3F
:10EFE000002843D0934818F097FDFEF7CBFC044669
:10EFF000FEF700FDA021904A904BCDE900401EA8ED
:10F0000016F044FA18F02FFB1EA8FFF7BBFE8C4841
:10F01000FFF7B8FE42F210728A498B48FFF7ECFE08
:10F0200010B18A4818F078FDA021894A834B1EA8A8
:10F0300016F02CFA18F017FB1EA8FFF7A3FE804865
:10F04000FFF7A0FE42F210727E498248FFF7D4FE1D
:10F0500010B1814818F060FDFFF798FF7F4840F23B
:10F060005B727F4918F058FD0020E0E040F6B832AE
:10F070007C497D48FFF716FF40F6B83279497B4856
:10F08000FFF710FF40F6B83276497948FFF70AFFDC
:10F09000FEF778FC0446FEF7ADFC7021674B754A1D
:10F0A000CDE9004002A816F0F1F9FCF765FDA021BA
:10F0B000714A009002AB1EA816F0E8F940F6B8328B
:10F0C00068491EA8FFF7EEFE70B16C4818F024FDE9
:10F0D000A0216B4A02AB1EA816F0D8F940F6B83250
:10F0E00060491EA8FFF7DEFE0024012C55D16548BB
:10F0F00018F012FD41F288325A496348FFF7D2FEF8
:10F1000018F0B1FA6148FFF73DFE42F210724D4926
:10F110005F48FFF771FE4FF4FA6018F0AEFA40F264
:10F120005B73A0215B4A00931EA84D4B16F0AEF90D
:10F1300018F099FA1EA8FFF725FE4148FFF722FEB6
:10F140000134554A3F495548FFF756FE032C61D01C
:10F150000028CAD1FEF74EFC514A03460192514A9B
:10F16000A02100921EA8504A16F090F918F07BFAE0
:10F170001EA8FFF707FE3248FFF704FE47F23052A1
:10F1800030494A48FFF738FE00283FF42EAF484880
:10F1900018F0C2FC6FF0010049E0022CBFD14548D5
:10F1A00018F0BAFC43F698222E494348FFF77AFE3E
:10F1B00043F6982018F061FA14254FF47A72294921
:10F1C0003E48FFF76FFEF0B94FF4FA6225493C481C
:10F1D000FFF768FE42F2107222493A48FFF762FEDA
:10F1E000394BA021394A1EA816F050F940F6B83222
:10F1F0001C491EA8FFF756FE47F230521949344801
:10F20000FFF750FE8BE74FF47A7018F036FA013DA5
:10F21000D3D1D9E700289DD02E4818F07DFC41F2CB
:10F22000883210491048FFF73DFE4FF0FF3047B0DD
:10F2300030BD00BFAC6605006A6905007F3205007D
:10F24000676C0500F76105008C6905009969050088
:10F25000B6690500D6690500E3690500046A050082
:10F2600082680500F4610500EB660500F96605009B
:10F27000116705008D3205002D6705006C670500DC
:10F28000C8670500F06705001968050026680500D5
:10F290003668050090680500F8240100A56805009F
:10F2A0002E6905003A6905001269050043690500E9
:10F2B000536905004568050076680500026205008F
:10F2C000FD61050059620500976405007766050039
:10F2D00021650500B36805002DE9F74306460F4692
:10F2E0001446FFF7F7FDB0B918F0AEF9DFF8A490B7
:10F2F0002518DFF8A48041EBE47418F0A5F9A842C2
:10F30000A14105DA99F8002098F800309A4210D00F
:10F31000FFF7E0FD28B17B211B4821F0F6F90546F7
:10F3200088B9002003B0BDE8F0839DF80700FFF71F
:10F33000CFFC0DF10700FFF747FD0128F5D00220B3
:10F3400018F09BF9D9E77D210F4821F010FA044607
:10F350000028E6D08542E4D80C490B4821F01DFA7C
:10F36000003818BF0120641B0134094BBC4228BF80
:10F3700007F1FF34187022462946304621F079F90A
:10F38000002301203355CDE7D2A30020386A0500C1
:10F39000A4A80020A6A80020A5A8002008B542F235
:10F3A000107209490948FFF77DFD41F2883208498A
:10F3B0000848FFF777FDBDE8084043F69822064964
:10F3C0000648FFF76FBD00BF446A050019680500D5
:10F3D000F4610500EB660500526A05005F6A0500EE
:10F3E0002DE9F04F00234FF0FF350646DDB0CDE9A3
:10F3F0000212714840F6B83270490693079305959A
:10F40000FFF750FD40F6B8326C496D48FFF74AFDF2
:10F4100040F6B83269496B48FFF744FD40F6B83210
:10F4200066496948FFF73EFD40F6B83263496748D0
:10F43000FFF738FD40F6B83260496548FFF732FD06
:10F4400040F6B8325D496348FFF72CFD3046F8F7C7
:10F450007BFA1CAF034630215F4A384616F016F897
:10F4600018F001F93846FFF78DFC5C48FFF78AFC7D
:10F4700041F288325A495B480DF1140A0DF118091E
:10F4800007ACFFF7B9FCC8B93046FFF77BFC41F287
:10F49000883253494948FFF7AFFC98B918F0E3F8B0
:10F4A0005148FFF76FFC4EF6602350224F4808A9E1
:10F4B00018F0F5F848B16FF0020000E028465DB0A2
:10F4C000BDE8F08F6FF00100F9E74B46524648491E
:10F4D000009408A816F004F8022805DDDAF80030D8
:10F4E00013B92168002906DC424808A918F014FB6A
:10F4F0006FF00300E3E7D9F80020C82A06D01146D0
:10F500003D4818F009FB6FF00400D8E73B4818F0BD
:10F5100003FB18F0A8F83A48FFF734FC42F21072E7
:10F520002F493048FFF768FC0028ECD143F6982AB1
:10F530002568002D07DC41F2883229493148FFF760
:10F540005BFC2068BBE7B5F5807FAB46A8BF4FF4F6
:10F55000807B18F079F84FF0000810EB0A0641F1B3
:10F56000000918F071F8B04271EB090109DBB8F13C
:10F57000000F11DC2448294618F0CEFA6FF0050080
:10F580009DE72248ABEB080207EB080118F0A9FE43
:10F5900058B18044C345E4DC4246DDE902303946D7
:10F5A000984730B9A5EB0805C3E7022018F065F8C5
:10F5B000F0E76FF0060082E76A6A0500F461050073
:10F5C000846A0500A36A0500BC6A0500D86A0500C4
:10F5D000FA6A0500146B0500356B0500676C0500C1
:10F5E000F7610500476B05004F6B0500606B050078
:10F5F0006B6B05007F6B05009C6B0500316C050093
:10F60000586C05008C6C05006A6C0500B80600207B
:10F61000024883685B6A03B11847704720100500F1
:10F62000024883681B6A03B1184770472010050021
:10F630000146024883685B68184700BF2010050038
:10F640000146044883681B6803B118476FF05700F0
:10F65000704700BF2010050038B50546002432224F
:10F660004FF480710F4818F0A3F80F4818F090F885
:10F670004FF47A724FF480710A4818F099F848B143
:10F680000A49084821F089F820B1094818F044FADD
:10F69000012038BD0134FDF7B9FFA542DFD10020BC
:10F6A000F7E700BF18BA002002620500F461050008
:10F6B0009A6C050070B504460D4632224FF48071F5
:10F6C000144818F075F8204618F062F82A464FF4EE
:10F6D0008071104818F06CF80E4A00231546202659
:10F6E00083420ED100220C49EA540A4A0B48002BEF
:10F6F00008BF0A46214618F00FFABDE87040FDF732
:10F7000085BF11780D2901D00A2900D11670013367
:10F710000132E5E718B10020A86C0500B26C0500C5
:10F720002DE9F74F054690460F4632224FF40071FF
:10F73000304818F03DF829462F4818F0EDF92846D2
:10F7400018F026F818F015F8002440F2FF1A18EB0C
:10F750000005DFF8A09041EBE87818F00AF8A8421D
:10F7600071EB080101DA544513D1224B00221846EF
:10F770002025944234D10025204B1E490555AC422A
:10F7800008BF19461E4818F0C7F9FDF73FFF284685
:10F7900017E00DF10700FFF753FF0646D8B99DF8B3
:10F7A000070017F0E4FF9DF8073004F1010B39461C
:10F7B000104809F8043009F80B6020F0EEFF18B18A
:10F7C000012003B0BDE8F08F48460E4920F0E5FF68
:10F7D0005C460028C9D1A306BFD1FDF717FFBCE7DF
:10F7E00019780D2901D00A2900D11D700132013389
:10F7F000BFE700BF18B60020C46C0500A86C050068
:10F80000CC6C0500F76105002DE9F04706464B4832
:10F810000C46038886B001339BB2002B5AD01946A0
:10F820000180C021CDE900264548464A15F02EFE4C
:10F8300041F2883244494248FFF772FF05460028EA
:10F840004BD0013C14F8015F002D53D11A20FFF773
:10F85000EFFE17F08EFF46F2A8133C4F10EB0309A2
:10F8600041F1000817F085FF484571EB080158DAAF
:10F87000FF2D48D00DF10B00FFF7E2FE04460028F3
:10F880004CD19DF80B0017F072FF9DF80B3005F17D
:10F89000010A2F492D487B5507F80A4020F07DFFCB
:10F8A0000546002833D00A2120F02FFF78B305AB9E
:10F8B00000932846274904AB03AACDE903440594E5
:10F8C00015F00EFE022832DD059B012B16D12546D0
:10F8D0003C70C7E701210B46A2E74FF0FF341E48FA
:10F8E00018F01AF91D4B1D70FDF790FE204606B06A
:10F8F000BDE8F0872846FFF79BFEA3E7C3B1059953
:10F90000174818F009F94FF0FF34164911E038464E
:10F91000154920F042FF0028F5D15546FDF776FE47
:10F92000A0E7002DEFD1114818F0F6F8EBE7E6D18B
:10F930000F4932460F4818F0EFF8D5E72479002038
:10F94000A7AF0020D46C0500217F0500A7AE0020E2
:10F95000006D0500096D0500ED6C050031BB002050
:10F960001B6D0500B4520500F76105004A6D0500E6
:10F97000F46105006D6D050073B5174C23782BBB42
:10F98000164B1B7813BB01262670FDF7FBFF0546BF
:10F99000FEF730F87021124B124ACDE900501248A0
:10F9A00015F074FDFCF7E8F8402103460F4A1048B3
:10F9B00015F06CFD32460E490B48FFF725FF38B9AC
:10F9C0000B490C4818F0A8F80023237002B070BD52
:10F9D000094818F0A1F8F7E717B1002018BB00207C
:10F9E0007F3205008D320500A7B00020826D050032
:10F9F00067B000209A6D0500BC6D0500F8B50220C7
:10FA0000FFF72AFE054628B1204818F085F80125A1
:10FA10002846F8BD1E4818F07FF8FDF7EFFC17F0F8
:10FA2000A8FE4AF6C8732F46C41841F1000617F025
:10FA3000A0FEA042B14105DB4AF6C871154818F096
:10FA40006BF8E5E74FF400714FF4FA72124817F0C3
:10FA5000AFFE014620B117B9104818F05DF8012734
:10FA60000120FFF7F9FD68B117F083FE4AF6C8726E
:10FA7000201A66EB0103121A63EB4303084818F0DF
:10FA80004BF8C4E7FDF7C2FDD1E700BFDE6D05000E
:10FA9000F46D05004B6E050018B80020116E0500CE
:10FAA0002A6E050070B540F6B8328EB03749384836
:10FAB000FFF736FE10B9374818F02EF840F6B83286
:10FAC00032493548FFF72CFE10B9344818F024F8B5
:10FAD000FCF752F80446FDF755FF0546FDF78AFF8F
:10FAE0008021CDE900502E4B2E4A2F4815F0CEFC38
:10FAF0004FF480712D4A2C4B2D48009415F0C6FC14
:10FB000040F6B83221492A48FFF70AFE68BB4FF495
:10FB10008071284A244B2648009415F0B7FC40F623
:10FB2000B8321A492248FFF7FBFD48BB4FF48071F9
:10FB3000214A1D4B1E48009415F0A8FC40F6B8322F
:10FB400012491B48FFF7ECFDF0B91C4817F0E4FF21
:10FB50004FF480711A4A144B154815F097FC4FF476
:10FB6000FA620A491248FFF7DBFD41F28832154973
:10FB70001548FFF7D5FD78BB144817F0CDFF8EE18F
:10FB8000134817F0C9FFF0E71248FAE7F4610500DF
:10FB9000F9660500706E0500CD6E0500E86E050083
:10FBA0007F3205008D32050098B500202D670500D5
:10FBB00098B40020456F0500846F0500DE6F0500D6
:10FBC000C8670500DA630500E063050051700500B1
:10FBD000BB6F0500357005003C254FF4FA62B9494A
:10FBE000B948FFF79DFD044630B9002147F61220C1
:10FBF0001EF0A0FDFDF70AFD013D00F03181002C53
:10FC0000EBD0632332228021B0480D9317F0D0FD52
:10FC1000AF4817F0BDFD80214FF4FA62AB4817F0F2
:10FC2000C7FDAC49A94820F0B8FD002840F03B8151
:10FC300000210025A84B0D9AA848196017F06CFF09
:10FC4000A74B4FF4FA62A749A7481D70FFF768FD5C
:10FC50003222A021A54817F0ABFDA54817F098FD6A
:10FC6000A0214FF4FA62A14817F0A2FDA1499F48D4
:10FC700020F093FD08B3222120F047FDE8B12221B6
:10FC8000013020F042FDC0B12221013020F03DFDC5
:10FC9000044690B1461C2221304620F036FD60B16A
:10FCA000001B012809DD441E172C06DC22463146C4
:10FCB0008B4820F0DEFC8A4B1D55FBF75DFF0028CA
:10FCC00040F0B1803222A021CDE90700CDE9090042
:10FCD000CDE90B000D90884817F06AFD874817F0B2
:10FCE00057FDA02140F6B832834817F061FD8449E2
:10FCF000814820F052FDA0B93222A0217E4817F0A1
:10FD000057FD804817F044FDA0214FF4FA627A486D
:10FD100017F04EFD7C49784820F03FFD002800F0A8
:10FD20001B81222120F0F1FC002800F015810DAB91
:10FD300004930CAB03930BAB02930AAB019309AB97
:10FD40000093724908AB07AA013015F0C9FB0528DA
:10FD500040F3028108994B1E0B2B00F2FD80099C99
:10FD6000013C1E2C00F2F880079B4FF4C870632BF7
:10FD7000DCBF03F5FA6307930229D8BF013B002BD0
:10FD8000BDBF6FF4C7729A1892FBF0F093FBF0F0CE
:10FD900040F26D165E4A032902FB00334FEA9302DC
:10FDA00006FB032222444FF06404B3FBF4F3B4BF18
:10FDB00009256FF00205D31A9922294451430522DF
:10FDC0000231B1FBF2F10B444FF46161514A02FB85
:10FDD00000330A9AA3F52F2301FB02F44E4AA3F63F
:10FDE0006C2302FB03443C220B9B02FB03440C9B51
:10FDF000A2F570721C440D9B02FB0344474B9C42CE
:10FE000040F3A6802046FBF7A3FE0C9B21460393FC
:10FE10000B9B434802930A9B0193099B0093DDE9E6
:10FE2000072317F079FE40F6B8323E493E48FFF707
:10FE300077FC002840F09B80C0213C4A3C4B3D4869
:10FE400015F024FB40F6B83226493A48FFF768FC23
:10FE5000002840F083803649374817F05DFE1EE0E9
:10FE6000002C7FF4CEAE354817F056FE4FF4FA6101
:10FE70001748FFF71FFC4FF4FA613148FFF71AFCEF
:10FE80004FF4FA611A48FFF715FC4FF4FA612D4858
:10FE9000FFF710FC40F6B8312B48FFF70BFC0024AD
:10FEA00020460EB070BD29490DAA15F019FB012896
:10FEB0007FF4BEAE0D991F293FF6BAAE49007139E5
:10FEC000B7E600BF7A6205006470050018B4002030
:10FED000A0700500B9700500DC6A0020C87005003C
:10FEE00019BB0020F4610500E470050078B3002020
:10FEF0008C62050084620500D8B20020EF70050016
:10FF0000F970050000710500097105001071050008
:10FF100070FEFFFFB13A02008051010000E10B5E6C
:10FF200024710500DB640500E764050077660500C1
:10FF30009764050018B20020D57105006E700500A9
:10FF4000E0630500A7700500B0700500BF700500F4
:10FF5000234817F0E1FD66E72248FAE74EF66022F3
:10FF600021492248FFF7DCFB08B9214805E640F2A9
:10FF70005B73C0211F4A00931F48204B15F086FA7F
:10FF800047F230521E491C48FFF7CAFB40B940F601
:10FF9000B8321C491C48FFF7C3FB08B91B48ECE505
:10FFA000FDF728FD1A4A034601921A4AC021009221
:10FFB0001148194A15F06AFA47F2305217490E48AB
:10FFC000FFF7AEFB044608B91548D6E5FDF712FD6C
:10FFD00040F25B7203460949124817F09DFD5FE746
:10FFE0006D71050098710500F4610500216505003B
:10FFF000EC7105009068050018B2002082680500C9
:020000040003F7
:10000000A568050007720500137205001F72050040
:100010002E6905003A69050012690500436905006B
:10002000397205005372050038B5174C2378FBB9B7
:10003000FDF7A8F9FFF7E2FC20B9144817F06CFDB2
:10004000002038BD4FF4FA6211491248FFF768FBEF
:100050004FF47A720E491048FFF762FBFFF722FD5A
:100060000028EDD001232370FFF786FC2078E8E715
:100070000220FFF7F1FA05460028F7D1074817F0EC
:100080004BFD2570D6E700BF31BB00207172050023
:10009000F4610500FD610500D06305008E72050066
:1000A00070B504460D4616460E481DF0F0FFA8B187
:1000B000A4B19DB1FFF7ACFAFFF7B6FF58B12046E7
:1000C00032462946FFF7A0FB0446FFF7A9FAFDF7E1
:1000D0009DFA204670BD4FF0FF34F6E74FF0FF3435
:1000E000F7E700BF201005000023024A1370024A00
:1000F0001370704731BB002018BB00200122014B58
:100100001A70704718BB002010B509481DF0BFFFDA
:1001100050B1FFF77DFAFFF787FF441EFFF780FA23
:10012000FDF774FA204610BD4FF0FF34FAE700BF28
:1001300020100500014B1868704700BFDC6A0020E2
:100140000048704719BB0020014B1878704700BF6A
:1001500031BB00202DE9F84F8A4600AF002974D04A
:1001600004680E1F361BF50826F0070604EB060888
:10017000B8F802B01BF0010B16D1E94688B06A4608
:10018000334BCDE90531032342F8103F4FF4C25100
:100190005B46304801F00AFBCD468BF31188BFF374
:1001A0006F8F0423184602DF2946204617F030FBE4
:1001B000284434F83030C01A854217D0E94688B058
:1001C0006A46254BCDE9053A032342F8103F002348
:1001D0004FF4C2511F4801F0E9FA0023CD4683F3E2
:1001E0001188BFF36F8F0423184602DFB8F802307E
:1001F000294623F00103A8F80230204617F008FB37
:1002000005EB000804EBC8035B88DA0708D4414615
:10021000204617F046FB42462946204617F086FB4B
:10022000A65BAE1B04EBC6035B88DB0709D4314633
:10023000204617F036FB2A463146204617F076FB5B
:1002400035462946204617F0E8FABD46BDE8F88F46
:10025000FB720500AC1C0500D27205002DE9F04FC1
:1002600091B0009302F004030293C2F3C20301337E
:10027000840705460E46DDF868A00392059340F01A
:100280009C81041D002849D101F00706341DC6F1E8
:100290000806009B00274FF004085A1E4FF0FF335A
:1002A000B9460193BB46434604970DB100982060C0
:1002B0000598002800F3D6808F480099814203D327
:1002C0008E488142C0F0CE800399601B11F0020C71
:1002D00040F0D680B9F10F0F00F2CF80002D00F072
:1002E000D68009F140010DEB010E0199C0F38700A2
:1002F0000EF8200C0EF8101CBCF1000F00F0C380AB
:1003000060F07F000EF8200C013709F10109C5F1FA
:1003100008014FF6DA7E043406918CE00729B8D83C
:100320006FF01B0011B0BDE8F08F7A285BD84B2826
:100330000FD8472857D829282ED8252850D052D84A
:10034000202818BF23280CBF4FF0010B4FF0000BE3
:1003500071E04C382E2846D8DFE800F06D45454561
:10036000454545454545454548454545454545453A
:1003700045564548485656566D486A456D45184895
:100380001845457F7C48454548457C0000204FF096
:10039000000B4FF0040835E001212A38C0B201FA01
:1003A00000F010EA0E0F46D110F0625C2CD110EA7A
:1003B000010B40D06046013C4444B4FBF8F408FB18
:1003C00004F425B1A3EB050CA444B445A8D8002837
:1003D00070D00598013805905AF8040B009064E736
:1003E0000199013901914FF0000B24E012F8010C42
:1003F0006C2834D1002012F8023C83466C2BC8D103
:100400004FF008084346D6E70AF1070A2AF0070A20
:100410000734BAEC027B24F0070435B10698204477
:10042000B0423FF67DAF84ED007B4FF0000B083407
:100430004FF00808434612F8010F002853D0BBF1D3
:10044000000F7FF472AF2528F5D14FF0010B019B0F
:10045000013301934FF00408ECE7584697E700207A
:100460008346A8E7039988077FF551AF4FF0010C49
:10047000601BB0F5007FFFF42DAF6FF0150051E762
:100480004FF0000CF5E70498013004903DE7BCF113
:10049000000F01D0013638E70299023600297FF4B7
:1004A00034AF0098CDE90632F7F74EFADDE90632AF
:1004B00006442AE7042B08D10AF1040015B1DAF842
:1004C0000010216082460434B5E70AF1070323F0E7
:1004D000070303F1080A1DB193ED007B84ED007B57
:1004E00008230834A7E7631BB3F5806FC5D23DB975
:1004F000A6F10804E01815E7200E050084A6050003
:10050000029A9B0828602B709DF81030AAB1EB70FE
:10051000AF702FB1002208A8C5F1010C91450ED192
:100520004FF0000AC5F101030DF1200801930DF110
:10053000300BD14512D1601BF4E66B70E8E710F880
:10054000013B190608D50CEB040EB64503F07F03FA
:100550003FF6E6AE04F8013B0132DFE71FB198F940
:100560000020002A17DB029BD3B11AF80B2004F8F5
:10057000012B0022019B18191044B0423FF6D0AE67
:1005800098F80000009904F8010B2046039220F02F
:1005900070F8039A14440AF1010A08F10108C8E747
:1005A00098F8002055F822300093029B009845F8F7
:1005B0002230F7F7C9F9421CDCE76FF00D00B1E615
:1005C0002DE9F04F97B000AF05468A46C7E90A32D9
:1005D00049B903784678807800EB83002844564573
:1005E00024D8A0EB050AD7F8803095F8028003F0F4
:1005F0000103D7F88040FB61EB78B8F1000F0CBF26
:10060000002404F001047B621BB1D7F880309A0704
:1006100015D4A4B9FB6A1BB151462846BA6A98475B
:10062000564630465C37BD46BDE8F08F441C204638
:10063000F7F78AF9013020440AF1010ACFE7D7F829
:100640008030C3F3C0033B622B78BB619B003B61EE
:100650006B687B61BB6905EB830BFB6A002B77D171
:100660005646D844BCB11C461BF8013B55F8230044
:10067000F7F76AF9D7F88430013043B1D7F88830FA
:10068000A34282BFD7F8843023F814000134C34555
:100690000644E9D1D846D7F880304FF0000913F06E
:1006A000050F0CBF4FF0020B4FF0010B7B6A994511
:1006B000B7D298F8013008F1020855F823A0AE4BE4
:1006C0009A45C0F04D81AD4B3A6A9A452CBF002344
:1006D00001230AB318F8021C7869FB6217F0FBF9D2
:1006E000FB6AC8B1EA468AB06A46A54B05937B69A6
:1006F000CDE906314FF40073ADF82030A14B42F83C
:10070000103F00234FF412519F4801F04FF8D54697
:10071000023E09F10109C9E723B1FB6933B9A6EB30
:100720000B06F6E7D7F880309B07F2D55046F7F76F
:100730000BF9D7F884304BB1D7F888309C423FBFD3
:10074000D7F88420431C22F8143001340644E0E733
:10075000002C6AD1B8F1000F6DD0D7F880305E0759
:100760006CD5C14607F14800424659461FF081FF4B
:1007700000220BEB0803FB600233796A8A425FD3E5
:10078000D7F8802095F801B0F969920704EB0B03C4
:1007900048BF0022DBB258BF4FEA5902002940F09F
:1007A000A780D7F8801011F0040F14BF494600212C
:1007B0006B70A970EA702846BA6A3969FB6A984773
:1007C000061EFFF62EAFBB6949462B707B6ABA6ADC
:1007D000EB7085F801B0FB6A85F8028007F14800EC
:1007E0009847B0F10009C0F2B7803B697A6A786A2D
:1007F00003EB4201FB68414403EB4000BA6AFB6A29
:10080000AAEB010198470028C0F2A8804FF0000B26
:10081000B14409EB000607F1380AA3456AD3002169
:10082000BA6A0846FB6A9847FBE644464FF000095F
:1008300007F1380098E74446C14699E7A14697E793
:1008400013F8021C13F8016CB96055F826004A49E8
:100850008842C0F08B8049498842396A2CBF4FF0EA
:10086000000B4FF0010B41B1B9687869C7E900325C
:1008700017F031F9D7E90032F0B9BBF1000F1ED003
:10088000F96949B1611C04F1280007F13004041929
:1008900004F8206CCCB20FE0D7F8801048070BD5D5
:1008A00009F1280007F1300C09F1010100EB0C09F6
:1008B00009F8106C5FFA81F9013202335DE7D7F86D
:1008C00080108907DED409F1280107F1300C8C442F
:1008D000B96809F101000CF8101C07F1580109F181
:1008E000020951FA80F05FFA89F900F8106CE3E729
:1008F00000215DE71BF80A3055F8239087F8373060
:10090000D7F884302BB3D7F888309B4521D2D7F85D
:10091000843033F81B800121BA6AFB6A07F1370083
:10092000984700281ADB0644B8F1000F06D1484664
:10093000F7F70AF800F101081FFA88F8414648461F
:10094000BA6AFB6A9847002808DB06440BF1010BE2
:1009500063E74FF00008DEE74E4662E6064660E6D3
:100960003B6A002B3FF4DEAE0023B3E6396A002970
:10097000A5D04FF0000B77E7200E050084A60500F8
:100980002873050004000001C41B0500014B18601A
:10099000704700BFCC06002080B505460E461746BE
:1009A000984610F00BFE034602F0E6FB0446DFF823
:1009B0001890424649F8003039463046A84754F866
:1009C000090002F053FB00BF08000000044608B510
:1009D000EFF31183402383F31288BFF36F8FEFF39C
:1009E000108372B60DF0C4F8204602F0E5FF03480C
:1009F00017F092F818F09FFDFCE700BFDC730500CC
:100A00002DE9F047058B0446280717460CD5012928
:100A10000CBF45F0100545F02005258387F31188AC
:100A2000BFF36F8FBDE8F087022905F0070540F09E
:100A30009480204617F0F6FA052864D801A353F8ED
:100A400020F000BF1D0A03005B0B0300070B03002F
:100A5000C90A0300E30A0300F50A030001F00703D3
:100A60005A1F012A1FD8002221F00701062BD4F8B3
:100A7000008089B2C4E9002209D1434603E0628BB9
:100A8000013262831B68002BF9D141F0020120463C
:100A9000218317F0C7FA4FF0000900286DD041F00C
:100AA0002001218369E0042B0AD121F0070189B2DA
:100AB0002046218317F0B6FA10B141F020012183BE
:100AC0004FF00008C14658E02369D3F80090238B0B
:100AD00023F0070343F006034FF000082383464644
:100AE0004BE02369D3F80490238B23F0070343F0F2
:100AF0000403F1E72369D3F80890238B23F007035D
:100B000043F00503E8E74FF00008C146E7E701229C
:100B100043F00803238387F31188BFF36F8F002A04
:100B20003BD1B8F1000F4AD1B9F1000F02D02046F5
:100B30002C49C847EFF31187402383F31288BFF392
:100B40006F8F238B23F008039BB22383D9063FD5F5
:100B500023F01002228303F007056669218B002E23
:100B6000BFF67CAF00239946D4F8008021F007013E
:100B7000C4E9003341F001012183238B03F0070A0C
:100B8000AA4502D0A268002AC1D1B8F1000F02D153
:100B9000B9F1000FDAD00022BAE7A1680029C0D06D
:100BA0000D680029BDD03346524620464F68B847ED
:100BB0001DB12B6829461D46F3E72B46FAE741464F
:100BC000334652462046D8F8008017F057FAA8E777
:100BD0009A067FF523AF23F02002228303F0070556
:100BE00027E700BFA980040037B504460821C06A82
:100BF00017F0AAFC00234FF6FF72104DADF8043039
:100C00006368ADF800208DF80620E26819182B40C3
:100C10001344181A60606846ADF8021017F0ECFB38
:100C20006946204617F0AFFC2046211D17F0BCFB9B
:100C300063682B40A36003B030BD00BF0000FFFF1E
:100C40002DE9F7430F4681460821C06A17F07CFC66
:100C500080463C68124D241A3C6004EA0506B44202
:100C60001CD3A0B210B903B0BDE8F08308236A46D4
:100C70002146484617F05FFB0028F4D16946A0B230
:100C800017F04EFC38B1BDF80230BDF804202E40FC
:100C900013441E443C60A4EB0804E0E70020E2E7B4
:100CA0000000FFFF2DE9F04704468AB000F1140769
:100CB00038461DF091FAA06A8368DB689847E062C5
:100CC00050B99F4A01219F4817F07BFB6FF0150533
:100CD00028460AB0BDE8F087A06A8368DB689847B9
:100CE0000368013B1F2B01D9974AEBE7E368B3F593
:100CF000803F08D94FF48032012100929148934AF5
:100D000017F0E0FEE2E7A06A216807AA1AF01CFECD
:100D100008B18F4AD6E7E5682DB1089BB5FBF3F221
:100D200003FB12550DB18B4ACCE7238A012B01D866
:100D3000894AC7E7E36A029593F805804FF0FF33CD
:100D40004FF0FF3238460FF0DBFD0821E06A17F064
:100D5000FBFBA9460646238A1FFA85FA534544D869
:100D6000238A4B4500F02D8153450BD1029908236E
:100D700042462046891B17F0ECFA18B9204602A912
:100D800017F012FB204602A9FFF75AFF054600287C
:100D900040F0B28002994FEA11494FEA0949616077
:100DA000C4F80890A3688B420DD80823204603AAF4
:100DB00017F0C1FAB8B903AB13F8012B904532D143
:100DC00001300828F8D1636820466FF30F0302A9A9
:100DD000029317F0E9FA42462046E368029917F0B9
:100DE000B8FA00283CDA054686E0E1682B04891B46
:100DF00013FA81F1424608232046029117F0A9FA1E
:100E000078B1204602A917F0CFFA09F101090823A9
:100E10004246204602991FFA89F917F09AFA0028EB
:100E20009ED0013597E7A08803A917F079FB626887
:100E300010B9911B6160B5E7BDF810A0BDF80E10A8
:100E4000E06AC4F80890514417F07EFB484482429F
:100E5000A060EED1BAF1000FEBD06FF01C054BE0B3
:100E600000F08B804FF6FF79636806EB0308E368B8
:100E70001FFA88F29B1B9A42CDF8088023D30321E6
:100E8000364A304817F09DFA6168204617F09BFA01
:100E9000014680BB6368324AE06813400344A3EB19
:100EA0004603636013402046A36017F00DFC002842
:100EB00099D1E368A288A3EB46039A421CD120464D
:100EC00017F07EFB8FE708234146204605AA17F05E
:100ED00032FA002887D105A91FFA88F017F020FB05
:100EE00038B1BDF814304B4503D1BDF81830002B94
:100EF0006AD0B044BBE70D4638460FF073FD002DB5
:100F00007FF4E6AE0123E268A374238A03210092F2
:100F10000C48144A17F0D6FD63689AB20092032178
:100F2000114A08481B0C17F0CDFDA3689AB2009235
:100F300003210E4A03481B0C17F0C4FDC8E600BF8E
:100F400024740500241C0500467405006374050024
:100F50008C740500A4740500B87405002A7505009A
:100F60000000FFFFDB740500F27405000475050046
:100F7000E26AA36812681344A360D4E901318B428A
:100F800008D9424620465B1A17F0E3F90028FFF61D
:100F90002AAFEDD16168E36801EB46029A4288D13D
:100FA000124BA06801EA0302904282D0204617F05B
:100FB0000AFA00287FF417AF62680C4B1A40A2604F
:100FC00077E76FF02C0597E7094A0321094817F0E6
:100FD000F8F9636820466FF30F0302A9029317F034
:100FE000E3F92046029917F0EEF960E70000FFFFF1
:100FF00015750500241C05002DE9F04F1E46837C65
:1010000004468946904695B053B901216A4A6B4817
:1010100017F0D7F96FF00C05284615B0BDE8F08F32
:10102000C26A0821104617F08FFAB1B2019010463B
:1010300017F08AFAE368019A0746A3EB820383421A
:10104000C0F0B6801EB1B8F1000F00F0B180D4F846
:1010500004A0CDF810A0204605AA04A917F0EAFACA
:1010600005460028D8D1BDF814304B4507D0DDF82F
:1010700010A063685345EED1002E39D1CCE705A905
:101080001FFA8AF017F04CFA0028F0D0BDF818309B
:1010900066B3B3422CD1B3464FEA1A43BDF816A04B
:1010A0001B049A44E36ACDF800801B685B4203F09E
:1010B00020030293029B51465B4528BF5B462046B6
:1010C0000CAA039317F037F900284DD1039B009821
:1010D0001A460CA91FF009FB50B9039B009ABBEB01
:1010E000030B1A449A440092E4D195E7002B93D065
:1010F000002F3CD1BA4604F1140B4FF0FF324FF0F1
:10110000FF3358460FF0FCFB238A9D424DD0D4E9B3
:1011100001320AEB02018B422ED39BB263B3FF2351
:101120000021ADF81E200CA818228DF82230ADF851
:101130001C90ADF820601FF0C2FA20460CA9CDE942
:101140000E8617F00BFA074648B907A817F054F9AE
:10115000204607A917F017FA074600B93746584640
:101160000FF040FC3D4657E7C2DC054654E7019BC3
:101170001F441FFA87FABEE72046FFF735FD3DB949
:10118000ADF82490CDF82880ADF82C608DF82E5065
:10119000204609A917F098FA07460028DFD19DF8E4
:1011A0002E300135002BAFD0D8E76FF01B07D6E704
:1011B0006FF0150530E700BF10740500241C050012
:1011C0002DE9FF471E46837C04460F469046BDF836
:1011D00030904BB928480121284A17F0F2F86FF0F7
:1011E0000C0004B0BDE8F0870821C06A17F0ACF924
:1011F000E368A3EB4003B3423AD34FF0000A6568BB
:101200000195204602AA01A917F014FA0028E8D196
:10121000BDF80830BB4206D102A9A8B217F080F988
:1012200050441FFA80FA019B62689A4219D0CA455D
:1012300015D9BDF80C30C3B1CA4516D3BDF80A1094
:10124000B3426FF30F0528BF334642462046294478
:1012500017F071F80028C4D1BDF80C00C1E71D4695
:10126000CFE7BDF80830BB42E3D06FF00100B8E72C
:101270006FF01500B5E700BF241C050010740500D1
:101280002DE9F047044607464FF00109DFF84C808E
:1012900094FAA4F5B5FA85F509FA05F32E0108EBE1
:1012A00005156FEA030A24EA03042B7B63B158F89F
:1012B00006301B696BB946447368042228461968D6
:1012C00007EA0A0717F07BFB002CE1D13846BDE89E
:1012D000F087284698470028F6D1ECE7041D050062
:1012E00010B5002288B00E490E481DF05BFB0022AD
:1012F00000230024CDE906230E234FF44072CDE9EC
:101300000334CDE90144084B0849009408480FF024
:10131000D7FE084906481DF04DF9204608B010BD1B
:10132000391303007046002055160300B0C7002093
:10133000A02500205875050001480FF0D5BB00BF5F
:10134000800D00202DE9F047804621480F4617F018
:101350001AFB0646002833D000252846BDE8F08752
:10136000237B83B12368DB680BB120469847636811
:1013700083F8069023681B69D3B96368042220466A
:10138000196817F01CFB013610345445E8D3B8F146
:10139000000FE2D0002DDFD02846FFF771FF054691
:1013A000002FF7D0002140F239101DF0C3F9F1E70A
:1013B000204698470028E0D009FA06F31D43E2E7EB
:1013C00005464FF00109034CDFF80CA0DDE700BF34
:1013D000F06A0020041D0500141D0500014B53F8A0
:1013E000200070472027050008B5034608462BB1AA
:1013F000044A136000F038FC002008BD6FF01500AF
:10140000FBE700BFD006002010B5044C237813B9C9
:1014100003480FF069FB0123237010BD32BB00208D
:10142000800D002010B50446094817F0ACFA3CB115
:10143000084BD3E8EF1F0139C3E8E21F002AF8D1B7
:10144000054810F0DDFBBDE8104004480FF04CBB30
:10145000E86A0020EC6A002070460020800D002021
:101460000022044BD3E8EF0FC3E8E12F0029F9D1A4
:10147000704700BFE86A002070B5FFF7F1FF05462E
:10148000074C084EB44200D370BD63685B792BB142
:1014900023685B6813B12946204698471034F1E76A
:1014A000041D0500141D050010B5044C0449204618
:1014B00016F04DFC034B1C6010BD00BFA80B0020B4
:1014C0000C270500E06A002000230D4A10B51370B8
:1014D0000C4A0D4913600D4A0D481360FFF784FF55
:1014E000FFF7E2FF0B4B0C4918468B4200D310BDAF
:1014F0001A1A5C681211013222711033F5E700BF2D
:1015000033BB0020E86A002040420F00EC6A002054
:1015100083890400041D0500141D050001460022F6
:101520000023014816F034BCA80B0020014816F037
:10153000CBBC00BFA80B0020024B0146186816F078
:101540001EBD00BFE06A0020014816F053BD00BF79
:10155000A80B0020F8B5284B1B78002B4AD0FFF7CA
:10156000E5FF0446002842D1244B254D1B68002B83
:1015700019DD1DF0CFF94FF47A76A0FB060747F688
:101580001222002306FB0171F0F7B6F9D5E900320B
:10159000C01A40F2E93361EB0201984271F1000197
:1015A00001D3FFF769FFD5E9003213F57A7342F1F1
:1015B0000002C5E90032ECB1BDE8F840FFF7C4BF56
:1015C0006B685B7923B12B68214628461B689847D6
:1015D0001035B542F4D32046FFF7AEFF094BD3E8F0
:1015E000EF1F0139C3E8E21F002ABDD0F7E7064D1F
:1015F000064EEEE70020F8BD32BB0020E86A00206E
:1016000068460020EC6A0020041D0500141D05003A
:1016100070B50D4D297861B90120FFF793FE0B4C91
:101620000B4EB44206D3FFF795FF0028FBD10123F0
:101630002B7070BD63685B791BB1236820469B6883
:1016400098471034EDE700BF33BB0020041D0500B0
:10165000141D050000212DE9F8430846FFF772FE2E
:10166000044648B340F21B684FF0000901F084FDC6
:101670001A4B1B4A1B58136033B11A4B1B68092BBA
:1016800002DD19480FF030FA0025184F44B120460A
:10169000FFF7F6FD044618B94FF0FF384FF0FF3959
:1016A000FFF758FF064628B9B5B90F4842464B46E2
:1016B0000FF04EFA3546E9E74FF0FF384FF0FF39AB
:1016C000D4E72B689B691BB1002228461146984736
:1016D0001035BD42F5D3E8E7054DFAE708000000F4
:1016E000E46A0020EC6A0020800D0020141D050033
:1016F000041D050013B5184817F045F9174B1B7862
:1017000073B1EFF31184402383F31288BFF36F8F1B
:10171000FFF720FF84F31188BFF36F8F02B010BD75
:101720000F4B1B68002BF9D050B9002200230D4845
:10173000CDE9002347F61222002310F029FAEDE745
:101740000928EBD1074810F05BFA074802B0BDE862
:1017500010400FF0C9B900BFEC6A002033BB002075
:10176000E46A002070460020800D002010B5064B72
:1017700004461B6898472146A060044816F085FB84
:10178000BDE81040FFF7B6BFD0060020A80B002030
:10179000044A054B9B1AB1EBD30F34BF52F831000A
:1017A000002070474C1B0500041D05002DE9F04F7B
:1017B0008FB0C1F34A2604AF0D469046B8607B60F7
:1017C0000C0D002E61D04FF000090A234FF0040BDE
:1017D00007F1140AFE60C7E90799C7F8249000933F
:1017E000CDF808B0CDF804A007F11C034A464046E6
:1017F000F968FEF7E5FEB0F5006F03461CD36C46B2
:101800008AB0D8F8041004AB24481A46C3E905018D
:1018100040F2FF71D9614FF400711984204B42F8F6
:10182000103F4FF412514B461E48FFF7BFFFA5462D
:101830002C37BD46BDE8F08FC0F30A0604F117004F
:10184000184420F0070080083B60FFF767FE66F34E
:101850005325044680B13B6800F11001C7E90839FF
:101860000A23F961CDE901AB009340460E4AF968BD
:1018700007F11C03FEF7A4FE66F353252A46204613
:101880007B68B96817F0BBF8D2E704F1170020F0C5
:1018900007008008FFF742FE0446EDE76D7505007E
:1018A000040000013C1C0500D18904002DE9F04F23
:1018B00087B00546DDE9106BDDE9127A88461446EB
:1018C0009946BFB110213B465A460020CDF800A0F2
:1018D000CDF814A0FEF7C2FCB0F5006F01460BD3A3
:1018E00040F2FF730221184A184807B0BDE8F04FD4
:1018F00017F0DEB83946384604F0070305F0070450
:10190000E40044EA831444EA402444EA065406F11D
:101910001700084420F0070080080391FFF7FEFD40
:10192000054640B13FB13B465A460399CDF800A069
:101930001030FEF793FC4B4622464146284607B03E
:10194000BDE8F04F17F05BB8AC7505003C1C050016
:10195000406820B1034BC01A40F3CF0070474FF0EE
:10196000FF3070474C1B05000EB403B503AB53F8B2
:10197000042B01460448019301F032FE02B05DF8E9
:1019800004EB03B0704700BF138B0400CA0605D4F4
:101990008B064CBF02490349FFF7E6BF704700BF03
:1019A000CC5B0500676C05002DE9F04F89B09846C7
:1019B0009DF85090159B044606930D46DDE916A34D
:1019C000189F05920493B9F1000F00F0AE8007F460
:1019D0008073079316F0F1FF07F0020B0246002810
:1019E00072D020467649FFF7BFFF0646BBF1000FD5
:1019F00008D017F0440F69D12A4620467149FFF7F5
:101A0000B3FF064407F0010353B16F4B204653F870
:101A100029206E4B6E49002A08BF1A46FFF7A4FF23
:101A200007F48073002B07F0080318BF4FF000087D
:101A3000002B77D0674B204653F829206649FFF7E3
:101A400093FF0546059B2BB11A4620466349FFF7D5
:101A50008BFF0544B8F1000F05D04246204660498F
:101A6000FFF782FF05445F483544069B1BB12246C1
:101A70005D4915F0FFFF049B002B00F08C80049B58
:101A80003946102B28BF1023204698460026FFF722
:101A90007DFFB54250DC0026334620461AF803206D
:101AA0005249FFF761FF0136102E4BD0710703D169
:101AB00020464F49FFF758FF46453346EDD32046B1
:101AC0004C49FFF751FFEEE706468FE74A4B18688F
:101AD000002896D0494B4FF47A7B1B684FF03C0CA2
:101AE000B5FBF3F5B5FBF0F14FF4616300FB115565
:101AF0000BFB05F5B1FBF3F2B5FBF0FE03FB121196
:101B000000FB1E55B1FBFCF30BFB05F5B5FBF0F537
:101B10000CFB131120460091CDE901E53849FFF790
:101B200023FF6EE707F008058CE7B8F1010F4D467B
:101B30000CBF2C48334898E720462D49FFF714FF87
:101B40000136A6E7002620462F49FFF70DFF334652
:101B50001AF803202046A2F120035F2B28BF2E2273
:101B60002A49FFF701FF0136102E0DD0720703D16D
:101B700020461F49FFF7F8FEB0453346E8D8204617
:101B80001B49FFF7F1FEEEE7049BC244B3EB0803E9
:101B900004937FF474AFB9F1000F0AD0FB0704D5AA
:101BA00020460A4A0A49FFF7DFFE39462046FFF77A
:101BB000EDFE204609B0BDE8F04F16F09DBF00BF16
:101BC000E9750500ED75050030270500E475050091
:101BD0005C8505004427050012760500187605008F
:101BE0001C760500138B0400E13503002176050007
:101BF0009F4405009D440500F86A0020F46A002017
:101C0000F6750500418B040027760500297605004E
:101C100042F20F7373B58B4228BF0B46056804462A
:101C2000052168460D4A13F031FC064663682846D4
:101C30000B225B680A4916F051FF63683246694619
:101C400028465B6816F04AFF63681B2228465B68DB
:101C5000044916F043FF02B070BD00BFBCA10500EF
:101C6000F2A40500D6A4050000210123064A9042F3
:101C700006D8064A01B901231360054B1860704766
:101C8000012140085B00F2E740420F00F46A0020A7
:101C9000F86A00202DE9F04143680C481C6865682B
:101CA00017F040F801232B7525682F68D5E9013618
:101CB000D3E900481CB96B681C60BDE8F08121467F
:101CC00030464246B847241A0644F3E74010050060
:101CD000F8B504460B480D4617F024F8002808DB39
:101CE000084F6619A64206D120220023054817F0A6
:101CF00041F92846F8BD14F8011BBB6801485B6830
:101D00009847EFE740100500014B03600020704743
:101D10008C27050070B5C4690D469CB31E4A237913
:101D2000565CB34231D01D4A525C9A4230D1A3680E
:101D30009847002810DA022D0CD0032D0BD110F19A
:101D4000860F07D0D4E8EF3F43F00203C4E8E23F38
:101D5000002AF6E7267170BD022D267101D0002001
:101D6000F9E7D4E8EF3F23F00403C4E8E23F002A98
:101D7000F7D1D4E8EF3F23F00203C4E8E23F002AA2
:101D8000EDD0F6E76FF05700E5E76FF07700E2E798
:101D90006FF08500DFE700BF02A50500FEA4050087
:101DA000024B187880F00100704700BF8BBF002005
:101DB0002DE9F047C46907468A462046052116F0FA
:101DC00088FF91469846064618B900252846BDE882
:101DD000F087EFF31182402383F31288BFF36F8FF4
:101DE000E368012B8ABF03F1FF330026E36082F32F
:101DF0001188BFF36F8F002EE7D1FFF7D1FFE8B94D
:101E00001CF0D2FB421E66F1000304F1180016F02C
:101E100066FF051E42DB5646E3688BB90221214A64
:101E2000214816F03CFE6FF07705FFF7B9FF002858
:101E3000CCD104F1180016F054FFC7E73546EBE7A4
:101E4000013BE360002BF0D146B102234A462371E7
:101E500004F1380043460FF0BBF8E6E73146A368CB
:101E600060699847051E03DAE3680133E360DCE745
:101E7000012323710221F86916F02BFF0028D4D02A
:101E8000FB69186916F02FFFFB69D3E8EF1F21F0FB
:101E90000401C3E8E21F002AC7D0F6E76FF00F0580
:101EA00094E700BF7D760500BC1C0500F8B5C56948
:101EB0000646002D5ED00521284616F00AFF0028B0
:101EC0005BD1304616F0A9FE0446002857D1082100
:101ED000F06916F0FEFEE0B1F569EFF311874023DB
:101EE00083F31288BFF36F8F297931B93046AB681D
:101EF0009847041E07DB01232B712B6843F0200356
:101F00002B600023EB6087F31188BFF36F8F2046AF
:101F1000F8BDFFF745FF38B94FF0FF324FF0FF3300
:101F200005F1180016F0DBFE6B692BB915496E61DF
:101F300005F138001CF0ECFA2979C9B9AB68686979
:101F40009847041E0BDB01232B710023EB60D5E8BF
:101F5000EF3F43F02003C5E8E23F002AF7D1FFF747
:101F60001FFF0028D3D105F1180016F0BAFECEE706
:101F70000024EAE76FF08504C9E70024C7E76FF0A3
:101F80000F04C4E7FD8E040070B5104B0D461C68AD
:101F9000B4B10F4B196800238B4202DB6FF00100D4
:101FA00070BD224612F8106B864202D014460133EF
:101FB000F2E7E0681CF06BF828B100202C60EFE736
:101FC0006FF00C00ECE76FF01200E9E7DC06002090
:101FD0008C27050010B5436888B0029383680C46CF
:101FE000CDE9033200230A68C068CDE9062305491C
:101FF00001AA059319F0ACFC079808B9059B23606A
:1020000008B010BD9590040010B504460121034AA4
:10201000034816F044FD0020606010BD9076050076
:102020004C1B0500F0B58368054687B0002B5ED0D9
:10203000D0E90467016A33448B422FD98269934205
:102040004AD8C06803AA394419F07EFC044690B10E
:102050000346384A0121384816F02AFD002C1DDAC3
:10206000AB6800932346354A0121334816F02AFD18
:10207000204607B0F0BDE868DDE9031283689B687D
:102080002BB19847044628B12D4A2346E2E76FF06A
:102090005704F9E72B6A049A13442B626A6AAB6807
:1020A000B3FBF2F402FB14343CB12868141B224643
:1020B00095F8281018441EF002FBAB68E8682A68FF
:1020C0003E44234481684C683146A047044630B101
:1020D0001C4A03460096C7E76FF02104C0E7EB698E
:1020E0005BB92B69AA6813442B610023AB60002401
:1020F000BEE7135DDB4313550134AB682A68A34286
:10210000F7D8E86881680C683146A047044630B1CA
:1021100003460D4A0121084816F0CAFCA8E73246DA
:10212000EB69A9682868984704460028D9D0074A6F
:102130000346EFE7B07605004C1B0500ED76050081
:10214000D1760500197705003D7705005377050026
:102150002DE9F7430D46DDE90A8791461E46044600
:1021600080B179B172B18B680846DB689847036823
:10217000B6FBF3F203FB12624AB1204A0121204868
:1021800016F08DFC6FF00D0003B0BDE8F083B8FBD6
:10219000F3F203FB12820AB11A4AEFE727B1B7FB49
:1021A000F3F103FB117109B1174AE7E718EB070FC9
:1021B00001D3164AE2E7C4E90096C4E90587216124
:1021C000A160E56003686A4663620C9BC4E907315D
:1021D0004379CDE9006128460D4984F8283019F08B
:1021E000B7FB019A0AB90B4AC8E7D4E905310B4499
:1021F0009A4201D2084AC1E70020C5E76777050087
:102200004C1B05009E770500B2770500C4770500DA
:102210000B910400E77705000378050010B54FF433
:102220002814DFF820C086B0CDE904C40824029445
:1022300004AC0194BDF82040009419F001F806B0F8
:1022400010BD00BF180028002DE9F0410C4B0546D9
:102250001C680E4617467CB100F052F963682046B0
:10226000D3F8108032463B462946C047044600F06A
:1022700051F92046BDE8F0816FF00104F9E700BF95
:10228000206B002000230360044B5A6812B9C3E995
:102290000000704710605860704700BF246B00203A
:1022A000014B1860704700BF206B0020002330B541
:1022B00085B0CDE902330546019000F021F9094BC4
:1022C0001C6844B9284600F0BDF8044600F022F925
:1022D000204605B030BD636820461B6801A99847B9
:1022E0002468EEE7246B00200022024BC3E90022A1
:1022F000704700BF246B00200022024BC3E900227C
:10230000FFF7F2BF2C6B00202DE9F74307460C4680
:1023100009B100230B6000261E4DDFF880904D456B
:102320000FD31D4B1D6885B355F8188C38464146B0
:1023300001AA183D16F0E3FF10B3D6B914BB2E4620
:102340001EE0D5F800803846414601AA16F0D7FFB6
:1023500050B116B954B92E4606E000224046316805
:1023600016F0CDFF0028F5D11835D8E7019B236082
:10237000F1E700224046316816F0C1FF0028DDD1A8
:10238000AD69D0E7019B2360D9E7304603B0BDE8D3
:10239000F08300BF141D05002C6B0020441D0500B8
:1023A0002DE9F04784B002AFD7F8289004460D46D7
:1023B000164698467860B9F1000F07D0D9F800109A
:1023C00031BBD9F804A0BAF1000F28D12046391D3D
:1023D000FFF79AFF08B3D0F80C90434632462946DF
:1023E0007868C847C8B16D468AB002AA124BD0615E
:1023F000C2E905344FF400731384104B42F8103FC8
:1024000000234FF411510E48FFF7D0F9AD4604E018
:102410003A1D16F074FF0028D3D1002007E0D9F848
:10242000083032460093294643467868D04708373B
:10243000BD46BDE8F08700BF4078050004000001FC
:10244000C41C05002DE9F04780464FF000470026E8
:10245000DFF8A490DFF8A4A03D46264C4C450DD3F0
:10246000DAF80040002C40D0183CB8F1000F24D11D
:10247000226952BBA469F5E72F46EDE7B8F1000FDA
:1024800003D122694AB91834E8E70022414620689E
:1024900016F035FF0028F4D1F5E76368BB4206DD8E
:1024A000AF4202D0AB42A8BF2B461D46EBE7EAD1B4
:1024B0009047002E08BF0646E5E700224146206807
:1024C00016F01DFF0028D3D1D4E76368BB4206DDB8
:1024D000AF4202D0AB42A8BF2B461D46CAE7C9D1C6
:1024E0009047002E08BF0646C4E7AF42C4D130462D
:1024F000BDE8F087141D0500441D05002C6B00206D
:102500004FF0FF324FF0FF3301480EF0F9B900BF32
:102510005C0D002001480EF065BA00BF5C0D002084
:1025200038B5094DFFF7ECFF2B785BB9FFF7E4FEF8
:1025300000F068F8044608B901232B70FFF7EAFFA2
:10254000204638BD0024F9E735BB00202DE9F043D3
:1025500006460F46048F99B00134A4B200F1080872
:10256000651EADB2B5F5004F47D04A23294605AAEE
:10257000404616F0EDF904F57F543F34A4B281468D
:102580002146012340460DF10B0216F0E1F9B9F1A5
:10259000000F014610DC002810DC338FAB4209D15C
:1025A00032466B1E22F8383F4FF40041022340466A
:1025B000FEF722FD2C46D3E7002808DC29464046DA
:1025C00016F0C2F92146404616F0BEF9E5E709F1DA
:1025D00060030DEB03090023094A09F84C3C05A8E8
:1025E000009703ABCDF80C80ADF81040FFF7D8FE94
:1025F0000028DFD019B0BDE8F0830020FAE700BF63
:102600004B9304007FB50123694605200193FFF732
:10261000BBFC044660BB052002AA01A916F05CFDC4
:10262000044610B110F10C0F22D10399B1F5803F8F
:1026300023D200231846009A9468084484421AD38F
:102640000133082BF9D10E4D69612B83536828465D
:10265000AB60D368EB6316F00EFF044640B9094E39
:1026600028466E60FFF70EFE28466E60FFF718FEE4
:10267000204604B070BD9BB2E5E76FF02004F7E799
:10268000346B00207C2805002DE9F04FC3B0D0F852
:1026900008A01E4600AFDAF80C3080460D46914681
:1026A00098470368B3F5807F0CD9274A0121274852
:1026B00016F0F5F96FF01505284607F58677BD4643
:1026C000BDE8F08FB9F1000F01DA214AEEE746EAE2
:1026D00009045A1E144005D001211E4A1B4816F059
:1026E000E7F9E7E729464FF4807207F108001DF08B
:1026F000E6FF2546A642DFD9A6EB040BBBF5807F9B
:1027000028BF4FF4807B09EB0401DAF804505B46E4
:10271000404607F108027960A847051E796811DA7A
:102720006C4688B06A460C4B0791CDE90538042306
:1027300042F8103F00234FF401510448FFF736F8E8
:10274000A546B9E75C44D5E76E780500041C050092
:1027500094780500B1780500E378050008B50448D1
:1027600015F0DAF9034815F0D7F9002008BD00BFCD
:102770000A7905003F79050008B50348034A00219E
:10278000121A16F0B4FE08BDF80E0020B0BF0020EB
:10279000074808B5074A0849121A16F0AAFEBDE80C
:1027A00008400648064A0749121A16F0A2BE00BFA2
:1027B00060000020F80E002084A6050060000020C4
:1027C0006000002084A605002DE9F84F80460C46E5
:1027D00000AF002965D0D1E90012E9468AB0A368AC
:1027E0006D464FF0050A6E463748CDE90723CDE91F
:1027F000050146F810AF002332464FF4215133480B
:10280000FEF7D4FFD4E90312CD466369AD463048E4
:10281000C5E90723C5E90501C5F810A00023324624
:102820004FF421512948FEF7C1FFCD46E36901214C
:10283000284A264816F03CF9264600254FF00A0A99
:10284000DFF8A0B0E946D6E908C0D6E90A138EB091
:102850006A46CDF81CC005F1010CCDE908C0A81CE2
:10286000CDE90A01E91CCDE905B5CDE90C1342F823
:1028700010AF002345F2400114480435FEF796FFDF
:10288000102DCD4606F11006DCD1236E0121124A2F
:102890000E4816F00DF9A3690121104A0B4816F0F5
:1028A00007F9B8F1010F07D1EFF305830C4A414650
:1028B0000648103B16F0FCF8214640460DF042FE5B
:1028C000BD46BDE8F88F00BF6C790500A41C05006B
:1028D0009B790500CA7905001C7A05002B7A050052
:1028E000597A0500D979050030BFFFF7FDBF00BF59
:1028F0002DE9F04105460B4EDFF83080324606EBFD
:102900000807CC1B204608491DF0B3FEA01942461B
:102910000021083C1DF0D3FEAC6707F10800BDE8BC
:10292000F08100BF00000000501D050008000000FD
:1029300010B5244C2449254816F0E8FDA36A9901F6
:102940003ED52248224916F0E1FD1E20A36ADA0195
:1029500004D51E481F4916F0D9FD1F20194CA36A43
:10296000DB0204D519481C4916F0D0FD0220A36AE9
:102970001C0304D51548194916F0C8FD2120114C37
:10298000A36A590304D51148154916F0BFFD22204A
:10299000A36A9A0304D50D48124916F0B7FD232007
:1029A000084CA36ADB0304D508480F4916F0AEFDB6
:1029B0002420A36A6FEA03436FEA1343A36210BDA6
:1029C0001D20C3E700ED00E06C7A0500A41C0500A3
:1029D000847A0500977A0500B17A0500DB7A050054
:1029E000F97A05001E7B0500387B050070B50646A8
:1029F0000D46294C29492A4816F088FDA36ADB06B2
:102A000047D52748274916F081FD1120A36A1C07E6
:102A100004D52348244916F079FD12201E4CA36AE0
:102A2000990712D521491E4816F070FD636BA26A02
:102A3000120609D501211E4A194816F039F81EB1AF
:102A4000A36A23F08003A3621320134CA36ADE075A
:102A500004D51348174916F059FD1420A36A9C06A3
:102A600004D50F48144916F051FD15200A4B9A6AF7
:102A7000D10658BF9A6A9A6A920642BF5A6A22F4ED
:102A800000525A629A6A42F0FF029A6200232B7047
:102A900070BD1020BAE700BF00ED00E0637B0500C9
:102AA000A41C0500797B0500AC7B0500BF7B0500FD
:102AB000D77B0500ED7B05000C7C050070B5064654
:102AC0000D46284C2849294816F020FDA36AD90450
:102AD0003CD52648264916F019FD1720A36A1A0589
:102AE00004D52248234916F011FD18201D4CA36A75
:102AF0009B0512D51D48204916F008FDA36BA26A5C
:102B0000100409D501211D4A184815F0D1FF1EB146
:102B1000A36A23F40043A3621920124CA36A590547
:102B200004D51248164916F0F1FC1A20A36ADA05FA
:102B30000ED50E48134916F0E9FC1B20094A936A8A
:102B400043F47F43936200232B7070BD1620C5E7CA
:102B5000A36A9B04F2D505480B4916F0D7FC1C204C
:102B6000ECE700BF00ED00E03B7C0500A41C050085
:102B7000517C0500AC7B0500627C05007B7C050078
:102B8000907C0500AB7C05000C7C05002DE9F04134
:102B90009CB0644B0546D3F80480002600AFC8F310
:102BA000080486F31188BFF36F8F02F07F43B3F1FF
:102BB0007F4F07D102F00C03082B12D15A495B4812
:102BC00016F0A4FC002635460023FB71E31E092BFA
:102BD00000F28880DFE803F00A7E817A86868686A6
:102BE000868410074CBF0D460126EDE750494F483B
:102BF00016F08CFC00234B4CFB71E36A9A0705D559
:102C00004C494A4816F082FC00242DE0E36A002B70
:102C100001DA4949F5E7E36A5B00F5D547494348DE
:102C200016F074FC6369AA6943F480736361BFF3AF
:102C30004F8FBFF36F8F32F8023C626922F48072CB
:102C40006261BFF34F8FBFF36F8F03F47F42B2F522
:102C50005F4F25D1DBB2022B22D12B680121384AEC
:102C6000324815F025FF2C68FB79ABB9682229465C
:102C700007F108001DF0FDFC7B6A002E4FD0C3F366
:102C8000080222B96FEA53236FEA43237B6220468E
:102C900007F10801FFF798FD7037BD46BDE8F081E8
:102CA000204B9A6AD2B222B10120F91DFFF79EFE95
:102CB0000EE09A6A12F47F4F04D00120F91DFFF74D
:102CC000FDFE05E09B6AB3F5803F9DD3FFF730FE24
:102CD0000446C9E70020F91DE8E70020F91DEEE7EA
:102CE00018498EE7184A18F4F87FE8468AB0174B5F
:102CF00008BF13466A461649103CCDE905134FF448
:102D00000073ADF82030134B079442F8103F0023B6
:102D10004FF411510548FEF749FDC54674E76FF3BE
:102D20000803B3E700ED00E0F17C0500A41C0500FA
:102D30001C7D0500337D0500547D0500627D050086
:102D4000817D05009D7D0500C37C0500D87C0500C4
:102D5000C17D050004000001064B5A6942F01002D3
:102D60005A615A6942F480625A615A6922F0080233
:102D70005A61704700ED00E0EFF30880EFF309813E
:102D800001B57246FFF702FF01BD00BF002080F3CE
:102D90001488BFF36F8F002080F30A8880F30B88BC
:102DA0000F4880F308880CF0EBF900200D4908600B
:102DB000BFF34F8F00F02CF8402080F311880A48B1
:102DC0004FF40061401880F30988EFF3148002216A
:102DD000084380F31488BFF36F8F00F09BF8000066
:102DE000F00C012094ED00E0B0EB00200023184629
:102DF0000649D1F89020C2F30722934200DB7047C6
:102E0000C1F89830C1F8A0000133F6E700ED00E00A
:102E100010B572B6002484F31388FFF7E7FF23464A
:102E20004FF0FF300C4A03F120010133102B42F820
:102E30002100F8D100234FF0FF30074A03F1600171
:102E40000133102B42F82100F8D162B6BFF34F8F47
:102E5000BFF36F8F10BD00BF00E100E01EF0040F54
:102E60000CBFEFF30880EFF30980816911F8021CB1
:102E70000229FFD001B5724616F03DFB01BD00BF2F
:102E800000B2002807DB01234109034A00F01F00BC
:102E9000834042F82130704700E100E000B2002892
:102EA0000CDB01220649430900F01F008240203359
:102EB00041F82320BFF34F8FBFF36F8F704700BFE0
:102EC00000E100E0D30748BF002100B258BF023143
:102ED0000028ACBF00F16040064A4FEA4113DBB264
:102EE000ABBF00F5614000F00F0080F800331354D1
:102EF000704700BF14ED00E0044B054A23F07F0348
:102F00009360BFF34F8FBFF36F8F704700080100CE
:102F100000ED00E008B5FFF7EFFF104BD3F8882075
:102F200022F47002C3F88820D3F8882042F4A0026B
:102F3000C3F888204FF04042C3F83422BFF34F8FCC
:102F4000BFF36F8F0023E1EE103AFFF715FCFFF798
:102F50001FFC00F0EFF80DF017FC00BF00ED00E0E3
:102F60004FF47D41C0F8C41042F8203C009B0B494F
:102F700042F81C3C019B21F0010142F8183C029BE5
:102F800042F8081C42F8143C4FF0807342F8043CAD
:102F90000023203A0265C367704700BF9909030008
:102FA000104B9B6883421AD1EFF30580B8B9EFF359
:102FB0001181402282F31288BFF36F8F9A8922F029
:102FC00002029A81EFF3148323F0040383F314883D
:102FD000BFF36F8F81F31188BFF36F8F70476FF06E
:102FE00015007047547300200E461546002300B5A7
:102FF000E1EE103AEFF3148323F0040383F3148813
:10300000BFF36F8FBFF36F8F0B4B826F98600B4BCB
:103010001A60836E83F30B882C4686F309880020A0
:10302000034B98472046002100220023014C2047F3
:10303000299504009909030054730020746B002043
:103040001022014B1A61704700ED00E0054B9A69B0
:103050009B689A421FBF044A536843F080535360F1
:10306000704700BF5473002000ED00E0084B9B68E0
:1030700083420BD1EFF3058343B1064B5A6842F00C
:1030800080525A605A6A22F400425A620EF09CBA88
:103090005473002000ED00E023498A6882F8C5E0FF
:1030A0004FF030001044EFF3098C80E8F01F1EF061
:1030B000100F03D102F1840080EC108A402080F3CD
:1030C0001288BFF36F8F194F4FF000668A698A60CC
:1030D0003E60906F164C206092F9C5E0D06F0023DF
:1030E000D36780F311881EF0100F03D00023E1EEA8
:1030F000103A03E002F1840090EC108AEFF314839D
:1031000023F0040383F31488BFF36F8F02F13000C0
:1031100090E8F01F8CF3098802F1000004B516F066
:10312000FDF9BDE8044070475473002004ED00E051
:10313000746B00200023402040F20F1210B5044CA5
:10314000E1180133934281F80003F9D110BD00BFAB
:1031500000E100E008B5EFF30583064A103B02EBFF
:10316000C30152F8330049688847BDE80840FFF7BB
:103170006DBF00BF60110500014800687047000086
:10318000746B00201FB50121094B0A4A0A4800F060
:103190000FF90023064A0393084B0121019301A86C
:1031A000D31A029300F00EF905B05DF804FB00BFDE
:1031B000000004200000002098280500F80E0020E0
:1031C0000A7A0B6810B562F304031C46CB685209F7
:1031D00023F01F0343EA4203044A43F00103C2F809
:1031E0009800C2F89C40C2F8A03010BD00ED00E08D
:1031F00010B50A4BD3F89030C3F30723013B984234
:1032000008D901210346064A064815F051FC6FF023
:10321000150010BDFFF7D4FFFBE700BF00ED00E095
:10322000D87D0500841C05002DE9F04F8946144621
:1032300006464FF000084F4D85B0C84527DAD6F84E
:1032400004A0BAF1000F44D0BAF11F0F17D91AF039
:103250001F0F14D1D6F800B01BF01F0F0FD1584626
:1032600016F085F907460AEB0B00013816F07FF9D6
:10327000874210D06FF015073F4A3B4601E04346B6
:103280003E4A01213E4815F013FC6FF0150420461C
:1032900005B0BDE8F08F17F1160FEDD0BC42EBDDA5
:1032A000C5F89870D5F89C10C5F89870D5F8A0307E
:1032B00021F01F0143F01F0BD6E900321A44994256
:1032C00002F1FF3A1AD1D34507D13146F8B216F0D0
:1032D00057F908F101080C36AFE73146C5F8987088
:1032E000D5F89C30E0B263F30402C5F89C2016F0D8
:1032F00047F910F1160FC8D0441CEAE7C5F89870DA
:10330000D5F8A020013B23F01F0302F01F02134356
:10331000D3453146E0B2C5F8A030E8D016F030F918
:1033200010F1160FB1D0C5F89870D5F89C209DF813
:1033300008300BF1FF3B62F304038DF80830D5F839
:10334000A0309DF808205B0863F347128DF8082031
:10335000D6E900321344009323F01F035B44A3EB30
:103360000A03013023F01F036946C0B20393FFF73D
:103370003FFFBEE700ED00E0247E0500FE7D050076
:10338000841C05000522044BC3F89420BFF34F8F23
:10339000BFF36F8F704700BF00ED00E0BFF35F8F9A
:1033A0000022024BC3F89420704700BF00ED00E0FC
:1033B00010B5034C2278FFF737FF207010BD00BF17
:1033C00036BB00202DE9F74F294D8A4606464FF0BF
:1033D0000008AB46274FD0451BDAD6F80490B9F168
:1033E000000F3FD031680846019116F0C0F80199EE
:1033F000044609EB0100013816F0B9F884424FF099
:1034000014021D4B08D002FB08F36FF015024BF8B5
:10341000032003B0BDE8F08F14F1160F2C60F8D034
:103420001978A142F5DD02FB08B0C7F89840C7F84B
:103430009840D7F89C4000F10801007B64F3040039
:103440000871D7F8A0000C79400860F347140C719C
:10345000D7F89C1021F01F016960D7F8A01021F067
:103460001F01296108F1010814350C36B3E700BFCC
:10347000786B002000ED00E036BB0020F0B553492A
:10348000534DD1F890302C68C3F307239C4287B08A
:1034900000F299800020FFF781FF4E4BC1F8C03049
:1034A000844216D14C4D01A82C70FEF72DFC00264D
:1034B00007464A4CB74213D100202B784349D1F834
:1034C0009020C2F30722934277DBFFF75BFF0020D7
:1034D00046E0696801EB0011FFF772FE0130DFE79B
:1034E0000199300101EB0613DA682240B2F1807FC6
:1034F00052D00AD8B2F5001F34D0B2F5800F3ED0BA
:10350000B2F5801F12D00136D4E7B2F1006F43D07C
:10351000B2F1805FF7D15A689B680958013B22F0ED
:103520001F00034423F01F03012032E05A689B6808
:103530000958013B22F01F0003440120844623F078
:103540001F0340EA4C10CDE902218DF8100002A9BA
:1035500028780593FFF74CFE00282ADA6FF0150053
:1035600007B0F0BD5A689B680958013B22F01F0064
:1035700003444FF0020C012023F01F03E1E75A68D7
:103580009B680958013B22F01F000344022023F0EE
:103590001F034FF0000CD4E75A689B680958013BA1
:1035A00022F01F0003444FF0030C012023F01F03FF
:1035B000C7E72B7801332B70A5E7C1F89830C1F825
:1035C000A00001337BE74FF0FF30C9E700ED00E0DA
:1035D000A4280500AAFF440036BB00200000F0FF2D
:1035E000F0B587B007460E46144600211022684603
:1035F0001D461DF064F802238DF80230054B2A4663
:1036000021466846CDE90476019312F08BF807B0A5
:10361000F0BD00BFB995040008B5024811F016FFCF
:10362000FEE700BF567E050008B5024B1B689847B1
:10363000002008BD8C6B0020034B044A186093786F
:1036400043F00203937070478C6B0020F806002053
:1036500008B5054814F060FA002383F31188BFF31E
:103660006F8F0423184602DF5B7E050008B506490C
:10367000064821F00701C1F1005202F5802214F042
:10368000B8F9002008BD00BFF7500120906B002062
:1036900070B541690446867A0A4D59B1437ADB0711
:1036A00006D4242303FB0653DB691B689B689847F9
:1036B000002363612420214600FB0650BDE87040D2
:1036C0001AF025BED80D00202422024B02FB003048
:1036D000704700BFD80D00202421827A054B01FBE2
:1036E00002331A6A1B7D801A1B3323F00303B0FBDD
:1036F000F3F07047D80D002038B52424827A064BA9
:1037000004FB0233DB69D3E901240C601568FFF781
:10371000E3FF04FB005038BDD80D00202DE9F04335
:1037200085B00546684690461C4603911BF0F4F8A8
:10373000DDE90067EFF31189402383F31288BFF3BB
:103740006F8F6B8A002B41D02A8A9A4225D900229A
:10375000002328460DF096F90446F0B189F311884C
:10376000BFF36F8F039B002B41D032463B46684628
:103770001BF0F7F82421A27A254B204601FB0233E7
:10378000DB6903A91B681D68DDE90023A8476061A8
:1037900070BB2046FFF77CFF24E0698A4B1E6B82DA
:1037A00089F31188BFF36F8F2B7D2A8A2C6A1B3314
:1037B00023F00303521A02FB0344154B154AEB1A7C
:1037C0009B105343A3722B7DE372CBE789F31188DF
:1037D000BFF36F8F2346424628460DF053F9044647
:1037E0000028BFD10024204605B0BDE8F083636106
:1037F000012300252381039B29466382E27A6560C9
:1038000004F118001CF05BFF63692582E360EAE7BE
:10381000D80D0020398EE33870B524250C4C00B942
:1038200070BD037A4668002BFAD0013BDBB203720D
:10383000002BF5D1C3604360837A05FB03439B698A
:1038400013B198473046EAE7FFF722FFFAE700BFD7
:10385000D80D00202DE9F84F06460D4617460446C0
:10386000A3466468002CFBD14FF02409DFF878A050
:10387000BBF81030BBF81220DBF81410D21ADBF8BA
:103880000C300BF10C005B1AD21AAA4228BF2A4650
:103890001FFA82F83946424615F00BFFB5EB0805D2
:1038A000444447441DD00C9B53B1DDE90A010D9AF5
:1038B00098478346A8B10146304615F0D2FED7E7B7
:1038C000B07A09FB00A0C3699B6843B1AB4228BF33
:1038D0002B461946DDE90A23FFF720FFE9E72946D1
:1038E000F8E72046BDE8F88FD80D002008B5244A37
:1038F000244B1A6008F0D2FA4FF47A612248D0F8CB
:103900002436C3F30802C3F309434B4382F48072A5
:103910001E49883201FB02334FF4FA215B00B3FBEE
:10392000F1F201FB12331A49B3F57A3F28BF013295
:10393000C1F80429D0F820364FF47A60C3F30802A6
:10394000C3F30943434342F21C5082F4807202F2F3
:10395000172200FB02334FF47A701B0AB3FBF0F21C
:1039600000FB12330020B3F5FA7F4FF0010328BFAC
:103970000132C1F81C27C1F80009C1F8003608BDA2
:103980000020A107E80A002000C0FF00F82A0080FC
:103990000000125048B1054B054A1B68B3FBF2F317
:1039A0005843044B43F0010318477047E80A0020CE
:1039B00040420F00A0220500BFF34F8F0549064B80
:1039C000CA6802F4E0621343CB60BFF34F8F00BFBD
:1039D000FDE700BF00ED00E00400FA0538B5064C35
:1039E000064DAC4201D3002038BD54F8043B002BF7
:1039F000F7D09847F5E700BF441D0500501D0500AE
:103A0000084B0246186808B1036800B9704741893D
:103A10009142FBD01BB1196818460B46F5E71946D1
:103A2000FAE700BFA46B0020094B0246186868B192
:103A3000036800B970474189914206D01BB11968EB
:103A400018460B46F5E71946FAE7C068704700BF0D
:103A5000A46B002000230360044B5A6812B9C3E929
:103A60000000704710605860704700BFA46B0020D2
:103A700000230360044B5A6812B9C3E90000704781
:103A800010605860704700BF9C6B00202DE9F04F1C
:103A90008BB0CDE905120021DDF8508019601E467B
:103AA000284BA8F800101B6805468DF821104FEA36
:103AB000104B002B43D089464FF6FF7A1C681BB988
:103AC00008460BB0BDE8F08F9A68524506D0BBEBB4
:103AD000124F28D125EA020292B222BB3268284650
:103AE0000992B8F800200791ADF82220069A0292B8
:103AF000059A01920DF1210200925B6809AA1F4606
:103B00000DF12203B847079948B1B9F1000F06D16A
:103B1000099B022833600BD001464FF001099DF844
:103B20002130002BCCD144B1226823461446C6E78D
:103B3000BDF82230A8F80030EEE72246F5E7194636
:103B4000BEE700BF9C6B002000232DE9F04F054627
:103B50000E4691B0CDE90C3301F10C030B93348A7E
:103B600064B9A3463046296815F032FF204629681B
:103B700015F02EFF584611B0BDE8F08F072C40F22B
:103B80003881F3680CAA1868596803C29A8808211A
:103B900009929A790B980A92DA795B8805925BBA56
:103BA0009BB20793099B5BBA9BB2089315F0ADFDDE
:103BB000338A079A9342C0F020819DF8303013F089
:103BC0000507069340F01C813046296815F0ECFE8D
:103BD0000446002800F0178101226868042140F89B
:103BE000046B338ACDE901770092F2681AF034F958
:103BF0002146A86815F0B9FD9DF83090D5F808A0C9
:103C0000C9F3C109B9F1010FCAF84C7000F2EB8099
:103C10000898FFF7F5FE002800F0D480059915F00C
:103C200094FD002800F0CE809DF8307017F0070753
:103C300052D0022F6BD04FF0030B2146A86815F02D
:103C400094FDD5F80880022108F1040738461AF0DF
:103C5000C3F9002840F0B9804FF00009022138462E
:103C60001AF0C2F910EA090F3FF47CAFD8E900312D
:103C7000DA680027891A9DF83020198212F0070FA0
:103C8000C2F3C10214BF4FF0030E4FF0010E012A20
:103C900028BF01224EEAC20E089AA1F1080052BACA
:103CA000A968ADF83C200A9A09688DF83E20059A6B
:103CB000CB6840BAADF838708DF83F208DF838E009
:103CC000ADF83A000EAA03CA186059602A68204667
:103CD000126A90473C4645E7D0F80080B8F1000FE3
:103CE00070D0A8680F2104301AF076F960B1284628
:103CF000C0478346A8680F2104301AF075F9804642
:103D000040B9BBF1000F98D14FF0070B95E7D0F801
:103D10000480E3E7BBF1000F8FD1BAF84EB0BBF1DE
:103D2000000F19D0069B13F0180F15D1BAF84C00EC
:103D3000FFF77AFE0346002858D058469847834636
:103D4000002834D0B8F1000F3FF40CAF002C7FF402
:103D500074AF3446002670E7DAE90013C868002F14
:103D6000A3EB00030B8214BF032101210022DAF828
:103D7000003069F3C4011B8AADF83820083B8DF888
:103D80003810C3F3072141EA0323ADF83A30099B09
:103D9000AA68ADF83C300A9B12688DF83E30059B4E
:103DA000D2688DF83F300EAB03CB106051602B68AA
:103DB00020461B6A9847834640BB07990B9815F02D
:103DC000A4FCCCE64FF0080B37E702223846104936
:103DD0001AF0E7F800283FF43FAF594638461AF08A
:103DE000C4F881463AE74FF00D0B26E74FF0010B80
:103DF00023E74FF0090B0024B4E64FF0090BA8E7C6
:103E00004FF0080BA5E74FF0020BA2E7002499E75B
:103E10007F7E050070B504460E4615468AB3A0F8AD
:103E20004810A0F84A20184903221AF0BAF818B925
:103E3000002000F0010070BD022120461AF0CCF8ED
:103E40000028F5D00522204610491AF0AAF80028CB
:103E5000EED0314620461AF092F80028E8D002222F
:103E600020460B491AF09DF80028E1D0294620464B
:103E70001AF085F80028DBD0022120461AF0B4F8A9
:103E8000D7E70120D7E700BF92950500DF35050091
:103E90007F7E05002DE9F04194B015F0D5FC03A913
:103EA0000446C0B2FEF770F800280BDA0121234661
:103EB0000090284A284814F005FE0A24204614B031
:103EC000BDE8F081039EB46814F0030401D015F03E
:103ED00070FB304615F0D7F84FF0013303FB00F7C5
:103EE000D6F80880A04501DC002419E0A8EB040501
:103EF000402DA8BF402521462B46304604AA15F088
:103F00006AF8031E06DB0023AD1004AAAB420BD1F6
:103F10004034E7E70121114A0F4814F0C9FD0B2492
:103F2000039815F057F8C9E752F8041B8F4201D1E6
:103F30000133EBE703980021826815F08BF8034604
:103F40000028D1D00121064A034814F0B1FD0D2408
:103F5000E6E700BF827E0500641C0500A67E050022
:103F6000CE7E0500F0B585B015F06EFC0D4604461A
:103F700003A9C0B216461F46FEF706F850B101214C
:103F8000234600900D4A0E4814F09CFD0A2420465A
:103F900005B0F0BD3B4632462946039815F01BF8A4
:103FA0000446039815F016F8002CF0D001212346A2
:103FB000044A034814F07CFD0B24E8E7827E0500E8
:103FC000641C0500ED7E050070B50C4615461E46C6
:103FD00048B133462A462146074815F01FF9002804
:103FE00018BF0C2070BD054B0348197815F063F914
:103FF0000028EED00A20F5E7AC6B0020DC6D002035
:1040000070B50C46054618220021204686B01CF0EB
:1040100056FB6B68581C77D0002B60D12A691F2A89
:1040200053D9AA68511C52D0C4E90023EE68384B1A
:1040300032689A424DD1AA69202A4CD85AB13548E3
:104040000368013307D0037B9A4204D169690D30BC
:104050001CF04BFBE8B1002015F034FC20B101202E
:1040600015F030FC88B9012015F0EEFB03A9E060E3
:10407000C0B2FDF789FF70B1E36801210090264AC4
:10408000264814F01FFD0A2003E04FF0FF330920FB
:10409000E36006B070BD0398AA6883689A4203D9AA
:1040A00014F098FF1E20F4E714F094FF2B7F2BB33D
:1040B00004A815F045FC80B906F1140104A815F018
:1040C000CBFB01301AD01B20E3E71620E1E71520D7
:1040D000DFE71720DDE71820DBE71A20D9E70D4AD4
:1040E00013689168E3600023216063606B68526825
:1040F000934207D12A691344994207D32B69A360DD
:10410000012323740020C4E71420C2E71F20C0E766
:104110003DB8F396DC6D0020827E0500641C05002E
:104120007FB515F091FB0E46054603A9C0B2FDF719
:104130002BFF044650B1012100902B46074A084846
:1041400014F0C0FC0A24204604B070BD039814F09B
:104150009AFF3070039814F03DFFF4E7827E05006B
:10416000641C0500F0B540230F469DB00293044641
:1041700015466B460CAA384603A9019200F068FA6E
:104180000646002840F0918004340F21204619F0A3
:1041900023FF10B900201DB0F0BD04222046444981
:1041A00019F0FFFE0028F5D0204607F0010119F0B4
:1041B000E6FE0028EED0072220463E4919F0F1FE27
:1041C0000028E7D005A903A800F0EEF9002864DA7A
:1041D00005222046384919F0E4FE0028DAD00422EE
:1041E0002046364919F0DDFE0028D3D0204601A92B
:1041F00019F0D1FE0028CDD008222046304919F010
:10420000D0FE0028C6D09DF800102046C1F3001152
:1042100081F0010101F0010119F0FAFE0028B9D086
:1042200007222046274919F0BCFE0028B2D02046BC
:10423000C5F3400119F0ECFE0028ABD0092220465E
:10424000214919F0AEFE0028A4D02046C5F3800114
:1042500019F0DEFE00289DD0062220461B4919F0E9
:10426000A0FE002896D0204605F0010119F0D0FEEE
:1042700000288FD009222046154919F092FE002807
:1042800088D02046C5F3C00119F0C2FE002881D0B5
:104290000F21204619F0A8FE7DE71922204605A926
:1042A0008DF82C6019F086FE97E7012073E700BFB8
:1042B000107F0500157F05001D7F0500237F050089
:1042C000287F0500317F0500397F050062760500F3
:1042D000437F05002DE9F74386680746043606222A
:1042E0003046324919F05DFE38B915F007FB15F07C
:1042F00006FB072003B0BDE8F0830221304619F029
:1043000067FE044615F0FAFA002CF0D000240DF1F7
:10431000070120468DF8074015F0B5FA8046204683
:1043200015F0EEFA9DF807300546022B80F00109E2
:104330002CD180454FF0010801D01D4AD4564D457F
:10434000B8682ADB22464946FFF70CFF0028CED08A
:1043500042462946B868FFF705FF0028C7D002216A
:10436000304619F03DFE0028C1D00B2230461149DD
:1043700019F017FE0028BAD00021304619F0F5FDDB
:104380000028B4D015F0BBFA0020B3E780454FF009
:104390000508D4D0022BD2D8CFE742462946FFF7F2
:1043A000E1FE0028A3D022464946D3E74D7F050011
:1043B00006A50500547F05002DE9F047441082B0A2
:1043C000064600AF2046884615F09AFA002381463B
:1043D000F91C2046FB7015F056FA0546B8F1000F9F
:1043E00016D015F08FFAA0420ED1FC78012C13D113
:1043F000B8F1000F1CD1B54214BF1C240024204684
:104400000837BD46BDE8F087B145EED12024F6E778
:10441000B145EAD12124F2E77CB9B8F1000F03D00D
:10442000B542ECD0B14506E0B14503D14D450BD0C6
:104430001C24E4E7B54207D1FAE7022C04D1B8F115
:10444000000FF5D0B54232D0304615F0FDF9391DD8
:10445000C0B2FDF799FD824638BBA9EB060359426D
:1044600042467868594118F028FC0446C8B16D46A8
:104470008AB06A460F4BCDE90769CDE905300623BE
:10448000CDF8248042F8103F4FF4415153460A487A
:10449000FDF78CF9013C032CAD468EBF0124074B80
:1044A0001C57786814F096FDA9E70A24A7E70024B2
:1044B000A5E700BF607F0500641C050009A5050095
:1044C000F0B535499FB0049104210591334902AA02
:1044D000CDE90612324A0023099207220A92314A94
:1044E000CDE902330B920DF103028DF803300193F5
:1044F0008DF820300C928DF834300646D0E9010456
:10450000022201AB04A9043015F048F90546002841
:104510003FD115F0F3F9039B04346BB99DF80330D8
:1045200063B115F0EFF915F0EBF99DF80310FFF703
:1045300043FF10B382B202E0402B0AD0182220467B
:104540000121FFF767FC044615F0D9F9F4B90725F6
:104550001CE0029B0EAA03F1400C1746186859682C
:10456000083303C763453A46F7D100210EA815F07A
:10457000CBF90028D9DA0822E1E73046FFF7AAFE96
:1045800010B115F0BCF9E2E715F0B9F928461FB0F3
:10459000F0BD0325FAE700BF237F050011DC04000E
:1045A000B37F0500E1DC040073B50E464388044682
:1045B00001934378192100930378084A304610F09C
:1045C00065FF6368054633B1C0F11901044A30182C
:1045D00010F05CFF0346E81802B070BDBB7F050019
:1045E000C77F0500033880B219289ABF014B1856BF
:1045F000012070470DA505002C2208B500210448B4
:104600001CF05DF84FF0FF33014A42F8043C08BD4E
:10461000E06D00200148FFF71DBA00BFF807002039
:1046200010B5041D03222046074919F0BAFC08B949
:10463000072010BD054B2046596819F0AAFC002838
:10464000F6D00020F5E700BFE6580500DC6D00203D
:104650002DE9F0438BB00C460DF1030105461646DB
:104660001F46FFF75DFD0146002840F083802023B0
:10467000284602AAFFF776FC00284BD19DF803805C
:1046800024B10822414620461CF019F802983C4B00
:10469000984237D11CB107AB03CB206061600FB1EA
:1046A000069B3B60059BBDF8104028461C44042334
:1046B00021460DEB0302FFF755FC40B946F60813FF
:1046C000BDF804209A4204BFBDF80630E418042364
:1046D000214628460DEB0302FFF744FC0746E0B9EC
:1046E00046F60713BDF804209A4216D1BDF806809D
:1046F0000434A04404F10409C14510D987F001072E
:10470000F80007E04FF0013303FB08F8404514BF01
:10471000172003200BB0BDE8F0830420FAE7042340
:10472000214628460DEB0302FFF71CFC0028F1D1BF
:10473000BDF80420BDF80630FF2A05D14FF6FF7200
:10474000934205D10520E5E7122A01D1402B02D082
:1047500004331C44CEE77FB944340EB90127C9E7BE
:1047600044450BD8324649462846FFF7FBFB002854
:10477000F4D0CFE70220CDE70620CBE70720C9E73A
:104780003DB8F39670B51C4A8AB005920422D0E970
:104790000105002301260692184ACDE9016307921C
:1047A00001AA08928DF82430324602AB05A90430E4
:1047B00014F0F4FF0446E8B90346024603A9019841
:1047C0000435FFF745FF58B9019815F07BF838B16B
:1047D000092201212846FFF71DFB20460AB070BDC3
:1047E0000198FFF757FB0646FFF706FF002EF4D0AF
:1047F000B2B2EEE70324F0E7107F050007DC040007
:104800002DE9F04F0024D0E9016ABFB008AF2022A3
:1048100021468146384601941BF051FF4FF0FF338B
:10482000CDE90933634B0325209305232193624B84
:104830000BAACDE92237614B2892259304232693B6
:104840005F4B604A279336930DAB37935E4B2A92AA
:10485000399307235D4A0AA92C9231923A9309AA07
:104860005B4B2D9132925B495B4A04363B930FAB15
:104870003046CDE92F15CDE934253C93062201AB16
:1048800020A98DF890408DF8A4402B958DF8B84064
:104890008DF8CC408DF8E0408DF8F44014F07EFFA8
:1048A0000646002840F08380384602A9FFF7A8FB9F
:1048B0000AF1040A044610B301210346474A484856
:1048C00014F0F6F801215046A2B2FFF7A3FA3546DC
:1048D0008046444BD3E901239A4201D0002C5FD09B
:1048E00000230120194610AAFFF7B2FE002C57D072
:1048F000FFF782FEB8F1000F08BF072609E09DF818
:104900001880B8F1000F08D1D9F80800FFF788FE29
:10491000064630463FB0BDE8F08F324F059BDDF8CC
:1049200024B03B60029BBB60BBF1000F11D10E9D18
:104930000D992A4607F10D00C7F804B03D731BF02E
:1049400098FE05F10D005946C5F1200238441BF0D0
:10495000B6FE0C9D002DBCD07B6858461D44BB683C
:104960000B99EA1A53425341049AFFF72DFB044670
:1049700040B97B68049ABD6813447B60EB1A5D42C2
:104980005D41A6E701210346174A154814F090F847
:1049900001215046A2B2FFF73DFA4546804698E70E
:1049A000D9F80800FFF73CFE002DA3D0A0E72E4663
:1049B000AFE700BF418A050007DC0400EA8C050070
:1049C00011DC040076860500CF7F05000DDC0400B5
:1049D000E1DC0400E6580500CB7F0500D77F050029
:1049E000641C0500DC6D0020F77F05000148FFF71F
:1049F00031B800BF0808002070B51B4A8AB0059284
:104A00000522D0E9016500230692184A8DF8083086
:104A1000079202AC01228DF8243005A903AB301DAA
:104A2000089414F0BBFE0DF10A030093012204ABBD
:104A300021460F48FFF72AF8034660B1012B04987E
:104A400007D082B2BDF80A10281DFFF7E3F940B97C
:104A500007200AB070BD41F68562002305480CF0BE
:104A6000B7FA0020F5E700BF32800500E1DC040062
:104A70000100020040010020F0B50023D0E901450B
:104A80000127134A89B00392124A01AECDE90133DE
:104A9000CDE905268DF81C30201D6B463A4603A94A
:104AA000049714F07BFE044678B904353A4628464C
:104AB000094919F076FA20B13146284619F06EFA04
:104AC00000B90724204609B0F0BD0324FAE700BF6F
:104AD000BDA1050029DC0400304C050008B50248E2
:104AE000FEF7C6FF002008BD1808002008B5084BD7
:104AF000984202D1049B012B02D00120106008BD16
:104B000040F64372002303480CF062FA0020F6E7F7
:104B1000010002007001002008B501F0A3FC03466B
:104B200020B10121034A044813F0C2FFBDE8084048
:104B3000EBF7A6BE46800500B41C050007B5084883
:104B400019F0E0FC074B4FF4006200930649032381
:104B500003480CF0D3F9002003B05DF804FB00BF5C
:104B6000A846002050290500B0CA002000220023DA
:104B7000014814F032BD00BFB00E002010B5036A2A
:104B8000044643B1054919F058FC04F1100019F02E
:104B9000ABFB002010BD6FF01500FBE77799040018
:104BA00010B50446103019F0A7FB2146BDE81040AF
:104BB000014819F06DBC00BFA8460020F0B5036B9A
:104BC00004460E4685B003B319F040FC10F0050F03
:104BD00002D0204619F087FC684619F085FB04F1E5
:104BE00010070022002338460BF04CFF054670B931
:104BF0000022002368460BF045FF0146A8B923694F
:104C00001BB121460B4819F043FC05B0F0BD3146FD
:104C1000236B984720B92146284614F0D9FEE0E7D7
:104C20002946684619F068FBDBE7384619F064FB53
:104C3000DEE700BFA8460020074B1A68904207D065
:104C4000D3F88020904205D1012203EBC2107047B7
:104C50000022FAE7002070479047002010B5012499
:104C6000114B1C7000212246104819F05EFB0021F8
:104C700022460F4819F059FB0E4A0F4B104613629B
:104C80000E4B53620E4B93620E4BD3620E4B13636B
:104C9000FFF774FF034630B10C4A2146BDE81040CF
:104CA0000B4813F005BF10BD37BB0020FC470020A8
:104CB0007C4800200C6E0020D54C03002D9A040087
:104CC000F9990400ED990400079A04009280050008
:104CD000741C05002DE9F04F044691B01822002104
:104CE00001A81BF0ECFC3B4BD4F818900293E3684E
:104CF0000393394B0593B9F1000F0BD1052604F14D
:104D0000180014F073FE204614F04CFE304611B02B
:104D1000BDE8F08F484607A903F09AFC0646002834
:104D2000ECD19DF83C30022BE8D1204614F07EFEF9
:104D3000054608B90126E2E74846FFF77DFF07462A
:104D40000028DBD090F86930002BD7D0227F9A4220
:104D5000D4D100F16C0B58460BF020FFB246B046A0
:104D6000238A4345CBD997F86920002AC6D0217FF2
:104D70009142C3D108EB05029A42C4BFA3EB0803DA
:104D80009DB2484601A9ADF8105006F07BF810F12D
:104D90000C0F09D1BAF1000F03D1132D18D9C5F3A7
:104DA0004F050CF08DFBDBE70028C3D1E26808EB70
:104DB00005031FFA83F812FA83F303934FF0FF32CF
:104DC0004FF0FF3358460BF0C3FE4FF0010AC7E720
:104DD000022694E7842905003D9A04002DE9F84352
:104DE00000AF804691461D46FFF726FF0646A0B954
:104DF0006C4688B06A46194BCDE90538032342F862
:104E0000103F4FF4C25103461548FCF7CFFCA546AE
:104E10006FF01000BD46BDE8F883FFF7A7FE04461B
:104E20000028F5D0028A438A41699B1AC268521A47
:104E30009B1A9D4202D914F0B5FDE9E72A4649467E
:104E40000C3014F036FCC4F8188096F86930054828
:104E500021462377FFF7A4FE2846DBE7C380050041
:104E6000741C05000C6E002080B500AF88B06A4647
:104E7000064BCDE90530032342F8103F00234FF4E1
:104E8000C2510348FCF792FCBD4680BDC3800500BB
:104E9000741C050038B50546FFF7CEFE04462946CA
:104EA0000948FFF78BFE4CB10023204684F8693097
:104EB00040F86C3BBDE838400BF016BE2846BDE814
:104EC0003840FFF7D1BF00BF0C6E0020F0B559BBD2
:104ED000164B196819B1D3F880202ABB0121CC01E7
:104EE000134D18512A78D3F880C01F6803EB040EC5
:104EF00010460132D2B2012A38BF01228EF8690071
:104F000061B11FB193F869608642F1D02A7004F153
:104F10006C001844BDE8F0400BF040BEBCF1000F3F
:104F2000F4D093F8E960EFE7F0BD00BF90470020B0
:104F300037BB002070B50B7892B006460C4607AD23
:104F4000032B31D8DFE803F0022A2C2E194928461A
:104F5000F2F7F2FC05956378174A0493A3781E21B3
:104F60000393E3780AA80293237910AD0193637940
:104F70000093A37910F08AFA32460AAB1C4603CCA0
:104F8000AC4210605160234602F10802F6D120685D
:104F900010603046A388938012B070BD0749D6E7F1
:104FA0000749D4E70749D2E70A212846064A10F004
:104FB0006DFACFE7A1440500C3440500A8440500ED
:104FC000AF440500B9440500959205000E4B4029F9
:104FD00028BF402170B51D460C4C4618B04203F165
:104FE000020304D1002305F81130074870BD027890
:104FF0001209A25C03F8022C10F8012B02F00F0238
:10500000A25C03F8012CE9E738BB002074A5050079
:1050100010B50024094B86B009480393CDE9044438
:1050200019F070FA03AB009340F638020A230549E1
:1050300003480BF063FF204606B010BDE580050075
:1050400090480020B0D20020014601480BF096BFE6
:105050009048002030B50378012B11D0022B21D0CD
:105060006BB90A46144B03F1100453F8045BA342D6
:1050700042F8045BF9D143881A0A8A70CB7030BDBC
:105080000A460D4B03F1100453F8045BA34242F8A7
:10509000045BF9D143681A0C180E4A700870C3F308
:1050A0000722EAE700F11003013913F801299842B9
:1050B00001F8012FF9D1E2E785A5050010B514F03C
:1050C00031FD19F071FA044608B90CF0B3F9064B3A
:1050D000D3E8AF3F0BB10A2098471CB9BDE8104098
:1050E0000CF0BCB910BD00BF446E002038B50446BA
:1050F000084814F072FA054648B1631EDBB21F2B54
:1051000096BF054A0021D15C0C3014F0DBFA28462A
:1051100038BD00BF8C0E002095A50500034BD3E8D9
:10512000EF2FC3E8E10F0029F9D17047446E00204A
:105130000F2810B50CD80D280CD90A4814F04DFAD8
:10514000044618B104210C3014F0BCFA204610BDFE
:105150001328F2D009B10448F0E70220BDE810405E
:10516000FFF7C4BFD40E0020200E0020F0B5054686
:105170000E46174685B0AB88012B0ED9284614F091
:10518000D4FA044648B1AB88984208D9022100936A
:105190000D4A03460D4813F095FC05B0F0BD2846B6
:1051A00014F0C3FA2B688DF80800013C394602A8B8
:1051B0008DF809400393B0470028EED021462846D9
:1051C00014F0A3FAD7E700BFF5800500741B0500B3
:1051D000C3681B780221024A024814F01ABD00BFBE
:1051E00020810500841B050038B5C5682B78B3B94C
:1051F000B5F801400F21204602F04CFEE978054643
:1052000070B90C4A138813B1538843B901236FEA6C
:1052100004506FEA105022F81300074AD15438BDE9
:105220004172012102F012FD2846BDE8384002F02B
:10523000BBBC00BF26790020B9BB002070B5C36895
:105240001D787DBBB3F801600F21304602F022FECD
:10525000044638B901213346BDE87040124A13486C
:1052600014F0D7BC294602F0F1FCA378012B04D03E
:105270002046BDE8704002F097BC231DD3E8AF3F45
:10528000DB07F5D50321204602F0E0FC032014F0F3
:1052900018FE03460028EBD00221054A034814F00B
:1052A000B8FCE5E770BD00BF48810500841B050020
:1052B0006E81050010B5C3680121B3F80140204696
:1052C00002F0E8FD38B901212346BDE81040044A48
:1052D000044814F09EBCBDE8104002F065BC00BF5D
:1052E00094810500841B050010B5C36801211C884A
:1052F000204602F0CFFD38B901212346BDE8104019
:10530000034A044814F085BCBDE8104002F04CBCD0
:1053100094810500841B050010B501210C3014F0A8
:10532000FCF903780121BDE81040024A024814F05C
:1053300070BC00BFB8810500841B0500014610B594
:10534000084814F04EF90849084819F0A1F8031E5E
:1053500006DABDE810400121054A064814F059BCA0
:1053600010BD00BFD402002060080020604A002069
:10537000DA810500841B050010B5002486B003AB5C
:1053800000934FF462724FF0FF3305490548CDE9B1
:10539000034405940BF0B2FD204606B010BD00BFDB
:1053A000E8DA00207849002010B5084C01460622B2
:1053B00094F86F0003F0C2F838B994F86F00052232
:1053C000BDE81040024903F0B9B810BDA0010020AB
:1053D0005AA505000121024A024814F011BC00BF81
:1053E000F7810500841B05000B46B0B50D8A00AFA0
:1053F00004462946D868FFF7E9FD8AB06A46094B9A
:10540000CDE90750CDE9053440F20243ADF8243030
:10541000054B4FF43251054842F8103F14F006FC9A
:10542000BD46B0BD1182050005000001841B0500CA
:1054300070B5C5680121B5F80160304602F02AFD5B
:10544000044638B901213346BDE870400B4A0C4888
:1054500014F0DFBB2B783BB9D5F80330C0F8993096
:10546000D5F80730C0F89D30201D4FF4003114F0FE
:10547000D2FB2046BDE8704002F096BB9481050047
:10548000841B05002DE9F84FD0F80C90018A99F89B
:10549000004000AFA30001338B425FD96D468AB054
:1054A0006A46CDE9073105232E484FF42151CDE955
:1054B00005042D4842F8103F14F0B8FBAD46BD4638
:1054C000BDE8F88F01212B46284A274814F0A1FB9C
:1054D000013699F800309E42F1DA09EB8603B3F801
:1054E00001500F212846B3F8038002F0D3FC044694
:1054F0000028E7D000F1C00AB8F1000F06D06569B6
:1055000045B901211A4A184814F07AFB204602F0E6
:105510004BFBDDE7A2692B6895422046636108BF1B
:10552000A36102F067FA0BF0DFFAC5F800B0236A56
:105530008BB9C4E90755DAE8EF3F013BCAE8E23F1F
:10554000002AF8D10021204608F1FF3802F05EFA67
:105550001FFA88F8D0E71D602562ECE70026B34605
:10556000B7E700BF33820500841B05005E8205009B
:105570007A82050037B50446084602EBC3039A4217
:1055800002D16FF05E0010E0114611F8085BA542F1
:1055900011D1038A5178994209D908480121084A52
:1055A000009413F08FFA6FF0150003B030BD53680C
:1055B00098470020F9E70A46E1E700BF841B050091
:1055C000918205002DE9F0470C460BF033FFE568AA
:1055D0002B78022B75D0042B0AD001213D4A3E487E
:1055E00014F017FB2046FEF717F96FF015040EE0D4
:1055F000B4F81080B8F1020F0ED84346374A364847
:10560000012114F006FB2046FEF706F900240BF0FA
:1056100025FF2046BDE8F08768783E280CD1B8F118
:10562000030F02D12E4A4346E9E7EB78012B01D064
:105630000A2B46D1032704E014F0D0FA0746F807F6
:105640003FD504F10C0601213046D4F814A014F023
:105650005CF80221304614F060F8814600783E285C
:1056600007D1E3681B78012B01D00A2B06D1032652
:1056700014E014F0B3FAC10706460FD441F26813E0
:10568000184A1949194812F054FA002383F3118873
:10569000BFF36F8F0323184602DF0226144A062346
:1056A000214699F8000014F0CCFAB2070DD56369D1
:1056B000A5EB0A0513FA85F5E560A4F81080BB0791
:1056C000A4D52046FFF73AFEA0E72046FEF7A4F84F
:1056D000F5E700BF59830500841B0500B382050070
:1056E000CF820500EF820500238305003C8305007F
:1056F000242A050010B5012104460C3014F00DF8E1
:105700002146BDE810400223014A007814F099BAFE
:10571000542A050073B53E4813F078FF044600286C
:1057200073D000F10C05284613F0FFFF0228034652
:1057300003D0042847D0374A03E0238A032B05D837
:10574000354A0121354814F064FA13E00421284653
:1057500013F0E3FFFF23428806882376238AC6F3EB
:105760000B009A42608309D0012100922B482C4AF9
:1057700013F0A8F92046FEF74FF812E00F2102F0CF
:1057800089FB054610B9638B264ADAE702F0BAFBBB
:1057900021462076320B284602F08AF9284602F08C
:1057A00003FA214BD3F834317BB32049204818F059
:1057B0006FFE031E29DA01211E4A184802B0BDE817
:1057C000704014F026BA2846022113F0A6FF0546C1
:1057D00000783E2812D014F001FA10F002060DD124
:1057E00040F69A43144A1549154812F0A2F986F377
:1057F0001188BFF36F8F0323184602DF042321466D
:10580000104A287814F01DFAB4E702B070BD00BF4A
:10581000D4020020028405006D830500841B05006E
:105820008E830500B2830500A001002060080020DF
:10583000604A0020DA810500EF820500D48305006C
:105840003C830500642A050010B5012104460C3094
:1058500013F063FF2146BDE810400823014A007899
:1058600014F0EFB9842A0500F8B50121044600AF11
:105870000C3013F052FF0678002321463046104AC0
:10588000FFF778FE5F3019D1258AE0682946FFF7D7
:105890009DFB6C468AB06A460A4BCDE90750CDE9BC
:1058A000053640F20243ADF82430074B4FF4325135
:1058B000064842F8103F14F0B9F9A546BD46F8BDB8
:1058C000C42A05001684050005000001841B05009C
:1058D0002DE9F74F0023804689461746DFF810A1CF
:1058E000DAE8EF4FCAE8E23F002AF9D1264644B988
:1058F000012143463A4A3B4803B0BDE8F04F14F05B
:1059000088B92046FDF7E8FE4FF00C0B364D0BFB37
:105910000050438843451BD02046FDF7DDFE0BFBBE
:105920000050438801210093304A43462D4813F02C
:10593000C9F8DAE8EF3FCAE8E26F002AF9D1002B94
:105940004BD01E46304603B0BDE8F04FFDF764BFB4
:10595000A74208D0204613F03BFE3A8AF96804F1CA
:105960000C0013F0A6FE2046FDF7B6FE0C2707FB41
:1059700000504368ABB1B9F1000F12D12046FDF7DA
:10598000ABFE012107FB00504268536803F01F0083
:10599000814010685B0900EB8300137ACBB114F0EF
:1059A0003AF92046FDF798FE0C2707FB0050836864
:1059B000002BC7D02046FDF78FFE784305F80090F6
:1059C0002046FDF789FE07FB0055A8680BF08CF810
:1059D000B8E7C94314F02DF9E3E703B0BDE8F08F51
:1059E00048840500841B0500486E00207084050073
:1059F000D002002073B5C5680121B5F801603046BA
:105A000002F048FA044640B9012133463B4A3C487B
:105A100002B0BDE8704014F0FCB82B78061D1A2BBC
:105A200019D1C378012B50D14FF48041304614F086
:105A3000F2F842040FD4D4F88C3069460093D4F8BD
:105A400094302046019303F011FA204602B0BDE8DD
:105A5000704002F0A9B82B78BBBB40F2E242B5F827
:105A6000033028495343C4F88830B5F80520A4F81A
:105A70009020B5F80720A4F89220A3F5EA520C3A3A
:105A80008A4204D90221204A1D4814F0C2F8B4F811
:105A90009030B3F5FA7F04D302211C4A184814F061
:105AA000B8F840F67641B4F89230A3F10A0292B207
:105AB0008A4204D90221164A114814F0AAF86FF458
:105AC0008051304614F0B5F813E0D6E8AF3FDB0460
:105AD000F5D52B78202BF2D194F89830002BEED00E
:105AE000013B84F898300B4A002304F140000BF08E
:105AF0006FFA204602F0E0FBA7E700BF94810500A3
:105B0000841B050095F03C00A3840500CA840500B1
:105B1000F18405005A62020008B501F099FC064BB9
:105B2000D3E8AF2F02F00B02D3E8EF1FC3E8E02F5A
:105B30000028F9D108BD00BF7402002010B5C1E9EA
:105B400000239DF808300C460B72FDF7C5FD0C22B2
:105B5000024B02FB00335C6010BD00BF486E0020AA
:105B6000F8B502460B46104813F037FD0446C0B1A5
:105B700004210C3013F08CFD2046FDF7ADFD0C2701
:105B800000260A4D07FB005046802046FDF7A4FD85
:105B900007FB005086602046FDF79EFD07FB005581
:105BA0006E602046F8BD00BF680E0020486E0020E1
:105BB00010B5044692B04822684606491AF059FDCD
:105BC000112C9DBF12AB03EB840454F8480C02481F
:105BD00012B010BD701D05001D850500034B014668
:105BE000D3F84C0182689268104700BFA0010020E2
:105BF0002DE9F04F91B0042100AF4B4814F00BF8A1
:105C00006D4601F025FC88B06A46484B4FF4E651DA
:105C10000593474B474806934FF40073ADF81C308B
:105C2000454B464C42F8103F14F000F8AD46E17980
:105C3000434B444E07F12008012998BF1E464046B9
:105C40002146FFF777F98AB06A463F4BCDF81C80B2
:105C5000CDE905363D4B4FF4235108933C4B354875
:105C600042F8103F13F0E2FFA246AD460125394E3F
:105C7000DFF8F080E3790AF1070A9D423BDB94F8F4
:105C800070506E462846FFF793FF8CB06A46B4F812
:105C90007210B4F87630CDE907514FF40075DFF893
:105CA000C8C009932C4BCDE905C0ADF828504FF47E
:105CB000535142F8103F1F4813F0B8FFB54694F80F
:105CC00071603046FFF774FF8AB06A46B4F87430EA
:105CD0002249CDE90763224BCDE90510ADF82450E8
:105CE0004FF43351134842F8103F13F09FFF4437ED
:105CF000BD46BDE8F08F51463846FFF71BF9E9462F
:105D00008AB06A4640F20133CDE905650797ADF8E0
:105D100020304FF41351074842F8108F13F086FFDC
:105D20000135CD46A6E700BF740200202985050095
:105D30003B850500841B050003000001A001002035
:105D4000CD5B0500258505003F85050000020103A8
:105D5000040000024E850500060000019D85050037
:105D600005000001040000015F8505000048704740
:105D7000C48505000149024818F08ABB500800207C
:105D80007849002070B505460C4639B1CB684A69A0
:105D90009B1A032B0ED86FF0150509E04FF0FF306A
:105DA0004FF0FF31FFF7DCFE044618B96FF06805CD
:105DB000284670BD2046FDF78FFC0C22164BA61816
:105DC00002FB0033032130465D8013F08DFC05801B
:105DD000238A0121033B8370304613F08DFC40F68B
:105DE00035439D420FD12046FFF7F8FE05460028B7
:105DF000DED001210346094A094813F00AFF204674
:105E0000FDF70AFDD4E72146064818F075FA00258B
:105E1000FFF7B0FFCCE700BF486E0020CB85050040
:105E2000841B0500DC0200202DE9F04784B0804689
:105E300091460C4600AF71B94FF0FF304FF0FF3183
:105E4000FFF78EFE044660B96FF0680528461037EC
:105E5000BD46BDE8F087887AFDF736FC3B4B8342B0
:105E60006ED101220021384618F05FFA2046FDF776
:105E700033FC0C23DFF8FCA003FB00A08760204666
:105E800013F0DAFB01464046FFF77CFF054618B1E8
:105E90002046FDF7C1FCD9E7002338462C4A0AF01A
:105EA00057FE064690B14FF4F1732A4A2A492B480F
:105EB00011F03FFE32464146294811F03AFE85F383
:105EC0001188BFF36F8F0323184602DF2046FDF7CA
:105ED00003FC0C2358431AF800605EB36D468AB089
:105EE0006A46204B0796CDE905381F4B4FF43251D7
:105EF000089340F20243ADF824301C4B1C4842F892
:105F0000103F13F093FE2046AD46093EFDF784FC9A
:105F1000092E0CD8DFE806F0050B0B08170B0B0B4E
:105F20000B146FF06E0591E76FF00C058EE76FF0C4
:105F300004058BE7B9F1000FAAD0C9F8004085E746
:105F40006FF0150582E76FF00B057FE7680E002004
:105F5000B4C40400EF820500ED8505003C83050014
:105F6000F68505003B860500CD5B050005000001B8
:105F7000841B0500486E002073B506460D4642F2AC
:105F80002F00002101AAFFF74FFF044638B101217D
:105F9000144A154813F034FE204602B070BD019833
:105FA000C368B3F801203280B3F803302B80FDF7CB
:105FB00033FC3388A3F11B02E02A04D902210B4AE7
:105FC000094813F026FE44F248112B88A3F5A47269
:105FD00092B28A42E0D90221054A034813F019FE21
:105FE000DAE700BF5A860500841B05007A860500A3
:105FF0009F860500F0B585B006460DF1030100202F
:1060000001F076F80446002846D14FF0FF304FF0FB
:10601000FF31FFF7A5FD0746002840D019210C30BD
:1060200013F041FB0546214619221AF048FB9DF862
:10603000033006F170012B73681D13F0E3FD194B5B
:1060400038469A89D4332A8033F8C62C6A80019363
:10605000072302930123B6F88C208DF80C30A5F8A5
:106060000D20B6F88E20A5F80F20B6F89020A5F8E0
:106070001120B6F89220A5F81320FDF72DFB0C2275
:10608000094B394602FB003301AA5A6042F20D0067
:106090002246FFF7C9FE0446204605B0F0BD6FF06A
:1060A0006804F9E7A0010020486E0020F8B53C28FC
:1060B000044600AF1AD101F0A3F86FF480711030DC
:1060C00013F0B7FD0020FFF76FF9054630B9012145
:1060D000314A324813F094FDBD46F8BD44720021A8
:1060E00001F0B4FD284601F05FFDF5E702283DD13F
:1060F00000210246084602F021FA054680B9012136
:10610000274A264813F07CFD032013F0DAFE0346ED
:106110000028E1D00221234A204813F07AFDDBE772
:10612000031DD3E8AF3FDB0706D5032101F08EFD49
:10613000284601F039FDE7E7403018F0F5F910F096
:106140000C0608D115482146174A13F059FD31466F
:1061500028466C72EAE72846FFF74CFF0028E7D094
:106160000121124A0D4813F04BFDE1E76D468AB05C
:106170006A460F4B4FF41251CDE905300D4B0748DD
:10618000079340F20133ADF820300B4B42F8103F3B
:1061900013F04CFDAD469FE7C2860500841B050049
:1061A000E38605006E81050001870500278705004D
:1061B00043870500CD5B05000400000130B54FF0BA
:1061C000FF304FF0FF3185B0FFF7CAFC0446B0B195
:1061D0000C4B0025019307238DF80C500293FDF71B
:1061E0007BFA0C22084B214602FB003301AA5A60BD
:1061F00042F20E002A46FFF717FE05B030BD6FF0E1
:106200006800FAE774020020486E00202DE9F04390
:106210008DB06F4AB0F80190118849F470439942EB
:10622000054600AF58D05188994257D1012300212B
:1062300022F81310674A12F80380EB782E1D012B09
:1062400008BF654B304614BF002493F86F4013F02D
:1062500065FC3146002844D007F1080013F053FCD8
:10626000D5F81130C7F80130B5F81530A7F805306A
:1062700001233B70E878002840D1022207F1080191
:1062800002F05CF90446EB7823B96FF080015348C3
:1062900013F0CFFCDCBB07F1100431462046FEF7BB
:1062A00049FE6D4688B06A464D4B4FF4E251CDE948
:1062B00005344FF40073ADF81C304A4B4A4842F89D
:1062C000103F13F0B3FC1321AD46484613F014FD04
:1062D0003437BD46BDE8F0830023A8E74FF000083F
:1062E000ABE7204613F0B8FD014607F1080013F0B4
:1062F00089FC3146384613F085FCBBE7012804D100
:1063000007F10800FFF750F8BCE70024BBE7204680
:1063100040F2E242B5F8013007F1080120F8703B85
:1063200013F070FCB5F8173053430022C4F88830DE
:10633000B5F81930A4F89030B5F81B30A4F89230B5
:10634000EB786272012BE3700FD1394604F17700CC
:1063500013F058FC00F054FF217A1F4BC1EBC10130
:10636000194404F17E0013F04DFCE3786BB9394613
:1063700004F17E0013F046FC217A174BC1EBC101FA
:10638000194404F1770013F03DFC0721204601F089
:106390005DFCB8F1000F05D00121204684F809808A
:1063A00001F054FC204601F0E9FD204601F0FCFB21
:1063B000E378002B8CD1032013F083FD03460028E3
:1063C00086D00221094A084813F023FC80E700BF69
:1063D00026790020B9BB0020A00100207402002013
:1063E0005F87050003000001841B05006E81050026
:1063F00000B5C16889B0087820B109B05DF804EB38
:10640000FFF754BEB1F801308DF80000ADF801304F
:10641000CB7801A88DF80330B1F80B300431ADF81A
:106420001730B1F80930ADF81930B1F80B30ADF8CC
:106430001B304B7B8DF81D3013F0E4FB084B684696
:106440001A689B88CDF80B20ADF80F30CDF81120DD
:10645000ADF81530FFF7DAFE09B05DF804FB00BFB8
:106460006EA50500022138B52E4813F0D4FB10EAC2
:10647000010453D16FF004012A4813F0DAFB00F055
:10648000AFFE01F0F7FC284B2246214640F60340C0
:106490001C60FFF7C9FC044630B10121234A24489F
:1064A00013F0AEFB204638BD224DFFF735FBD5F883
:1064B0004C0183685B6853B96FF00201194813F00F
:1064C000B8FB042113F0A7FB6FF08504EAE79847B7
:1064D00010F1580F0446EFD058B101210346164A77
:1064E000134813F096FB042105F1D40013F093FB3D
:1064F000D8E71248FCF7BAFD2146402205F180009A
:106500001AF0DDF805F168000D49EC7113F07AFB23
:106510006FF001016C3013F08CFBC3E76FF0770470
:10652000C0E700BF74020020267900207B870500A9
:10653000841B0500A00100209A870500604A002006
:1065400061A505000022F0B585B0114640F6034074
:1065500002AFFFF769FC044600285BD1FFF7DCFAC5
:10656000214641F203003A1DFFF75EFC0446002875
:1065700050D17A68C84DD16805F17803D1F801008F
:10658000D1F8051003C31046FDF746F9214641F244
:1065900001003A1DFFF748FC044600283AD178680C
:1065A000C3685A7885F870205A88A5F872201A793D
:1065B00085F87120B3F80720A5F87420B3F80530EA
:1065C000A5F87630FDF728F9214641F202003A1D80
:1065D000FFF72AFC0446E8B9D7F804C005F18006A5
:1065E000DCF80C20531C41323446186859680833D3
:1065F00003C493422646F7D16046FDF70DF995F89E
:106600007C3059060AD40121A44AA54813F0F8FAAF
:106610006FF0120420460C37BD46F0BD002142F257
:1066200003003A1DFFF700FC04460028F2D17A6807
:106630009C4BD168D1F80100D1F8051003C3104676
:10664000FDF7EAF8214642F202003A1DFFF7ECFBA3
:1066500004460028DED17E68F468B4F801309AB2AE
:1066600092B1E27882B1A5F8FC30E378032B06D032
:106670000322022100928A488B4A12F023FAE27820
:106680008A48114617F051FE3046FDF7C5F81F2322
:1066900095F87C60A5F8103116F0200619D14FF05E
:1066A000FF304FF0FF31FFF75BFA0446002800F09F
:1066B000A08102210C3012F0F6FF01232146037065
:1066C0004670324640F66D40FFF7AEFB04460028A8
:1066D000A0D195F89C301A0712D5002142F21C0077
:1066E0003A1DFFF7A1FB0446002893D17868C368E0
:1066F000D3F80120D3F80530C5E93823FDF78CF82D
:1067000095F8D8309B0623D53846B91CFFF734FCE2
:10671000044600287FF47EAF4FF0FF304FF0FF318A
:10672000FFF71EFA0646002800F0638104210C30B2
:1067300012F0B9FF3B88224603807B8831464380B4
:1067400042F22400FFF770FB044600287FF462AF9A
:106750004FF0FF304FF0FF31FFF702FA04460028F8
:1067600000F0478108210C3012F09DFF95F8D820E9
:10677000214612F0020F14BF2F230F23960695F81F
:10678000D92048BF43F0400312F0090F4FF0000238
:1067900018BF43F400630370C3F307234370827090
:1067A000C270027142718271C27142F20100FFF740
:1067B0003BFB044600287FF42DAF95F87C30B5F8FC
:1067C000FC1098065DD4C9B941F205003A1DFFF7E7
:1067D0002BFB044600287FF41DAFB5F8FC307C6825
:1067E0004BB9E368B3F80120A5F8FC209A882F483C
:1067F000114617F09AFD2046FDF70EF84FF0FF30D6
:106800004FF0FF31FFF7ACF90446002800F0F180AB
:1068100008210C3012F047FF102303708823002258
:1068200043700226202321468270C6700271427195
:106830008271C37140F60140FFF7F6FA0446002862
:106840007FF4E8AE01463A1D4FF60140FFF7ECFA3F
:1068500090B3174A0221124813F0D2F9EB79002BBA
:1068600040F0B78000F08CFC044600287FF4D2AEE4
:1068700002F074F8044600287FF4CCAEFFF7B8F9B4
:10688000C8E60029BAD101210A4A054813F0B8F92F
:106890006FF00404BEE600BFA0010020B78705002A
:1068A000841B050078020020DB870500A002002081
:1068B00044880500218805007B686E46DC688AB044
:1068C000B4F80130042B96BF574A584952F82310A8
:1068D00002AAD3614FF4007355481384554BC2E9A3
:1068E000050142F8103F4FF41351534813F09EF93D
:1068F000B4F80120B546022AB4F8033049D1052B7B
:1069000047D84E4A52F823106E468AB002AAD36185
:106910004FF400734A481384464BC2E9050142F81C
:10692000103F4FF41351444813F080F9B546637992
:1069300094F806C0032B98BF424AB4F80760D4F815
:1069400009006C468CB094BF52F82310374902AA54
:10695000C2E9073C4FF40073DFF8FCE093853A4B43
:10696000C2E905E1C2E909604FF4735142F8103FF2
:10697000314813F05BF9A5467868FCF74DFF00211C
:106980004FF602403A1DFFF74FFA044618B12F4A5E
:1069900060E72649B8E77868C368B3F80130A5F81E
:1069A000C130FCF739FF95F8C1305A077FF556AF73
:1069B00021464FF603403A1DFFF736FA08B1244A44
:1069C00048E77868C3685B7885F8C030FCF724FF37
:1069D00044E72E78002E7FF445AF95F8C1309B0632
:1069E0001FD54FF0FF304FF0FF31FFF7B9F80446E5
:1069F00010B96FF068040DE606210C3012F053FE5A
:106A0000D5F8013021460360124B32469B888380C3
:106A10004FF60640FFF708FA044600283FF422AF7D
:106A2000F8E56FF08504F5E5102A05001D850500E1
:106A30006888050004000001841B0500F829050092
:106A400081880500E829050007000001C6880500C7
:106A5000EF880500A10100209988050010B5FFF717
:106A600071FD034B1B6813B1BDE81040184710BD02
:106A70006C6E002073B52A4D0646D5F84C0117F010
:106A800006FB48B90121274A274813F0B9F86FF0EF
:106A90001204204602B070BD6FF0020105F1D4006F
:106AA00013F0C7F8012113F0B6F810EA010434D14D
:106AB0001E4B1E600A4605F5907017F036FC05F572
:106AC0009E7017F011FC1A4817F01CFD6FF00703B9
:106AD0004FF400621749164800940AF00FFA16495D
:106AE000134817F067FDD5F84C01144983681B68FB
:106AF0009847044630B101210346114A0A4813F071
:106B000088F8C6E726B902B0BDE87040FFF71ABDA5
:106B100005F1C4000AF0ECF9BBE76FF07704B8E7C1
:106B2000A001002018890500841B05006C6E002060
:106B3000604A002070DE002030890500C555030042
:106B40003989050073B5C368D9789A781E8842EAF6
:106B50000122ADF8002059791A79B4B242EA012233
:106B6000ADF80220D9799A79204642EA0122ADF89F
:106B700004201A7A5B7A012142EA0323ADF8063039
:106B800001F088F9054658B901211D4823461D4AE0
:106B900013F03FF80221204613F035F902B070BD22
:106BA000694601F0D5FB38B91E21204613F02BF9B8
:106BB000284600F0F9FFF1E74FF0FF304FF0FF31CA
:106BC000FEF7CEFF04460028F2D00E210C3012F062
:106BD0006AFD00230680C0F80A30BDF80030214667
:106BE0004380BDF802308380BDF80430C380BDF817
:106BF0000630038142F22000FFF7C4F8D8E700BF57
:106C0000841B05009481050038B5042104460C302E
:106C100012F083FD034640885D7818B1224619784A
:106C2000FEF756FE35B1044809F05EFFBDE8384076
:106C3000FFF7A0B838BD00BFC0020020B0B50446C1
:106C4000032100AF0C3012F068FDE26803461178B2
:106C500040F63542B0F80100904216D16C468AB039
:106C60006A46104B1048CDE90531104B4FF41251D4
:106C7000079340F20133ADF820300D4B42F8103F3E
:106C800012F0D4FFA546BD46B0BD1D7810B1224616
:106C9000FEF71EFE002DF6D0064809F025FFFFF78F
:106CA00069F8F0E755890500841B0500CD5B0500F8
:106CB00004000001C002002038B50AF0BBFB2F4DD4
:106CC000D5F83C31002B56D00022002305F59070FA
:106CD00009F03EFF00284ED10022002305F59E70EA
:106CE00009F0D0FE044668B940F6AA43244A254973
:106CF000254810F01EFF84F31188BFF36F8F032324
:106D0000184602DFD5F830315BB101211F4A204817
:106D100012F076FFD5F83001FCF77EFD0023C5F8B0
:106D20003031204612F088FCC5F830012046FEF7CD
:106D300055FF0346C8B10121164A154812F069FFF4
:106D4000154809F0D1FE2046FCF7C6FC0C22134B77
:106D500002FB0033588818B122461F21FEF7B8FD08
:106D60002046FCF759FDFFF705F8FFF703F8BDE8EB
:106D700038400AF073BB01F011F9F8E7A0010020D8
:106D8000EF820500F18005003C8305008D89050038
:106D9000841B0500CB850500C0020020486E002042
:106DA000F8B506460024094DEF79E3B29F4202D8B8
:106DB0006FF0010007E02946304613F040F8073530
:106DC000631C08B12046F8BD1C46EEE7A001002078
:106DD00070B51A4E06223146054619F086FC38B3C6
:106DE0004FF0FF304FF0FF31FEF7BAFE044608B314
:106DF000062229460C3012F05CFC2146002242F2A9
:106E00000500FFF711F8044648B110F10D0F04D149
:106E100002210B4A0B4813F01AF8204670BD334686
:106E20002A6843F86929AA88B280012283F8682079
:106E30000024F2E76FF06804EFE700BF09020020CA
:106E4000CD8A05008C1B050073B504460D4689B13B
:106E50002846174912F0F3FF60B9164A2968C4EBB7
:106E6000C4041151A318AA889A80AA799A710020A3
:106E700002B070BD6E46304612F037FE0028F7D1E2
:106E80003046FFF78DFF0028F5DA0A4A0098C4EB78
:106E9000C4041051B179B088A31898809971002D5D
:106EA000E5D012592A609A88AA809B79AB71DEE7F7
:106EB00061A50500A001002070B5044629BB38B3C8
:106EC000264912F0BCFF18BB2046FFF769FF0028D7
:106ED0003EDA23786BB9224AD379002B38D1206867
:106EE0001060A179A0889171012190801846D1711C
:106EF00070BD012B04D1A37903F0C003C02B07D0D0
:106F00000121184A184812F0A2FF6FF01500EFE7B0
:106F1000134DEB79012B1ED005F1D40012F099FF2F
:106F2000C30707D4002CF0D020460C4912F087FF8D
:106F30000028EAD1EE792146731C3046EB71FFF749
:106F400083FF08B93046D3E7EB79013BEB71CFE71C
:106F50006FF07700CCE76FF00B00C9E761A5050083
:106F6000A0010020DC8A05008C1B05002DE9F341FF
:106F7000044640B91A4A02211A4812F068FF00205C
:106F800002B0BDE8F081002141F2090001AAFEF73C
:106F90004BFF054608B1144AEDE7019E0622D6F8DC
:106FA0000C80124908F10107384619F09EFB28B100
:106FB000062238460E4919F098FB18B93046FCF7FE
:106FC0002BFCDCE7D8F801303046C4F80130BB8830
:106FD0002570A4F80530FCF71FFC0120D0E700BFA6
:106FE0000A8B05008C1B0500238B05006EA5050090
:106FF00068A5050007B56846FFF7B8FF044BD871D0
:1070000018B169460020FFF71FFF03B05DF804FBCD
:10701000A00100202DE9F041304E88B0F17900291F
:1070200054D196F8C24014F0010411D12C4A022127
:107030002C4812F00CFF0024F471162500240127BF
:10704000F379E0B283422BD8002B3FD000203AE006
:107050006A464FF60940FEF7E7FE08B1224AE6E726
:10706000DDF800C0DCF80C5095F80180B8F1000F95
:107070000ED0AB1C02AA123517461868596808339F
:1070800003C7AB423A46F7D1186838609B88BB808B
:107090006046FCF7C1FBB8F1000FCDD1134AC6E73B
:1070A00008AB05FB003353F8182C33F8143C694641
:1070B000CDF80120ADF805308DF80070FFF7C4FE63
:1070C00001340028BCD008B0BDE8F081002108469A
:1070D00008B0BDE8F041FFF7EFBE00BFA0010020FF
:1070E000418B05008C1B05006D8B05008D8B050009
:1070F00038B50C4661B108480578012D05D101303D
:10710000FFF766FE00B9257038BD00200870FBE768
:107110006FF01500F8E700BFA001002010B50C4685
:1071200041B300F06DF8A8B100F11003184612F059
:1071300090FEC1050ED5184612F08BFEC20409D58B
:107140000E4B1B78012B03D101230020237010BDAF
:107150000023FAE700F054F820B1103012F079FE65
:10716000C305F1D4002012F07CFE0028EFD10123EA
:107170002370ECE76FF01500E9E700BFA0010020E5
:1071800038B5104DEB7913B10024204638BDFFF718
:1071900031FF044628B10C4A01210C4812F057FE79
:1071A000F3E7EB79002BEFD1FFF734FF044600281B
:1071B000F1D1681CFFF70CFE04460028E5D0044A14
:1071C000EAE700BFA0010020B68B05008C1B05007C
:1071D000D58B050003460148184700BFB8010020C1
:1071E00008B500210448FFF7F5FFBDE8084050222C
:1071F0000021024819F063BAA79E0400B8010020DC
:1072000000487047B801002070B505460E464FF0A3
:10721000FF304FF0FF3186B0FEF7A2FC0446A0B16C
:1072200002210C3012F03FFA094A4670057003A99A
:10723000204605230095FEF781FC0022214642F2FC
:107240000C00FEF7F1FD06B070BD6FF06800FAE7C4
:107250007402002008B50C4B0246400903EB800085
:1072600012F02CFE02F01F0340FA03F313F00100AA
:1072700006D122B9054812F021FE40F3C01008BD26
:107280006FF07700FBE700BF706E002074020020F3
:10729000084A430902EB8302012300F01F008340E8
:1072A000DB43D2E8EF0F1840C2E8E10F0029F8D124
:1072B000704700BF706E002030B587B000220023F9
:1072C0005D4809F01DFB0446002840F092805B48B1
:1072D00012F0F4FD10F00103584D46D02B1D93E839
:1072E000070006AB03E90700554812F0E7FDC0F3BD
:1072F0004013524812F0E2FD044600286CD07BB1E6
:107300000C2250490DEB020019F0EFF90446002859
:107310006CD000210846FFF777FF0446002865D1AE
:107320000023ADF80930BDF80E309DF80C00ADF823
:107330000530BDF810308DF80400ADF80730431E5D
:1073400058420DF109015841FFF7E8FE04460028B4
:107350004CD14FF0FF304FF0FF31FEF701FC0546F6
:10736000002849D16FF0680440E0354812F0A6FDCE
:1073700010F0800F344A0ED04FF480749089D18978
:107380001269ADF80C40ADF80E00ADF81010ADF874
:1073900012300592A8E72D4C03AB2068616803C347
:1073A000A068186092F8D930180748BF0523234811
:1073B00048BF8DF80D3012F081FD810706D53023CE
:1073C000ADF810306023ADF80E308DE71B4812F099
:1073D00075FD4207F3D487E743B10146FFF714FF79
:1073E000044618B9174B2861C3E90100124809F097
:1073F000F9FA204607B030BD072201A90C3012F07F
:1074000058F92246294642F20B00FEF70DFD0446CC
:107410000028EBD19DF80D10012001F00101FFF7CC
:10742000F3FE04460028E1D1064B06AA12E9070044
:1074300083E80700DAE700BF8C6E0020706E002042
:1074400074020020806E0020A00100208C22050024
:107450004422002110B5084819F031F9064B03F118
:107460001C001C4616F0B8FE04F1300016F0B4FE05
:107470000022024B1A6010BD706E0020BC6E00200E
:10748000032838B5054603D1BDE83840FFF714BFDF
:10749000FFF7E0FE0446A8B90B4B6A0903EB820331
:1074A000012205F01F018A40D3E8EF0F1043C3E823
:1074B000E10F0029F8D1FFF7FFFE044610B128467E
:1074C000FFF7E6FE204638BD706E00202DE9F04F34
:1074D00000F10C088BB00446404612F026F906462F
:1074E000864812F0EBFC00F001038448039312F08D
:1074F000E5FCC0F38003029316B90BB0BDE8F08F32
:10750000039B13B9029B002BF7D0238A082B07D8C3
:1075100001217B4A7B480BB0BDE8F04F11F0BFBAA8
:107520000921404612F0F9F8037A228A01339A427F
:107530000546EDD30123ADF824307F238DF81E30AE
:10754000037A471C03445B7A8DF81D30FF238DF8C6
:107550001C300023ADF822300278042A98BF6A4B11
:107560008DF81F2098BF9B5CADF82030037A6348EC
:10757000019312F0A3FC00F00109604812F09EFC98
:107580008246B9F1000F0BD0BDF820305A0707D55D
:10759000297A40460131013E12F0B7F8F6B2ABE766
:1075A000384612F0BBFA0DF1100B00284FD03946C7
:1075B000584612F0A8FAB9F1000F02D11AF0040FE0
:1075C00059D1524BD3F800A0BAF1000F14D0E268A1
:1075D0006369B4F810B0A2EB0309019B9DF81F206A
:1075E00023829DF91D10434604A8D0476369A4F87F
:1075F00010B013FA89F3E36004AB0693444B1B68A5
:10760000002B36D053F80899B9F1000F01D0A9F139
:1076100008091A688AB1E1686269B4F810B0A1EB90
:10762000020A019A414622821B6806A898476369AC
:10763000A4F810B013FA8AF3E360B9F1000F18D080
:10764000D9F8082002B1083A4B469146E1E76B7839
:10765000FF2B09D12F4B186804909A889B79ABF8BF
:1076600004208BF80630A6E7394612F0F5FB0346F6
:10767000F1E7002306932148BDF8203012F01EFCEC
:1076800010F0010984D1DB0782D50322484604A902
:1076900000F054FF824600283FF47AAF022012F037
:1076A00010FCD5F801305046CAF87E30BB88AAF8E5
:1076B0008230BB798AF8843012F01CFBA8B11F23FA
:1076C00049468AF80930504600F0C0FA504600F0AA
:1076D0006BFAFFF7F1FD034600283FF459AF022192
:1076E0000D4A084811F0E4F952E75046022100F033
:1076F000ADFA504600F058FA4AE700BF706E00201D
:10770000FF8B05009C1B0500B5A50500BC6E002085
:10771000B46E002061A505006E810500F8B5054630
:10772000224812F0CBFB43070F463CD52A78012AAA
:1077300003D96FF015042046F8BD6B780F2BF8D8ED
:1077400043F6FC746888031F9BB2A342F1D8A98852
:107750000B1F9BB2A342ECD88842EAD37AB900222D
:107760000023134809F0CCF804460028E3D1FFF7C2
:1077700071FD044640B10E4809F034F9DBE712F020
:1077800086FB0028EBD1D4E728686968094E0A4BCC
:1077900003C6A8681F6030602046FFF771FE0446EC
:1077A00006F12400E8E76FF00A04C4E77402002041
:1077B000A06E0020746E0020BC6E00200020024BE2
:1077C000186012F07EBB00BFBC6E002008B50348F5
:1077D00012F074FB00F0010008BD00BF706E0020C5
:1077E00070B505460B4B1C6844B154F8143C143C6E
:1077F00013B12846697A98476469F5E7064C074E45
:10780000B44200D370BD236813B12846697A984703
:107810001834F5E7046F0020041B0500341B050035
:1078200010B50446FBF758FF044901EB0011204650
:1078300012F0B5F9BDE81040FEF79CBAC06E00200A
:10784000002270B50446D1E901560748C1E901227A
:1078500016F052FD3DB1314620462B46BDE8704042
:107860006FF06D02184770BDC80D00201FB50446AB
:107870000430D0E8EF3F43F48062C0E8E12F0029F4
:10788000F7D15B053AD412F036FB800322D5E178BC
:10789000002935D0A37A072B30D1254B93F8D83067
:1078A0009B062BD512F0F7F940B30DF10E0103A89A
:1078B000FEF762FB10BB2046BDF80E20BDF80C1091
:1078C00012F059FA0346C8B101211A4A1A4812F0B7
:1078D00015FB13E0E37823B1154B93F8D830190763
:1078E000D5D5204612F02CFA034620B10121134AC7
:1078F000114812F003FBA37A072BC8D004B010BDC7
:107900000B4B93F8D930DA0706D4022319460C4AF8
:10791000094812F0F3FABDE7022320461A46009107
:1079200012F048FA03460028B4D00121054AEFE7D7
:10793000A0010020718C05006C1B0500208C050047
:10794000418C05005A8C050070B5054600220023C5
:107950000E4809F0FDF8B8B90D4B1C6834B154F865
:107960000C3C143C03B198476469F7E7094C0A4E94
:10797000B44204D32846BDE8704009F0B9BAA36800
:1079800003B198471834F3E770BD00BF900D002095
:10799000046F0020041B0500341B05002DE9F04195
:1079A000044640270025EFF3118287F31288BFF3C6
:1079B0006F8FE16929B1206A0B688142E36108BFDA
:1079C000236282F31188BFF36F8F71B1D1E901682F
:1079D0000748C1E9015516F08FFC1EB1002241464F
:1079E0002046B047FEF7C6F9DDE7BDE8F08100BFED
:1079F000C80D00200448B0F8FC3000F58070002B62
:107A000008BF0020704700BFA001002030B5044629
:107A1000FBF7B2FB0D460D4A0D4989B00858D2F864
:107A2000C810884205D1204609B0BDE83040FFF7B4
:107A3000B5BF24342146104616F02AFD1DB1694613
:107A4000204616F035FD09B030BD00BF3866002075
:107A50000800000038B5002204468A4202D1002402
:107A6000204638BD012004F1C803D3E8EF5F002DA4
:107A700004D1C3E8EC0FBCF1000FF6D102D0D03432
:107A80000244EAE7002CEAD0C8220021204618F080
:107A900016FE04F14000044916F03AFD034904F1D2
:107AA000240016F0CAFCDBE7318803000D9F0400B8
:107AB000F7B516460D4601210446FFF7A7FF012E34
:107AC00023D0022E52D123693BB131480121314AE2
:107AD00010F0E5FF204612F037FA256121690B8A84
:107AE000012B53D9CA681288043292B293424DD303
:107AF00043D9012100922648274A10F0E3FF20468F
:107B000003B0BDE8F04012F01FBA206940B9234A23
:107B100031461F4810F0C3FF204612F015FA01E06D
:107B20002A8A2AB9284603B0BDE8F040FBF774BEA4
:107B3000018A438A47695B1AC168C91B5B1A9A426A
:107B40000CD9174A3146124810F0A9FF00222046EE
:107B5000216901F05FF900232361E3E7E9680C3054
:107B600011F0A7FD2846FBF757FEB7E70121334682
:107B70000C4A074812F0C2F9CEE700230122204642
:107B8000236103B0BDE8F04001F044B903B0F0BD9B
:107B90006C1B05008D8C05000D8D0500AA8C050061
:107BA000C88C0500EF8C050008B500F1C803D3E8C8
:107BB000EF2F013AC3E8E12F0029F8D1AAB90B4B06
:107BC000984212D303F5D07290420ED2C01AD0233D
:107BD000B0FBF3F203FB120038B9054808F084FF4C
:107BE000BDE80840034809F083B908BD484B0020B0
:107BF000900D00208008002010B5044612F0ADF969
:107C000009F018FC104A04F1BC03D2F8141161B950
:107C1000C4F8BC10D2F8181159B9C2E9453309F0BB
:107C20001DFCBDE81040FEF7A5B88B4205D00968E1
:107C3000EDE70B60C2F81831F1E709F00FFC2046C0
:107C4000FFF7B2FFEDE700BFA0010020F8B5857A8D
:107C500004468D420E4600AF1CD1082D98BF694BDB
:107C60006C4688B094BF53F82530674B6A46674925
:107C7000CDE905134FF40073ADF81C30644B42F8A6
:107C8000103F00234FF4E4516248F9F78FFDA546F9
:107C9000BD46F8BD8172DDB1022D1CD0A37A082B40
:107CA00000F2AD8001A252F823F000BF0B7D03006B
:107CB000A57D0300757D0300917C0300917C03008A
:107CC000917C0300917C0300E57C0300917C030020
:107CD00012F043F9E2E78378012BDFD1403016F050
:107CE00025FCDBE70023C4E90D33E378012BCFD17A
:107CF000A378494A012B04BF032384F8983000235A
:107D000004F1400009F064F9C2E7082DC0D8DFE8AB
:107D100005F02A0521172626212A2A0004F140050C
:107D2000284616F003FC01212046FFF76FFE20468F
:107D300012F00AF900220023284609F07DF9A7E78E
:107D4000022012F0BEF8034620B10221334A314826
:107D500012F0D4F8637A13B12046FFF741FD2046B4
:107D6000FFF722FF94E733462D4A0221294812F0FB
:107D7000C5F88DE7A378012B8AD12A4B9D8A002D67
:107D800086D00A2340F2E730002147F612265D43F1
:107D90004FF47A720023E5FB0601E9F7ADFD0246D8
:107DA0000B46ADE7637A3E2B0FD16D4688B06A462D
:107DB0001D4BCDE90534032342F8103F00234FF457
:107DC000C4511448F9F7F2FCAD46164D05F580761E
:107DD000616911B9FDF7CEFF5AE7A2690B689142BC
:107DE00008BFA36120466361FFF72AFDB5F8FC30A8
:107DF000002B14BF3046002008F076FEE8E70B4A5F
:107E00003346B2E7D82A0500288D0500328D0500DB
:107E1000030000016C1B05005A620200438D05003F
:107E2000748D0500A00100208B8D0500B28D05002A
:107E30002DE9F84306460F4690460025DFF83090BE
:107E4000684200F0D000484412F087F8044620B1A0
:107E500083781E4208D1FFF7A7FE6B1C022B4FF060
:107E60000105EDD1BDE8F8834146B8472046F2E769
:107E7000484B002000220F200149FFF7D9BF00BF67
:107E8000899F0400002201200149FFF7D1BF00BFF4
:107E9000019F04002DE9F04105460E464FF0000811
:107EA000154F384612F059F8044658B1837A012B21
:107EB00002D0073B012B03D82388AB420ED02046CB
:107EC000FFF772FE08F10103022B4FF0010807F1E2
:107ED000D007E6D100242046BDE8F081A3781E42F9
:107EE000F9D102212B46054A054812F007F8204631
:107EF000FFF75AFEEEE700BF484B0020CE8D05008D
:107F00006C1B0500034BC01A034B00115843C0B251
:107F1000704700BF484B0020C54EECC470B51C46EE
:107F2000144305460E460DD0FBF726F90E49D1F84D
:107F3000C8400E4909588C4206D102210C4A0D480E
:107F400010F0ADFD002213460B49002D14BF28464A
:107F5000084611F042FB044618B1711D0C3011F0B7
:107F600097FB204670BD00BF386600200800000067
:107F7000E58D05006C1B0500D80D002010B50446EA
:107F8000054808F0B5FF204600F03EFE2046BDE85B
:107F90001040FFF725BC00BF700800202DE9F04F0E
:107FA000002387B000AFFB607B61BB4B5A8A3AB1BC
:107FB000BA4DD5F814413CB91C37BD46BDE8F08F29
:107FC0001B68002BF4D1F7E754F8BC3903B1BC3B74
:107FD0000026B34901E01C461346B5F8FC20002AF0
:107FE00000F05781D5F808214AB904F1BC06002BEE
:107FF000E2D0D3F8BC20002AEDD0BC3AEBE70A6807
:10800000002AF2D0D4F8A820002AEED0D4F8AC2070
:10801000002AEAD0D4F8B020002AE6D0A37A072BB1
:108020006AD120469047002866D004F1C00011F0C4
:1080300062FF022860DC204611F08FFF0446002812
:10804000BAD0A37A072B40F021812046D4F8A8307B
:10805000B5F8FC1007F1100298478146002800F09F
:108060000581B5F8FC203B699A4208D30146D4F853
:10807000AC60204607F1140307F10C02B0477B699E
:10808000D7F80C803B60B9F81030002B00F0F88076
:108090004846D7F810A011F098FD7860002840F00D
:1080A000F280B5F8FC30DFF808B2002B14BF584658
:1080B00000200022002308F04BFD78B900220023A5
:1080C000774808F0DFFC064600283BD1B5F8FC30C5
:1080D000002B18BF5E46304608F006FD6FF00B051A
:1080E0004846FBF799FBB8F1000F00F0AA802A463A
:1080F00020463968C047A4E0D4F8BC3004F1BC0283
:10810000C6B9D5F81811C5F814318A4201D1C5F89D
:10811000183100232046C4F8BC30D4F8B03098475A
:1081200000288ED0A37A072B40F0B0802046FFF7BE
:1081300063FD86E73360D5F818319A4208BFC5F869
:108140001861E6E73B68C0F804808360B5F8FCB0CE
:108150000022DA454FF000034FF000014E4898BF6F
:108160001FFA8AFBFBF7DAFA804650B1FBF7B4FA44
:108170004C4B5A4603EB00134946404611F0EAFCCB
:108180008046B5F8FC3094F8C4909A4584BF01232A
:108190007B607B689CBF09F102095FFA89F984F86A
:1081A000C43004F1C00ADAE8EF3F0133CAE8E23F25
:1081B000002AF8D100233360A369002B5AD1C4E907
:1081C0000566A378012B58D108F10C0B0421584601
:1081D00011F08AFA238809F0FD0943EA0933038084
:1081E000B8F810300221043B4380584611F084FA5D
:1081F0004046FDF7F3FC8146002847D0DAE8EF3F20
:10820000013BCAE8E23F002AF8D1314604F11400EC
:1082100011F07FFE244A4B460121244811F06EFEE6
:108220004046FBF7F9FA20463146FFF709FBB5F85F
:10823000FC301F48002B08BF002008F055FC6FF0F1
:1082400004056E4688B01B4A0423CDE905256A461D
:10825000079442F8103F4FF4015114480023F9F7F6
:10826000A5FA1321B546204611F0A0FE2046FFF7DF
:108270009BFCA1E61E60A661A3E76FF01509BDE7B0
:108280006FF079052CE76FF0040529E7FDF772FD23
:10829000ECE79368FFDE00BF440E0020A001002041
:1082A000C80D0020C06E0020CB8505006C1B0500AA
:1082B000A00200200E8E050040F2E2432DE9F041BD
:1082C000D0F888600446B6FBF3F6031D184611F09B
:1082D00012FE8204B6B213D5B4F88C20B2420FD885
:1082E000B4F88E20B2420BD3D4E92412914207D1C4
:1082F000D3E8EF1F21F40051C3E8E21F002AF7D1B1
:10830000104B1D6865B155F8047C143D37B13146FA
:108310002046B4F89230B4F89020B8476D69F1E780
:10832000094DDFF82880454501D3BDE8F0812F696C
:1083300037B131462046B4F89230B4F89020B847AF
:108340001835F0E7046F0020041B0500341B0500FE
:108350002DE9F041074608460D4611F09EFC064601
:1083600018B900263046BDE8F081144B1C6884B172
:1083700054F8083C143C0BB96469F8E729463846C0
:1083800098470028EDD0284611F087FC0028F3D14B
:10839000E7E70B4CDFF82C804445E3D2E3680BB9E8
:1083A0001834F9E72946384698470028D9D0284696
:1083B00011F073FC0028F3D1D3E700BF046F002055
:1083C000041B0500341B050038B505460C460E4855
:1083D0000221FFF73FFBB0B1057223680367A38852
:1083E000A0F87430A37980F8763001238370074BAE
:1083F000C0F8A830064BC0F8AC30064BC0F8B0301F
:10840000054BC0F88C3038BD484B0020098B030069
:10841000E19E0400D59E0400180028002DE9F041DB
:1084200006460F464FF000080F4D284611F095FD07
:10843000044620B18378012B0DD0FFF7B5FB08F17E
:108440000103022B4FF0010805F1D005EDD1002406
:108450002046BDE8F0813A46314611F000FE002882
:10846000F6D12046E9E700BF484B0020F0B589B0BF
:1084700000AF0D46FFF7D2FF044618B32946384631
:10848000FCF758FDA37A6D46082B98BF0F4A8AB0B7
:1084900094BF52F823300E4B6A46CDE907730D4B5B
:1084A0000D4909930D4BCDE9051442F8103F002307
:1084B0004FF442510A48F9F779F92046AD46FFF7E3
:1084C00073FB01202437BD46F0BD00BFD82A05004C
:1084D000288D050001030204318E0500050000020D
:1084E0006C1B050038B50446134811F004FD420723
:1084F00002D46FF00A0038BD084611F0CEFB10B967
:108500006FF01500F7E7FFF761F90028F1D10A488D
:1085100011F0F1FC0306C0F3C0150AD411F0B7FC4A
:108520000028EDD021462846FFF7A0FF0028E2D022
:10853000E6E76FF07700DEE7740200202DE9F843EC
:1085400005460E4690460027DFF84C90784200F032
:10855000D000484411F001FD044620B18378012B7E
:1085600008D0FFF721FB7B1C022B4FF00107EDD158
:1085700000240DE036B13246294611F070FD08B9ED
:108580002046EEE7A37A4345FAD1237AAB42F7D1EE
:108590002046BDE8F88300BF484B002070B58B78BB
:1085A0000646012B0C4692B042D191F8703007ADCF
:1085B000032B37D8DFE803F0023032341E49284657
:1085C000EFF7BAF9059594F871301E21049394F8E9
:1085D00072301A4A039394F873300AA8029394F8FD
:1085E0007430019394F87530009394F876300CF061
:1085F0004DFF32460AAB10AD1C4603CCAC421060B6
:108600005160234602F10802F6D12068106030461E
:10861000A388938012B070BD0949D0E70949CEE71D
:108620000949CCE70A212846084A0CF02FFFC9E780
:1086300000238DF82830DCE7A1440500C344050081
:10864000A8440500AF440500B94405009592050013
:1086500010B583780B70C3784B70037A8B70837A74
:10866000023BDBB2062B8EBF0023254AD35C81F888
:108670002030012381F8213000234B848378012BA3
:108680003AD100F170038B60037A1E4AC3EBC30337
:1086900013444B60C27800F1770300F17E0412BBF3
:1086A0001A462346C1E9032340F2E242D0F888305B
:1086B0004B61B3FBF2F30B83B0F890304B83B0F80F
:1086C00092308B83D0F8A4302BB15B7CDA0644BFA8
:1086D000012381F82330D0F8A43013B15B7C9B06D2
:1086E00003D4002010BD2246DCE791F8233043F08C
:1086F000020381F82330F4E76FF01500F2E700BFC2
:10870000BAA50500A00100202DE9F04105460E465E
:1087100090461F46002B49D01B6823B10221264AF0
:10872000264810F0BCF941462846FFF7DBFE044618
:10873000002836D12846414611F067FC054600283E
:1087400037D096E80F001E4C04F1080C8CE80F009F
:10875000A38A002B08BF4FF49673A382238A03B920
:10876000A3892382638A03B9E389022128466382AD
:10877000FFF76CFA284611F0BDFA0446A0B10021BB
:1087800028466972FFF762FA2846FFF70DFA0320C0
:10879000FEF776FE034620B102210A4A074811F08F
:1087A000ADFB2046BDE8F0813D60FAE76FF01504AF
:1087B000F7E76FF00B04F4E76A8E05006C1B050009
:1087C000A00100206E81050038B5044608460D461C
:1087D00011F063FA38B3154B93F8D830990707D4E2
:1087E000E37873B129462046BDE8384000F03EBB2F
:1087F00094F899309A07F3D5201D11F07CFB4304BF
:10880000EED42946204611F04AFC58B92B88A4F82A
:108810008C306B88A4F88E30AB88A4F89430EB8849
:10882000A4F8963038BD6FF01500FBE7A0010020DA
:10883000F7B510F8363C0446A0F140060BBB3046B5
:1088400011F080FC3D4B1D684DB155F8103C143DB6
:108850001BB1304614F8371C98476D69F4E7384D62
:10886000384FBD4205D3304603B0BDE8F040FFF7B6
:108870009BB96B681BB1304614F8371C9847183504
:10888000EFE710F83E3C012B3AD110F83D3C8BB994
:10889000FDF794FC693033D102212B4A2B4810F0AC
:1088A000FEF840F239120023204603B0BDE8F04044
:1088B00008F0C2BBA0F13C05D5E8EF3F23F400521D
:1088C000C5E8E12F0029F7D1990421D5E36C694669
:1088D0000093636D30460193FFF776FF034688B936
:1088E000D5E8EF3F23F48053C5E8E23F002AF7D1F3
:1088F000D5E8EF3F43F40063C5E8E23F002AF7D133
:1089000003B0F0BD124A0221104811F0F7FAEFE768
:108910004FF428130F4A69463046CDE90023FFF78C
:1089200053FF034640B9D5E8EF3F43F48053C5E811
:10893000E23F002ADCD0F6E7074AE4E7046F0020B4
:10894000041B0500341B05009F8E05006C1B0500F1
:10895000D28E050018002800F78E050038B5214892
:1089600015F0C2FC20491F4815F0C6FC1F491D48E0
:1089700015F0C2FC1E491B4815F0BEFC12F02EF883
:1089800003F022FA044628BB12F081FE044608BB1D
:1089900011F07FFC174811F0E0FA054638B10430B9
:1089A00011F0A9FAC20717D42846FFF7FDF81248BC
:1089B00011F0D3FA054668B1043011F09CFAC307F0
:1089C00005D50023032128462B72FFF73FF92846DF
:1089D000FFF7EAF8204638BD032128462C72FFF73E
:1089E00035F9E1E7C80D0020E06E0020EC6E0020B4
:1089F000F86E0020484B0020184C0020034601214F
:108A0000014A024810F054B8AA8F0500941B0500D3
:108A100080B500AF88B06A46074BCDE90530032327
:108A200042F8103F00234FF4C2510448F8F7BEFE4D
:108A30006FF00B00BD4680BDD28F0500941B050072
:108A400010B50B4A13683BB1936C23B1FFF7E0FFFD
:108A50006FF00B0010BD0123482000FB03205B4298
:108A6000044C03F048031A44446000200A60F1E714
:108A70000C6F0020242B050070B5044652EA030059
:108A800008D0FAF779FB074D074ED5F8C850305893
:108A9000854201D1002213462046BDE870400431D2
:108AA000FFF73CBA386600200800000073B50546A1
:108AB00018462B680BB39B7A072B1ED1002A0CBFDC
:108AC000012302230E7A9E4209DD01210C4A0D4842
:108AD00000960FF0F7FF6FF0150002B070BDCB7A73
:108AE000072BF8D9C8618A6105F1300015F004FC44
:108AF000284611F0FEFA0020EFE76FF07F00ECE768
:108B0000F98F0500941B05002DE9F84F8846914622
:108B1000D0F8B44000AF44B1403C236B63B9206847
:108B2000B43011F005FB246CF5E7FDF723F90026BE
:108B30003046BD46BDE8F88F04F1300A504615F0C6
:108B4000F0FB05460028F0D011F03FF880B16C46EC
:108B500088B06A46294BCDE90535032342F8103F1A
:108B600000234FF4C2512648F8F720FEA546DEE761
:108B7000284610F061FD656C06469DB9A38C058AF8
:108B8000403B9BB23F2B03D8238D9D4228BF1D46FF
:108B9000042106F10C0010F0A7FD0580A38C04351C
:108BA0004380656445451FD8B6F810B0AB4506D183
:108BB00000220023504607F065FFFAF72DFEA38C34
:108BC000A3F140023F2A06D8AB451ABF0022134644
:108BD0000C4AF361B2612068B43011F0A9FA236B3A
:108BE00013B1204611F085FA636C98452CBF002123
:108BF000A3EB0801C9F80030616499E719900500FA
:108C0000941B050045A20400F7B504460026234D39
:108C1000234FBD4201D303B0F0BD2988204611F097
:108C200008FB6B68019001A920469847002830DBBB
:108C3000019B2A889A829A8403F11002D2E8EF1FDE
:108C4000C2E8E06F0028F9D11E645E649E60A16BEB
:108C500003F10802F9B9C4E90D221C60DE6003F1DA
:108C6000300015F041FB019843681B6803B1984739
:108C7000019B1033D3E8EF1F41F00101C3E8E21F6D
:108C8000002AF7D101984368DB6913B100F11001A4
:108C900098470835BDE70A60A263DEE7EC1A0500D5
:108CA000041B05007FB50D460646042105F10C00A6
:108CB00010F033FD2A8A43880446934208D000937B
:108CC0001346444A012144480FF0FCFE04B070BD35
:108CD000417839B90121414A3F4804B0BDE87040AC
:108CE0000FF0DDBE0278122A22D0132A1AD0012AF0
:108CF000ECD0022113463848394A0FF0D9FE61788A
:108D000002220120356811F07AFA04460028DDD0ED
:108D100002210C3010F0C7FC002321460370437081
:108D2000284624E0022BD1D0022200922D4AC9E726
:108D3000082B03D0082200922B4AC3E73468A37A99
:108D4000072B02D00221294AC6E7E378A3B1022209
:108D5000012011F054FA05460028B7D002210C304A
:108D600010F0A1FC0023294603704370204604B094
:108D7000BDE8704011F073BAEB6813201A88ADF8A3
:108D800008205A88ADF80A209A88ADF80C20DB88B4
:108D90000222ADF80E3011F032FA0546002895D0C7
:108DA00002A92046FFF7D4FA0646022105F10C007D
:108DB00010F079FC86F00103DBB2038029462046DF
:108DC00011F04DFA002E81D0204602A911F067F96A
:108DD0007CE700BF31900500941B05005290050010
:108DE000DE900500739005009E900500D090050070
:108DF00008B50B8A032B06D80121044A04480FF05A
:108E00004EFE002008BDFFF74DFFFAE70691050072
:108E1000941B050038B50B8A0546032B0C4609D870
:108E200001210F4A0F480FF03AFE2046BDE83840B6
:108E3000FAF7F2BC042104F10C0010F06EFC41883A
:108E4000284611F01DFA30B9074A0B4605480221A1
:108E50000FF02EFEE9E7436821465B699847E4E797
:108E600024910500941B05004191050070B5134A3B
:108E70000C4613780646013313F0FF010ABF0123A5
:108E80000B46194613701220082211F0B8F9054656
:108E900088B108210C3010F006FC22882946028097
:108EA00062884280A2888280E288C2803046BDE823
:108EB000704011F0D4B96FF00B0070BDBBBB002047
:108EC00023281FD81A2804D8431E182B0ED9062091
:108ED0007047A0F11B03082B1ED8DFE803F0051D27
:108EE0001B231D19251D05000320704701230F4A70
:108EF00083401A40C2B90E4A1A40002A0CBF06200D
:108F00000120704700F07F03522B05D100207047ED
:108F1000012070470520704710F0400F14BF00205B
:108F2000062070470420704702207047AAAA8A02D0
:108F3000545545012DE9F74F064608460C46FAF709
:108F4000CBFB182343432D4F0546FA189168019136
:108F5000E16806F14C00D0E8AF0FC0070AD4012148
:108F6000274A284811F0B8F96FF01509484603B0B0
:108F7000BDE8F08FE068007810710022FA500B789D
:108F8000D22B0FD133682146186812F07DFB814641
:108F900040B101211C4A1B4811F09EF92046FAF706
:108FA0003BFCE3E7182303FB0573D4F80C80D4F8EB
:108FB00014B0B4F810A09E60002321461A46301D5C
:108FC000FFF774FD81460028D0D010F1690F04D15D
:108FD00001210E4A0B4811F07FF96269A8EB0B08DA
:108FE00012FA88F2E26018225543019B7A19A4F81C
:108FF00010A0936047F80590B8E700BFA46F002069
:10900000769105005C1B050090910500A391050079
:1090100008B5EFF31181402383F31288BFF36F8FFC
:10902000002303600F4B5A68C2B9C3E9000081F303
:109030001188BFF36F8F0C4807F05AFF031E0CDA3C
:1090400001210A4A0A480FF033FD002383F31188F7
:10905000BFF36F8F0323184602DF08BD106058600E
:10906000E5E700BF9C6F0020B8080020C69105000E
:109070005C1B0500011F014815F063B8AC0C002013
:109080000121024A024811F027B900BFEF91050003
:109090005C1B050010B5044600F14803D3E8EF1F40
:1090A00041F00101C3E8E21F002AF7D1201F11F0AF
:1090B0006BF904F16400044915F02AFA2068BDE850
:1090C000104002F0E3BD00BFC5A0030073B50E461B
:1090D000438D418B01328B4228BF0B469A42054695
:1090E00009D9022100921D481D4A0FF0EBFC002413
:1090F000204602B070BD3046FFF7E2FE6FF0140369
:10910000034113F0010310D0FAF736F8154B195844
:10911000154BD3F8C83099421DD0144B1B685A1A0E
:1091200018BF4FF0FF32134600E0114A00211148EA
:10913000FFF7A2FC04460028DAD0FAF7CDFA18228D
:109140000D4B012102FB003304F10C009D6010F077
:10915000AAFA0670CCE70022E5E700BF5C1B050019
:109160000C9205000800000038660020EC6F00201B
:109170001C4E0E00FC0D0020A46F002070B50446AC
:1091800001F10C000D4610F0D8FA266801462B8A32
:10919000EA68306812F0F2F91E2100222046FFF73B
:1091A00095FF014630B90121044A054811F094F8B1
:1091B000002070BD204611F0D9F8F9E73192050082
:1091C0005C1B0500F0B51D4603680E4600390446D9
:1091D00018BF012187B01868174612F0E0F940B9AE
:1091E00004F14C0011F0CDF9002846D0002007B062
:1091F000F0BD002D43D018220021684617F05FFA19
:109200006FB1002213212046FFF760FF019030B9B3
:109210001C4801211C4A11F05FF81120E7E7236880
:1092200029461B68284600930023ADF812300C9B9A
:10923000164A0393BDF834308DF80860ADF810304D
:1092400001238DF814306B4611F077F99DF8143036
:1092500063B1002FCAD00198FAF7DEFA2A463146E8
:1092600020469DF8143011F097F9BFE701990029C5
:10927000BCD0204611F07AF8B8E71220B7E70120F9
:10928000B5E700BF5C1B05004E920500F1A304008A
:109290002DE9F3410B8A04460D4643B90121294AC1
:1092A000294811F019F8002002B0BDE8F0810768E4
:1092B000012105F10C0010F030FABB7A0646072BAD
:1092C000F1D154F8043C002BEDD0002203781F4F5D
:1092D000043C17F832004FEAC208984207EBC2017B
:1092E00014D12A8A4878904226D901210093164841
:1092F0001346174A0FF0E6FB04234744BA78012AC5
:10930000D1D1002BCFD00022317811E001321C2ABC
:10931000DFD1104A02210C480FF0CAFB3178084611
:10932000FFF7CEFD2122C24012F00102BBD106237D
:10933000204611F031F9B6E74B6820462946984798
:109340000346DAE7679205005C1B05004C2B05001D
:109350009C92050082920500F8B5124A0746002348
:1093600011480D4610F039F9044638B901212B4651
:109370000E4A0F480FF09CFB2046F8BD00F10C068A
:109380000921304610F084F92046FAF7A5F9182291
:10939000084B012102FB003330469F6010F083F937
:1093A0000570E9E71C4E0E00FC0D0020AA8F050099
:1093B0005C1B0500A46F00202DE9F0410E8A0446D5
:1093C000043EF6B2022E08468CB001D0102E64D1B5
:1093D00004210C3010F0A1F90DF108080588478828
:1093E000011D3246404610F060FB002857D0A5B35F
:1093F00000268FB3AF4230D34FF42053404601A92B
:109400008DF80460ADF8063010F022FB48BB142242
:10941000002107A817F053F911212046FFF79CFF00
:109420000990002837D001210C30CDE9074810F011
:109430003AF900230A90394603701A4A0B932846DA
:1094400007AB11F07AF8DDE909131B78FBB9084680
:10945000FAF7E2F90A2301E03D4601232A461021EA
:109460000EE042F60103404607A98DF81C60ADF8F6
:109470001E3010F0EDFA0028C9D010232A461946F4
:10948000204611F089F800200CB0BDE8F08120469C
:1094900010F06CFFF7E71120F6E70420F4E70E2048
:1094A000F2E700BFFD9903002DE9FF410368044680
:1094B0000D461868012112F072F840B904F14C0011
:1094C00011F05FF8A0BB122004B0BDE8F0811022BB
:1094D0000021684617F0F3F821212046FFF73CFFF2
:1094E000029038B34FF00108009405F10C072B8A65
:1094F000012B04D82046029910F038FF18E03846B6
:1095000010F01BF96B4601460B4A06468DF80C809D
:1095100011F013F89DF80C30002BE8D00298FAF700
:109520007BF93246202120469DF80C3011F034F8AA
:109530000020C9E71120C7E7FBA704002DE9FF4180
:10954000036804460D461868012112F028F840B956
:1095500004F14C0011F015F8A0BB122004B0BDE8D6
:10956000F08110220021684617F0A9F80F2120464B
:10957000FFF7F2FE029038B34FF00108009405F1B6
:109580000C072B8A012B04D82046029910F0EEFE1E
:1095900018E0384610F0D1F86B4601460B4A0646F3
:1095A0008DF80C8010F0C9FF9DF80C30002BE8D02E
:1095B0000298FAF731F932460E2120469DF80C3018
:1095C00010F0EAFF0020C9E71120C7E77FA80400D8
:1095D000F0B51D46036804460E4685B001211868A3
:1095E000174611F0DCFF38B904F14C0010F0C9FF48
:1095F00050BB122005B0F0BD65B3102200216846B3
:1096000017F05DF839462046FFF7A6FE029018B322
:10961000BDF828302946ADF80430012328468DF8DE
:109620000C300E4A6B46009410F087FF9DF80C300A
:1096300002995BB10846FAF7EFF82A463146204610
:109640009DF80C3010F0A8FF0020D3E7204610F062
:109650008DFEF9E70120CDE71120CBE77FA80400BC
:109660002DE9F0410E8A0446043EF6B2022E084669
:109670008CB001D0102E76D104210C3010F04DF8B2
:109680000DF1040805884788011D3246404610F058
:109690000CFA002869D085B377B3BD422DD80121DB
:1096A000606811F07CFF064678BB42F602038DF835
:1096B000000069464046ADF8023010F0C9F920B309
:1096C00042F60303404606A98DF81860ADF81A303B
:1096D00010F0BEF9C8B1012D03D14FF6FF739F42C0
:1096E00013D004F14C0010F04CFF002814BF0020F0
:1096F00012200CB0BDE8F0813D4601232A46082126
:10970000204610F049FF0020F3E7182200210DEB5E
:10971000020016F0D4FF09212046FFF71DFE089035
:10972000F8B101210C30CDE906480FF0BCFF002351
:10973000099003700A2339468DF82C30284606AB71
:109740000B4A10F0FAFE9DF82C3008992BB1084610
:10975000FAF762F89DF82C30D0E7204610F006FEAC
:10976000D1E71120C5E70420C3E70E20C1E700BF01
:10977000B59A03002DE9F0430F460446062187B051
:1097800007F10C000FF0C9FF0588EDB1B0F80280B9
:10979000B8F1000F17D0454516D8002382888DF800
:1097A00000308DF804304FF42053684601A9D7F8F3
:1097B0000C90ADF80220ADF8063010F049F90646DD
:1097C00060B10A2301E0454601232A4606212046CE
:1097D00010F0E2FE002007B0BDE8F083014614223D
:1097E00001A83F7C16F06BFF07212046FFF7B4FD70
:1097F0000290D8B10A2341468DF81530284601ABB6
:109800000B4ACDE9036901948DF8147010F095FEB0
:109810009DF8153002992BB10846F9F7FDFF9DF828
:109820001530D2E7204610F0A1FDD3E71120D2E792
:10983000A19803007FB5CB6804461D888DB15E8872
:1098400076B1B5420DD810220021684616F037FFD8
:1098500005212046FFF780FD019058B9112007E04F
:10986000354601232A460421204610F095FE0020AB
:1098700004B070BD6B4631462846084A009410F08B
:109880005CFEDDE9011323B90846F9F7C5FF0A2399
:10989000E8E7204610F06AFDE9E700BF63A4040092
:1098A0002DE9F04342F60103002591B0D2F8008083
:1098B00006460F4600680BA9D8F8049014468DF8A8
:1098C0002C50ADF82E3010F0C3F800286DD04FF4B6
:1098D000205330680BA98DF82C50ADF82E3010F0C5
:1098E000B7F838B1A3681BB15A88BA4200D25F807A
:1098F000012010E06168084610F0D6FCB8F82A2074
:10990000B8F81A309A4294BFC0EB0200C0EB0300D3
:10991000032803D8002011B0BDE8F08308460FF0FB
:109920008FFE05466168084610F0BEFC6B8A2A8AE5
:10993000A3EB020C6B69EA68D21AACEB0203B8F82D
:109940002AC0B8F81A20944594BFC0EB0C00C0EBB5
:109950000200834228BF03466BB9887AF9F7B4FE48
:10996000002200230FF039FE05460028D2D0014620
:1099700060680FF076FE002300933146D6F804802D
:109980001023484602AAC047061E0EDB227CE06870
:10999000964227D001460BA810F087F840B9237CE7
:1099A000134A022113480FF083F80023A3609FE7B6
:1099B000F2B202A906A810F078F810B90E4A3346A0
:1099C000EFE706A90BA810F043F80028EDD100231B
:1099D0000421637405F10C000FF065FEA0600780A0
:1099E000A36884E7324602A916F07FFEEDE700BFC8
:1099F000BB9205005C1B0500DA9205002DE9FF41D2
:109A00004FF000084FF4205305460E46006802A9A7
:109A1000144617688DF80880ADF80A3010F018F871
:109A2000A0B142F60103286803A98DF80C80ADF8B7
:109A30000E3010F00DF848B123691BB15A88B242BC
:109A400000D25E80012004B0BDE8F0816168286822
:109A50000FF0FEFF10B100232361F3E7E368A06875
:109A60001A786AB1B7F81AC0798D038A8C4594BF09
:109A7000C3EB0C03C3EB0103934201DA0020E2E7DE
:109A800004210C300FF00FFE206106802369294667
:109A90005E80074B0194009338460023A26810F0C3
:109AA00023FE0028EADB2069003818BF0120CAE73E
:109AB0001BA504002DE9F347176805468946006891
:109AC00051681446D7F804A00FF0C2FF8046002862
:109AD0004BD195222946504611F022FC06462075AE
:109AE00040B1E3681B780BB184F81480002002B009
:109AF000BDE8F0872946504611F089FD10B90823CA
:109B00002375F3E7A06826750FF09AFD02210C304B
:109B10000FF0C9FD164B2061A0F80090009301944E
:109B2000334629463846A26810F0DEFD002807DAE1
:109B300010F1FF0F32BF0E204042C0B22075D5E7B2
:109B40002369002BD2D0A06810F0AEFB7B8D7A8BFE
:109B50009A4294BFC0EB0200C0EB0300E3681B789D
:109B6000984294BF00200120C1E70120BFE700BF59
:109B7000B9A204002DE9F04182B000AF0446884646
:109B80000022002339463B4806F08CFE0546B0B162
:109B90006D4688B06A46384BCDE90534032342F858
:109BA000103F00234FF4C2513448F7F7FFFDAD4694
:109BB0006FF00B0630460837BD46BDE8F081F9F777
:109BC000DBFA2F4B29461A582E4B38681A6024228C
:109BD00016F075FD3B6800221C603C680023C4E958
:109BE0000155C4E907552848391D7D6006F05AFE25
:109BF000064688B123686C4688B06A462349CDE999
:109C00000513032342F8103F4FF4C4512B461B4861
:109C1000F7F7CCFDA546CBE70146A022786816F001
:109C20004EFD78681A4B8360543014F05DFB7B68FE
:109C30004C33D3E8EF2FC3E8E16F0029F9D17B68FB
:109C40001C60E3697D681BB904F10C0014F04CFB47
:109C5000E26905F19803C5F89820226AE36102B928
:109C6000236217227B685A855A830433C8F8003070
:109C7000A0E700BF900C0020F99205005C1B0500D6
:109C800008000000EC6F0020AC0C00201E930500C3
:109C90009008002008B5837A072B06D002210C4AD1
:109CA0000C4810F019FB002008BD042110F0E8FA60
:109CB00010B9094A0121F3E700F14803D3E8AF3FA7
:109CC000DB0701D4054AF5E750F8040CECE700BFC8
:109CD000D09005005C1B05004393050076910500BC
:109CE0002DE9F04F85B000AFB860EFF31188402345
:109CF00083F31288BFF36F8F584C204610F0CAFAD6
:109D00002668054688F31188BFF36F8F00285FD05F
:109D1000F9F7E2FC182202FB00F35149C81851F888
:109D200003A003690021D0E90248FB6090F8049089
:109D3000B0F806B016F0C3FCA87AF9F7C5FC69695B
:109D4000034659B16A7AD00706D4DA692846126800
:109D50007B60926890477B6800226A6129461846BA
:109D600014F0D5FAB9F1000F0DD064B1236853B1E6
:109D70001B6843B1BAF1000F2ED001215346394A76
:109D800039480EF095FE1EB30020B96814F080FB30
:109D900000281DDA6C468AB06A46344B0593344B72
:109DA000CDE906304FF40073ADF82030314B42F866
:109DB000103F00234FF411512B48F7F7F7FC002315
:109DC000A54683F31188BFF36F8F0323184602DF84
:109DD0001437BD46BDE8F08F201D10F080FD4846C9
:109DE000FFF76EF80528CED801A353F820F000BF86
:109DF000359E0300099E0300879D0300359E0300E6
:109E0000879D0300099E030004F14C03D3E8AF3F94
:109E1000DA0705D40121184A134810F05DFAB2E7B9
:109E2000236D002BAFD00023144A04F1680007F023
:109E300003F9A8E754F84C3B1D68D4E8AF3FDB07B3
:109E4000E8D5B8F1000F9ED0002403E02846F96859
:109E5000C0470134A3B29B45F8D894E79C6F00201B
:109E6000A46F00205E9305005C1B05007D93050038
:109E7000C1A5050004000001769105001C4E0E00EE
:109E8000F8B50F461646FFF705FFB0B1C469204686
:109E90001CB150F8984904B1983C731C194638B16C
:109EA000428B458DAA4228BF2A469A4207D264B9FE
:109EB00002210A4A0A480EF0FBFD0020F8BD324696
:109EC0003946BDE8F840FFF701B9D4F8985005B11C
:109ED000983D20460B462C46E2E700BF98930500CC
:109EE0005C1B050007B50B4600210246F9F744F953
:109EF00001910E4909580E480068884204D00D4867
:109F0000D0F8C800884201D10022134601A90A48AE
:109F100006F0C8FC014638B91022019816F0CFFBB4
:109F2000019803B05DF804FB0020FAE70800000088
:109F3000EC6F002038660020C80C002010B50446E5
:109F4000806818B1F9F768FC0023A3602146BDE8DA
:109F50001040014814F0F5B8C80C00202DE9F74373
:109F6000044668300F4690461E4614F0DFFA206D16
:109F700050B90221144A154810F0AEF9204603B03A
:109F8000BDE8F04300F086B8114B98424FF0000353
:109F900017D045684360206DD0F80C90FFF7CEFFD6
:109FA00000232068236510F0CBFC3DB12068CDF87C
:109FB000009043463A4631460068A84703B0BDE8E2
:109FC000F0831D46ECE700BFB39305005C1B050062
:109FD000F06F0020F7B550F8044C0546002C55D022
:109FE00000F1940104F11C0010F0B2FA2E1F05F1EB
:109FF000500700220023384606F044FD024658BBB5
:10A00000EB6C2BB101466FF067033046FFF7A6FFFC
:10A01000002345F8043C05F14803D3E8EF1F21F085
:10A020000101C3E8E21F002AF7D1E36973BB04F121
:10A030000C0600220023304606F024FD78B966683D
:10A0400086B921461248266014F07BF8286803B0D0
:10A05000BDE8F04001F04ABEF9F7DEFBC9E7F9F7C9
:10A06000DBFBE6E7A26833689642636008BFA36043
:10A0700077683FB1F3686FF06701009300232068B1
:10A080001A46B8473046FFF759FFD8E703B0F0BD8E
:10A09000900C002010B504460430FFF79BFF1321FD
:10A0A00060680FF083FF034630B1BDE81040012126
:10A0B000024A03480EF0FCBC10BD00BFCA93050065
:10A0C0005C1B0500F0B589B0044654F8683D00AF4C
:10A0D00038461968FEF762FA6E4688B06A460B4B3E
:10A0E000CDE905374FF40073ADF81C30084B42F84A
:10A0F000103F00234FF4E2510648F7F757FB204684
:10A10000B546FFF7C7FF2437BD46F0BDE89305000D
:10A11000030000015C1B050008B5036D6BB1084A24
:10A1200093420AD0CB68DB78002B08BF0E230022B5
:10A130001146FFF713FF002008BD0E23F7E700BF0D
:10A14000F06F002010B50C4608B301B3FFF7A2FD75
:10A15000E8B1C3693BB153F8982902B1983A196D37
:10A160008C4206D062B90430214610F0F1F9204645
:10A1700002E02046064A1A65BDE81040FFF7DEBE41
:10A18000D2F8981001B1983913460A46E7E710BD96
:10A19000F06F0020F8B51D460F461646F9F79CFAF9
:10A1A0001823044C03FB00400123C0E90376C3805D
:10A1B0000575F8BDA46F002008B514F002FE38B193
:10A1C00001210346034A044810F00EFD6FF004001D
:10A1D00008BD00BF1B9405007C1B050038B5054673
:10A1E00048B1154B1A4613F8011C5C1E0FF037FFDF
:10A1F00058B1204606E011490F4810F04DFD78B1E6
:10A200000D4B581E38BD0020FCE72846217C04F188
:10A2100011020FF024FF0028F5D004F11000F1E73F
:10A22000054B064903F1100010F036FD0028EAD076
:10A23000014B03F10F00E5E73170002061A5050037
:10A2400070B50E4C054623780E46834203D1601C40
:10A2500010F022FD68B9237BAB420CD1314608488F
:10A2600010F01AFD20B10120404200F00C00204403
:10A2700070BD0020F8E70020FAE700BF3279002027
:10A280003F79002070B54A1C0C46054688B9104637
:10A290000D4910F001FDA8B904F10A0604F10B0202
:10A2A0005DB12846A17A0FF0DAFE00B900263046EB
:10A2B00070BD09780FF0D3FEEDE71046024910F0AB
:10A2C000EBFCF2E72646F2E761A5050038B5054646
:10A2D00048B1154B1A4613F8011C5C1E0FF0BFFE67
:10A2E00058B1204606E011490F4810F0D5FC78B16E
:10A2F0000D4B581E38BD0020FCE72846217C04F198
:10A3000011020FF0ACFE0028F5D004F11000F1E7C7
:10A31000054B064903F1100010F0BEFC0028EAD0FE
:10A32000014B03F10F00E5E75D70002061A505001A
:10A3300038B50C4619466BB103F114055B698AB94F
:10A34000E268A360954200D1E36000230D681A46DD
:10A350004B61A847A3685BB9601C0649BDE838405B
:10A3600010F0B2BC1360E3689D4208BFE260ECE706
:10A3700038BD00BF61A505002DE9F8431E46BDF8B4
:10A38000203081460F46D1F80C80002B45D1731E3A
:10A39000012B45D8012E41460CBF15781588FFF7D3
:10A3A00071FF0446C0B915B93046BDE8F88341468F
:10A3B000FFF768FF044638B91B4802211B4A10F01A
:10A3C00081FC6FF01000F0E709F17001013010F02E
:10A3D0007BFC99F808302370D8F81C308BB92581A4
:10A3E000B8F81430AB4203D04146384610F0BBFCFD
:10A3F000002DD9D10E49601C10F066FC2570258116
:10A40000D2E72A463946484698470028CDDB01382E
:10A410000128E4D96FF00D00C7E76FF00600C4E72C
:10A420006FF00C00C1E700BF7C1B050031940500F4
:10A4300061A50500024608B50749013010F044FC4B
:10A4400000230C3202F8043CD2E8EF1FC2E8E03FE0
:10A450000028F9D108BD00BF61A505002DE9F04134
:10A4600080460F4616461D46FFF7EAFE044680B9B1
:10A470001249FFF7E5FE044630B9BDE8F04101217D
:10A480000F4A104810F01EBC394600F8018B10F03E
:10A490001BFC23892BB962892AB926816581BDE815
:10A4A000F0819E4204D36289AA42F8D29E42F5D23C
:10A4B00063892681AB42F2D2F0E700BF61A50500B7
:10A4C0004B9405007C1B05002DE9F84306460D461C
:10A4D0001948002117469846DDF82490FFF702FD41
:10A4E000044660B14560C7604A4630469DF820107A
:10A4F000FFF7C6FC054638B92046FFF71FFD6FF091
:10A500000B052846BDE8F883002201231146FFF71A
:10A5100041FE2846A5603A464946C047054618B15F
:10A520002046FFF70BFDECE72146304610F0DEFA3F
:10A5300005460028E5D0F3E71C4E0E0073B50C4627
:10A540000546082104F11000164610F0B0FB122356
:10A5500004223146CDE9003228462246024BFFF75D
:10A56000B3FF02B070BD00BFDFB104002DE9F047BA
:10A57000284B1646826807469A422BD1C568AB8A9B
:10A5800043B34FF000086C1C05F11509B4F807300F
:10A590009BB12246304614F8011C0FF060FDE0B973
:10A5A000214614F8010CFDF739FF30B1837A072BEF
:10A5B00008BF48F00108FDF7F7FA0A344C45E5D129
:10A5C000B8F1000F06D1AB69A5F8148013B141466C
:10A5D000384698470120BDE8F08706F1700A5146D9
:10A5E000307A0FF085FB78B90B4B9D4202D1304693
:10A5F00010F0CFFD2046094910F066FB002304F857
:10A60000013CA4F80730D8E75146204610F05CFB27
:10A61000D3E700BF79A30300E008002061A505008F
:10A620002DE9F0419846BDF818300646012B174633
:10A6300035D84344012B454634DCFFF7CFFD0446B3
:10A6400068B9FFF7CBFD044648B90221184A1948FA
:10A6500010F038FB6FF010052846BDE8F081B8F126
:10A66000000F11D00023217A21FA03F2D00703D57D
:10A670003A78DA40D20718D50133032BF4D13B786E
:10A6800003F0070319432172601C06F1700110F0FA
:10A690001BFB337A2046237010F0B6FDDCE76FF029
:10A6A0000605D9E76FF00C05D6E76FF01205D3E782
:10A6B0006A9405007C1B050010B56FF0020104468A
:10A6C0000E4810F008FB0D4810F0EEFAC20704D552
:10A6D000002200230A4806F0AFFC204610F03CFAA6
:10A6E00050B12046FFF77AFD30B1037ADB0703D57E
:10A6F000BDE8104010F088BD10BD00BF984D00208F
:10A70000684D0020012110B5144810F0D0FAC3079D
:10A7100023D40221114810F0CAFA084007D1104989
:10A72000104A0B88104CA24211D300B10B800F4984
:10A730000F4813F0EDFE40F2391200230C48FAF7EF
:10A7400083FCBDE810400B490B4813F0E1BE506894
:10A75000083203449BB20120E5E710BD5070002091
:10A760004A790020341B05004C1B0500E1A90300B9
:10A77000F84C002031AD0300684D002003462DE960
:10A78000F04148B1008A38B901244FF0140C114946
:10A79000DFF844E0714501D3BDE8F081D1E90076EE
:10A7A000BB4204D30CFB0672143A93420ED93444D4
:10A7B000A2B214460831EDE70CFB0578434507D0FB
:10A7C00001356219AE4292B2F6D1F2E70025F8E700
:10A7D0001046E1E7341B05004C1B05002DE9F74F3F
:10A7E00099464FF6FF73BDF830500746002D08BF5D
:10A7F0001D46244B90461B88009183423CD203B0F7
:10A80000BDE8F08F73682344BB4232D29CB2083655
:10A810001D4B9E42F6D3F2E74046895801930FF054
:10A8200017F9019B90B101340AF1010AA4B27368CF
:10A830005345ECD9009B9C42E1D8BC42F3D30BFBBF
:10A840000AF231688B18B8F1000FE5D1B9F1000FA9
:10A850000BD1013D1846ADB221460E9A0D9B98478B
:10A86000002DCCD00028DED1C9E7DA689145DAD1D5
:10A87000EFE74FF0000ADAE701244FF0140B034E24
:10A88000C6E700BF4A7900204C1B0500341B0500B9
:10A8900030B5ADF5117D10220021684615F00FFF8F
:10A8A0001822002105A815F00AFF4FF41053ADF847
:10A8B000103080231022ADF812304FF48063254C05
:10A8C0006946CDE906340DEB02008EAB07F0BAFF06
:10A8D0000BAD034638B1204A0121204810F084F91D
:10A8E0000DF5117D30BD01464FF40372284615F079
:10A8F000E6FE22462846D5F80C1214F05FFA03460D
:10A9000008B1174AE8E72B464FF6FF710120154AB8
:10A9100010F0F9FC10222846134904AB14F063FA36
:10A920000446D5F80C0207F041FF14B10F4A234644
:10A93000D2E721460C4B03F11002187812F8014DB2
:10A940000131082903F8014B1070F6D1084810F0C6
:10A95000AEF9C5E70002C003969405007C1B050014
:10A96000BF940500EDAB0400E84C0020DD94050029
:10A97000984D00202DE9F04116490446A1F1300020
:10A9800015461E46BDF8187013F0E3FD124810F08E
:10A990008BF9010701D4FFF77BFF2046FFF71EFC70
:10A9A00068B1037ADA070AD500F10C04204610F0EA
:10A9B0007BF9C30703D40221204610F078F9102355
:10A9C0003A46069331462846BDE8F041034B10F065
:10A9D00017BB00BF284D0020984D0020E84C0020F8
:10A9E00008B5054810F060F9030703D4BDE8084036
:10A9F000FFF74EBF08BD00BF984D0020002307B5EC
:10AA00000193FFF7BBFE411C89B20846034A01AB24
:10AA100010F079FC019803B05DF804FB9DAB0400D5
:10AA20002DE9F04387B0837A8046072B0C46154604
:10AA300002AF40F0A68000233B7342F60303206878
:10AA400007F10C01FB810FF003F80646002834D112
:10AA5000D4F80490B9F1000F05D101214B4A4C48BC
:10AA600010F030F98DE001232146009007F1080233
:10AA7000C847031E11DA6D4688B002AAD3610423C9
:10AA80004449C2E9051442F8103F4FF401513346DE
:10AA90003F48F6F78BFEAD4673E0012B05D0012150
:10AAA0003D4A3B4810F0A0F86BE03B7A13F0300FC2
:10AAB00067D02046FFF7A2FF0446002320683B73BF
:10AAC00042F6021307F10C01FB810EF0C1FF18B131
:10AAD0002046FFF793FF0446002642F6021920683D
:10AAE00039463E70A7F802900EF0B2FF18BB002363
:10AAF00020683B7342F6021307F10C01FB810EF054
:10AB0000A7FF064600283CD1D4F80490B9F1000F05
:10AB1000A3D0022300902146404607F10C02C8470B
:10AB2000031EA8DB022BBAD1BB8905EA030000385B
:10AB300018BF012026E042F603032068391D3E714C
:10AB4000FB800EF085FF0028D1D04FF42053206801
:10AB500007F108013E727B810EF07AFF0028C6D013
:10AB600042F60103206807F10C013E73FB810EF0F1
:10AB70006FFF0028BBD02046FFF740FF04460028A7
:10AB8000ADD100201437BD46BDE8F083F394050035
:10AB90007C1B0500079505002D9505002DE9F84360
:10ABA000894651680746B1F81280154618F0940896
:10ABB0003BD10222FFF734FF002839D000211E4884
:10ABC000AE8AFFF78FF90236044660B11B4B32465E
:10ABD0004360C5601D213846FFF752F9064638B973
:10ABE0002046FFF7ABF96FF00B052846BDE8F88368
:10ABF000012342464146FFF7CDFAA98A06F10C002F
:10AC000002310EF050FD20F8029BAA8A296915F046
:10AC100030FD21463846A6600FF068FF0546002843
:10AC2000E3D02046FFF78AF9DFE74FF0FF35DCE796
:10AC30006FF01505D9E700BF1C4E0E00A3AB040052
:10AC400070B504468AB0374810F02EF842070D461A
:10AC500061D514B1A37A072B60D16E683046059692
:10AC6000FFF78CFD2A68ADF8180032B305A90291F0
:10AC70002D4900230191012100914FF6FF710593A9
:10AC8000FFF7ACFD059E1EB96FF001000AB070BD64
:10AC90006E60002330688DF8103042F6030304A97B
:10ACA000ADF812300EF0D4FE70B90598C3689B79E8
:10ACB0009B0605D46FF01500E8E70028E9D1E3E72B
:10ACC00010F0DAFAADF81800BDF818003CB1012315
:10ACD00001462A462046AB75FFF760FFD6E76FF0C6
:10ACE0007F0307930223ADF8203042F60213ADF83C
:10ACF000123005ABAC7502930C4B4FF6FF7101930C
:10AD0000012304AA0093234609958DF81040FFF70C
:10AD100065FD0798BAE76FF00A00B7E76FF07F00AC
:10AD2000B4E700BF74020020D1AB04006DAF030094
:10AD300073B5044650F8083C00F130056FF001018E
:10AD4000A0F12006284601930FF0C5FF0D4B00200F
:10AD500044F81C3C0C4B314644F8183C01AB44F819
:10AD6000103C042324F8080C24F8060C24F80C3CAE
:10AD7000FFF766FF18B9022128460FF098FF02B0CE
:10AD800070BD00BF682C0500B9A603002DE9F0478F
:10AD9000334B81680446994200AF5CD1D0F80C80F7
:10ADA000156808F1010608F11509B6F80730EBB18E
:10ADB0003246284616F8011C0FF051F9B0B14FF495
:10ADC00095722146284610F0ABFA032812D1EA46C4
:10ADD00088B06A46234BCDE9053442F8100F0023B2
:10ADE0004FF4C4512048F6F7E1FCD5460A364E45EB
:10ADF00031D0DAE7414620460FF0B5FF1B4B9845AE
:10AE000029D1287A05F17001FFF71AFA044610B328
:10AE100003890BB94389F3B12846FDF773F82289FA
:10AE2000134B144923F82020628903EB80035A80D6
:10AE3000182202FB00110B6104230F4A28464A60C6
:10AE40000E4A8B828A60FFF7FBFE20B101210C4A7B
:10AE500005480FF037FF0120BD46BDE8F08700BF71
:10AE600079A30300469505007C1B0500E00800203F
:10AE70002A79002000700020682C050011B204001F
:10AE80005A95050070B504468AB035480FF00CFF9E
:10AE900042070D465DD514B1A37A072B5CD16E68CD
:10AEA00030460596FFF76AFC2A68ADF8180032B301
:10AEB00005A902912B4900230191012100914FF630
:10AEC000FF710593FFF78AFC059E1EB96FF0010024
:10AED0000AB070BD6E60002330688DF8103042F605
:10AEE000030304A9ADF812300EF0B2FD70B9059855
:10AEF000C3689B79DB0605D46FF01500E8E70028EE
:10AF0000E9D1E3E710F0B8F9ADF81800BDF8180082
:10AF10002CB101462A46204610F020FAD8E76FF0FF
:10AF20007F0342F6021207930123ADF8122005AA0F
:10AF300002920D4AADF82030CDE900324FF6FF7194
:10AF4000234604AA09958DF81040FFF747FC07989F
:10AF5000BEE76FF00A00BBE76FF07F00B8E700BF05
:10AF600074020020D1AB04006DAF03002DE9F0475F
:10AF70003D4B1546826807469A423AD1D0F80C807C
:10AF80003A4B98451DD10026394C204639490FF0DF
:10AF900083FE78B90722214614F8010CFDF7CEFA9A
:10AFA00050BB2B6921461A6914F8010C538812888A
:10AFB000FFF754FA731C022B4FF0010604F10C0446
:10AFC000E3D108F1010608F11509B6F80720AB89AD
:10AFD0009A420BD1314616F8010CFDF71FFA824652
:10AFE00020B1837A072B0AD0FCF7DEFD0A364E45E6
:10AFF000EBD10120BDE8F087FCF7D6FDDAE7D8F801
:10B00000203023B13946984708B95046ECE77C8A8E
:10B0100014F09404F9D1AB89022B17D1B6F807408C
:10B0200014F002040AD050462A69A988FFF7B6FD39
:10B03000044618B92A69937D013393755046FCF78D
:10B04000B3FD002CAC60D1DA0020D3E7012BF5D1A1
:10B05000B6F8074014F00104F0D050462A69A988D8
:10B0600010F07CF90446E9E779A30300E00800202A
:10B070003379002061A5050070B5837A0546072B5A
:10B080000C4686B040F0A1800B7C062B10D8DFE880
:10B0900003F004045A5A629528000B68CBB11B7860
:10B0A0004BB1022B13D00121494A4A480FF09CFDB5
:10B0B0006FF0150009E00823019306232246009350
:10B0C0004549464B2846FFF7FFF906B070BD1623E9
:10B0D000F2E7102304212246CDE90031404B4149DB
:10B0E000F0E708680028E3D00678002EE0D14FF49E
:10B0F000245302A98DF80860ADF80A300EF0A8FCC0
:10B1000008B342F60213206803A98DF80C60ADF86D
:10B110000E300EF09DFCB0B142F60313206804A976
:10B120008DF81060ADF812300EF092FC58B142F676
:10B130000413206805A98DF81460ADF816300EF0E0
:10B1400087FC0028B4D1082304222749CDE9003226
:10B150002246264BB6E7086880B300264FF42053FA
:10B1600002A98DF80860ADF80A300EF071FC0028D5
:10B170009ED042F60103206803A98DF80C60ADF85B
:10B180000E300EF065FC002892D042F602032068D3
:10B1900004A98DF81060ADF812300EF059FC0028AB
:10B1A00086D042F60303206805A98DF81460ADF837
:10B1B00016300EF04DFC00283FF47AAF04232246EF
:10B1C000CDE900330A490B4B7CE76FF07F007CE749
:10B1D000779505007C1B050003B40400C9B004008A
:10B1E0002BAE0400F9B103001DB303005BAE0400F5
:10B1F00085B60300C3AD04002DE9F0478EB00646C6
:10B2000017461C46169D31B12A4600216B680EB0C8
:10B21000BDE8F047184763B902213D4A3D480FF0A9
:10B2200051FD2A46002130466B6898470EB0BDE8B4
:10B23000F0871378062B08D0142B05D00121364A4D
:10B2400034480FF0D1FCECE702214FF00008C14672
:10B25000013C8DF81010A4B207F1010A9C420CD2F7
:10B26000002CDED1B8F1000FDBD02A464146304633
:10B270000EB0BDE8F04710F0A6B81422002109A8CE
:10B2800015F01DFABAF8002093B2002BC9D0BAF815
:10B2900002101FFA81F8B8F1000FC2D04345C0D8A0
:10B2A0009DF8103013B3022B25D02B7CADF80C1079
:10B2B000002B42F6010308BF4FF42053ADF80630CF
:10B2C00004AB029301AB099302ABADF834200C93AD
:10B2D0002A4630466B688DF8049009A998470028E3
:10B2E000A4D03B78E41AA4B29A44B7E7BAF8043081
:10B2F000ADF81230D9E70AF104030DF111000AF19B
:10B30000140C53F804EB634540F804EBF9D1CCE797
:10B310008C9505007C1B0500969505002DE9F04FE6
:10B3200093B0174680461C460A461C9D31B12A46FA
:10B3300000216B6813B0BDE8F04F1847297C022943
:10B3400040F083804BB9A84AA8480FF0BBFC2A46BE
:10B35000002140466B6898475BE03B78062B08D09D
:10B36000082B05D00121A24AA0480FF03DFCEEE7D2
:10B370001146002642F6020A013C8DF82010A4B2C4
:10B3800007F1010B9C420BD2002CE0D1002EDED045
:10B390002A463146404613B0BDE8F04F10F013B8CE
:10B3A000BBF800901FFA89F6002ED0D0BBF802003F
:10B3B0009DF82020ADF81C00BBF80410ADF81E105D
:10B3C00062B1022A15D0296831B308A80EF040FBFB
:10B3D00010B33B78E41AA4B29B44D3E708AA0692C0
:10B3E0009BF806209BF8071042EA0122ADF82220C4
:10B3F000E9E70A236881A981A5F8089040460192EF
:10B4000000932A467B4B7C49FFF75EF886B2002EFC
:10B41000BED113B0BDE8F08F4FF000031022002121
:10B420000EA88DF81430ADF816A015F048F905AA4D
:10B430000D9206AA109240462A466B68ADF84490D9
:10B440000DA998470028C4D1E3E7032966D113B9B1
:10B450000221654A78E73B78072B02D0152B81D172
:10B4600002220026013C8DF82020A4B207F1010938
:10B470000DF1200A9C4287D3B9F800B01FFA8BF671
:10B48000002E3FF464AF9DF8203063B1022B13D03F
:10B490002968F1B150460EF0DBFAD0B13B78E41ADE
:10B4A000A4B29944E6E799F8053099F8062043EAF2
:10B4B0000223ADF82230EBE709F105030DF121027B
:10B4C00009F1150153F8040B8B4242F8040BF9D132
:10B4D000DEE799F80230B9F803208DF81E304FF0FE
:10B4E00000038DF8143042F603030021ADF81C2050
:10B4F0000EA81022ADF81630CDF818A015F0DFF820
:10B5000005AB0D9306AB10932A4640466B68ADF829
:10B5100044B00DA998470028C0D17AE72B681E785F
:10B520002EB94CB9304A022130480FF0CBFB2A46E5
:10B53000002140466B68FDE6B3F802A0013CA4B2CE
:10B5400007F10109AAF5245A3B78A34204D9002C3B
:10B55000EDD1002EEBD01BE7012C01D8274AE2E702
:10B56000B9F800B01FFA8BF6002EE0D0BAF1040F44
:10B57000DDD801A353F82AF08DB503002FB50300E1
:10B5800095B503009DB50300E1B50300032C09D870
:10B590001B4AC8E7032C05D81A4AC4E7032C01D874
:10B5A000194AC0E7B9F80230ADF820302B681022F4
:10B5B00000210EA8039315F082F8039B2A460D93F1
:10B5C00008AB109340466B68ADF844B00DA998479E
:10B5D00000283FF41EAF3B78E41AA4B29944B3E7C5
:10B5E000082C15D8094A9EE78C9505007C1B0500A0
:10B5F00096950500AFAD04004DB60300AA95050071
:10B60000B8950500C6950500D4950500E29505009E
:10B6100099F802308DF8203099F803308DF82130F8
:10B6200099F8052099F8043043EA0223ADF8223056
:10B6300099F806308DF8243099F8073099F80820E9
:10B6400043EA0223ADF82630B0E700BF70B5102BF7
:10B6500005461146049C0BD00121084A08480FF00A
:10B66000C3FA2246284663680021BDE870401847A7
:10B670002246BDE870400FF010BF00BF9695050050
:10B680007C1B05002DE9F04F8FB00746189D18462A
:10B6900029B953B90221544A54480FF013FB2A46E2
:10B6A000002138466B6898479BE01378012B07D040
:10B6B000022B20D001214E4A4C480FF095FAEEE7BC
:10B6C0000B464FF00409013880B248458DF8103020
:10B6D000E5D34FF00008B0FBF9FBC246541CCDF88F
:10B6E000008004AEBBF1000F08D12A46384600990D
:10B6F0000FF069FE75E04FF01209E4E7238801932B
:10B70000BDF804300093B8F1000F53D19DF810300C
:10B71000002B37D0022B3CD02968002945D12B7C47
:10B72000042B4DD14FF42053304602A98DF808A0C8
:10B73000ADF80A300EF08CF900283BD042F6010338
:10B74000304603A98DF80CA0ADF80E300EF080F94C
:10B7500080B342F60203304609A98DF824A0ADF863
:10B7600026300EF075F928B342F60303304609A9D6
:10B770008DF824A0ADF826300EF06AF900BB4FF02A
:10B78000010819E0A378E27843EA0223ADF8123009
:10B79000C2E7A31C0DF1110204F1120153F8040BCE
:10B7A0008B4242F8040BF9D1B6E730460EF050F95F
:10B7B0000028B4D04FF000080BF1FF3B4C4491E758
:10B7C000102200210AA814F07AFFBDF804302A469E
:10B7D000ADF8343038466B68099609A998470028B7
:10B7E000EAD10FB0BDE8F08F8C9505007C1B0500F9
:10B7F000F095050007B5837A0A46072B2CD14B68D4
:10B800003BB908234FF0040ECDE9003E144B154917
:10B8100009E0012B11D0097B5B00019341B120238A
:10B8200011490093114BFEF74FFE03B05DF804FB86
:10B830000E230F4900930F4BF5E74B8933B10C23CF
:10B840004FF0040CCDE9003C0B4BE0E70A2302214A
:10B85000CDE90031094BDAE76FF07F00E5E700BF83
:10B8600015B1040081B803007FAF0400BFAE04002F
:10B870003FAF040097AE0400EFAD0400DBAD040061
:10B880002DE9F04F85B002AF804691469A460E46AC
:10B890003C6B41B96BB92568002322460093F1B295
:10B8A0004046A84730E0B1F5807F28BF0E262568C6
:10B8B000F2E76368002B71D123890AF1FF35B4F8F0
:10B8C0000AB07B60ADB202F1010A002D4DD099F8AB
:10B8D0000030AB4228BF2B46012B0AD802213E4A3A
:10B8E0003E480FF081F90023009322460421256889
:10B8F000D6E7BAF80020023B91B29BB241B90121D0
:10B90000374A36480FF0DEF90C37BD46BDE8F08FF8
:10B910007868884201D88B4518D26D468AB002AA51
:10B92000304BC2E905317B68C2E9073B052342F889
:10B93000103F00234FF422512848F5F737FFAD465A
:10B9400000230093256822460E21A9E72281009357
:10B9500022460021404626680AF10203B04700282B
:10B96000D2D099F80030AB4206D921464046FFF7C5
:10B9700041FF0028C8DAE3E7238962899A4205D1AA
:10B980000023009325682246194689E70133238165
:10B9900099F80030ED1AADB29A4496E7CDF800A0C0
:10B9A000134625682246A8470028ADD0238A013BCC
:10B9B0009A4503DA009633462568E4E76389214611
:10B9C0000AEB030540466581FFF714FF00289BDA68
:10B9D000009633462568B6E7029605007C1B0500F5
:10B9E0003A9605004996050073B5837A0546072BFC
:10B9F0000C4603D06FF07F0002B070BDCB88B3B1AE
:10BA000028460EF0EDFF0028F4D0A289431F9BB218
:10BA1000934228BF134604339BB201931623224658
:10BA200000930A490A4B2846FEF74EFDE4E78E894B
:10BA30000EF0D6FF02360138B042E1D3122322467F
:10BA400000930449044B0196EDE700BF19B50400CB
:10BA5000FFAE0400D9AB0400C3AE0400032A2DE9F5
:10BA6000F74306461C460CD80221244A24480FF00E
:10BA700029F922460E213046236803B0BDE8F04381
:10BA80001847B3F80C90151F4D4513D91D4A0121D5
:10BA90001B480FF017F918230121CDE900311A4B8B
:10BAA000224630461949FEF70FFD0028E1D103B0C8
:10BAB000BDE8F083DB88B1F80280984506D1A7681D
:10BAC0002A463846043114F010FE08B1104ADEE769
:10BAD000A9EB050318FA85F82F449BB2A4F8068059
:10BAE000A760A3812BB918230122CDE90032094BAD
:10BAF000D6E721463046FFF777FFD6E78C9505005D
:10BB00007C1B0500B096050007AE0400D9AB04000D
:10BB1000D296050019AE0400F8B5837A0646072BC5
:10BB20000C4643D1FEF7D2FB0546002841D083687E
:10BB3000002B3ED000221746143B9C4209D01889A6
:10BB40002189884208BF47F001075B691BB1143B9C
:10BB5000F3E70122F9E762B304F110000FF0A4F853
:10BB6000430703D5214630460FF0E9FC77B104F1D5
:10BB7000140105F108000FF0E8FAAB681BB90E4993
:10BB8000681C0FF0A1F857B9002007E021463046A5
:10BB90000A4AA781FEF7D2FC0028E8D0F8BD0023AE
:10BBA00021461A4630462568A847EDE76FF07F002A
:10BBB000F4E76FF01500F1E761A50500EDAC0400B6
:10BBC0002DE9F0478C68064690469946BDF820A0BE
:10BBD00024B154F8145905B1143D0CB9BDE8F087EF
:10BBE0002389434511D153464A46214630462768AA
:10BBF000B84750B921463046FFF78EFF034620B1C3
:10BC00000221064A06480EF0EFFF2DB1696901B125
:10BC100014392C460D46E0E72946FAE70897050057
:10BC20007C1B0500F0B587B007460E461546FEF7AB
:10BC30004DFB0446C8B12A46314603A80DF022FD4B
:10BC4000BDF81030042B10D9042103A80DF065FDB8
:10BC5000BDF8101046880288B14208D2012133464F
:10BC6000084A094800950CF02DFF07B0F0BD2146A9
:10BC7000031D00963846FFF7A3FF314603A80DF0D9
:10BC80004CFDDDE7279705007C1B050007B50090FC
:10BC900001206B464FF6FF71034A8DF804000FF048
:10BCA00032FB03B05DF804FB8DAD03002DE9F041DC
:10BCB0000D4B06461B680F46904623B153F80449C6
:10BCC00004B1043C0BB9BDE8F0811B681BB14246CE
:10BCD0003946304698472CB1656805B1043D234686
:10BCE0002C46EFE72546FAE7547000202DE9F84F7F
:10BCF000044603464FF6FF7101202D4A0FF003FB67
:10BD00002046FEF7E3FA064638B92046FEF766FA03
:10BD10000546002839D1BDE8F88F8568002DF4D09C
:10BD200055F8147907B1143F4FF0000804F1700979
:10BD3000C24601E03D461F4605F1100B6FF00801B9
:10BD400058460EF0C8FF4946207A0DF0D1FF70B971
:10BD50002B46424631462046A5F80CA0FEF7E8FAED
:10BD6000002FD2D07B69002BE4D0143BE2E7584689
:10BD70000EF09AFFC307EBD473781BB14946701CD1
:10BD80000EF0A2FF05F11408EAE704F1700631464F
:10BD9000207A0DF0ADFF20B92846BDE8F84FFEF738
:10BDA00049BB3146681CBDE8F84F0EF08DBF00BF9F
:10BDB0006DA50300034B42689A4204BFC368198211
:10BDC000704700BF81B803007FB54FF420520023B5
:10BDD000ADF8162004AA02920A4A0120CDE90032E9
:10BDE0004FF6FF7105AA04938DF81430FEF7F6FCA8
:10BDF000049B012B14BF6FF01500002007B05DF805
:10BE000004FB00BF17B6040080B500AF88B06A46D7
:10BE1000074BCDE90530032342F8103F00234FF4D0
:10BE2000C2510448F5F7C2FC6FF00B00BD4680BD5F
:10BE300048970500B41B050010B50B4A13683BB1C9
:10BE4000936C23B1FFF7E0FF6FF00B0010BD0123EF
:10BE5000482000FB03205B42044C03F048031A44D3
:10BE6000446000200A60F1E77C700020E02C0500AF
:10BE700010B5094C0A44914200D110BD11F8013BA4
:10BE800058400309E35C0001C0B243401809205C3C
:10BE90001B01DBB25840EEE7DDA505000122024B95
:10BEA000C3F80424704700BF002008E0084B70B5B9
:10BEB000C31A0D4607499B100446594340220648C1
:10BEC0000FF049FC2B4601462046BDE8704018475C
:10BED00020710020B76DDBB6600F0500402373B5FD
:10BEE0000B4C0093041B0B460D460A49A4106143FA
:10BEF0000646094A09480FF05AFC014628B1304667
:10BF00002B4602B0BDE87040184702B070BD00BFBC
:10BF100020710020B76DDBB61BB80400600F050070
:10BF2000F8B500220121054640F20510F6F7CAFFD8
:10BF30000F4802F0EDFE0446B8B910F0ECFD2F6991
:10BF40000C4938460CF0BEF8031E09DB01263E649E
:10BF50002D69084905F11C000CF0B4F8031E02DA43
:10BF60001C462046F8BDEE64FBE76FF00404F8E7DA
:10BF7000A5C00300082D05001FB5002201236C4653
:10BF8000CDE902236B46074ACDE900440FF03EFCA1
:10BF900028B943F609520023684604F0D9FD04B0DD
:10BFA00010BD00BF2FB8040010B5EFF3118440237B
:10BFB00083F31288BFF36F8F074A136823F00201DF
:10BFC000DB07116002D4012010F09FFD84F311887B
:10BFD000BFF36F8F10BD00BF707100200C22104B9B
:10BFE000014602FB0033002030B4D3E90E529863BF
:10BFF000EFF31180402484F31288BFF36F8F1C6C21
:10C0000004F0C00444F002041C6480F31188BFF300
:10C010006F8F1DB12B4630BC0248184730BC7047AB
:10C0200020710020600F050010B4EFF31180402252
:10C0300082F31288BFF36F8F17490B6843F0020435
:10C0400013F001030C6017D0144BD3F80C3413F425
:10C05000803311D0EFF3118182F31288BFF36F8F19
:10C060000F4A136C03F0C00343F00203136481F31F
:10C070001188BFF36F8F012380F31188BFF36F8F97
:10C0800023B100205DF8044BFFF7A8BF01205DF845
:10C09000044B02F02DBE00BF7071002000E0105074
:10C0A00020710020022808D0042808D1044B186C05
:10C0B00010F0070003D1FFF791BF0120FBE77047A5
:10C0C00020710020C3B21C20014A00FB03207047EE
:10C0D000207100202DE9F041012280463549D1E848
:10C0E000EF3FC1E8E02F0028F9D133B93249334896
:10C0F0004B60CB608A600BF0F8FF08F1FF33012B37
:10C100004BD8B8F1010F06D12D4BD3F8503403F0C2
:10C110000303012B41D012F047FA054650B1EFF36B
:10C120001186402383F31288BFF36F8F0125244CBF
:10C13000244F20E0244B1B78002BF0D00422204B0E
:10C140000646C3F80823F2E74DB330460DF000FA77
:10C15000D4F8403413F0FF030DD1D4F8082152B1C4
:10C16000C4F80831D4F8083120220123C4F840343F
:10C17000C7F8A0212361D4F84C24D4F84C34D2035E
:10C18000E2D503F00303012B02D0B8F1010FDBD19C
:10C1900055B186F31188BFF36F8FBDE8F0810021A0
:10C1A000202012F0C7FAD3E70422054BC3F804237A
:10C1B000F3E700BF1C7100200C7100203C710020CF
:10C1C00000E0105000E100E08BBF002008B50748F8
:10C1D00011F05DFF38B10648F7F72EFA0448F4F77E
:10C1E000D5FB002008BD6FF01200FBE740100500F2
:10C1F000F5C1030038B50D4D044628460CF092FDFC
:10C20000002810DB0A2C04D1AB680D2128465B689E
:10C210009847AB6805485B68E1B298472022002345
:10C2200002480CF0A7FE204638BD00BF40100500B4
:10C2300008B50121034A04480CF031FC6FF01500E9
:10C2400008BD00BFB2970500FC1B05002DE9F047B3
:10C2500007468A4616461D469BB3D0F80490CB1875
:10C26000D9F82020934209D90221174A17480CF027
:10C2700016FC6FF015042046BDE8F087D0F810805A
:10C280004FF0FF324FF0FF33404604F039FBD9F84E
:10C2900030402B46324651463846A047041E09DA44
:10C2A000012123460A4A09480CF002FC40460FF0DF
:10C2B000D2FAE0E72D1B2644A244E8D140460FF015
:10C2C000CAFA0024D7E700BFCE970500FC1B050083
:10C2D000F39705002DE9F047D0F804901D4699F832
:10C2E000293007468A4616464BB102211D4A1E4890
:10C2F0000CF0D5FB6FF00C042046BDE8F0877DB351
:10C30000D9F820204B19934207D90221174A164821
:10C310000CF0C5FB6FF01504EEE7D0F810804FF07D
:10C32000FF324FF0FF33404604F0EAFAD9F83440C8
:10C330002B46324651463846A047041E09DA0121F1
:10C3400023460B4A08480CF0B3FB40460FF083FA33
:10C35000D2E72D1B2644A244E8D140460FF07BFAD9
:10C360000024C9E712980500FC1B0500379805005A
:10C370005D9805002DE9F04F06468DB0456812F036
:10C38000C9FA4FF47A74A0FB0407002347F612227F
:10C3900004FB0171E5F7B0FA4FF0050B6B8DC51882
:10C3A00041F1000812F0B6FA4FF47A73A0FB0307CC
:10C3B00047F6122204FB01710023E5F79DFA02AB58
:10C3C000049302234FF0010A04AA069203AACDE9BE
:10C3D0000823059308ABCDE90A3A0F467168CDF8FA
:10C3E0001CA08146ADF808B051F8040B0AAB06AAB0
:10C3F0000FF027FA034650B10D4A019051460D48FF
:10C400000CF056FB019B18460DB0BDE8F08F9DF86F
:10C410000D20D207F7D54D4578EB070704DB002147
:10C42000202012F087F9BDE76FF00F03EBE700BFA4
:10C4300080980500FC1B05002DE9F0414568074682
:10C44000686A0224834228BF03461E464318B3FB92
:10C45000F0F34343701883428CB038BF5E1A95F8EE
:10C46000283001A80890D8080130CDE90902102B26
:10C4700008AACDE9022401940B961CD0182B10D0E9
:10C48000082B1BD03846FFF775FF0446C8B103469A
:10C490001E4A01211E480CF00BFB20460CB0BDE8E3
:10C4A000F0810B148DF805300DF106020B1202F825
:10C4B000013B1170E6E70DF10502F7E70DF105020A
:10C4C000F7E706234FF001088DF803300DF1030361
:10C4D000049304ABCDE906387968CDF8148051F89F
:10C4E000040B234606AA0FF0ACF9044610B1094A22
:10C4F0000346CEE7294651F8040B234602AA0FF063
:10C50000A0F9002814BF04463446C6E7A8980500E1
:10C51000FC1B0500C9980500F0B5032746681D46B9
:10C5200096F828308DB00C46D9080131019701AF3B
:10C53000CDE9027102AF0497012705970027CDE9E5
:10C5400008710221CDE90A2508AA06920791002D5B
:10C5500039D0376A6219BA4208D91C4A1C480CF013
:10C560009EFA6FF0150420460DB0F0BD102B18D0C8
:10C57000182B0CD0082B17D0FFF7FCFE0446B0B1E7
:10C5800001210346134A12480CF092FAEBE72314F8
:10C590008DF805300DF10603221203F8012B1C70F3
:10C5A000EAE70DF10503F7E70DF10503F7E731467B
:10C5B00051F8040B06AB04AA0FF043F910EA20046B
:10C5C00038BF2C46CFE72C46CDE700BFCE970500FD
:10C5D000FC1B0500A8980500C3780F2B14D9C96B64
:10C5E0000B480B0E13708B0200EA911003F47C03CE
:10C5F0000906034301F0FE410B43116800206FF36D
:10C600001E210B43136070476FF08500704700BF19
:10C6100000FF03000023024A0020C1E90023704705
:10C6200000D0170000487047642D0500024B0B60D6
:10C6300001231360704700BF6C2D050008B501226F
:10C640000548114611F071FE02F0ACFB034B044AA1
:10C650000020C3F80C2508BD8871002000B00450EC
:10C660008000008038B542F201030F4D1446C5F832
:10C670000035A1B113F0FDFFBFF35F8FD5F818347B
:10C68000DB0706D4C4F308041CB10123AB60BFF37D
:10C690005F8F4FF40052044BC3F8002538BDFF21D3
:10C6A00014F00DF8E8E700BF00B00450F0B5051E27
:10C6B0000F46144687B033DB1B4B9D4230D8C5F57F
:10C6C000BE1303F580539A422AD8FAB14FF0FF32D5
:10C6D0004FF0FF33154804F03BFA10F01FFA0646FE
:10C6E000B8B101238DF81430114B4FF4FA50009378
:10C6F00002AB04940193CDE9027502F05BFB68463E
:10C7000002F05EFB0446094804F0EEF9204607B04B
:10C71000F0BD224639462846FFF7A4FF3446F2E72B
:10C720006FF01504F2E700BFFFCF170088710020FB
:10C73000A9B9040010B50C1E10461A460CDB084BB4
:10C740009C4209D8C4F5BE1404F58054A24203D813
:10C7500013F08FFF002010BD6FF01500FBE700BF46
:10C76000FFCF170000487047A02D050010B5044604
:10C77000006901214FF0FF3211F0D7FD2046BDE8DE
:10C78000104001490CF05CBA8DC703002DE9F04F51
:10C79000A3B0044602AF032900F24882DFE811F09B
:10C7A0003C020A0004001400002528468437BD46D8
:10C7B000BDE8F08F0FF054F920460FF01CFB054642
:10C7C00020460FF040F9F0E74668306811F05FFC52
:10C7D000B8B1337E83B920460FF042F920460FF0FE
:10C7E0000AFB031E10DA01217B4A7C480FF036F960
:10C7F00020460FF028F904E0F06811F048FC00280A
:10C80000E9D16FF01205D0E720460FF08EF9051E32
:10C810000CDDE8070AD50221714A70480CF03FF997
:10C820000022002320460FF0B5F9054620460FF000
:10C830000AF9002D06DA2B466A4A012167480FF0F3
:10C840000DF9DEE720460CF06DFA002804DA6FF0EF
:10C850000408654A4346F0E720460FF001F9032338
:10C86000019307F11003009300239F211A462046ED
:10C870000FF004F9804620460FF0E5F840F2391237
:10C88000002320460CF076FBB8F1000FE1D196F8BA
:10C89000203083B320460FF0E3F820460FF045F92F
:10C8A000051E21DD96F82030802225EA030587F851
:10C8B0003050434606212046CDE900880FF0DEF8CF
:10C8C000054688B9012107F1300300938022034611
:10C8D000019120460FF0D2F8054628B90022002326
:10C8E00020460FF057F9054620460FF0ACF815B179
:10C8F0003E4A2B46A1E7182300212046FA180FF0E4
:10C9000025F9EA46054640B101210346384A334835
:10C910000FF0A4F8364A2B468FE7BB69354A93429D
:10C9200007D00121344A2D480FF098F86FF0150513
:10C93000F0E7BB7F8CB0D4F800C07E7F387FF97FF2
:10C94000013302AAC2E909134FF40073DFF8B8E01B
:10C9500093852A4BC2E905ECC2E9076042F8103F13
:10C960004FF473512B461D48F4F720FFBB7F07F1AE
:10C97000200B012B88BF10235E469CBF0133DB00D8
:10C980005B44D5467B607B68B3423FD12569D54681
:10C990002A4600232E6A05F10800517D21B1917DC0
:10C9A0000BB1994200D20B4602328242F5D1002BE4
:10C9B00000F03981012101FA03F35A1ED20440F13B
:10C9C0001B810F4A009305484FF480530CF07AF80E
:10C9D0006FF015030B4A30E738990500D41C0500A9
:10C9E000509905006D99050096990500AF990500CD
:10C9F000C499050053464450D99905000700000129
:10CA00007C9A0500DE9A0500F1990500F3793578E6
:10CA1000B27945EA03257379E8461B0243EA0243EB
:10CA200032798CB043EA020996F802C07078F17846
:10CA300002AA804BA6EB0B0E536108234FEAEE0EC1
:10CA4000C2E906E5C2E908C0C2E90A1942F8103F86
:10CA5000002344F2C0017848F4F7A8FEB5F57F4FF3
:10CA6000C54640F0C7807179B3793079090241EA4F
:10CA7000034101435023204607F130020FF066F8CE
:10CA80000546002840F0AB807B6BD4F81080002B6B
:10CA900008F1150980F28380012223F00043A3F1FD
:10CAA0002005C3F1200102FA05F522FA01F10D4338
:10CAB00002FA03F3DB0843EA4575B5F5801FC7F8B2
:10CAC00000D08AB0D4F800C039BFA90A6B23290D61
:10CAD0004D2302AAC2E907134FF400735748938409
:10CAE000574BC2E9050C42F8103F00234FF4335175
:10CAF0005148F4F75BFE00230121D7F800D0C8F8B5
:10CB00001530C9F804304A4607F1300039600EF09C
:10CB1000D5FE396809F102090131C9B20529F2D1FE
:10CB2000F3780A2B89BFBB6D4FF48073C3F30312F4
:10CB3000012388BF9340A8F81E30C8F820503B6BF3
:10CB400013F4C02F56D0304607F1140207F130011C
:10CB5000FFF742FD804600284CD13D7D6B1EDBB2C5
:10CB6000FD2B47D815F00B0F41D020460EF078FF73
:10CB700015F0080317D001238022FA73019307F1FF
:10CB80000F0300931721434620460EF077FF05461A
:10CB9000D8B92269137D43F00103137515E0013301
:10CBA00040F1000586E7A90705D400238022B721BC
:10CBB000CDE90033E8E7802206212046CDE90033A5
:10CBC0000EF05CFF05460028EFD020460EF03BFF3C
:10CBD00085B101212B461B4A17480EF03FFF032168
:10CBE0002B46194A14480EF039FFD54692E66FF0ED
:10CBF0008505EEE70836C6E6C6F30B033BB14FF4F6
:10CC000080530321114A0C4800960BF05BFF4FF450
:10CC10008053360BAB626E6220460EF021FF204639
:10CC20000FF03AF9CBE56FF08503D3E66FF05705C7
:10CC3000BBE500BF139A0500D41C0500349A05001B
:10CC400005000001479A0500689A0500AD9A0500A5
:10CC500070B546680546B068C0B110F070FA01467C
:10CC6000A0B9B06802F02EFC0446A8B902460C49EF
:10CC7000B06810F04EFA22460121DB20F6F722F9C7
:10CC80002246012140F20D10F6F71CF92846BDE8B6
:10CC9000704004490BF0D4BF6FF0040070BD00BFBA
:10CCA00025CE030081BF04002DE9F04340F2063594
:10CCB0004768D00648BF4FF0030C3B7C02EA0505ED
:10CCC00058BFC2F3401C87B001F01F06B5F5837F43
:10CCD000144646EA43168DF803C045D00DD8062DFC
:10CCE00044D005D8A5B1022D12D06FF0150038E060
:10CCF000B5F5807FF9D101250AE040F20222954284
:10CD000036D0B5F5407F35D0B5F5007FEDD104259F
:10CD1000220331D501237A688B405360B86890BBF9
:10CD20005F2E06F01F034FEA561175D83C4A52F8A1
:10CD30002120C4F3004102EB8302D2F8803081F05D
:10CD40000101C4F3404423F4706344EA410423F036
:10CD50000F031C4344EA8C0444EA0524C2F88040D3
:10CD6000002007B0BDE8F0830925D1E70825CFE70B
:10CD70000625CDE70525CBE7630341BF01237A688C
:10CD80008B409360CAE731460DF1020210F0C4F9FE
:10CD900014F4403F80460CD13146B86810F0D5F904
:10CDA000B8F1000FDCD19DF80210B86802F0C2FBA8
:10CDB000D6E74FF0000901ABCDE90199CDE904397F
:10CDC000CDF80C903146B86803AA10F0EEF848454B
:10CDD000C6DB14F4003314D09DF80330C4F30044D0
:10CDE00084F001048DF80E308DF80C508DF80D4054
:10CDF0004B463146B86803AA02F0EEFA0028CFDAB3
:10CE0000AEE7CDE904330DF1030303933146B8686F
:10CE100003AA10F0CAF8F1E7203350F82330FFDE00
:10CE2000A82D05004209022A034670B503D0012A45
:10CE300018D0CAB170BD0E4E326951680029F9D0C0
:10CE4000012503F01F030C689D400029F2D08A6879
:10CE50002A4002D030464B6898473CB123682146AF
:10CE60001C46F2E7034EE7E7034EE5E72346F6E705
:10CE7000C00F0500A00F0500800F0500F0B5446845
:10CE80001646A068227C01F01F0587B045EA4215CE
:10CE900000286CD0B6F5001F04D1294610F0A7F980
:10CEA000002055E06268607CB6F5800F50624FF05C
:10CEB000000001AA0190506039D1B3F1007F14BF86
:10CEC000052304238DF804300023CDE904230393C4
:10CED000E3680DF1030723FA01F111F0010139D1E3
:10CEE000B6F1A07F36D105F01F035F2D4FEA551034
:10CEF00003F120033ED8214A52F8202052F8233073
:10CF0000DB0727D43A462946A06810F005F9163009
:10CF100018D002972946A06803AA10F046F8002806
:10CF200016DB01222946A06810F011F9B8E7B3F129
:10CF3000C06F05D0B3F1007F14BF01230223C1E706
:10CF40000323BFE73946A06802F0FEFA0028E0DAC2
:10CF500007B0F0BD3A462946A06810F0DDF8002879
:10CF6000D8D19DF80310A06802F0E4FAD2E76FF080
:10CF70008500EDE751F82330FFDE00BFA82D050046
:10CF80001A4BD3F8002602F0010312F0060F18BF67
:10CF900043F01003110648BF43F48073D10548BF26
:10CFA00043F08003510548BF43F02003510648BFBA
:10CFB00043F00203910548BF43F08003D10448BF0A
:10CFC00043F08003110748BF43F02003D10648BF58
:10CFD00043F02003910648BF43F02003120548BFE9
:10CFE00043F4006303600020704700BF00E010506E
:10CFF0004FF0FF32024B0020C3F80026704700BFFD
:10D0000000E01050044B054A01219362044AC720F6
:10D010001A600022F5F756BFE871002018090020B9
:10D0200000700C502DE9F04F89B002AFBB6043682F
:10D03000D0F810A0D3F820B09B8A3A617B614FF002
:10D04000FF324FF0FF3305460C460EF0C6FF0AF1E3
:10D050003C03FB600026002300220AF13C0003F0A1
:10D0600077FD33463A69964201D300235DE0207A8A
:10D07000010700F19B803A6901369642D4F800E03E
:10D080000BD2820709D4227D80EA020C0CF0010C3D
:10D0900002F004025CEA020C24D0002B4FD10EF007
:10D0A0006042B2F1005F4DD14FF00009D4F800802A
:10D0B000A388BA68CAF85080217A2846009242466E
:10D0C00000F0AAF8031E30DB43F609520023F8688B
:10D0D00003F03EFD00284BD028460EF0A4FF6FF071
:10D0E000730322E04FF001086268796903EB020CD8
:10D0F0008C4529D96C468CB0286802A92E4ECA618D
:10D10000C1E905637B690A46C1E9083040F203536F
:10D110000B852A4B42F8103F00234FF45151284809
:10D12000F4F744FB6FF01B03A54628467B610EF025
:10D1300061FF7B691C371846BD46BDE8F08F4FF094
:10D140000008D1E79846CFE7C10706D40BEB0300F0
:10D1500071467B6013F08DFA7B6862681A4493B263
:10D16000B8F1000F0CD1002B9ED09946D846A0E70D
:10D17000DAF84C30002B1CDB237ADB0702D40023C7
:10D180000C346FE7C345FAD123460AE0A9EB02014C
:10D19000D8681FFA81F918FA81F17B6013F069FAF7
:10D1A0007B685A680C3B9145F0D2E8E76FF0850345
:10D1B000BBE76FF00403B8E72E9B050006000001F3
:10D1C000341C050008B5CA0743681ED4C1F34201E8
:10D1D00002290BD003290ED0012911D14FF0CC72B6
:10D1E0009B6A1B680020C3F8242508BD9B6A4FF08A
:10D1F000C8621B68F6E79B6A4FF07F621B68F1E725
:10D200000121034A03480BF04AFC6FF01500ECE7DC
:10D21000119C0500341C0500F0B50C461D46164651
:10D2200089B04768122200210DF10E0013F047FA71
:10D2300004F001038DF80C30BDF8383004958DF8FA
:10D240000D30BB8C0696AB420AD20A4800930121EE
:10D250002B46094A0BF036FC6FF01B0009B0F0BDFD
:10D26000C4F3400282F00102B86A520103A902F03D
:10D2700087FEF3E7341C0500239C0500B0B5044687
:10D28000456800AFAB6998470121E8690EF0BCFE24
:10D29000234629462A69A86A10F0DCF9002818DA22
:10D2A00023686C4688B06A460C49CDE905134FF4F3
:10D2B0000073ADF81C300A4B42F8103F09480023B8
:10D2C0004FF4E251F4F772FA6FF00400A546BD4640
:10D2D000B0BD204604490BF0B3FCF8E76A9C05009A
:10D2E00003000001341C050099C00400036803F02A
:10D2F0001F025F2B02604FEA53129ABF024B53F892
:10D3000022000020704700BF1C2E05002DE9F04FC1
:10D310001646804640F2FF1A00EB81094E4985B05F
:10D32000C14503D1002005B0BDE8F08FD8F800203A
:10D33000C2F3C323082BC2F3080400F28A804748D3
:10D34000544508BF4FF0FF34B2F1506FC55C4FEA4F
:10D3500012630AD20C2B0CD8DFE803F00E1E5A57CA
:10D360002252570B0B0B0B5D6700382B60D04E2BF6
:10D370004ED06FF08500D6E7C6F80446621C3CD05C
:10D3800003A80394FFF7B2FF0123039A9B4603FA15
:10D3900002F21F46426012E0C6F80C46002740E049
:10D3A0004FF0000BC6F80046601C26D0012703A8EA
:10D3B0000394FFF79BFF039A07FA02F28260D8F802
:10D3C000002003A8130444BF4FF0010B0027019273
:10D3D0000394FFF78BFF039C019A00EB8400D0F8C5
:10D3E0008040C2F341222D0245EA82053D430C40B4
:10D3F000254345EA4B05C0F8805008F104088FE743
:10D400004FF0010BC6F80446CEE7C6F80846C5E75C
:10D41000C6F81046B2E7C6F80046002DBED1002778
:10D420000825631CE9D0BB46C9E7C6F80446F4E703
:10D4300003A80394FFF75AFF039B012700EB830027
:10D44000D0F8803023F0E04343F08043C0F88030D0
:10D45000E7E76FF0150066E7F0F0FCFFEDA50500CB
:10D4600038B5054644680121E0680EF041FF6B685D
:10D4700019686369C1F82435E28BA38BA07E13433E
:10D48000228C1343628C1343627E9BB20243207E44
:10D4900002431343C1F86C3569680B68D3F8002266
:10D4A00042F48022C3F800220822C3F800254A6A09
:10D4B0000121C3F83C270022C3F840271965D3F89F
:10D4C00030110029FBD0C3F800252846BDE83840BC
:10D4D00001490BF0B5BB00BF0FC304002DE9F047B5
:10D4E00004460D46466811F05FF8D0B9334B1B78FF
:10D4F00083F001036268D4F8108017689BB1402163
:10D50000EFF31183994681F31288BFF36F8F62683E
:10D510001268D2F83021D2B983F31188BFF36F8F2C
:10D52000EEE70123E6E74FF0400A4FF06409636835
:10D530001B68D3F830317BBB01200FF0F8FBB9F149
:10D540000109F4D10021202011F0F4F8EDE7D8F81A
:10D5500008301A0706D443F008032046C8F80830FC
:10D560000BF0E0FB736A00211D706368726A1B6830
:10D57000C3F83C270122C3F84027C3F83011D3F881
:10D5800030111A654FF48053C7F8043389F31188BA
:10D59000BFF36F8FBDE8F087EFF3118399468AF3ED
:10D5A0001288BFF36F8F62681268D2F83021002AA8
:10D5B000CDD183F31188BFF36F8FC3E78BBF0020FA
:10D5C00038B5044605690FF03AF9014670B90122F1
:10D5D00005F1B40010F0A9FE05F15C000EF085FF26
:10D5E0002046BDE8384002490BF02ABB38BD00BFD9
:10D5F000C5C7040008B50121034A04480BF04FFADF
:10D600006FF0730008BD00BFBC9C0500DC1C05006A
:10D6100070B50D1E0646046903DABDE870400EF0D1
:10D62000B7BFD4F8A83033B19D4213D901212A4A9B
:10D630002A480BF034FAD4F8B03033B19D422AD9DD
:10D640000121254A25480BF02AFA3046BDE87040F2
:10D650000EF0B5BF5B1BC4F8A830A3B9D4F8903066
:10D6600004F1A8020833C4F89030D4F8943004F1DF
:10D670009401013BC4F8943004F190000EF022FFB5
:10D68000C4F8A400D7E7D4F8A430002BD3D02B449F
:10D69000C4F8A430CFE75B1BC4F8B030A3B9D4F80A
:10D6A000983004F1B0020833C4F89830D4F89C30B4
:10D6B00004F19C01013BC4F89C3004F198000EF089
:10D6C00001FFC4F8AC00C0E7D4F8AC30002BBCD0EC
:10D6D0002B44C4F8AC30B8E7E29C0500DC1C050024
:10D6E0002DE9F04198468B880F4699040646154669
:10D6F000046900F18B804FF0FF324FF0FF3304F1EB
:10D700006C0003F025FA2766002D40F08880C4F8ED
:10D7100090500023C4F8943004F1A80204F194015D
:10D7200004F190000EF0CEFE0546C4F8A400B8F156
:10D73000000F7CD1C4F898800023C4F89C3004F119
:10D74000B00204F19C0104F198000EF0BBFE00232E
:10D7500080461A46D4F894C0C4F8AC00C4F88C30A3
:10D7600062456ED100221146D4F89CE0714570D11B
:10D7700093422CBFC4F8A030C4F8A02015B1D4F84F
:10D78000A83033B9B8F1000F79D0D4F8B030002BFD
:10D7900075D030460BF0C6FA054648BB39463046D0
:10D7A00000F072F80546002865D104F15C08E765D1
:10D7B00004F1B405284603F0F1F9304631490EF082
:10D7C000C4FF4FF0FF324FF0FF33284603F0C0F99B
:10D7D000394630460EF0BAFF30460EF0F0FE4046B5
:10D7E0000EF0B0FE054600283CD1BB889A040AD44E
:10D7F000E36D13B19B889B0405D40023236604F1D9
:10D800006C0003F071F92846BDE8F081636F002BCE
:10D810007FF471AF236E9F427FF46DAF74E72B6886
:10D82000C4F89030002B3FF474AF6B6872E7D8F8FF
:10D830000030C4F89830002B3FF47EAFD8F80430A5
:10D840007BE7D4F8901001EBC201496801320B4428
:10D8500086E7D4F8980000EBC10CDCF804C0013175
:10D86000624483E710F1740F05D130460EF0A7FF34
:10D8700040460EF067FE30460BF035FAB8E76FF021
:10D880001505B5E71FC60400F0B58BB005690C4659
:10D8900095F8283000AF0BB3EA6A0B689A421DD1A5
:10D8A0002A6B4B689A4219D195F84030097D99420C
:10D8B00014D1B5F84420238B9A420FD16B6BA26828
:10D8C000D9B19A420AD1AB6BE268534033F47F433B
:10D8D00004D1EA6B23699A4200F0AE80A28812F468
:10D8E00000630FD00121574A57480BF0D8F86FF06A
:10D8F000850630462C37BD46F0BD9A42EED1AA6B64
:10D90000E368E8E7D10716D56C4688B001686A4637
:10D910004E48CDE905014FF40071ADF81C104C499B
:10D9200042F8101F4FF4E2514748F3F73FFFA54676
:10D930006FF01506DDE712F0080305D0454A012116
:10D9400041480BF0ACF8F3E702F4FC61B1F5807FDD
:10D9500001D0414AF3E7266840498E4201D8404A47
:10D96000EDE729684668D1F80016B1F1FF3F10D005
:10D9700012F0020201F01F0CDFF8F0E04FEA511143
:10D980003BD102295AD801235EF8212003FA0CF377
:10D9900093604FF0FF33FB60B37F2268BB74B369C1
:10D9A0009A4294BF7A617B61A388990703F00402CD
:10D9B0002CD5002A0CBF02220322C3F300137B766E
:10D9C0004FF0FF33FB6196F820303A7687F820302D
:10D9D000012387F8233087F8243095F82830BBB12D
:10D9E000394628460FF0ACFC0646C0B1012103467B
:10D9F0001C4A15480BF05CF87BE7022920D801236C
:10DA00005EF8212003FA0CF35360C2E79208D4E7D2
:10DA1000034639462846144A0FF071FCE4E705F145
:10DA20002C0304F11C0254F8041B944243F8041B19
:10DA3000F9D1012385F8283000265AE79260FFDEED
:10DA40005B60FCE70A9D0500DC1C0500249D0500C9
:10DA500003000001469D0500659D050047E80100A3
:10DA6000949D0500C59D050015C70400982F05006D
:10DA700070B4104CD4E90015501A63EB0506400948
:10DA800040EAC6602026E0FB0615C4E90015002424
:10DA900000250949C1E90023084BC3E90045EFF31C
:10DAA0001181402383F31288BFF36F8F70BC03F0A2
:10DAB00079BF00BFC04D0020A84D0020B84D002008
:10DAC00008B500220121E420F5F7FCF9164A0020F0
:10DAD000D2F8183723F44033C2F8183701F088FE23
:10DAE000002820DB0120114901F00EFF00281ADB7D
:10DAF00001F058FE0E4B20F01F00C3E900010D4B52
:10DB00000022C3E900014FF0FF304FF0FF310A4B14
:10DB1000C3E90001094B0A49187A01F053FE672254
:10DB20000020084B1A6008BD00200E50940A002007
:10DB3000C04D0020A04D0020A84D00208C0A0020E0
:10DB400071DA03003C72002008B501F02BFE064A92
:10DB5000D2E90032C01A054B61EB0201C3E90001B2
:10DB6000400940EAC16008BDC04D0020B84D00200A
:10DB700010B501F019FF0120FEF7A4FA0AF000FB2E
:10DB8000BDE81040054B064A1B684FF47A70B3FBA2
:10DB9000F2F35843034B43F001031847E80A00200F
:10DBA00040420F00B0220500F7B5224B0146224F3C
:10DBB000187A224BD7E90056D3E900239E4208BFCA
:10DBC000954211D1B1F1806F0ED24901012938BFC0
:10DBD000012101224D1946F10006C7E9005603B0A4
:10DBE000BDE8F04001F06CBF154BDFF858C0D3E939
:10DBF0000043DCE9002CA41843EB0C0C4FF0200E82
:10DC000022466346C1FB0E23954276EB0301C7E92A
:10DC100000230DD2291B66EB0C04C82974F1000403
:10DC2000B4BF01210021009101F014FF03B0F0BD49
:10DC30000021F8E78C0A0020B04D0020A84D0020FC
:10DC4000C04D0020B84D002037B504690D4694F84A
:10DC500039304BBB0B7B022B29D10B680BBB94F8E3
:10DC600038204B68D2B9134A591E914219D86363C0
:10DC700020460DF107010FF06DFD10F10C0F0BD0D8
:10DC8000AB689DF8070013B104EB8002536194F870
:10DC90003830013384F8383003B030BD626B9A42BB
:10DCA000E6D06FF01500F7E76FF00F00F4E76FF0C4
:10DCB0008500F1E7FEFFCF0710B5002204690121BE
:10DCC00040F20910F5F7FEF800232046BDE81040A9
:10DCD0001946014A0FF01ABDDDDC0300B0F5827F62
:10DCE000F8B50C4602D10B4802F0FEFE01270A4EA1
:10DCF00004B9F8BD94FAA4F5B5FA85F506EB8503E9
:10DD00005B6913B129460548984707FA05F524EAE7
:10DD10000504EDE7D40A0020980A002060100500F1
:10DD200002460B46014802F0EBBD00BF480D002043
:10DD3000014802F057BE00BF480D002001490248CB
:10DD400010F0A6BB44720020C0630020094B93F87A
:10DD50000031042B02D1810709D47047022B02D174
:10DD6000020704D47047082B03D1830601D5FFF7BF
:10DD7000E5BF704742BC002010B403460A46044881
:10DD800081680C68194623465DF8044B184700BFAC
:10DD9000E00F0500B0B5002484B000AF3B1D7C60EF
:10DDA0000A22BC60C7F80B4039600146184612F0E1
:10DDB000CBFC6D468AB003466A4639680D48079128
:10DDC000CDE905034FF40073ADF820300A4B42F85B
:10DDD000103F4FF4115123460848F3F7E7FCAD46D6
:10DDE00084F31188BFF36F8F0323184602DF1037C7
:10DDF000BD46B0BD109E050004000001AC1B05002F
:10DE00002DE9F0418AB0064600AF0D463C483D4939
:10DE100010F013FB07F11400E3F791FD6C4688B096
:10DE20006A46394B0593394B06934FF40073ADF8AE
:10DE30001C30374B42F8103F3649374807F114037E
:10DE4000F3F7B4FCA546354810F021F958B9012183
:10DE5000334A31480AF023FE6FF012042046283777
:10DE6000BD46BDE8F0812F4B07F10800BB60D3F73A
:10DE700059FF034638B101212B4A27480AF018FE02
:10DE80006FF01504EAE74FF0FF304FF0FF31FFF776
:10DE900047FF04460028E1D10820D3F7B3FA20B1A8
:10DEA000FFF746FF6FF08504D8E720492048D3F7F5
:10DEB00067FA044610B1FFF73BFFCFE741F64C5835
:10DEC00007F10C00C7F80C80D8F710F90028E7D14B
:10DED0000123381D3B71E6F70DF80028E0D107F16A
:10DEE0001000C7F81080D8F709F90028D8D1FFF73B
:10DEF0001FFF33690F481D60F7F710F9AEE700BF49
:10DF00004472002009CA04005C850500359E0500A6
:10DF100003000001C01C4001AC1B0500E00F050020
:10DF20005C9E050079DD03007C9E0500C84D002045
:10DF300039E003004DDD030030B53C4887B0D3F72E
:10DF4000C1F8044600286BD10125D3F76BFAD3F74B
:10DF500075FAD3F77FFAE3F7F6FCE3F7F2FCE3F7A1
:10DF6000F4FCE3F7F4FCE3F7F4FC2946204603AAAB
:10DF70008DF80C50D3F706F9002850DB022120461B
:10DF800003AA8DF80C50D3F7FDF8002847DB0823CF
:10DF90000721204603AAADF80C30D3F7F3F8002888
:10DFA0003DDB4FF0FB13039340F203230321204694
:10DFB00003AAADF81030D3F7E5F800282FDB0421D1
:10DFC000204603AA8DF80C50D3F7DCF8002826DB96
:10DFD0001F230621204603AAADF80C30D3F7D2F850
:10DFE00000281CDB03230521204603AA8DF80C30F2
:10DFF000D3F7C8F8002812DB41F2F253984212D945
:10E000000B4A009029460B480AF05CFD84F3118806
:10E01000BFF36F8F0423184602DF6FF00B00044636
:10E02000204607B030BD2046F9E700BF95DD03006C
:10E03000A09E0500AC1B050073B5434C94F800315D
:10E040003BB394F80031042B56D120783E2833D1CD
:10E05000A678B31E5E425E416378FF2B2ED14FF44B
:10E060008073009340F201130121384A38480AF0C6
:10E0700029FD6FF00B030121364A35480AF018FDDF
:10E08000002383F31188BFF36F8F0423184602DF48
:10E090001DE04FF0FF304FF0FF31FFF741FE48B970
:10E0A000204604F5807100F047FB0546FFF740FE6F
:10E0B000002DC6D002B070BD0026CDE7002200239F
:10E0C0003146F7F735F8054648B9002EF2D000235F
:10E0D00084F8003102B0BDE87040FFF72FBE6278CF
:10E0E0000232194905F10C000BF0E3FA1A4B2946EC
:10E0F0001B681A489847EAE7022B10D10022002338
:10E100000820F6F7F3FF05460028D3D063880433D0
:10E11000B3F5807F0FD94FF480720092A4E7082BEB
:10E120000BD1002300222020F6F7E0FF638805468C
:10E130000028ECD1BEE71A46D3E70121084A04487B
:10E140000AF0B6FCC3E700BF42BC0020C39E050036
:10E15000AC1B05001D9F05004072002080100500CB
:10E16000E49E05002DE9F341A74D07462C78002CCD
:10E1700040F0DE8204238DF80730A44B0688D3F8E4
:10E180000080B8F1000F15D1B6F5105F4FEA962365
:10E190000BD2002B00F0BF82013B072B62D8DFE8D7
:10E1A00003F026614D95616161DD3F2B00F0D38165
:10E1B00001200EE20DF106030DF10702691CC047B4
:10E1C0000128E1D09DF8063013B9012840F0A6825D
:10E1D0000F236B700423AB700123E8702B71A5F83B
:10E1E0000560012300202B7002B0BDE8F0813846A5
:10E1F00040F2064230F9033B934219D040F21D42EF
:10E20000934218D0012042F219039E4200F270821C
:10E2100042F20C039E4200F2608240F21D4340F243
:10E2200006429E4218BF964214BF0124002430E0EB
:10E23000D7F7D8F8E7E7D7F789F9E4E7384640F6A3
:10E24000634230F9033B934234D00EDC40F6034284
:10E25000934223D040F62D42934222D040F6014211
:10E26000934213D00120044613E040F67B429342D0
:10E2700023D040F67C429342F4D19DF807306449A4
:10E2800002338DF80730E5F7BFFD01E0D3F726F93B
:10E29000012484F001038DF8063093E7E3F746FB91
:10E2A000F6E79DF807305A4903338DF80730E5F754
:10E2B0005DFAEDE7D3F724F9EAE79DF80730544912
:10E2C00004338DF80730E5F77CFDE1E73B88A3F5E3
:10E2D0008053013B082BC5D801A252F823F000BFA0
:10E2E00005E3030017E303002BE3030065E20300EB
:10E2F00065E2030065E2030065E2030065E20300F6
:10E300004BE303009DF80730414808338DF8073090
:10E31000E5F7CCF9BCE79DF807303D4840338DF870
:10E3200007300EF073FB0020B2E700229DF80730A3
:10E3300008338DF80730364B1A605A60EB7A23F0B9
:10E34000600343F06003EB72EDE79DF8073030485F
:10E3500006338DF80730E5F756FA99E7384630F876
:10E36000033BA3F50053013B4A2B00F2A781DFE8F2
:10E3700013F051005E006700A50170007300A50155
:10E38000760079007C007F00820085008800A5016E
:10E39000A501A501A5018B008E00A50191009400A7
:10E3A0009D00A600A900B200BB00A501A501A50122
:10E3B000A501A501C500A501CE00A501A501A501E6
:10E3C000A501A501A501A501A501A501A501D100F2
:10E3D000DA00E300E600A501A501A501A501A5015C
:10E3E000A501A501A501A501A501A501A501A501FD
:10E3F000A501A501A501A501A501A501A501A501ED
:10E40000A501A501A501E90043BD0020547200202B
:10E410004ABD0020D3F77EF842F264039E423FF4E7
:10E4200038AF42F264039E4200F2D380EBE69DF8DF
:10E430000730AD4803338DF80730D6F7C9FFEBE757
:10E440009DF80730A84808338DF80730E5F7C6FB7C
:10E45000E2E7E5F7F5F9DFE7D7F7D8FDDCE7E5F721
:10E460004AFCD9E7E5F722FCD6E7E5F769FCD3E7F4
:10E47000D7F748F9D0E7E5F7A2FACDE7D7F7FEFBE3
:10E48000CAE7D7F761FCC7E7E5F7BBFAC4E7E5F7EA
:10E490003FFBC1E7E5F792FBBEE79DF807309249E5
:10E4A00010338DF80730E5F78DF9B5E79DF80730A3
:10E4B0008D4808338DF80730E5F704F9ACE7E5F748
:10E4C000D5FBA9E79DF80730874902338DF807305F
:10E4D000E5F757FCA0E79DF80730834902338DF834
:10E4E0000730E5F75FFC97E79DF807300020083319
:10E4F0008DF80730FF23EB71EB728DE79DF8073045
:10E50000794902338DF80730E5F7AAF984E7D6F7A1
:10E51000D9FF81E79DF80730734808338DF807303D
:10E52000E5F7D2F978E79DF807306F4904338DF8A5
:10E530000730E5F7DAF96FE7D6F7DCFF6CE7E5F7C8
:10E5400013FA69E79DF80730674802338DF8073002
:10E55000E5F727F960E738464FF60F4230F8033BFE
:10E56000934213D8B3F57C4F7FF622AEA3F57C43DC
:10E57000013B0E2B00F2A480DFE803F0233AA2A2B5
:10E58000A261A2A24F5864A2A26D760003F2FD22FE
:10E5900092B2182A3FF60CAEA3F57D43033B182B2D
:10E5A00000F28E80DFE803F0698C6C8C8C8C6F8CB1
:10E5B0008C72788C8C8C8C758C7B8C848C8C8C8CF9
:10E5C00087009DF8073048480C338DF80730E3F793
:10E5D000C2F942F285039E4200F2978042F267033D
:10E5E0009E426FD842F26603F41A18BF012450E627
:10E5F00000209DF8073040338DF807303A4B1880E3
:10E60000EB7923F0230343F02303EB712B7A23F000
:10E61000670343F067032B72DBE79DF8073032484E
:10E6200017338DF80730E3F7B1F9D2E79DF80730DB
:10E630002D4820338DF80730E3F7CCF9C9E7E3F72D
:10E64000A3F9C6E79DF80730274801338DF8073056
:10E65000E3F7DDF9BDE79DF80730234904338DF872
:10E660000730E3F7EAF9B4E79DF807301E490433B1
:10E670008DF80730E3F7F4F9ABE7E5F73BFCA8E7E3
:10E68000D7F734FDA5E7E3F7F6F9A2E7E5F71BFCBA
:10E690009FE7D7F733FD9CE7E3F7F1F999E79DF89A
:10E6A0000730114904338DF80730E3F7EEF990E7AE
:10E6B000D7F72CFD8DE7D7F735FD8AE70120ABE6CC
:10E6C0000120AEE6A6F50153283B9AB2074BD34092
:10E6D00003F0010383F00104DBE5A6F500530D3BD5
:10E6E0009AB241F24123F2E74ABD00202F80402038
:10E6F00042F232039E423FF4CCADA6F50153033BF8
:10E70000012B94BF00240124C3E54FF6025226F0EA
:10E7100008039C1A69E701242046BAE59DF80730F2
:10E720000E22AB7001236A70EB70AE80A87158E5C1
:10E730004FF0FF3058E500BF38B5094C0D4623783F
:10E740001BB9BDE83840E3F733BBA278611C023245
:10E7500011F08FFF0020042320702B7038BD00BF04
:10E7600043BD002070B505460E46084C20460FF00C
:10E770008EFC38B1A36829462046B2B21B68BDE8BA
:10E78000704018476FF0120070BD00BFE00F050029
:10E790004FF40071014803F005BC00BF8BBD0020A1
:10E7A00070B50446012C10461A4607D00C480121CA
:10E7B0000C4A0AF074F96FF0850070BD0A4C0B4DDD
:10E7C0002368AB420A4B02D11E688E4205D02560F9
:10E7D0001960BDE8704000F0EDB80020EDE700BF23
:10E7E000E41B0500759F050058720020B02F05003E
:10E7F000E40A0020044A126812B108B1936818476D
:10E800006FF00C00704700BF5872002010B5084B25
:10E810001B6853B1DB689847044620B10121054AC3
:10E8200005480AF03CF9204610BD6FF00C04FAE7E9
:10E8300058720020889F0500E41B050030B5134C7A
:10E8400085B02368DBB9E8B10568DDB14168C9B1BD
:10E850008268BAB12560029343690193036900930A
:10E86000C3680B48F3F774FC044628B10121034642
:10E87000084A09480AF01CF9204605B030BD6FF07F
:10E880000D04F9E76FF01504F6E700BF5C72002095
:10E8900060720020A69F0500F41B050010B5044619
:10E8A00028B104480AF084FC2060002010BD6FF0FD
:10E8B0001500FBE7607200200A4610B501460023F0
:10E8C00006480AF031FC044628B101210346044AF7
:10E8D00004480AF0EDF8204610BD00BF6072002029
:10E8E000C89F0500F41B050010B5044668B100225E
:10E8F0000123114607480AF017FC044628B10121FC
:10E900000346054A05480AF0D3F80022044B204686
:10E910001A6010BD60720020C89F0500F41B05003E
:10E920005C72002008B50023064883600361C36859
:10E9300033B1416900F0FAF80022034B1A6008BDB8
:10E940001846F9E7607200205C7200200023032162
:10E95000014A02480AF0ACB8FF9F0500EC1B050015
:10E9600013B5002108460CF0B2FE044648B100235E
:10E9700000900121044A05480AF0A4F8204602B09C
:10E9800010BDFFF7E3FFF9E739A00500EC1B050018
:10E9900040B110F0030305D1044A1060044A184640
:10E9A000116070476FF01500704700BF947200202F
:10E9B00090720020F0B58BB000252C4A2C4C1560CD
:10E9C0002268034602AF52B901212A4A2A480AF0B6
:10E9D00066F86FF0120420462437BD46F0BDB0F54E
:10E9E000322F0AD94FF43222012100922248234AC1
:10E9F0000AF068F86FF01A04EDE7214E30460FF088
:10EA000046FB0346A8B96C4688B002AA1D4951616D
:10EA10001D4991614FF4007191831C4942F8101F08
:10EA20004FF4E2511448F2F7C1FEA5466FF00D0411
:10EA3000D1E7174B4FF44222C7E901362368381D4E
:10EA4000FB60144BFD611B683B614FF43223C7E947
:10EA50000523FFF7F3FE041E06DA012123460E4AC2
:10EA600005480AF025F8B6E72C46B4E78C7200207A
:10EA70009472002064A00500EC1B050098A005001E
:10EA8000A0100500CAA00500EDA0050003000001CC
:10EA9000FDA005009072002006A1050010B50446F7
:10EAA000FFF7FCFE20B9034A236812681344236071
:10EAB00010BD00BF8C72002030B4064A064C1368AB
:10EAC00024680B44B3FBF4F504FB1533136030BC2E
:10EAD000FFF7F2BE8C7200209072002038B5054618
:10EAE000FFF702FF044638B101210346074A0848F0
:10EAF00009F0DEFF204638BD15B1064B1860F9E776
:10EB00000321054A024809F0CAFFF3E727A10500DF
:10EB1000EC1B05008C72002047A105000022024B6F
:10EB20001A60FFF7FFBE00BF8C7200207FB504465D
:10EB3000C06801AA0CF008FF054640B10121034658
:10EB4000104A114809F0B4FF284604B070BD206A8D
:10EB5000DDE901128B189842F6D2E0680AF0ACFCAD
:10EB6000064638B101210346084A074809F0A0FFCC
:10EB70003546E9E7DDE90132134462699B1A2362F5
:10EB8000E2E700BFB0760500DC1B050079A10500B7
:10EB9000322337B50125ADF8043000231C21684627
:10EBA000134A8DF80630ADF800508DF80230E1F7C9
:10EBB000E3FE0446C8B90CF041FE80B2E0F70EFB5C
:10EBC00029460C48E8F78AFC044670B901462A46F3
:10EBD0008520F4F777F92A462146E520F4F772F903
:10EBE0002A4621468A20F4F76DF9204603B030BD4D
:10EBF00009EC03009C720020014902480FF048BC58
:10EC000000730020C0630020B0B5002484B000AFC2
:10EC10003B1D7C600A22BC60C7F80B40396001468E
:10EC2000184611F091FD6D468AB003466A46396870
:10EC30000D480791CDE905034FF40073ADF820307E
:10EC40000A4B42F8103F4FF4115123460848F2F79F
:10EC5000ADFDAD4684F31188BFF36F8F03231846D3
:10EC600002DF1037BD46B0BDABA1050004000001B6
:10EC70007C1C05000122054B05491A63A3F54323BB
:10EC8000D3F818050860C3F81825704700E0105045
:10EC9000FC7200200122044B5A63044B1A68044B97
:10ECA000C3F81825704700BF00E01050FC72002028
:10ECB00000B0045003460221014A024809F0F8BEA0
:10ECC000D3A105009C1C050028B1022806D1042010
:10ECD000034B1B681847024B1B68FBE7FFF7EABFB3
:10ECE00010730020014B02201B681847107300208E
:10ECF00028B1012807D100200349E0F767B9034B89
:10ED000002201B6818477047C9EC030010730020ED
:10ED1000014B1860002070471073002010B51D488B
:10ED2000D0E8AF3F23B9062904D8042926D839B141
:10ED3000002010BD0729FBD1383801F0D5FEF7E7D8
:10ED400050F8203CA0F13804D3E900209047012876
:10ED500008D0114B984203D00223606384F82C3012
:10ED60000E48E6E742F21073A362032384F82C30C6
:10ED700004F11C0384F821002363F1E700F8173C39
:10ED8000074BA0F11C0140F8103C3838007CE8F734
:10ED9000E6FBCDE74C7300201F6466024073002041
:10EDA000FF3F420F0122002101480FF0BEBA00BF11
:10EDB00014730020014B5861704700BF147300208A
:10EDC00070B54FF0FF3105464FF0FF30FEF7A8FF5A
:10EDD0002E492F48E1F7C6FC0446FEF7A9FF002C98
:10EDE00008DA2C48234601212B4A09F061FE6FF016
:10EDF0000B0070BD40F20113284C0022238463698C
:10EE0000A5616433636242F21073A3626FF073030F
:10EE10002277636304F13805D5E8EF3FC5E8E12FB9
:10EE20000029F9D14FF0FF314FF0FF30FEF778FFA6
:10EE300004F11C01207CE8F792FBFEF779FF002328
:10EE40002046174A01F084FE00282E460BDA0121E5
:10EE5000144A104809F023FE0123D6E8EF2FC6E834
:10EE6000E13F0029F9D14FF0FF314FF0FF30FEF7BD
:10EE700057FF207CE8F755FBFEF75AFFD5E8AF3F78
:10EE800013B1064801F08AFE606BB2E724730020DC
:10EE90001DED03001C1C0500FFA1050014730020DC
:10EEA0000E720B0025A2050010B50C29036915D1BF
:10EEB00018680C4C80EAE0730028A3EBE0734FF075
:10EEC00000004FEA930103F0030304FB03F3BDBF0B
:10EED00049425B4211601160536010BD6FF08500C4
:10EEE000FBE700BF90D00300F0B5816885B0103912
:10EEF000054621F00F040AF0C6F86A460A4B03F1F2
:10EF00001007164618685968083303C6BB423246D4
:10EF1000F7D110236A46214628460AF071F80038D6
:10EF200018BF012005B0F0BD4432050030B50D46D4
:10EF3000816887B0102302AA103904460AF04BF802
:10EF4000002802DA012007B030BD1022204602A9B5
:10EF50000DF017FE00283AD110221E4902A811F028
:10EF6000C4FB00280CBF012302232B7020460DF0A8
:10EF7000F4FD012301460DF1070220460AF02BF8AB
:10EF80000028DFDB9DF80730204603F00F021B0945
:10EF90006A702B7101220DF107010DF0F2FD10B91D
:10EFA0006B78042B03D901236B7000232B71A268AB
:10EFB0002046203A22F00F02103AA91C0DF0F4FD71
:10EFC0000028BFD12046E91C0DF046FEBBE7032315
:10EFD000CBE700BF443205002DE9F04184B0DFF8F3
:10EFE000108100AF46000546394658F826000DF05E
:10EFF00039FE044620B1FF201037BD46BDE8F08140
:10F00000013658F8260007F108010DF02BFE012803
:10F0100008D103212B462D4A2D4809F049FD2D4BDF
:10F020003C73BB6000263A7897F808802A4C11465A
:10F0300020780DF098FD002837D0414660780DF01B
:10F0400092FD002831D0A378042B02D0F9789942A0
:10F050002BD1E378042B02D0F97A994225D1237978
:10F06000042B1FD16379023BDBB2022B2AD91B4B45
:10F070006E468AB06A46079340F201331849ADF8EC
:10F080002030184BCDE9051542F8103F00231048F9
:10F090004FF41351F2F78AFB6079B546831E022BB9
:10F0A000AAD9A8E7B9789942DCD00136032E04F139
:10F0B0000604BCD106482B4631460B4A09F0F8FC41
:10F0C000012099E7094A52F82330D1E769A20500E7
:10F0D0005C1C050003010303F6A5050057A205000B
:10F0E000AFA2050004000001CEA20500C82F050054
:10F0F000D42F050013B50C4B0C4603EBC00001A93F
:10F100000079F2F741FF014660B9221E18BF0122C3
:10F1100001980DF0D2FD0446019809F05BFF2046EE
:10F1200002B010BD0124FAE7D42F0500064BD3F836
:10F1300040231C2A05D1D3F84403431E58425841AA
:10F1400070470020704700BF00C0FF0003689A07A7
:10F150000CD50368DB070DD50922074BC3F80C2536
:10F160000F22C3F8042501221A60FEE7034B036057
:10F17000EF3B0360704700BF00801050F000FA5072
:10F1800008B50123474A4848C2F80038474AD2F830
:10F1900040231C2A04BF464AC2F80C34FFF7D6FFAE
:10F1A0000830FFF7D3FF0830FFF7D0FF0830FFF734
:10F1B000CDFF00F5F470FFF7C9FF3E4AD2F88C305E
:10F1C00043F44063C2F88C300022D30003F57F0380
:10F1D00003F54043D3F8001401310AD0D3F80014EA
:10F1E00039B1D3F800140132D3F80434402A0B604B
:10F1F000EBD12C4BD3F84024002A4ED0FFF796FFDA
:10F2000048B12A4BD3F834232B4B9A429EBF254B4F
:10F210002A4AC3F84026FFF789FF18B1284B294A2C
:10F22000C3F8AC27FFF782FF48B134221D4BC3F867
:10F230002426D3F83C2622F40022C3F83C26224B95
:10F24000D3F80026D20744BF6FF00102C3F80026AE
:10F250001E4BD3F8182522F00302C3F81825D3F863
:10F26000182542F00302C3F81825124AD2F88C1070
:10F2700041F44061C2F88C10D2F8881041F470015A
:10F28000C2F88810BFF34F8FBFF36F8F0022104971
:10F29000C1F8D426C3F8A02508BDC822C3F840246D
:10F2A000ACE700BF0000125000C50D5000C0FF00C9
:10F2B0000030055000ED00E0001D0A1840E0A91ED6
:10F2C00000A0085078000A0400E0105000B004507C
:10F2D00000600D50036803F01F025F2B02604FEACD
:10F2E00053129ABF024B53F822000020704700BF10
:10F2F000DC2F0500034A4309D35C00F01F001844CB
:10F30000C0B2704708A60500F0B50646002487B0D5
:10F31000114F019117F8012B06AB03EBD20313F841
:10F32000143C02F00702D34013F0010306D101346C
:10F33000032CEFD10023184607B0F0BD074A03ADF8
:10F3400007CA85E8070055F824100A6A46F8242001
:10F350000A62002AEBD0EEE718A60500B81D0500EA
:10F36000F7B504460846FFF7C5FF04EB4006B38A2D
:10F370000D46DB072AD520460DF0F5FD294620462F
:10F380000DF062FD50B120460DF074FD002327689A
:10F3900007EB8000C0F81035C0F81035294620462C
:10F3A0000DF091FD002101A8B1820195FFF792FFB8
:10F3B000019B00EB8300D0F88020064B134043F004
:10F3C0000203C0F88030084603B0F0BD6FF01500AE
:10F3D000FAE700BFF0F0FCFF2DE9F043044685B0EA
:10F3E000084615461F46FFF785FF0E46804625B3A3
:10F3F00020460DF034FD18B920460DF025FD18BB50
:10F4000004EB4809B9F8143003F01C0313B16B780E
:10F41000012B19D001238DF80F3000233046CDE9A0
:10F4200000536A1CAB1C0DF10F010DF0B5FCB9F8CF
:10F43000143043F00303A9F81430002F3ED03146B6
:10F4400020460DF00CFD20B96FF0150005B0BDE8A9
:10F45000F0830022397823684FEA810C03EB8103A3
:10F46000C3F81025C3F8102504EB4802938A23F44F
:10F47000604323F0200393827D78FDB12468B8783F
:10F480006444D4F810750E4B2D043B40C4F810357D
:10F4900041F6F07305F4403503EA06130005D4F88D
:10F4A00010752B4300F4801003433B43C4F8103520
:10F4B000938A43EA413343F0200393820020C5E757
:10F4C0000FE0ECFF70B590F87440054690F8756059
:10F4D00044BB46222146143011F0F1F82146134A6C
:10F4E0002B6852F836608E4212D1002440F20D1083
:10F4F000C3F84441D3F844210D4A934208BFDB20AE
:10F50000F3F7BEFC0123204685F874302B6670BDEE
:10F51000CAB2920002F58070442A04BF1C501A58E7
:10F520000131E0E76FF07700F1E700BFE82F050059
:10F5300000A00D5090F87500024B03EB80000DF019
:10F5400012BC00BFEC0A002010B5064B90F8750005
:10F550000C4603EB80000DF0ECFB0028A4BF2070EC
:10F56000002010BDEC0A00202DE9F04F804658F82D
:10F5700004BB90F87540DBF814136A4BC9B253F81A
:10F58000342007468BB0584641F400310DF0C4FCDE
:10F590008203054639D50023CDE907330993614B32
:10F5A000E60003EBC404636807A819460093FFF75D
:10F5B000ABFE331D03934FF0000A5B4B0DF11C09AA
:10F5C0000293029A574912F8013B0292039A02EB06
:10F5D000D3028A5C03F0070322FA03F3DB071AD491
:10F5E0000AF1010ABAF1030F09F10409E9D14FF454
:10F5F0000031002258460DF08FFC009907A8FFF754
:10F6000083FE0028D7D125F400350124002D73D1C5
:10F610000BB0BDE8F08F454B53440493D9F800601C
:10F62000002EDDD096FAA6F6B6FA86F6049B1C7874
:10F6300046EA44142046FFF75DFE07EB4000818A4E
:10F64000F208C1F3820305930193012319F8020024
:10F6500006F0070603FA06F620EA060009F802009B
:10F6600006A80694FFF736FE069A11F0100F02F175
:10F67000200250F82260059BC6F3014623D0404685
:10F68000019A21460DF000FC06A80694FFF722FE21
:10F69000069BF6B2203350F82330C3F301439E4259
:10F6A00007D1002120460DF0C0FB314620460DF069
:10F6B000BCFB06A80694FFF70DFE0122069B02FA8A
:10F6C00003F30362AAE7022E14BF0221032120469E
:10F6D00005930DF0AAFB059B032B03D0022E07D147
:10F6E000012BE6D121464046019A0DF0CDFBE0E723
:10F6F000032EDED1022BF4E795FAA5F3B3FA83F3D8
:10F7000004FA03F225EA020503F5A2725BF822204F
:10F7100007EB43034046B3F86410C2F301420DF017
:10F72000B3FB73E7E82F050018A6050018A605002F
:10F730000123034A03FA00F0936803439360704780
:10F74000F80500200123044A03FA00F0936823EA35
:10F7500000039360704700BFF805002073B50446AE
:10F760000191EFF31186402383F31288BFF36F8F6B
:10F770000B4D019B6A6801A8134001930DF0D9FA63
:10F78000002807DB01226B68824023EA02036B60DA
:10F790002070002086F31188BFF36F8F02B070BD18
:10F7A000F80500204FF0FF326FF0404330B5044CB5
:10F7B000D4E90001824273EB0105F9D330BD00BFEB
:10F7C00040270E5030B50C25074B1C1894F85440B8
:10F7D00005FB0433C3E9031218750123034A834070
:10F7E000C2F8243330BD00BFF805002000200E50C1
:10F7F000F8B53E4C2278002A72D13D4BD3F8101553
:10F8000021F00201C3F81015D3F8101541F00101E1
:10F81000C3F810150521C3F8A4160421C3F8AC16CB
:10F820000723672101F001000244013BD2B24FEAF5
:10F830005101F7D1052A56D119464FF0010C2B4E34
:10F8400000256720CFB204E00CFA02F220EA0200A1
:10F85000013590FAA0F25FFA85FEBE45B2FA82F257
:10F86000F2D3013132750529224482F8547006F131
:10F870000C06E5D1012100251E489A0801FA02F282
:10F8800012F0670F18BF1D500433302BF5D1E42060
:10F89000F3F7F6FA164B1849D3F8102503F5C073A1
:10F8A00022F00202C3F8902340F6FF72C3F8A821A9
:10F8B00000221A60A3F5807004338B420260F8D1F5
:10F8C00001250B4B0D4A1D660D4B5D201B68B3FBDC
:10F8D000F2F358430B4B2B43984700202570F8BD9B
:10F8E0006FF07700FBE76FF08B00F8E7F80500207A
:10F8F00000200E5000210E50B0210E5040420F004B
:10F90000E80A0020C022050038B5244B0D46D3F884
:10F91000102594073CD4D3F8102542F00202C3F816
:10F920001025C0B1D3F8482712F0010202BFD3F866
:10F93000481741F00101C3F84817184BD3F8401796
:10F94000D3F844174800F9D42AB9D3F8482722F04D
:10F950000102C3F84827124B124A1B68B3FBF2F3AB
:10F960000E4A03EB4313B3B1D2F84017D2F8441751
:10F9700049000BD44FF0FF312846FFF7EFFE044655
:10F9800010B92878FFF7D4FE204638BD013BEAE7DE
:10F990006FF07704F8E76FF07304F5E700200E507E
:10F9A000E80A002040420F002DE9F047DFF8A09060
:10F9B00067234E4656F8044F0025E4434FF00108F4
:10F9C000224F04F06704C7F82833E9B2E4B9E42011
:10F9D000F3F764FA1D4BD3F8482722F00102C3F86D
:10F9E0004827D3F8102522F00102C3F81025D3F8D8
:10F9F000102522F00202C3F8102501225A669A66E9
:10FA000089F80040BDE8F087D9F8083008FA05FA0F
:10FA10000AEA030313F0670F02D00846FFF792FECD
:10FA2000D9F80430DB4303F0670313EA0A0F09D067
:10FA3000002207EB0513C3F82C25E30702D5304657
:10FA40000DF091F964080135BFE700BF00200E50AA
:10FA5000F805002070B51E461546174A9DF810108F
:10FA6000131893F854300C3302EBC30442F83350AC
:10FA70006660C6F313020401A1B104F1A04404F5C9
:10FA80006224C4F82055C4F824250C4C800004449A
:10FA9000236833B1FFF786FEA842B14101D20023AB
:10FAA000236070BD04F1A04303F56223C3F8205521
:10FAB000C3F82425F5E700BFF805002000210E500B
:10FAC000F0B50E4D2B1893F8543000010C3355F857
:10FAD000334005EBC3077E68641800F1A04021F0B5
:10FAE000004146F1000641EAC27100F5622045F886
:10FAF00033407E60C0F82815F0BD00BFF805002037
:10FB0000F7B5284B284CD3F82C6304F188070EB9BD
:10FB100003B0F0BD96FAA6F00123B0FA80F083405E
:10FB2000DA43224926EA0306231893F85450830047
:10FB300019440C2303FB0543DB6873B3D7E8EF3F9D
:10FB400003EA020CC7E8EECFBEF1000FF6D1C340C6
:10FB5000DB0719D5020102F1A04202F56222D2F8B8
:10FB60002435D2F82025D1F800C0BCF1000FCED04A
:10FB70004FF0000CC1F800C00C2101FB05452969BC
:10FB80000091E9688847C2E705F10C0304EBC30C58
:10FB900054F83320DCF80430E5E70A68002AB6D0D0
:10FBA0000B60B4E700200E50F805002000210E5035
:10FBB000044B40EA0120C3F80005D3F80024D20723
:10FBC000FBD5704700B00450036803F01F025F2BA1
:10FBD00002604FEA53129ABF024B53F822000020F2
:10FBE000704700BFF82F050010B50B4B04680B4A97
:10FBF0000B48844208BF1346B3FBF1F001FB1033FE
:10FC0000834206D2C30704D47E288CBF0020012083
:10FC100010BD0020FCE700BF0024F4000020A10775
:10FC200000A0045073B51646421C1C460546069BB0
:10FC300018D0012902D1BBB10DF030FB01A801950C
:10FC4000FFF7C2FF019B240200EB8300D0F8802065
:10FC5000074B44EA86040C4313401C4344EA410129
:10FC6000C0F8801002B070BD0DF024FBE6E700BFC5
:10FC7000F0F0FCFF2DE9F04F91F8213005460C46DD
:10FC800085B0002B00F0BA8091F822706A4A29688A
:10FC90006A4E6B486369914208BF064694F8232078
:10FCA000B6FBF3F695F8223062F3000385F82230B4
:10FCB000227CDBB262F3410385F8223094F8238082
:10FCC000B8F1000F34D162695E4B01219A4214BF32
:10FCD0004FF005094FF00F09237E4246012B94BFD8
:10FCE00000230123009320684B46FFF79BFFCDF8CC
:10FCF00000804B46424601216068FFF793FFCDF834
:10FD000000804B464146A27EA068FFF78BFF237C14
:10FD1000424683F00103009301214B46E068FFF760
:10FD200081FF012100914B464246E069FFF77AFFCF
:10FD300094F82130002B63D04FF0FF336B62637E69
:10FD400094F8211094F81280207E0393002961D04A
:10FD5000D4F80CC0217C94F8249094F820E02B680F
:10FD6000B9F1000F12D1D4E901BAD4F81C9022687D
:10FD7000C3F80026C3F804B6C3F808A6C3F80C9667
:10FD8000C3F810C6C3F8B815C3F8B075039AC3F822
:10FD9000C085003A18BF01220228C3F82C653CD068
:10FDA00003283DD0012801D142F00202C3F85425B6
:10FDB000C3F8ACE5244BD3F840331C2B14D1022EEE
:10FDC00031D9237E13F0FD0F2DD176080136F6B21E
:10FDD000BE4238BF3E462B68C3F8B06595F8223066
:10FDE00043F0040385F822306B680BB32868C0F336
:10FDF000083005B0BDE8F04FF3F742B8022745E7F9
:10FE0000E3686B62227C95F8223062F3410385F847
:10FE1000223094E74FF0FF3C9DE742F00402C5E733
:10FE200042F00602C2E795F8223023F00403D9E736
:10FE300005B0BDE8F08F00BF00A004500024F4001E
:10FE40000020A1070048E80100C0FF00431C07B5DF
:10FE50000ED0019001A8FFF7B7FE019B00EB8300D5
:10FE6000D0F88020044B134043F00203C0F88030E8
:10FE700003B05DF804FB00BFF0F0FCFF38B50446AA
:10FE80000068C0F30830F3F709F8636843B121460E
:10FE9000154A51F8043BC3F8082320680DF016FA00
:10FEA0002368D3F80006D3F80416D3F8085694F85C
:10FEB0002230DB0714D4FFF7C9FF2846FFF7C6FF3F
:10FEC0000846FFF7C3FF606AFFF7C0FF2368D3F857
:10FED0000C06D3F81016FFF7B9FF0846FFF7B6FF78
:10FEE000002384F8203038BD0700F81F70B5847BEC
:10FEF0002CBB02685F2A02F01F034FEA52111FD881
:10FF000040F60C05104E56F82120104902EB8302F2
:10FF1000D2F880300B402B43C2F8803042685F2A11
:10FF200002F01F034FEA52100AD856F8202002EBC5
:10FF30008302D2F880300B402B43C2F8803070BD72
:10FF4000203354F82330FFDE04300500F0F0FCFFCE
:10FF500000210268094BC160C2F80833D2F80032B0
:10FF600023F0FF5323F4BC53C2F800320123C2F83C
:10FF7000001580F8263080F8281070472264F81F9A
:10FF800000232DE9F04780F827304B6805460E46E0
:10FF90001746046833B1CB6803F06043B3F1005FE8
:10FFA00040F042813378023B012B06D8336903F0DD
:10FFB0006043B3F1005F40F037819D4BC4F80833D4
:10FFC00095F8283003F0FF023BB16FF00F08EB68A3
:10FFD000C4F804334046BDE8F08707F01403B3FAD1
:10FFE00083F35B0985F82830337885F824307378FB
:10FFF00085F82530F3682B6173686B613369AB61F9
:020000040004F6
:10000000B3682F62EB61C7F3001385F8293073786A
:10001000C4F88835C4F83821D4F83831C4F8282118
:10002000D4F82831C4F81421D4F81431C4F80421C8
:10003000D4F8043117F0010318BF0123C4F84C377A
:1000400017F0020318BF0123C4F814373378032BC9
:1000500000F28180DFE803F05E764A024FF480739D
:10006000C4F80032D5E90423C4F83C27C4F840376B
:10007000012323654FF0006120460DF0A8FA002807
:10008000F8D1D5E90623C4F83C27C4F840374FF42B
:100090008063EB604FF0000817F0080910D1337847
:1000A000032B0DD0012B6A686CD1A362002A55D0B6
:1000B00073682BB96B68002B00F094800123636098
:1000C0006B68002B00F08E80780744BF0023EB6044
:1000D00079065EBFEB6843F00203EB60EB6843F028
:1000E0002003EB60EB68C4F8043373E7D5E904231D
:1000F000C4F83C27C4F84037D5E90623C4F80427E0
:10010000C4F808374FF48453C4F800320123236144
:100110000223BEE7B806D5E90423C4F83C27C4F897
:1001200040374BBF4FF480734FF40073C4F8003274
:10013000C4F800324CBF4FF480630223EB6001230C
:100140002361A7E7D5E90423C4F80427C4F80837D6
:100150004FF48053D8E76FF015089DE76A6902B93C
:1001600063604FF0010A40F2024940F2224120460A
:100170000DF02DFA810601D5C4F804A010EA090F8C
:10018000F3D095E701232365002A91D16A693AB338
:1001900040F2024A19EA0A0F8AD140F2224120466F
:1001A0000DF015FA10F0200F8146F3D04FF4804186
:1001B00020460DF00CFAD4F8003208B19A0505D4A7
:1001C00001222261626040B14FF00009DB05E1D5F8
:1001D0004FF4806120460DF0FAF94FF00009D9E79D
:1001E0006360D5E70022D4F8C434C4F8C43485F879
:1001F00028206BB19A0756BF03F001086FF00D0875
:10020000A8F18C0813F0040F18BF6FF00A08E1E69C
:100210007B063FF5DFAE2046291D0DF096F900283C
:1002200008BF6FF08B08D5E66FF00C08D2E600BF70
:100230002264F81F70B50568022186B0044628467E
:100240000DF0C5F92021064628460DF0C0F9D0B1C1
:10025000D6B9E3684FF48041C5F808330223E36060
:10026000E3682846C5F804330DF0B1F918B1D5F8A4
:1002700000329B0502D401232B616B60012384F8BB
:10028000273006B070BD8EB3236A5E060AD494F898
:1002900027303BB92846211D0DF057F980F00100A9
:1002A00084F82700236A13F0040337D1C5F83831E6
:1002B000D5F83821C5F83431D5F8343194F82930DF
:1002C00013B194F82730F3B100230122C5F80032AE
:1002D000E3602E4BC5F30431C5F808338A40C5F3FB
:1002E00043432B49603341F823200CE04FF48061F5
:1002F00028460DF06CF994F82430002B2FD194F897
:100300002930002BE1D0A38CADF80430236904938D
:1003100063690293A3690593E3690393D5F8C43431
:100320009807C5F8C4342AD459072AD4DA072AD43E
:1003300094F827309B00DBB28DF8003094F8293018
:100340000BB984F82830236A5B0703D594F827306B
:10035000002B96D0D4E901316846984791E74FF4D5
:100360000073C5F800322223E360084BC5F8083358
:10037000E368C5F8043301232B652B6181E7012372
:10038000DAE70223D8E70323D6E700BF2264F81F89
:1003900000E100E00368034A01F5C07143F8212041
:1003A000704700BF3546526E037C5BB10368074A55
:1003B000C3F82025012203685A6003680020C3F8AF
:1003C000200570474FF0FF30704700BF3546526E32
:1003D000036803F01F025F2B02604FEA53129ABFBB
:1003E000024B53F822000020704700BF1030050078
:1003F000F7B506460DF01AFA08460DF017FA01A8EF
:100400000196FFF7E5FF40F60D050C46019B2C49D0
:1004100000EB8300D0F8803001940B402B43C0F8F0
:10042000803001A8FFF7D4FF019B012700EB830078
:10043000D0F880300B402B43C0F8803004200CF003
:1004400076FC092501A80194FFF7C2FF019AC36851
:10045000D340DB0714D401A80196FFF7B9FF019B35
:10046000013D07FA03F3836004200CF060FC304682
:100470000DF0DCF904200CF05AFC15F0FF05E1D179
:1004800001A80194FFF7A4FF0123019A9340836020
:1004900004200CF04CFC20460DF0C8F904200CF0B0
:1004A00046FC01A80194FFF793FF019AC368D3406B
:1004B00013F0010F0CBF6FF08B00002003B0F0BDF4
:1004C000F0F0FCFF70B516461D465A1C0368044642
:1004D0001344C2689A4205D20821006A0DF0BEFC9E
:1004E000002070BD65B9327820460DF0BAFC0028B6
:1004F000F6D03544B5420CD1A3680133A360F0E7D0
:10050000AB1E062B8EBF0023054AD35C1833DAB22C
:10051000EAE723685A1C226015F8012D1A70E9E7F2
:100520001BA6050010B50446F1F772F80348012137
:10053000034A08F0B4FA20460DF0B4FDA41C0500EF
:100540000DA305002DE9F84304460D4600AFEFF377
:100550001188402383F31288BFF36F8F04282A4A3F
:1005600098BF2A4BE9468AB09668117C98BF53F829
:1005700020306A4688BF264BCDE9073140F201336F
:100580002448ADF82430244BCDE9050442F8103F4F
:1005900000234FF431512148F1F708F9CD4645B118
:1005A000EB69C3F3080323B101211D4A1B4808F07E
:1005B00076FA2EB130460EF000F808B1037803B990
:1005C0001848E9468AB06A46174B0790CDE90536C8
:1005D00040F20133ADF82030144B42F8103F0023B5
:1005E0004FF411510D48F1F7E1F82946CD46204668
:1005F000FFF798FF88F31188BFF36F8F3046F2F74B
:1006000035FDBD46BDE8F883547300201C3005005D
:100610001CA305002AA3050005000001A41C050079
:1006200052A305001D85050073A305000400000109
:1006300038B50A4B53F82040013053F82050A542FA
:1006400000D838BD606830B1037EDB0701D40DF0FF
:10065000F8FC0834F3E723689847FAE730300500E0
:10066000012270B5294B86B003201A70FFF7E0FF16
:100670000EF039FA0420FFF7DBFF254C254D264606
:10068000AE4204F130040FD300F0D4FE204CAC4253
:1006900026D300F0E3FEE7F7DFFA1F4A938923F041
:1006A0000103938106B070BD54F80C3C059354F8D7
:1006B000103C049354F8143C039354F8183C0293F0
:1006C00054F81C3C019354F8203C009354E90A234D
:1006D00054E90C0100F0B6FC54F8303C5E65CEE7FE
:1006E000D4E90A23B3F1FF3F08BFB2F1FF3F05D0C1
:1006F00052EA0301206803D10EF045F83034C6E712
:100700000649183001F0BEF8F8E700BF8BBF0020A3
:10071000D8190500D81905007065002097E6040077
:10072000C82370B5134E012203FB0066002386B078
:10073000CDE904230F220193CDE9023218234FF4AF
:10074000A0720D4D0D4903FB0055044602FB00113C
:100750000B4B3046009500F075FC337C2C7423F075
:1007600004033374074B013403EBC423EE606B6066
:1007700006B070BDA864002054730020B0F30020C0
:10078000B3E10400B0EB00207FB50020FFF750FF7D
:10079000294B03F5006282F3088883F30A88E0237B
:1007A000264C002584F822302023E37725766576D1
:1007B000A57684F82050636A43F4E023636284F8EA
:1007C0002350F2F7C9FAF2F73BFC4FF0FF33A36274
:1007D000E362F2F753FEF2F7D5FCF0F775FE184826
:1007E00000F09AFC0120FFF723FF0220154CFFF7D1
:1007F0001FFF00F05DFE144B4FF4C0529C61134B81
:100800001349059301232046CDE90353CDE9015552
:10081000104B009500F016FC0646237C204623F082
:10082000040323740DF003FF2846FFF779FF3146D8
:100830002046084AF2F7D8FBB0EB002000ED00E0BC
:10084000206700207065002054730020D5A30500A8
:10085000F0F400206106040038B5064C064DAC42A9
:1008600001D3002038BD2046D4E901120DF022FC4E
:100870001434F4E7E40C0020F80C002038B5074CE1
:10088000074DAC4201D3002038BD20460DF037FCA7
:1008900008B91C34F5E76FF01500F5E7900C00205F
:1008A000E40C002073B50C46EFF31181402585F36D
:1008B0001288BFF36F8FC5685DB125602B68C36078
:1008C000836901338361002081F31188BFF36F8F47
:1008D00011E052EA030603D16FF00B002560F3E745
:1008E000CDE900230246083000F002FD18B9034BA1
:1008F0009B685B69236002B070BD00BF5473002029
:100900002DE9F341044617461E46EFF311884023B4
:1009100083F31288BFF36F8F304BC2689B6872B14C
:100920008068984217D057EA060216D188F31188DA
:10093000BFF36F8F6FF00F0002B0BDE8F08193F945
:100940000E1001322161C4E9023288F31188BFF32D
:100950006F8F0020F0E72169F3E793F90E1090F90B
:100960000E30994230DA9942A8BF19460DF02CFC9E
:10097000054622464146CDE90076194800F0B8FC0C
:100980000028E6D0EFF31186402383F31288BFF3EB
:100990006F8FA068D0B1236821699C420AD04BB107
:1009A00093F90E309942A8BF19466FF07F03994220
:1009B000B8BF19460DF008FC40B1314608480DF0AB
:1009C00090FE6FF00A00B7E70025D2E7002DF4D1C2
:1009D00086F31188BFF36F8FF3E700BF54730020D5
:1009E0008CBF0020F8B583680546002B40D0234A11
:1009F000926893423FD1C368012B03D9013BC36086
:100A00000020F8BDEFF31187402383F31288BFF372
:100A10006F8F016980680DF0D7FB2C68A54207D164
:100A20000023C5E9023387F31188BFF36F8FE7E72F
:100A3000002CF5D0D4E90032002613605A60237CE4
:100A4000C4E9006623F002032374A66004F11800D1
:100A50000DF027FFAC6094F90E3020462B61C4F8EE
:100A600080600DF0E4FD394605480DF03AFEC7E719
:100A70006FF01500C5E74FF0FF30C2E75473002058
:100A80008CBF002037B51146EFF31185402282F369
:100A90001288BFF36F8F04689CB12368426823F00B
:100AA00003039442036008BF4360012120460DF018
:100AB0000FFC044685F31188BFF36F8F204603B007
:100AC00030BD51EA0302F5D000F10802CDE9001370
:100AD0001046294600F00CFC0028EFD1014B9B6822
:100AE0005C69EBE75473002070B5EFF31186402387
:100AF00083F31288BFF36F8F0468A0421BD0D4B178
:100B0000D4E90032002513605A60237CC4E9005503
:100B100023F002032374A56004F118000DF0C1FE58
:100B20002046C4F880500DF082FD3146BDE870408B
:100B300006480DF0D6BDD0E902329A4218BF013303
:100B4000836086F31188BFF36F8F70BD8CBF002068
:100B500013B5EFF31181402484F31288BFF36F8F34
:100B6000846844B1013C846081F31188BFF36F8FC6
:100B7000002002B010BD52EA030406D181F31188AF
:100B8000BFF36F8F6FF00F00F3E7CDE9002302464C
:100B9000014800F0ADFBECE78CBF002070B50546C6
:100BA000EFF31186402383F31288BFF36F8F002386
:100BB0002C68A54219D0C4B1D4E9003213605A6040
:100BC0000023227CC4E9003322F002022274A360D5
:100BD00004F118000DF065FE6FF00A032046C4F81A
:100BE00080300DF024FD0123E2E70022AA6023B942
:100BF00086F31188BFF36F8F70BD3146BDE870403A
:100C000001480DF06EBD00BF8CBF002007B5074B3B
:100C10004FF40062009306494FF0FF33054800F09F
:100C20006DF9002003B05DF804FB00BF48300500FB
:100C3000F00C0120386600202DE9FF4104464027D2
:100C4000534EEFF3118887F31288BFF36F8FD4F8F8
:100C5000CC50F5B9022104F1E4000DF072FB00283C
:100C600070D004F1DC050022012128460DF0ABFD17
:100C70000028F8D100234FF0FF3202934FF0FF33EA
:100C80004146CDE90023434804F1D40200F03AFD87
:100C9000D7E7D4F8D0202B689542C4F8CC3008BFF1
:100CA000C4F8D030D4F8E43043F00203C4F8E430A0
:100CB000EB6823F0040343F00103EB606B6888F3F7
:100CC0001188BFF36F8F28469847EFF3118887F399
:100CD0001288BFF36F8FEB68D80623F001023ED471
:100CE000EA60EB689A0717D5306823F00203EB60DF
:100CF00090B10021036878B1426895423DD1036804
:100D0000002934D172683360904200D173600023AF
:100D100040F8083BFFF7E8FED4F8E43023F0020384
:100D2000C4F8E430DB0530D4D4F8CC30003B18BF35
:100D3000012388F31188BFF36F8F002B81D000F05F
:100D4000BFFB7EE7D4F8E430D90693D5C4F8E400BD
:100D500088F31188BFF36F8F04B0BDE8F08123F0F2
:100D60001103EB6005F11000FFF7BEFEB9E70B6061
:100D70007368984208BF7160C9E701461BB11A68E1
:100D800018461346B7E71A46FAE70023D1E700BF33
:100D9000787300208CBF002070B5C3680546C3F38C
:100DA00040069B070C460DD50122002104F10800E6
:100DB0000DF0BBFA00232360054B65605A681AB931
:100DC000C3E90044304670BD14605C60FAE700BFC0
:100DD00078730020F8B5C36804469A070E46C3F33B
:100DE000400542D45F0742D40B680BB983680B609F
:100DF000E368D80742BFA36802253360376858BF4D
:100E0000012557B31B4B9A68D7F8C8309A421ED1B8
:100E10000DF0CAFB80F00100C0B2D7F8E430D9076A
:100E2000C3F380021CD5F2B1F8B100232360D7F8D8
:100E3000D03073B9C7E9334438460DF09DFAE36802
:100E400043F00403E3603368A3602846F8BD002044
:100E5000E3E71C60C7F8D040EEE76FF0150506E049
:100E60006FF0120503E01B07DFD56FF00F050023BD
:100E70003360EAE754730020F8B5C368064603F010
:100E80000503002B0C4614BF012700271CD08568E2
:100E90000122002104F110000DF047FA2046134909
:100EA0000DF0CBFAE36843F01003E360F3685B07EF
:100EB00012D5336823606BB9D5F8D03033B9C5E9A2
:100EC000334428460DF058FA3846F8BD1C60C5F882
:100ED000D040F6E73460F4E7D5F8CC302360D5F89D
:100EE000D030C5F8CC40002BEBD1F0E759E304003B
:100EF000014601480DF0CCBA38660020F0B5044632
:100F0000002089B00E9DC4E9330004F1D400C4E987
:100F1000350004F1DC00C4E9370055B32879002816
:100F200040F2011008BF0120C4F8E40000204FF097
:100F3000FF364FF0FF37CDE90330CDE90100CDE9B1
:100F4000066720460C4B009400F0BAF855B12968AA
:100F500011B120460DF02EFB6B791BB1A38943F034
:100F60000103A38120460DF00EFCC4F8C84009B06F
:100F7000F0BD0120D8E700BF390C040037B501905F
:100F80000846EFF31184402181F31288BFF36F8F7D
:100F9000C16811F01E0F16D153EA020508D101A94C
:100FA000FFF718FF84F31188BFF36F8F03B030BDD4
:100FB00041F00801C160019910308161034900F0DE
:100FC00061FC0120EEE70020ECE700BFEDE3040048
:100FD00001460148FFF7D2BF38660020F7B50C463E
:100FE00016461D460190EFF31187402383F31288C4
:100FF000BFF36F8F08460DF0B0F955EA060309D12B
:10100000204601A9FFF7E6FE87F31188BFF36F8F33
:1010100003B0F0BDE368324643F00803E360019B90
:101020000449A36204F110002B4600F02BFC0120C0
:10103000EAE700BFEDE3040001460148FFF7CEBF39
:10104000386600202DE9F043984685B000F158033A
:10105000C0E91633109B002683810423073222F057
:10106000070503740F9B01EB05090F46837349467F
:10107000C0E906668660C6730446F1F739FC0E9B2C
:10108000073020F007002067C4E91A7502930D9B12
:10109000A9EB000901930C9B4A460093394643464D
:1010A0002046F1F75DFF054B66659B6803B15B6FFA
:1010B0004846636705B0BDE8F08300BF5473002065
:1010C000F0B5002587B00595109DDDE912760495F1
:1010D0000F9D044603950E9D02950D9D01950C9D57
:1010E0000095FFF7AFFFB6F1FF3F08BFB7F1FF3F35
:1010F00005D056EA070305D120460DF044FB2046F3
:1011000007B0F0BD3A46334604F11800014900F03B
:10111000B9FBF4E797E60400012310B5037483815B
:1011200000230446C0E91A3300F0DCFD014B9C604B
:1011300010BD00BF547300206FF00A01094A936884
:10114000C3F880100849D8674B6843F080534B6060
:10115000002383F31188BFF36F8F9368D3F8800067
:10116000704700BF5473002000ED00E070B590F9A7
:101170001020037C002A2FDBD9062DD11A4C63F0F6
:101180007F032246037452F81C3F216A934207D121
:10119000C0E90021086020620FE09942F8D01B6886
:1011A000002BF5D093F90E6090F90E50AE42F4DDAD
:1011B0005968C0E9003108605860E569954200D07F
:1011C00005B9E568A3681A7CD20606D1DA897F2AB8
:1011D00003D9AA690AB9A36170BDAB4202D02846FF
:1011E00000F0D2FAA561F7E75473002038B590F902
:1011F00010200146002A037C04DA03F07F03037405
:101200000DF0DDF90D4D2A4652F81C4FAB689442A3
:1012100000D004B9EC688B4207D01A7CD20604D106
:10122000DA897F2A01D9A2692AB1A34202D02046D5
:1012300000F0AAFA2346AB6138BD00BF547300200A
:10124000B3F1FF3F08BFB2F1FF3F03D002491830AE
:1012500000F018BB704700BF97E60400034648B98A
:10126000EFF3058232B9064A91699268914201D042
:10127000FFF762BF83F31188BFF36F8F704700BF22
:101280005473002038B5184CA168206A0B6881425D
:1012900014BF1A46002249680B605960A368216A8E
:1012A0002AB9124AC3E900210B6023620AE092F9CD
:1012B0000E5093F90E00854212DD5168C3E90021FA
:1012C0000B605360E569094B9D4200D005B9E568A4
:1012D000A3689D4202D0284600F056FAA56138BDA9
:1012E0008A42DED01268DBE754730020707300205E
:1012F000F8B5DDE906670D4B0C46986811460C4AB7
:101300001060EFF31182402282F31288BFF36F8FD7
:101310009D6828460DF065F9284632463B46FFF7A2
:101320008FFF2046BDE8F840FFF706BF547300204A
:1013300080730020F8B50446EFF31187402383F350
:101340001288BFF36F8F037C49B203F01F02002A9B
:101350000CBF0126002635D103F07F032A4D03740C
:101360000DF02DF92A46037C817363F07F0303742B
:1013700052F81C3F286A934207D1C4E90020046058
:101380002C620DE09842F8D01B68002BF5D093F941
:101390000EC08C45F6DD5968C4E900310C605C6014
:1013A000EC69944200D004B9EC68AB689C4202D06E
:1013B000204600F0E9F9AC6187F31188BFF36F8F25
:1013C0003046F8BD9B071CD585680DF0F8F8817391
:1013D0002B689D4209D16B68C4E900531C606C60A6
:1013E000EAE76A689A42F6D01B68002BF3D093F9BB
:1013F0000E208A42F5DD5A68C4E9003214605C6050
:10140000DAE78173D8E700BF54730020034648B978
:10141000EFF3058232B9064A91699268914201D090
:10142000FFF78ABE83F31188BFF36F8F704700BF49
:1014300054730020EFF31181402383F31288BFF32C
:101440006F8F054B9A68D37B013BD37381F311886F
:10145000BFF36F8F704700BF5473002070B5EFF378
:101460001186402383F31288BFF36F8F0F4DAB6853
:10147000DA7B0132DA732A4652F81C4F944200D0CC
:1014800004B9EC681A7CD20604D1DA897F2A01D922
:10149000A2692AB19C4202D0204600F075F9234689
:1014A000AB613046BDE87040FFF7D8BE54730020F2
:1014B000024B03F11C02C3E907227047547300205A
:1014C00070B5EFF31186402383F31288BFF36F8F5B
:1014D0001A4CA168206A0B68814214BF1A46002288
:1014E00049680B605960A368216A2AB9144AC3E9A4
:1014F00000210B6023620AE092F90E5093F90E006E
:10150000854216DD5168C3E900210B605360E5692F
:101510000B4B9D4200D005B9E568A3689D4202D0FF
:10152000284600F031F9A5613046BDE87040FFF76C
:1015300003BE8A42DAD01268D7E700BF5473002096
:1015400070730020F8B550EA010306460C4603D13B
:10155000FFF7B6FF0020F8BDEFF31187402383F3B8
:101560001288BFF36F8F124D124BA8681860FFF7F7
:101570003DFEA868234632460F49183000F082F934
:10158000AA680446137C384643F004031374FFF73B
:10159000D3FDAB68D3E90A23B3F1004F08BF002A9B
:1015A000D8D10DF0B3F9201A20EAE070D3E700BFDC
:1015B000547300208073002097E60400014B986864
:1015C000704700BF547300202DE9F8430446878913
:1015D000EFF31186402383F31288BFF36F8F037CF0
:1015E000190705D586F31188BFF36F8FBDE8F8831F
:1015F000D90943F008026FD10274A36813B12046E1
:101600000CF0E5FF04F118000DF04BF9A56D04F1A5
:101610005808A84511D04FF0000975B128460CF0C4
:10162000D6FF05F118000DF03CF92846C5F880906A
:10163000FFF79CFDA56DA845EFD1DFF8C480D8F871
:1016400008309C4250D1EFF30589B9F1000918BF69
:101650004FF00109D8F81C50274A954200D00DB927
:10166000D8F80C50AB4202D0284600F08DF8204646
:10167000C8F8185007F056FFB9F1000F02D01F4804
:10168000FFF74AFDD8F808309C4230D1EFF30583CC
:101690006BBBA289D20711D586F31188BFF36F8F78
:1016A00083F31188BFF36F8F0423184602DFEFF333
:1016B0001186402383F31288BFF36F8F3046FFF704
:1016C0003BFDFB0792D5002383F31188BFF36F8F97
:1016D0000423184602DF89E703F07F0343F0080381
:1016E00003740CF06CFF88E74FF00009B2E786F353
:1016F0001188BFF36F8FE4E770730020206700202C
:1017000054730020D3B5DDE90667089CCDE9006776
:10171000FFF7EEFD1CB1034B9B685B69236002B0D1
:10172000D0BD00BF54730020027C034612F01F029C
:1017300010D10A4988420DD00949086868B1D98991
:101740007F2909D893F90E20064B1B689A42B8BF2F
:10175000002070470020704710467047A8640020A2
:10176000F40A0020847300200122044BC01A044BA9
:10177000C0105843034B1A54704700BFE86700205D
:10178000ABAAAAAA8CBF002070B50C4B0C4D1E7CD6
:10179000FFF7CAFF182303FB0655044628460DF041
:1017A00080F80022074B9A553CB1621E2846BDE8DE
:1017B00070400549D31700F065B870BD5473002020
:1017C000E86700208CBF00206917040038B5EFF3EC
:1017D0001185402383F31288BFF36F8F0F4B104A9C
:1017E0009C681068A04206D1FFF7CEFF85F31188F0
:1017F000BFF36F8F38BD00211B7C1160094AD35C99
:10180000002BF3D02046FFF78FFF0028EED0237C7B
:10181000DB0601D1FFF736FD2046E5E754730020D3
:10182000807300208CBF0020024B1868984208BFCC
:1018300000207047F80A0020034B1B680BB9FCF727
:1018400083B90020704700BF8873002030B570B1A5
:101850000B4B5B6898420AD0036843B1D3E904217B
:10186000D0E90445121941EB0501C3E90421D0E98F
:10187000003213605A600023C0E9003330BD00BF5E
:10188000F80A0020B3F1FF3F08BFB2F1FF3F2DE996
:10189000F84F0446994615461F467AD08160EFF30B
:1018A0001188402383F31288BFF36F8FB9F1000FC3
:1018B000DFF8E8A020DBFFF7BFFFDAE900270135FA
:1018C00049F100092D1849EBE07306464FF0010974
:1018D000C4E90453AD1843EB0707FFF7A5FF034620
:1018E000DFF8BCE0DEF804A0EBB9C4E900EACAF80E
:1018F0000040CEF8044028E06FF00103DAE900125E
:101900005B1A4FF0FF3161EB02025B1B62EB0902D5
:10191000012B72F10001BCBF012300224FF000092E
:10192000C0E90432D9E7D3E9041CD4E904208A428F
:1019300070EB0C0B24DA891A5A686CEB0000C3E9CF
:101940000410C4E9003214605C60FFF76DFF84424C
:101950000ED1114B1B685BB9B9F1000F02D1FFF733
:101960006BFF064630460CF085FF0021FCF71CF9A2
:1019700088F31188BFF36F8F28463946BDE8F88F8A
:10198000521A60EB0C005345C4E90420ADD01B682B
:10199000AAE700252F46EFE78873002000680020A3
:1019A000F80A00202DE9F047284F024638600D461E
:1019B000FFF73AFF4FF000084FF00009244E4FEABE
:1019C000E27ED6E9001350B1D0E9044CA2427EEB8E
:1019D0000C0A19DAA41A6CEB0E0CC0E9044C0024B2
:1019E000521843EB0E032046C6E900233C600CF07E
:1019F00041FF2146FCF7D8F885F31188BFF36F8FBC
:101A0000BDE8F047FFF7E2BE611843EBE473C0E9BD
:101A10000489C6E90013FFF719FF01224FF00043C4
:101A2000C0E9042385F31188BFF36F8F836898475B
:101A3000EFF31185402383F31288BFF36F8F3A6869
:101A4000121B3A60FFF7F0FEB9E700BF8873002071
:101A50000068002010B5EFF31184402383F312884F
:101A6000BFF36F8FFFF7E8FE0346054AD2E9000196
:101A7000181841EBE37184F31188BFF36F8F10BD29
:101A800000680020F8B50446EFF31187402383F384
:101A90001288BFF36F8FD0E90423B3F1004F08BF62
:101AA000012A04D087F31188BFF36F8FF8BDD0E906
:101AB0000A566A1C46F10003022A73F1000334D36C
:101AC000013D46F1FF36002EBCBF00252E460CF02E
:101AD00021FF013041F10001401946EB01010128CD
:101AE00071F1000148DB0CF015FF6FF002030130CB
:101AF00041F10001401946EB010183426FF00043C0
:101B00008B413EDB0CF006FF013041F100016FF02C
:101B10000102401946EB01034FF0FF31121A61EB4D
:101B2000030320461949FFF7ADFE236B01332363FE
:101B3000236A63B187F31188BFF36F8F20469847FC
:101B4000EFF31187402383F31288BFF36F8F54F8AC
:101B5000185FA542A6D0002DA4D028460CF076FD33
:101B60000023C5F8803087F31188BFF36F8F2846B4
:101B7000BDE8F8400CF05BBD6FF001024FF0FF33A1
:101B8000CFE700224FF00043CBE700BF851A0400E7
:101B90002DE9F04105461C4690461F46EFF311869D
:101BA000402383F31288BFF36F8FB4F1FF3F08BF68
:101BB000B2F1FF3F05D186F31188BFF36F8FBDE807
:101BC000F081002C09DB012A74F10003BCBF012263
:101BD000002412F1FF3844F1FF3728460CF061FE73
:101BE000DDE90623C5E90A23002342462B63284684
:101BF0003B460249FFF746FEDDE700BF851A0400B9
:101C000070B50546EFF31184402686F31288BFF3C2
:101C10006F8F0CF046FE20B184F31188BFF36F8FF5
:101C200070BD6B6A63B184F31188BFF36F8F284670
:101C30006B6A9847EFF3118486F31288BFF36F8FB6
:101C400005F118000CF037FD0028E5D00CF0EFFC92
:101C50002146BDE8704001480CF043BD8DBF002017
:101C600073B50446EFF31186402383F31288BFF364
:101C70006F8F8368594003EA02050A4053400022EF
:101C8000009309496B4601920CF0C0FDDDE900327A
:101C900023EA020304F10C003146A3600CF021FD9D
:101CA000284602B070BD00BF43EA04002DE9F041B0
:101CB00005460E4617460CF077FC28B9074B9B6883
:101CC0005C6F14B9BDE8F081054C3B4632462946AD
:101CD0002046BDE8F0410CF0E7BE00BF5473002081
:101CE000E40C0020014B4367704700BFE40C002068
:101CF0000146024A0020FFF7D9BF00BFED7904007A
:101D000001680E4A0346914215D1C169A2F1102221
:101D1000A2F1EF1291420ED18268012A0BD8C2685B
:101D200012B101698A4206D0586928B19B691B1A11
:101D30005842584170470120704700BF55AA00FF24
:101D400070B50E4B9E68B6B13046FFF7D9FF04461A
:101D500018B9F3687BB935690DB9204670BD2846BE
:101D6000FFF7CEFF28B9EB68B34204D12E462D69A8
:101D7000F2E70446F1E70124EFE700BF8C7300208F
:101D80002DE9F041404D0646686988460CF0AEFEEC
:101D900018B100242046BDE8F0812C68DCB1AC68A5
:101DA000CCB1002E6AD0B8F1000F69D008FB06F75D
:101DB000B7FBF6F6B04565D1391D63D8BA0710D028
:101DC00027F003020432EC6803E0616891420AD212
:101DD000A469002CF9D168690CF08EFE0028D9D0D6
:101DE000D7E73A46EFE7D4F808C0BCF1000F02D0BD
:101DF00001200EF073FC891A232904F120061CD857
:101E00000123A360D4E90523AAB19361A3690BB1AF
:101E100062695A610023C4E905332B69DB0703D5E6
:101E2000FFF78EFF0028E3D13A46002130463446C2
:101E30000EF045FCCFE7EB60E8E702F12000231845
:101E40002039C3E9011CDC602169DFF844C0196155
:101E500044F800C00D48D86101B1CB606169596197
:101E6000A069986141B18B61996901B14B61012110
:101E70002361C4E90121CDE7EB60F5E73446AAE729
:101E80004446A8E70446A6E78C730020669911EE45
:101E900055AA00FF70B5424E054670690CF026FE4B
:101EA00000287BD1002D5FD03368002B5CD0B26856
:101EB000002A59D09D4203D3726813449D4202D335
:101EC00001200EF00BFCA5F120042046FFF718FFBF
:101ED0000028F5D155F8183C012BF1D155F8143CE8
:101EE00045F8180CC3B19A68002A42D155F81C2C49
:101EF00002F120015A680A445A6055E905321A6114
:101F000055F8145C2B6903B1DD60204620220021C6
:101F10000EF0D5FB23462C462069002836D0826877
:101F2000002A33D163684268203313446360036935
:101F30002361D4E90523F2B923BB43696361826954
:101F4000A2610BB39C61A36903B15C61236903B116
:101F5000DC60202200210EF0B2FB33699B0703D521
:101F6000FFF7EEFE0028ABD17069BDE870400CF0C1
:101F7000C3BD0023D0E79361A369002BDDD0626964
:101F80005A61DAE7F360F7E7F460DCE7002BE4D1AD
:101F9000F368A36103B15C61F460DEE770BD00BF6C
:101FA0008C73002070B50C46164E14220021054695
:101FB00030460EF084FB144870610CF095FD134917
:101FC000134800F035F8232C1BD915F003031FBF6D
:101FD000043CE418C3F10403ED182246002128460E
:101FE0000EF06DFBC6E90054203CB5606C60B36830
:101FF000084A1A60B368A2F11022A2F1EF12DA6166
:10200000F36070BD8C730020000B0020951E04004F
:10201000811D040055AA00FF014B1B68184700BF33
:10202000640B0020014B1B68184700BF600B0020A9
:10203000024B1860024B002019607047640B0020AF
:10204000600B002010B50A46044619B1024B00216E
:102050001B68984710BD00BF543005000E4B03406D
:10206000B3F1607F06D1B1F5885F0CBF00206FF03F
:1020700086007047B3F1707F0BD101F4E043B3F5F4
:10208000005F06D111F4E06F14BF00206FF08600EE
:1020900070476FF0860070470000C07F8A42F8B535
:1020A00006460D4600F00A8101F0FE41B1F1C06F15
:1020B00061D1884C22F4FF7121F00101A14222F08C
:1020C000FF0014D004F58854A04210D022F47F768B
:1020D00026F00306A4F57064A64208D004F5A064B7
:1020E000A04204D004F57454A14240F0EB80D1B278
:1020F000784E19B922F48061B14224D125F4FF74DD
:1021000024F00104B44225F0FF0112D0724EB14216
:102110000FD025F47F7727F00307A6F57066B74246
:1021200007D006F5A066B14203D006F57456B44256
:1021300009D115F0FF0406D0684E44F00074B44293
:1021400004BF02460D468BB122F4FF7323F0010356
:10215000B3F1062F06D0624B22F4FF6121F0070194
:10216000994203D122F4807225F48075954214BF00
:1021700000200120F8BDB1F1A06F16D102F0FE439E
:10218000B3F1A06F40F0888082EA050333F47E1338
:1021900040F0828028047FD5C5F30540C2F3054294
:1021A00090428CBF00200120E4E74E4B9D4209D1B4
:1021B000A3F500439A4200F081804B4B22F47E103D
:1021C0009842D4E7B1F1407F60D102F0FE43B3F111
:1021D000407F5BD182EA050030F47E1456D131464F
:1021E0002846FFF73BFF00286AD1404912F47C17CC
:1021F00001EA020113D0B1F1607FC2F3054333D18C
:10220000D1B241F0007101F17E410339122901D8A8
:102210003748445C15F47C1F2DD19C42A7E7B1F1EF
:10222000607F0AD1D3B243F0007303F17E43033BD6
:10223000122B4BD82F49CB5CE2E7B1F1707F17D15D
:1022400006F4E043B3F5005F42D10123C6F3022157
:102250008B4006F4E041B1F5005FDBD10120C6F30D
:10226000022600FA06F4D5E7B1F1707FD2D1F0E78B
:1022700000242346CEE71FB9C5F30541A1421DD076
:10228000290403D5C5F3054098428AE71A4B9D42BD
:1022900002D1B2F1082F6AE725F0004323F47F034F
:1022A000B3F1106F0CD102F0FE43B3F1106F07D100
:1022B0001248104040F01060A84258E7012059E74A
:1022C000002057E7002B7FF446AF4FE7002397E746
:1022D0000023BEE70002000600130006FF00000214
:1022E000004000060093C004000140050000C07FCC
:1022F00022A6050022A605000002C0030000FFF68A
:102300000E4A20F47E13934210D002F5807293425D
:102310000ED0B3F1052F0DD0094A93420CD00948D5
:1023200002F58072934218BF00207047064870473C
:102330000648704706487047064870470001400548
:1023400000060005000710050001500500025005B9
:10235000000510050006100508B5FFF7D1FF064B74
:10236000984206D10739072934BF00206FF0860054
:1023700008BD6FF08500FBE70001500500F0FE434B
:10238000B3F1A06F10B52DD1184A20F4FF7323F0DC
:102390000103934213D0164920F0FF028A420ED067
:1023A00020F47F7424F00304A1F570618C4206D000
:1023B00001F5A0618A4202D00E4A93420BD110F07F
:1023C000FF0007D00C4B40F0007098420CBF6FF03C
:1023D0008600002010BD10F4004F14BF6FF086007F
:1023E0000020F7E76FF08600F4E700BF0002000668
:1023F0000013000600460006FF0000024368002BA1
:1024000049D003F0FE42B2F1106F02BF23F01F6308
:1024100023F4702343F000634A1C02D0427A52072F
:1024200039D41E4A23F0FF03934231D140F20223F4
:10243000994214D008DC4B1C20D040F20113994281
:1024400016D06FF08600704740F203239942F8D10E
:10245000437A9A071FD443F00203437206E0037ADB
:1024600013F0180F17D143F00803037200207047D0
:10247000037AD9060FD443F01003F6E7038903F477
:102480000473B3F5047F06D1437A43F00403E4E711
:102490006FF0850070476FF08800704700010008FA
:1024A00070B505460F480E460CF020FB044618B1E7
:1024B0006FF08F04204670BD6B6933602B7F012B5A
:1024C0000ABF022330602B77064818BF6FF09604CE
:1024D0000CF012FB0028EDD0002CE9D06FF0960430
:1024E000E8E700BF480B002038B50C4C0C480CF056
:1024F000FDFA65780A480CF0FFFA0A480CF0F6FA83
:10250000022D08D12478E31F5C425C4105480CF0A1
:10251000F3FA204638BD0024F8E700BFA47300207A
:10252000180B0020300B00202DE9F0478946154696
:102530001C4600F095FC0646002851D1D9F80070E1
:10254000B7F800A00AF4E043B3F5804FBB6808BFBA
:1025500025F0010535EA03033AD1002C40D0B5F54A
:10256000006F40D0A5F5005255425541284A24F449
:10257000FF7323F00103934213D0264924F0FF0296
:102580008A420ED024F47F7020F00300A1F5706120
:10259000884206D001F5A0618A4202D01E4A9342C9
:1025A00023D114F0FF0304D01C4A43F0007393427C
:1025B00022D02B4622465046F968FFF76FFD804631
:1025C00070B92B46224650463969FFF767FDE0B9DE
:1025D0006FF0840600233846C9F8003000F00AFD89
:1025E0003046BDE8F0870125C0E704F0FE43B3F1B3
:1025F000407F04D12304DCD56FF08606EAE7B3F10F
:10260000A06FF7D0054B9C42D2E74646E8E700BFF3
:10261000000200060013000600460006FF0000024C
:1026200038B500F0FE43B3F1407F04460D4602D0BA
:102630006FF0860038BDFFF711FD0028F8D114F4C3
:102640007C1F18D0C4F30543032B137022D9224AF0
:102650002240B2F1607F31D1E4B244F0007404F161
:102660007E44033C122CE3D81C4A125D9342DFD80F
:10267000202BDFD90EE0184B2340B3F1607F0FD140
:10268000E3B243F0007303F17E43033B122B04D902
:10269000002313706FF08500CCE71149CB5CD3E7C2
:1026A000B3F1707FF4D101F4E043B3F5005FEFD1F3
:1026B0000123C1F302218B40DBB2C5E7B2F1707F89
:1026C000B6D105F4E042B2F5005FB1D10122C5F305
:1026D0000225AA40CAE700BF0000C07F22A605006D
:1026E00022A605002DE9F3414768D0F8148004467E
:1026F00038460E460CF052FD0546E8B9FFB22FB938
:10270000B8F1000F05D06FF0860515E0B8F1000FA5
:10271000F9D0A36823F0031323F47F43002BF2D1F5
:102720004FF6F87362889A4228D8164827790CF039
:10273000DDF928B16FF08F05284602B0BDE8F081C1
:1027400007B901A8314600F041FB05460D480CF0E1
:10275000D3F910B1002DEFD1ECE7002DECD10FCC67
:10276000D6F800C066460FC694E8070086E8070062
:10277000002FE1D1019BCCF81430DDE76FF0850527
:10278000DAE700BF480B002010B5044650B10648F8
:102790000CF0ACF920460CF09DFABDE81040024860
:1027A0000CF0AAB910BD00BF480B002013B50446B9
:1027B00010B301A900F054FB0446E8B91F480CF01F
:1027C00095F958B1002401980CF0D3FC002818BFEB
:1027D00004461A480CF090F970B10AE00198037FA2
:1027E000032B11D10CF0C5FC044614480CF084F9FD
:1027F00028B10CB96FF08F04204602B010BD002C38
:1028000008BF6FF08704F7E7022B10D1032303778B
:102810000379FF2B0ED04369094A03F14043A3F526
:1028200080539342CED800F039FD0446CBE76FF0D9
:102830009604C8E76FF08404C5E700BF480B00208A
:10284000FFDFFF3F2DE9F04190461E46002288B091
:10285000038805460F460592CDF81C803260B8F11A
:10286000000F65D0B8F1005F80F0A18023F0FF0376
:10287000B3F5E24F02D0B3F5824F25D128460CF0D4
:1028800056F90446002840F08680EB6883B16A88D8
:1028900072B12B8803F44F41B1F5824F02D0B1F5EC
:1028A000884F05D1DBB2222B36D02CD8122B38D052
:1028B0003A46002308EB070112F8010B8A4243EA6B
:1028C0000003F9D1002B33D0284605A9FFF70AFFF2
:1028D0000446A0B9059B9B6A6BB3059B39465A8891
:1028E0002846069206AA029203F1280201929A6AE9
:1028F00000925B6A424600F0C7FB044680B305982D
:10290000FFF742FF47E0273BDBB21B2BD0D829491A
:1029100021FA03F3DB07CBD50732B8EBD20FC7D2CE
:1029200006E040F209239A42F6D1B8F1400FBFD831
:102930006FF086042FE06B681B0A07D10799059892
:102940000CF08DF904460028C7D0D8E74246394636
:10295000284607AB00F064FB04460028EED0CEE723
:102960000599069B4A88D2B94B804FF6F873069AB0
:102970009A4219D82B88059813B102889A4210D12F
:102980006B8813B142889A420BD13146FFF788FD1C
:1029900004460028B3D1204608B0BDE8F0819A4231
:1029A000E3D06FF08604AAE76FF08504A7E76FF025
:1029B0008504F0E70102000C2DE9F743DDF82890CB
:1029C00007460D4616469846FFF718FD0446B8B967
:1029D0007B68B3F1082F1AD140F20112954228D139
:1029E000338823F0FF03B3F5105F32D143463246FC
:1029F00029463846CDF800900CF010FC044610B182
:102A000038460CF0AFFA204603B0BDE8F083324AF6
:102A100023F0FF0191420CD140F20112954208D1FE
:102A20003188B1F5885FE1D0B1F5905FDED049BB68
:102A3000DCE740F20122CEB39542318814D00BD8A6
:102A4000B5F5817F16D040F2011025F002028242D6
:102A500014D06FF08604D3E740F202239D4220D0C9
:102A6000A5F20323032BF4D841F201039942BDD010
:102A700071B1EEE741F203229142B7D0B1F5905F18
:102A8000B4D029B1B1F5105FE3D1B3F1082FE0D193
:102A9000002EABD14B464246294638460CF0B0FBDF
:102AA000ACE741F206239942DED19FE79542F1D08F
:102AB00009D8B5F5817FEDD040F2011225F002036F
:102AC0009342C6D1E6E740F202239D42E2D0A5F24E
:102AD0000323032BDED9BCE700070008F8B54668DE
:102AE00005460F46002E3BD121F0004323F47F031F
:102AF000B3F1106F37D001F0FE43B3F1106F26D160
:102B000021F01F6424F4702444F0006400214FF489
:102B10005A7205F110000DF0D2FD214628460CF046
:102B200066FB98B9114A24F49F6323F0070393428C
:102B30006F6011D1E4B244F0007404F17E44033CB0
:102B4000122C9CBF0A4B33F81460EE60F8BDB3F151
:102B5000006F08D10C46D9E74FF0FF33EB60F5E783
:102B60006FF08800F2E76FF08600EFE700010008E1
:102B70005432050038B504460D46FFF7B5FC30B1B8
:102B80002A462146BDE8384002480CF069BB6FF088
:102B9000880038BDA873002010B51B4C1B480BF0F3
:102BA000A5FF2378590744BF03F0FB0323709A075E
:102BB00005D500F0F1F8237823F0020323701348C1
:102BC0000BF09AFF12480BF091FF637813B1114894
:102BD0000CF049FB002304210E486370FFF732FA22
:102BE0000B480BF089FF09480BF080FF2378DB07C7
:102BF00005D50CF0DCFA237823F001032370034899
:102C0000BDE810400BF078BFA4730020300B00200B
:102C1000180B0020A873002070B5FFF765FC10B1F9
:102C20000024204670BD34480BF060FF044620B1FC
:102C30006FF08F04FFF7B0FFF3E7304D2B789E075E
:102C400006D400F0A1F804462B7843F002032B7061
:102C500029480BF051FF10B1002CE9D0EAE7002C15
:102C6000E8D125480BF042FF04460028E0D12B783C
:102C7000D80706D40CF099FA04462B7843F00103E8
:102C80002B701D480BF038FF0028E5D1002CD1D166
:102C900019480BF02BFF0028CAD117482E780BF0EB
:102CA0002BFF0028C4D116480BF020FF0446002853
:102CB000BED16B783BB9F10705D512480CF0CDFABF
:102CC000022304466B700E480BF016FF0028C3D198
:102CD000002CAFD108480BF009FF0028A8D12B78B1
:102CE00005485A075CBF43F004032B700BF004FF48
:102CF000002895D09CE700BF300B0020A473002073
:102D0000180B0020A873002038B500F140430F2BAA
:102D10000CD82C221A4C02FB0344237F022B02D135
:102D20006369834224D06FF08B001AE06FF0404259
:102D3000441E94420ED2124B00221C461D7F022DCF
:102D400002D15D69854210D00132102A03F12C03B3
:102D5000F4D1E8E70B4AA3F580539342EBD96FF027
:102D6000870038BD6FF09600FBE72C2303FB02447D
:102D700020460CF0F1F90028F4D10C60F1E700BF17
:102D8000AC730020FFDFFF3F0122024B002083F8DD
:102D9000C0227047AC7300202DE9F0410A4C002599
:102DA00026464FF0010803272046C4F820802777E5
:102DB00001350BF08FFF102D04F12C04F4D100230A
:102DC00086F8C032BDE8F081AC730020F8B5214D23
:102DD000064621480F460BF089FE95F8C0421E4872
:102DE0000BF08AFE7CB300242B462246197FD1B11A
:102DF0003CB9022905D1196A19B91979002918BFF6
:102E00001C460132102A03F12C03EFD114B96FF0E4
:102E10008C0006E020460CF09FF920460BF05AFF8C
:102E200010B100240DE01C46237F7BB901232377DA
:102E300036B10A4B651BAD105D4305F18045356029
:102E400000203C60F8BD6FF08800EAE76FF0960064
:102E5000E7E700BFAC730020300B0020A38B2EBA35
:102E60000023F0B5054691B05E480B600E460BF0AE
:102E70003DFE5D4B5B4893F8C0420BF03DFE002CDD
:102E800000F0AC8059480BF031FE074620B16FF0DE
:102E90008F04204611B0F0BD31462846FFF734FFBD
:102EA00010F18C0F044607D050480BF025FE002887
:102EB000EFD0002CEDD1EAE73846FFF787FF074651
:102EC00020B14A480BF018FE3C46E2E70122336885
:102ED00001465D61336809A85A601C2235680DF00F
:102EE000EEFB002200236869CDE90623404A00F189
:102EF0004043A3F580539342CDE9047703971DD84F
:102F000006AA03A90CF0B2F90446B8B9039B6A6992
:102F10000A93DBB2002B08BF00220346CDE9000074
:102F2000DDE906010E9209AA00F0F6F810F18A0F09
:102F300004460ED0002808BF6FF0960430680BF0EE
:102F4000C9FE14F18C0F08BF6FF0870400233360B3
:102F5000AAE704A909A800F07DF804460028EDD1ED
:102F6000284604990BF07BFE04460028E6D1DDE9F3
:102F7000060105AB0193AB6A09AA00936B6A00F0E6
:102F8000CBF8044618B128460BF099FED6E72C463C
:102F9000059BAB6209AD0FCD0FC495E8070084E82F
:102FA000070032689368D80414D4990444BF43F4EA
:102FB0000063936033681A7F012A04BF02221A77E4
:102FC00030680CF0C9F8044600283FF46DAF6FF08C
:102FD0009604BBE743F480639360E6E76FF08804F0
:102FE00057E700BF300B0020AC730020480B0020D7
:102FF000FFDFFF3F10B5044608480BF077FD40B9EE
:1030000020460CF0B6F8044604480BF075FD10B1EC
:103010000CB96FF08F04204610BD00BF480B002094
:1030200010B41946002443680C60084C1A0AB4EB2B
:10303000132F02D0064B9A4203D15DF8044B00F0E7
:10304000D7BA6FF086005DF8044B7047004E8000E1
:103050004B4E800010B4002443680C60084C1A0AE0
:10306000B4EB132F02D0074B9A4203D15DF8044B07
:1030700000F0BEBA6FF086005DF8044B704700BFE9
:10308000004E80004B4E80002DE9F04FDFF880B0FD
:10309000D0F804E085B0BBEB1E2F0446DDE90E89B5
:1030A0000D4616461F46DDF840A04FEA1E2C1CD0E8
:1030B000DFF860E0F44518D0BCF1000F22D1CDE973
:1030C000019ACDF8008000F02FFF10F1860F1BD180
:1030D0003B46324629462046CDE90F9ACDF8388046
:1030E00005B0BDE8F04F0BF0CDBD3B46324629465A
:1030F0002046CDE90F9ACDF8388005B0BDE8F04FF5
:1031000000F012BF6FF0860005B0BDE8F08F00BF81
:10311000004E80004B4E8000F0B4DFF830C05468A1
:10312000DDE90456BCEB142F4FEA142702D0064CFD
:10313000A74204D1CDE90456F0BC00F03BBF6FF0CC
:103140008B00F0BC704700BF4B4E8000004E8000EB
:103150002DE9F74F0C9CDDE90D5601944468DDE93B
:103160000F7C240ADDE911E8DDE9139A03D0DFF8CA
:1031700030B05C450ED1019CCDE9139ACDE911E840
:10318000CDE90F7CCDE90D560C9403B0BDE8F04FAE
:1031900000F0FEBC6FF0860003B0BDE8F08F00BF0A
:1031A0004B4E80002DE9F74F0C9C4568DFF858B076
:1031B00000940D9CBBEB152F0194DDF850A04FEA55
:1031C0001524DDE90E67DDE910CEDDE9128903D0B3
:1031D0000C4DAC4200D07CB9019CCDE9139A0D9402
:1031E000009CCDE911E8CDE90F7C0E960C9403B05C
:1031F000BDE8F04F00F032BD6FF0860003B0BDE8CF
:10320000F08F00BF4B4E8000004E8000F7B5089E47
:103210000E4FF5B2044645F000754868BD424FEACE
:1032200010200DD010B10A4DA8420CD1009604F127
:1032300008000CF0DCF908B90523236003B0F0BDE9
:103240006FF08500FAE76FF08600F7E705000002EF
:103250004B4E8000F7B5089E0E4FF5B2044645F080
:1032600000754868BD424FEA10200DD010B10A4DDC
:10327000A8420CD1009604F108000CF0BAF908B984
:103280000523236003B0F0BD6FF08500FAE76FF00F
:103290008600F7E7050000024B4E80004268044BB1
:1032A000B3EB122F01D10CF086BB6FF08500704795
:1032B0004B4E800010B50C4C20680DF0A6F90B4A5F
:1032C0001368591C11604BB9094A4820D2F80034E0
:1032D00043F00703C2F80034EFF7D2FD2068BDE8E1
:1032E00010400DF098B900BF6C0B002070760020E4
:1032F0000080045038B5164D28680DF086F9154B3E
:103300001C68013C1C60ECB94820EFF7C7FD0722A0
:10331000114BC3F80823D3F8002422F00702C3F8A6
:103320000024C3F80041D3F80021C3F80441D3F8C6
:1033300004214FF48072C3F80841D3F80831074BD9
:10334000C3F888212868BDE838400DF064B900BF93
:103350006C0B0020707600200080045000E100E03B
:1033600070B5104D104E2B68B34219D0FFF7A2FF75
:1033700001F0B2FF01F0EEFF38B10BF079FF044627
:10338000FFF7B8FF3CB92E6005E001F00FF80446E6
:1033900018B1FFF7AFFF204670BD0CF0ABFBEEE7B6
:1033A0000024F8E7680B002011736500002310B5B6
:1033B0000B6010F0FF0314D043F0007303F17E4361
:1033C000053B102B0DD801220B4C9A40224203D111
:1033D000042B06D1094B0B600B6853B96FF08500C5
:1033E00006E000F0FE40B0F1007FF7D06FF08600FD
:1033F00010BD0020FCE700BF69780100E430050043
:10340000F8B505460E4618461C2117461C460DF019
:1034100024F96B6821491A0AB1EB132F1BD1204AFA
:10342000337822611F4A13F00303E26066610CD017
:10343000023303F00303012B26D86B880733DB0824
:103440006360194B23600020F8BD6B880733DB08ED
:103450006360164BF6E7164B9A4212D16A69154B18
:103460001344022B13D90023224642F8183FC4E923
:10347000033362616A69104B9A4201D12023E7E766
:1034800047B1C4E90067DEE76FF08400DCE76FF066
:103490008500D9E76FF09600D6E700BF4B4E80005D
:1034A00025400400BDFA04000000002040008151C6
:1034B000004E8000FF3F008004C0FF7F0022074BCA
:1034C000C3F81021C3F80C21C3F80021C3F804216C
:1034D000C3F80821C3F81421704700BF00500450FE
:1034E00008B5FFF7EBFF01230360104B0A6832B900
:1034F000D3F80C211AB9D3F80821002AF6D00B68AA
:103500007BB90B4B99420ED0A3F58473D3F80831E5
:10351000002B14BF6FF002004FF0FF30FFF7CEFF1B
:1035200008BD0020FAE74FF0FF30F7E700500450E5
:103530000851045038B505460C4691B100210120D0
:1035400009F057FE08480949C0F80055C0F804457D
:10355000FFF7C6FF00210446084609F04AFE204650
:1035600038BD6FF00104FAE70050045000510450D8
:10357000034B0449C3F800050348FFF7B1BF00BF80
:1035800000500450045104500450045010B5044637
:103590000021012009F02DFE064B0749C3F8004524
:1035A0000648FFF79DFF00210446084609F021FE6A
:1035B000204610BD005004500851045008500450DB
:1035C00038B50C4659B1074D0749C5F800050748FD
:1035D000FFF786FF10B9D5F80835236038BD6FF0C6
:1035E0000100FBE700500450105104500C500450EF
:1035F00070B51C4E44680288B6EB142F43884FEA1E
:10360000142514D14069184B98420CD003F5FF43A0
:103610007D330344012B22D8B2F5105F1FD1022362
:1036200000200B6070BD47F212139A42F6E70F4874
:10363000854214D102F44F40B0F5824F09D144F2D3
:103640001210073382424FEAD303E9D15B00013302
:10365000E6E7B2F5885FE2D10733DB08E0E76FF019
:103660008600DFE7004E800001C0FF7F4B4E8000E8
:1036700000212DE9F043064695B0084601F0B0FD63
:103680000DF12705044625F01F0520B115B0BDE852
:10369000F0430BF0EDBD4FF01009DFF884800122FC
:1036A00010211E480BF050FE1C4A2B1900932021BC
:1036B0001023CDF80490A2F1200001F027FB07466B
:1036C00050B1002001F07AFD38460BF0D1FD0746DD
:1036D000384615B0BDE8F083D8E90C321034013318
:1036E00042F10002302CC8E90C32D8D101F066FD5D
:1036F00026B12246314628460BF019FE2E46084CCC
:103700000FCE0FC496E80F00203584E80F0095E82F
:103710000F00103484E80F00DAE700BF28680020AB
:1037200008680020F0B5194D194FAB6B8DB0BB4246
:1037300029D0184E30680CF068FF4023002219464B
:1037400028460CF07FFF302168460BF047FE044608
:1037500078B96846FFF78CFF044690B930230246DB
:10376000194668460CF06EFF01220023C5E90C23C0
:10377000AF6330680CF04FFF20460BF079FD0DB0C1
:10378000F0BD0E24F5E70020F9E700BF086800202F
:10379000B4A5B4A5700B00202DE9F04F99B00DF140
:1037A000570902F10F0A04468846154629F01F09F9
:1037B0004FEA1A1A32B1002900F08580B2F5803F35
:1037C00000F28180414F424E38680CF01EFFD6E96E
:1037D0000C32134308D12046FFF7A4FF044618B16A
:1037E00038680CF018FF5AE0D6E90C231AEB0202F5
:1037F00043F10003B3F5803F14D3302102A80BF04E
:10380000EDFDF8B902A8FFF733FF04460028E7D121
:1038100030230246194602A80CF014FF00220023B0
:10382000C6E90C230021084601F0DAFC044660B921
:1038300010249DB9284601F0C1FC2846FFF718FF67
:103840000446CDE76FF09204CAE738680CF0E3FE57
:10385000204619B0BDE8F04F0BF00ABD102D4FF017
:1038600001024FF010011B48AB4628BF4FF0100B70
:103870000BF06AFD174A10232021CDE90094A2F134
:10388000200001F043FA824668B1002001F096FC66
:1038900038680CF0C0FE50460BF0EAFC04462046A7
:1038A00019B0BDE8F08F5A46404649460CF0E1FE9B
:1038B000D6E90C32013342F10002C6E90C32A5EB25
:1038C0000B05D844B5E76FF08604E8E7700B0020DD
:1038D000086800202868002038B5154603680D4A9E
:1038E0000446934206D002F58072934202D00A4AFF
:1038F00093420BD1EB1F062B08D82A4604F1400057
:103900000CF0B7FE002084F84D5038BD6FF08500F4
:10391000FBE700BF00015005000510052DE9F84F39
:10392000DFF8C4A0DDE90AB424F47E168846174601
:103930001946138856450CBF4FF4105200229A4284
:10394000054643D1BBF1200F43D800F120095A4668
:1039500048460CF08EFE5A46494638462B1DFFF766
:103960004FFD38BB564527D01B4B9E4226D0B6F1A3
:10397000052F25D0194B9E4224D0194A194B964247
:1039800018BF00232B60184B85F858809E421BD12E
:1039900084F0AA6383F4807333F47E1306D084F03A
:1039A000AA6383F4007333F47E130DD1C4F305448A
:1039B00085F89A40BDE8F88F0C4BE3E70C4BE1E744
:1039C0000C4BDFE70C4BDDE70024F1E76FF08500DF
:1039D000F0E76FF08600EDE7000240050006000505
:1039E0000007000500071005000140050001500513
:1039F000000250050005100500061005F7B590F807
:103A00009B10044601295AD002297AD000297AD184
:103A10000168404B994206D003F58073994202D069
:103A20003D4B994272D194F84D30073B062B6DD82F
:103A30003A4B994213D0A3F58073CA1A51425141AF
:103A400004F1C007384601F0CBFB064648B10BF045
:103A50000FFC10B9022384F89B3003B0F0BD0121A4
:103A6000EEE723682B4A93420DD002F58072934211
:103A700020D0294A93421DD06FF00205384601F04C
:103A80009DFB2E4616E094F89A50D4F854C094F852
:103A900058E094F84D3004F14002CDE9005C211D5E
:103AA00004F1A000BEF1000F06D10CF0A3F805460A
:103AB0000028E3D13046CAE70CF092F8F7E7036834
:103AC000164A934203D013495B1A5942594104F1F3
:103AD000C006304601F084FB20B103B0BDE8F040E1
:103AE0000BF0C6BB04F1A0000CF00FF9054620B1A5
:103AF000304601F063FB2846EFE7022384F89B3051
:103B0000F9E70020A9E76FF09600A6E76FF08800BC
:103B1000A3E700BF00015005000510050002500595
:103B20002DE9F0431546DFF8649085B00F4603AAEF
:103B3000494606460BF07CFCDDF80C801DB3C8F14D
:103B40002004AC4228BF2C463946224609EB080027
:103B50000CF08FFD4FF00109002330460B49CDF8E2
:103B6000009004EB08020BF0C5FC48B9AC4207D04A
:103B70000346CDF8009030462A1B39190BF0BAFCE9
:103B800005B0BDE8F0832C46E4E700BF8DBF002000
:103B90002DE9F04FFBB003AC8046894692460021E8
:103BA0004FF4EE7220469B46899D879F0CF087FD5F
:103BB00000228B9B02AEAB4232604AD342464B4658
:103BC00001212046CDE900ABFFF7A8FE8046002882
:103BD00038D1DDE984122046C4E91475FFF77CFE74
:103BE00070BB22681C4B9A4221D13A4620468699E6
:103BF000FFF796FF804628BB00902A4620468A9B06
:103C000088990BF077FC8046E0B98B9A8A99334605
:103C10002046521B29440BF0A7FC804690B933681C
:103C20008C9A2B44136040467BB0BDE8F08F012393
:103C30003A4600932046434686990BF05BFCD9E751
:103C40006FF0850800238C9A204613600BF07CFCF3
:103C5000E9E76FF08908E6E7000150052DE9F04F2C
:103C6000044699468A469346FBB003AD4FF4EE7284
:103C7000DDE98778002128468C9E0CF020FD224645
:103C8000534600212846CDE900B9FFF747FE044618
:103C900050BB95F89A20899B9B1A8B9A336093426C
:103CA00034D8DDE984122846C5E91473FFF714FE01
:103CB00078BB2A68184B9A421FD13A462846869903
:103CC000FFF72EFF044678B90090414628468A9BAC
:103CD00032680BF00FFC044630B931682846414485
:103CE0000BF069FC044620B10023284633600BF03A
:103CF0002BFC20467BB0BDE8F08F01233A460093B1
:103D00002846234686990BF0F5FBDBE76FF0890424
:103D1000EAE76FF08504E7E700015005F0B40468B6
:103D200015461A46049B002C3CD1224C13F47C16F9
:103D3000036004EA030409D0C3F30546B4F1607FCD
:103D4000466021D12946F0BC0BF022BDB4F1607F62
:103D50000BD1DCB244F0007404F17E44033C122C1D
:103D60001CD81549095D4160ECE7B4F1707F17D1AB
:103D70000C8804F4E047B7F5005F11D10126C4F3C5
:103D8000022406FA04F4446023F47E140B4B9C4294
:103D90000CD113462A46F0BC00F076B84660D1E755
:103DA0004660F1E76FF08800F0BC70476FF0850067
:103DB000FAE700BF0000C07F35A605000002C0037F
:103DC00010B4046894B1B2B10D4B2340B3F1607FDD
:103DD00003D15DF8044B0BF024BD0A4B24F47E1490
:103DE0009C420AD15DF8044B0BF01ABC6FF08800BE
:103DF0005DF8044B70471046FAE76FF08500F7E76F
:103E00000000C07F0002C003F8B50F4601680546F8
:103E10001E4659B36FB3436893422DD8184B0B40DD
:103E2000B3F1607F11D10BF07DFD04462B68154A7C
:103E300023F47E13934203D128460BF071FC044611
:103E400034B1002333602046F8BD6FF09604EDE7EF
:103E500005F10C0138466A680CF00BFC6B684FF4F6
:103E60000171284633600CF0F8FBECE76FF0880432
:103E7000E9E76FF08604E6E76FF08904E3E700BF47
:103E80000000C07F0002C0032DE9F0410E461C4631
:103E900033880546B3F5105F11463DD10F2C0BD882
:103EA00073681F481A0AB0EB132F07D01D4B9A42B4
:103EB00004D06FF086042CE0202CFAD805F5B277F8
:103EC0002246384605F5A4780CF0D3FB224643463B
:103ED00039463046FFF794FA0446D0B905F1640636
:103EE0000121304601F07CF918B1BDE8F0410BF03A
:103EF000BFB9414605F1500000F056FF0446304678
:103F000001F05CF90CB12046EFE7102385F84C4036
:103F1000AB602046BDE8F0816FF08504F9E700BF93
:103F20004B4E8000004E80002DE9F04F1D460023CF
:103F30008BB0DDF85890DDE9146AC9F8003004460A
:103F40000F469046CAF8003066B34268184BB3EB90
:103F5000122F2AD102A9D0F814B0FFF749FB01466D
:103F6000C8B9029B9E421AD35FFA8BFB594643465F
:103F70003A46204600F0B4F8014660B92B46584650
:103F8000CDE9006A03AA00F071FA014618B9BDF83C
:103F90000E30C9F8003008460BB0BDE8F08F6FF066
:103FA0008901F8E76FF08601F5E76FF08501F2E728
:103FB0004B4E800030B4074C041961F10005032C0E
:103FC00075F1000502D330BC00F050BA6FF08500E7
:103FD00030BC7047FF3F00806029F8B505460E46AB
:103FE00018D80E4F38680CF010FB28460BF066FD11
:103FF0000BF03EF9044640B90949324628460CF018
:1040000038FB602106480CF028FB38680CF003FBF5
:104010002046F8BD6FF08904FAE700BF740B00205A
:104020000000002008B503789B0705D005486021F3
:104030000CF013FB002008BD0BF05CFD0028F5D050
:104040000220F8E700000020F7B524494368044641
:10405000B1EB132FDAB23DD1032A03D16FF0840004
:1040600003B0F0BD466901A9F5B228460BF0D0FCBB
:104070000028F5D121466A4601980BF09EFC0446C3
:1040800010BB009FA74218D89DF8043007F0070224
:1040900023F01F0343EA820301A88DF804308DF852
:1040A0000560FFF7BFFF394628460BF0CCFC70B91E
:1040B00003B0BDE8F0400BF0DEBC6019FFF758FA22
:1040C0000028CBD10134DCE76FF09800C8E76FF02F
:1040D0009200C5E76FF08B00C2E700BF4B4E800037
:1040E0002DE9F04F89B01C4607460D4616460BF0E9
:1040F000C2FC0346002840F02C8100907869C0F390
:10410000013161F305138DF8003013F0300308D14D
:10411000BA68920710D06FF08608404609B0BDE833
:10412000F08F102B08D1BDF8023023F4F87343F45C
:10413000A873ADF8023085E0FA6802F0FE4CBCF1DD
:10414000A06F11D1DFF84CC222F47E12624518D163
:104150001020009A60F3933200923A88B2F5105F13
:1041600020D06FF08508D8E7DFF82CC262450ED06A
:104170000AD8DFF828C262450FD0DFF824C26245B2
:1041800008D0C0B2F828EBE7DFF818C2DEE7142049
:10419000009ADFE72420009ADCE73420009A60F3DD
:1041A0009332009200224FF0010B90461046944645
:1041B000D7F808E0DFF8F09159F804AB1EEA0A0FCF
:1041C00008D00BFA0CF242EA080202F07F08012242
:1041D00040EA0A000CF1010CBCF1070FECD12AB146
:1041E0009DF8032068F347028DF803203EEA0000A3
:1041F000B7D17A88FF2A39D005D8802A38D0C02A8A
:10420000AFD1022206E0B2F5807F33D0B2F5C07F95
:10421000A7D106229DF8020062F306108DF8020075
:104220001BB91EF0030F7FF476AF3B79022B2ED023
:1042300022D8012B7FF46FAFBDF8022063F3C812C0
:10424000ADF8022001293AD0032925D000297FF4B6
:1042500062AF3B88B3F5105F83D1182C04D0202CBB
:1042600002D0102C7FF457AF474F2CE00322D1E748
:104270000122CFE70422CDE7032B02D0FF2B7FF4EE
:104280004AAF0222BDF8023062F3C81351E7BDF80D
:10429000023043F4C0734CE7202C05D006D8102C14
:1042A00002D0182C7FF437AF384F0CE024F02003F5
:1042B000412B01D0302CF5E70136013CF4E7302CDE
:1042C0007FF429AF324F4FF000080F344FEA141932
:1042D00005EB08000BF078F8002852D008F101082F
:1042E000C145F5D11F2C2ED11C22002101A80CF0B4
:1042F000E6F94FF0000B4FF0FF3A07EB0B124FEAD5
:104300000B130692BBF1000F26D1009A0792BDF85D
:1043100002203344C2F3C11205920DF1040C03F1E3
:10432000100E624618685968083303C273459446F4
:10433000F7D101A905EB0B00FFF7FCF8804670B13F
:104340000BF099FB05E0494628460BF07CFB002862
:10435000CAD06FF09208E0E6CDF81CA0D7E71C2188
:1043600001A80BF1010B0CF078F9D945C5D11F2C30
:104370003FF4D3AEBA20FFF709F900283FF4CDAEE1
:10438000E7E76FF08A08C8E640008151000000208E
:1043900010840450000140050044400409008003DB
:1043A0000002C003000150055830050010B590B060
:1043B0001C22002101A80CF082F9F8200BF004F86F
:1043C00000B3202200200DEB0201FFF7E5F90446BF
:1043D000F0B94FF48071104A104B01A8CDE90123C8
:1043E0000F4BCDE903130F4BF821069320230DEB60
:1043F0000302FFF775FE202104460DEB01000CF0CF
:104400002CF905E0F9200AF0DFFF0028D9D1044695
:10441000204610B010BD00BF00240001014B4E80AB
:104420000010C004F800FF7F73B5C5B20E462846E1
:1044300001A914460BF0ECFA88B9BDF80630C3F3B5
:10444000C113013BDBB2022B8FBF6FF08600054A20
:10445000D25C054B9EBF13433360C4E9005002B0E9
:1044600070BD00BF48A60500004B4E802DE9FF41FE
:10447000884601A9064614461D460A9F0BF0C8FA55
:1044800048B9B6F1F80348F1FF38022B78F100087B
:1044900004D26FF0860004B0BDE8F0810BF0EBFAB7
:1044A000002862D1002CF4D09DF8041011F00F0206
:1044B00040F0C180BDF80630C3F3C113013BDBB24D
:1044C000022B00F2BB80624801F03008C05C614BF7
:1044D000B8F1100F43EA000363602AD15E4B2360FA
:1044E000204602A9FFF784F80028D4D1029BBB42E2
:1044F00000F2AA8044F2121221880198914204BF6E
:10450000042205F8012B0B9A214613609DF8043014
:104510002A78C3F3011363F301022A7003AA08BFC8
:1045200007F1FF370BF049FA00286ED06FF09800C2
:10453000B1E713469DF807C0DFF830E14FEA5C00B1
:10454000B0B9D00454BF134642F48063990448BF05
:1045500043F40063A360019BC3F38533242B17D07E
:1045600010D8102B30D0142B32D06FF0920092E77D
:10457000C10704D5062B64D85EF823100A4340080F
:104580000133DDE7342BF0D14FF48850334B02E098
:104590004FF41050324BE3609DF806302080C3F397
:1045A0000213013B052BC1D80FF2040C5CF823F079
:1045B00007460400D9450400F7450400FB45040004
:1045C0002D450400014604004FF41050254BE2E74E
:1045D0004FF41050244BDEE7C0236380B8F1000F86
:1045E0007FF47EAFB0F5105F02D193073FF478AF50
:1045F0006FF096004FE7FF23EFE74FF48073ECE78F
:104600004FF4C073E9E78023E7E72B78039A6E70D5
:1046100062F384032B70238803F44F42B2F5824F78
:1046200004D139462846FFF7D7FC34E7B3F5885F55
:104630007FF431AFF5E76FF088002CE76FF0910061
:1046400029E76FF0830026E76FF0890023E700BFBA
:1046500048A60500004B4E80011080010900800330
:104660000002C003008144050044400458300500A6
:10467000084A21F49F6323F007039342016004D0AA
:10468000054B21F0FF01994201D10BF04ABA6FF0BE
:1046900085007047000100080004000870B4046839
:1046A000094E24F49F6525F00705B54204D0074D57
:1046B00024F0FF04AC4202D170BC00F0D7B86FF018
:1046C000850070BC704700BF0001000800040008AE
:1046D00030B404681A46B4F1082F029B07D0064D87
:1046E00024F0FF04AC4202D030BCFFF7D7BF6FF01C
:1046F000850030BC704700BF0007000830B4036875
:10470000094D23F49F6424F00704AC4204D0074C05
:1047100023F0FF03A34202D130BC00F04FB96FF089
:10472000850030BC704700BF00010008000400088D
:1047300038B50368084A23F0FF039342054609D1C0
:104740000BF01AFA044628464FF45A710BF085FF15
:10475000204638BD0024F6E7000100082DE9F341AA
:104760000478064664B33F4B44F000749C4260D02A
:1047700004F17E43043B012B5DD93B4B9C425CD052
:1047800001339C425BD001339C425AD001339C429E
:1047900059D001339C4250D001339C424FD0033357
:1047A0009C424AD001339C4249D001339C4248D0BC
:1047B00001339C4247D00233E31A5C425C41A401BE
:1047C00000232246304606F25921019300F004FEF0
:1047D0000546002842D196F8583206F15407A3BB8B
:1047E00096F8583238460133D6F85C2386F85832AA
:1047F00006F2D921FFF7E4FA054678BB01223846D4
:1048000006F51671FFF7DCFA054638BB06F2992863
:1048100022464146384601ABFFF7F6FA0546E8B9AD
:104820002246414606F110000BF023FF86F8504067
:1048300014E01024C4E71424C2E71C24C0E7202499
:10484000BEE73024BCE74024BAE72246384606F2E9
:104850009921FFF7B5FA05460028C1D0284602B0D5
:10486000BDE8F08103000002080000022DE9F341D9
:104870001D46002301930368064613F0FF04174604
:104880001BD044F0007404F17E42D01E022829D9C6
:10489000A2F10800012825D90A3A032A24D9454A59
:1048A000944223D00132944222D00132944221D04A
:1048B000013294420CBF482400243F4A23F0FF03F6
:1048C000934219D140F20113994215D1402D6ED86F
:1048D0002A46394606F259200BF0CBFE1223B3804C
:1048E00000201CE04024E8E78024E6E79024E4E789
:1048F0008824E2E76824E0E7B388DA0642D5132B80
:1049000040D040F2022291420CD040F20322914268
:104910003BD040F20112914210D06FF0860002B0FD
:10492000BDE8F081102B2DD12A463946304600F0E3
:1049300053FD0028F3D11123B380F0E7102B1FD1D2
:1049400006F25928402140460BF087FE2246414698
:10495000304600F041FD0028E1D106F154082A4616
:1049600039464046FFF72CFA0028D8D112232246B8
:10497000B380404601AB06F25921FFF745FACEE776
:10498000112BEAD06FF08800C9E796F86033002B4E
:10499000F8D1802D0BD82A46394606F2D9200BF0E3
:1049A00068FE0123C6F85C5386F8603398E76FF021
:1049B0008C00B4E710000002000500082DE9F0416A
:1049C00004680E46194924F0FF078F421346054636
:1049D00082881BD1112A26D91322E4B244F0007434
:1049E00004F17E44033C122C828006D8104A125DEA
:1049F0009A4203D96FF0890006E00022304605F2A2
:104A000059210BF036FE0020BDE8F081112A0AD9A9
:104A100090F860233AB11322828006493246BDE8FD
:104A2000F0410BF092BD6FF08800EDE70004000844
:104A30004BA605005D470400F8B504461F460E4628
:104A400019B18B68096819B953B96FF0210550E0A5
:104A500033B9736823F00801102901D0202B4AD103
:104A6000FB074BD43B1F0C2B48D8D31F062B48D831
:104A7000C2F10F02D2B2082A03D0069BD200D34063
:104A800042D101232046A376E6610BF095F8054656
:104A900000282ED121461E4B079841F8843BB3686D
:104AA0009A0602F0E0429B010243DBB21A4342F451
:104AB0000052112304F1200000F0C6F9B3687BB95D
:104AC000636A32681A607368626A43F000539360E5
:104AD0002268636A92685268DA60636A10336362BC
:104AE0000023C4E902336361236123682776DB680E
:104AF00063602846F8BD6FF04105FAE76FF04205A4
:104B0000F7E76FF04305F4E76FF03F05F1E700BF0B
:104B10007430050070B590F8203004460D46002B27
:104B20005DD003685A68052A0ED1016B9A6911425B
:104B30000AD0C26842B9826832B90BF036F8002850
:104B400008BF6FF0530070BD5A6AD4E904100E1804
:104B5000964207D220460BF028F8002808BF6FF0D5
:104B60000200F0E71B6904F1F402984770B1E36AB0
:104B7000626AC4331360636A1A4A9A602268636A7D
:104B800092685269DA60636A1033636220460AF001
:104B9000F8FFA26A237E1560A26A217E0F3391601E
:104BA000A26A23F00F0302F11001A162217E994253
:104BB0000AD000211161217EA26A5B1A43F0804372
:104BC0009360A36A1033A362002504F12000B6218C
:104BD000656004F184020BF01EF92846B3E76FF01C
:104BE0002000B0E71000002070B590F82030044697
:104BF0000D46002B00F0848003685A68052A0ED108
:104C0000016B9A6911420AD0C26842B9826832B90E
:104C10000AF0CBFF002808BF6FF0530070BD5A6A3E
:104C2000D4E904100E18964207D220460AF0BDFFC0
:104C3000002808BF6FF00200F0E71B6904F1F402DE
:104C40009847636A002837D0E26AC4321A60636A00
:104C50002D4A9A602268636A92685269DA60636AD0
:104C600065601033636220460AF08BFFD4E90A12B4
:104C7000C432237E0A60A26A217E0F339160A26A49
:104C800023F00F0302F11001A162217E99420AD0A4
:104C900000211161217EA26A5B1A43F08043936078
:104CA000A36A1033A36204F12000B62104F1840248
:104CB0000BF0B1F80020B1E722689268926902F027
:104CC000C002C02A02BF53F8042C42F0200243F86D
:104CD000042C626A237E15600F33626A23F00F038F
:104CE00043F0005191602268207E9268616A926967
:104CF0001B1A42EA0323CB60636A10336362B2E794
:104D00006FF020008AE700BF1000002037B54FF495
:104D100080740194214C41F00051A16140F61101D1
:104D200043F00053A3622123E16104F1200161619A
:104D300001212262E362069A194B01AD1A60079ABB
:104D4000256042F000521125C3E901122022DFF84C
:104D500054C02061C4E902C504F1100565606162B8
:104D6000DA60BFF35F8F4FF0A3421460BFF35F8F31
:104D7000BFF35F8F1361BFF35F8FBFF35F8F0323B9
:104D80005363BFF35F8FBFF35F8F9363BFF35F8F97
:104D90000BF0B5F8431CFBD003B030BD8476002087
:104DA000747600200400002038B504460D4619B181
:104DB0000A688B681AB953B96FF0210029E033B93A
:104DC0004B6823F00802102A01D0202B36D1256130
:104DD000EB68D3B91B4B04F17801236001236360B6
:104DE000AB6804F114009A069B01DBB202F0E042CA
:104DF0001A4342F48032112300F026F8AB684BB11D
:104E000000201023C4E9020303E0686998470028E2
:104E1000E0D038BD2A68A3691A606B68A26943F0C4
:104E2000005393602268A36992699268DA60A3696B
:104E30001033A361636801336360E1E76FF0410001
:104E4000E7E700BFB8300500026100F1140282609C
:104E500000F110024160C2600A604268034991603B
:104E60004268D360436810334360704704000020F9
:104E7000C36870B57BB9C36900F128021A60C369C1
:104E8000474A9A604368C269DB6843F48063D36031
:104E9000C3691033C361836A9B0532D40368C26857
:104EA000DD6800F1EC04302D34BF08261026082EF2
:104EB0000CBF092611261D696B1E1340EB1AB34265
:104EC00038BF5B191C44D50004F8015C03F1EB0406
:104ED0005209044400F1ED05A5425CD1802280F81E
:104EE000EC20426AC469C4322260C269936044689B
:104EF000C269E468D460C2691032C26102691A44AE
:104F000002610269C469D31C23F003039B1A54F89D
:104F1000042C42EA032244F8042CC26952F8084CDB
:104F2000234443F0005342F8083C026A0368DB68FC
:104F300011600168026AC96803339160026A23F054
:104F4000030302F1100101620168C96899420BD0A4
:104F5000002111610168026AC9685B1A43F080434D
:104F60009360036A10330362836A13F4806311D180
:104F700002685169D26891420CD0026A13600268DB
:104F8000016A5369D2689B1A43F080438B60036ABD
:104F90001033036270BD04F8012D120A9CE700BFB4
:104FA00004000020B1F5AA7F38B5054615D3026884
:104FB000146814F0400413D10B4B00F17C014360E2
:104FC000126813231830FFF73FFF084B20466B6130
:104FD0000123C5E90344AB6038BD6FF02200FBE755
:104FE0006FF00200F8E700BF04310500714E0400C5
:104FF000BFF35F8F094A1368BFF35F8F43F480717B
:10500000BFF35F8F1160BFF35F8F23F48073BFF333
:105010005F8F1360BFF35F8F704700BF0010805138
:1050200008B5FFF7E5FFBFF35F8F064A1368BFF3CC
:105030005F8F43F00103BFF35F8F1360BFF35F8F98
:1050400008BD00BF0010805170B50026C0E90066A1
:1050500005460C46FEF72EF901232B70FFF7C8FF1B
:10506000BFF35F8F204BDB68BFF35F8F9B08013B73
:10507000ACB3226842B19A4205D9FEF73BF96FF012
:105080003F002E7070BD1346D4E90115E068002979
:1050900008BF4FF40071002808BFF1202469BFF356
:1050A0005F8F114A9360BFF35F8FBFF35F8F15640B
:1050B000BFF35F8FBFF35F8F5064BFF35F8FBFF3AA
:1050C0005F8F5163BFF35F8F44F4802444F0010489
:1050D000BFF35F8F1460BFF35F8F0020D2E74FF400
:1050E0000071F1202546DAE70010805170B5037891
:1050F0000D461446002B52D0BFF35F8F2C4A136B22
:10510000BFF35F8F03F00E010A294BD013F00C0F91
:1051100002D14FF0FF3070BD4368D3B9BFF35F8F4A
:105120005368BFF35F8F032BF3D9224B2249BFF3A0
:105130005F8FD2F88060BFF35F8FBFF35F8F43F85C
:10514000046BBFF35F8F8B42F1D1FFF769FF01233F
:105150004360BFF35F8F164B9A68BFF35F8F0132D6
:10516000B4EB021F21D8BFF35F8F5A68BFF35F8F84
:10517000B4EB820FCDD884B1BFF35F8FD3F880201A
:10518000BFF35F8F291D05F8012BA9424FEA1222B8
:1051900004F1FF34EFD0002CF5D10020BBE76FF015
:1051A0002000B8E76FF05100B5E76FF03F00B2E7BD
:1051B00000108051101080512010805110B504460D
:1051C00008B1037843B1FEF795F8044B18680BF06B
:1051D00022FA0CB10023237010BD00BF740B002015
:1051E00073B50D460646FEF765F815F0010509D0C2
:1051F00001A800F0CDF8044620B1FEF77BF8204668
:1052000002B070BD184B18680BF0FFF90EB1012306
:105210003370BFF35F8F4FF0A3430022DA61BFF317
:105220005F8FBFF35F8F4FF0FF321A63BFF35F8F63
:10523000BFF35F8F3422DA61BFF35F8F01220B4B24
:10524000C3F8042375B101980BF0BDF9042104469D
:105250000DEB01000BF001FA002CD0D03046FFF727
:10526000ADFFCCE72C46CAE7740B00200080045049
:1052700038B5164CD4F80051C5B1BFF35F8F4FF06D
:10528000A343996ABFF35F8FBFF35F8F4FF0FF3285
:105290001A63BFF35F8F0023C4F80031D4F80031E4
:1052A0000B4B1868BDE838400BF0C8B9D4F808318A
:1052B00053B100F069F80BF09CF8C4F80851D4F829
:1052C00008310121034BECE738BD00BF00800450DA
:1052D0007C0B0020780B002008B5074B18680BF0FA
:1052E0009CF9064B18680BF098F9BDE808400022BD
:1052F00048201146EDF7E6BD7C0B0020780B00201E
:1053000038B5094B1C7864B1084B4FF0FF311D686C
:1053100028460BF084F94FF0FF31044628460BF085
:105320008BF9204638BD00BF8BBF00207C0B0020CE
:1053300010B5064CE36C3BB9214651F84C3B9869DB
:105340000BF05BF80123E364014810BDB476002044
:105350000077002010B50A4B0A4C236003F5C043C8
:1053600063602461FFF7E4FF236D0020B3F5007F45
:10537000CCBF4FF480634FF40073A36010BD00BF37
:1053800000208051B476002000487047B476002099
:1053900070B50E4D0E4E044628680BF036F9306895
:1053A00028B980220B49FEF7F7F960B92020094A95
:1053B000013852F8202030602260002428680BF069
:1053C0002AF9204670BD0224F8E700BF800B0020B8
:1053D0002077002024770020F0B58BB015460646D4
:1053E00018220F4604A800210BF069F94FF6F87255
:1053F0004FF4A053B2EBC50F4FF6FF7205934FEA7F
:10540000C50338BF13463468ADF80E300D4B9C42CF
:1054100013D0B4F1082F10D04FF48853E4B244F005
:105420006074ADF80C303A462B46009403A906F19F
:1054300054000AF0DCF80BB0F0BD4FF41053024CEE
:10544000EFE700BF000280080002C003F8B50E4B72
:1054500006461D68AB789B0712D56F6816F8014B9E
:1054600029462CB90A20B847002805DB204609E068
:105470002046B8470028F1DAAB7843F00403AB705C
:105480004FF0FF30F8BD00BFCC2805000CB430B59C
:105490008BB004460D462022002102A80BF00FF924
:1054A0000223002D06948DF80A300C4B039312DB77
:1054B00001D06B1E1C440FAA0E9902A807940192FA
:1054C00000F030F915B1069B00221A700BB0BDE850
:1054D000304002B070470024EDE700BFD50D050055
:1054E0000EB470B58BB00546202200210FAC02A887
:1054F00054F8046B0BF0E3F8012302A8224631466E
:105500008DF80A30054B06950493019400F0AEFD2A
:105510000BB0BDE8704003B0704700BFC10D05007F
:10552000242A2DE9F041054601D8012A0AD1354B3C
:105530001622EDF721FE1A5001B10D600020BDE8E2
:10554000F0813046064616F8014B202CF9D0A4F124
:1055500009072346042FF4D92B2C32D02D2C33D11C
:105560004FF0010C3378861C302B34D1307840F06A
:10557000200078282BD132F0100028D173783546DE
:10558000102202360CF100470020013FB7FBF2FE6B
:1055900002FB1E78392B82BF03F1FF3343F0200357
:1055A000263B303B9A421DD9704502D817D1984509
:1055B00015D24CF0020C3446354614F8013B264611
:1055C000E8E74FF0000CCDE74FF0000CCCE7002AE5
:1055D00008BF0822D6E7002A08BF0A22D2E700FB4C
:1055E0000230E8E701B10D601CF0010F18BF404226
:1055F0001CF0020FA3D0034B2222EDF7BDFD1A5081
:1056000038469CE70C0000002DE9F0410126B2422B
:1056100001DCBDE8F08107463B461F4613F8014B0D
:10562000002CF6D0252CF8D11D780237252DF3D08B
:105630000023DFF8EC809C461C461F2C27D8A5F1E0
:10564000200EBEF1100F06D828FA0EFE1EF0010F34
:1056500053D12E2D3CD02E2D27D8242D33D02A2DBA
:1056600036D0BCF1000FD4D0B445D5D145F02007D9
:105670000B68A7F1650CBCF1020F01D9612F42D173
:10568000073323F00703083301360B60BFE77F2C95
:10569000DFD96C2D23D01DD8682D27D06A2D01D0DD
:1056A0004C2DDED144F4207408E0A5F1300EBEF19B
:1056B000090FEED80A2404FB03E3202417F8015B4A
:1056C000002DBAD1CDE7BCF1000F18D0B34218D0ED
:1056D0000023F3E7742DF1D07A2DEFD0C1E7250632
:1056E00048BF44F4007444F08004E7E7E50548BF90
:1056F00044F4007444F48074E0E70024DEE79C4640
:10570000E6E76325B2E7692D02D007D8632D03D001
:10571000250601D5A405B3D40433B5E7732DF6E708
:10572000892801002DE9F04F837893B08046D0F8A6
:1057300004909C07CDE9081214D50B4600250B9266
:10574000187888B1252813D00133069341460135D6
:10575000C847002880F2F48398F8023043F004032D
:1057600088F802304FF0FF35284613B0BDE8F08FBF
:1057700093F801A09A1CBAF1250F0692E6D04FF0DB
:10578000000B5E465F465C461F2C23D8AAF120031F
:10579000102B22D8DFE803F01521211B2121210B3A
:1057A0002121211321182121090044F00104069B25
:1057B00013F801AB0693BAF1000FE5D11BE044F0FA
:1057C000020444F00404F2E744F00804EFE744F074
:1057D0001004ECE77F2C00F2F880BAF12E0F00F0F5
:1057E000D58000F2AE80BAF1240F00F0D580BAF176
:1057F0002A0F00F0B680BBF1000F06D0099B5A4675
:105800000BA908980B93FFF7FFFE002E4AF0200328
:10581000B8BF24F040040493A3F16503BCBF002685
:10582000A4B2022B04D94AF02003612B40F08882F5
:105830006FEA0A0A0AF0200307930B9B073323F051
:10584000070303F108020B92049A612AD3E900AB23
:1058500004F0400340F0E680002B079B50460CAA62
:1058600008BF4FF0FF360093594644F4C054334606
:105870000BF0FCF901304FF0010CDDF830A0C3B2A1
:10588000B3420393A8BF03F1FF367023CDE9043C74
:105890000AF10903122B0DD90AF16303C62B40F25A
:1058A000F4800AF2E73340F2CE7293428CBF0423B5
:1058B000032305939DF83430D80700F1E880A20750
:1058C00000F1E880C4F3800B4FEA4B1B5FFA8BFBBF
:1058D00013F00C0F00F0EA80BBF1000F0CBF0323A4
:1058E0000423BB420EDA2007A7EB03070BD42F4497
:1058F00041462020C847002805F10105FFF62CAFDE
:10590000BD42F5D10027BBF1000F07D041465846F4
:10591000C847002805F10105FFF61EAF9DF8343099
:10592000AD4C13F0080FAD4B08BF1C46264632465F
:1059300016F8010B002840F0B0802C1B02EB040B82
:105940007AE1AAF13003092B3FD814F0400F4FF051
:105950000A020ABF44F0200402FB063602FB0737A6
:1059600025E7BBF1000F7FF422AF0B9A600652F8D7
:10597000043B0B9201D51E4619E7002BA7BF44F04C
:1059800020041F465F4244F0280410E763063FF5F9
:10599000EBAE44F040040AE7BBF1000F3DD014F039
:1059A000400A099B0BA908980CBF3A4632460B9354
:1059B000FFF72AFE0B9B53F8042B0B93BAF1000F51
:1059C00001D01646F3E61746F1E6BAF16C0F16D091
:1059D0000CD8BAF1680F19D0BAF16A0F03D0BAF136
:1059E0004C0F7FF408AF44F42074E0E6BAF1740F72
:1059F0003FF4DDAEBAF17A0F3FF4D9AEFBE62006F4
:105A000048BF44F4007444F08004D0E6E30548BF86
:105A100044F4007444F48074C9E65E46BB463446E0
:105A20003746C4E6002B049B08BF0626652B0ED123
:105A3000721C44F48054D2B21346112A4FF065010F
:105A40004FF0000228BF11239446049107E0049B05
:105A5000662B12D144F40054B4460122112350465F
:105A60005946CDE9002C0CAA00F03AFFDDF830A031
:105A7000C3B20393022305930AE716F0FF02DBD1BA
:105A80006523944604930123E9E7022311E74FF0CD
:105A90002D0B1DE74FF02B0B1AE7079B4146C01A51
:105AA000C0B2C8470028BFF642AF55E614F4405FC5
:105AB00040F09680039B002E03F1480308BF0126A7
:105AC0006B44133B039A1AB113F8012D302A75D099
:105AD00014F0100F039B18BF33461AF1040F72DB4A
:105AE000B24570DA534544F400547CDD0AF10106F6
:105AF0009E1B2AEAEA730133BBF1000F00D0013389
:105B0000002E72D0721C13449F42CCBFFF1A002794
:105B100014F0090F03D12F44BD426AD10027BBF115
:105B2000000F07D041465846C847002805F1010537
:105B3000FFF612AE230510D541463020C847002895
:105B4000FFF60AAE079B41460235C3F1780000F02C
:105B5000F800C8470028FFF6FFAD200704D4AB4685
:105B60007D195D454DD10027A10468D52AEAEA7365
:105B70007642AAEB030A039A013B05F1010B524559
:105B800089BF0CAA3020524450799E4241DC4146E4
:105B90000493C84700280AF1010A049BFFF6DCAD14
:105BA0005A1C09D141462E200493C8470028FFF60D
:105BB000D3AD05F1020B049B5D46DCE7039A013A85
:105BC000D2B203927EE75E1E14F4006F059A14BFF2
:105BD0000523032313448FE751A4050040760500F5
:105BE000A10486D4F0E7002683E7E20648BF01332C
:105BF0008AE741462020C847002805F101058BDAD5
:105C0000AAE541463020C84700280BF1010BA8DA6D
:105C1000A2E541460393C8470028FFF69DADE6067E
:105C20000AD5039B013307D105F1020B41462E2013
:105C3000C8470028FFF690AD5D465F4412E241463A
:105C40009DF83500C8470028FFF686AD002E5DDDC3
:105C500041462E20C8470028FFF67EAD01240CAB3C
:105C6000039A4146A346A242CABFE21830205079A7
:105C7000C8470028FFF670AD01340CABA642EFDA3E
:105C8000AC1C5C44049B4146079A981AC0B2C847B2
:105C90000028FFF661ADBAF1000F4146B6BF2D20D6
:105CA0002B20CAF1000AC8470028FFF655AD059B16
:105CB000042B37D14FF47A7641460334BAFBF6F51C
:105CC00005F13000C0B2C8470028FFF645AD06FB1D
:105CD00015AA642641460134BAFBF6F505F13000F9
:105CE000C0B2C8470028FFF637AD06FB15AA0A2642
:105CF00041460134BAFBF6F505F13000C0B2C847A1
:105D00000028FFF629AD06FB15AA12E0E40601D42F
:105D10006C1CB7E741462E20C847002805F1020455
:105D2000B0DA19E5059B0234032BD2D0059B012B79
:105D3000DDD10AF1300004F1010B4146C0B277E732
:105D4000AAF16303122B00F2E580DFE813F01300E1
:105D50005400E300E300E300E3005400E300E30049
:105D6000E300E300E300FC00DD00E300E3002900C2
:105D7000E300AB000B9B01260DF1300A1A1D1B68D6
:105D80000B928DF8303020072CD50AEB060B5446C9
:105D90005C4529D1A5EB0A0ABF1B04EB0A0B4BE7B4
:105DA0000B9B1A1D0B92D3F800A0A94BBAF1000F60
:105DB00008BF9A4614F0400F504614BF31464FF0CA
:105DC000FF3107F000FE0646DDE741462020C847C8
:105DD0000028FFF6C1AC013CA642F6D32F443D1B80
:105DE0002746D2E73C46F7E7414614F8010BC8477F
:105DF0000028CDDAB0E421060B9B32D5A2052BD5C5
:105E0000073323F0070303F10802D3E900010B92E3
:105E100024F0100B00291FFA8BFB32DA40424BF4BE
:105E2000806B61EB41010CAC0A2322460AF0CBFCEB
:105E30001BF0400FA0EB040200F09C802BF001034C
:105E400096429BB240F39F80BAF1000F40F09D80D4
:105E50002BF011039BB21FE01A1D18680B92C1179B
:105E6000D6E71A1DE00519680B9201D40846F6E73B
:105E7000A20547BF48B241F3C01108B241F3C03197
:105E8000C6E750EA0103CED16306CCD5002ECAD1B5
:105E900024F011043246A3B2344640F206410B42CC
:105EA0006FD126E024F010040A23A4B214F0800C71
:105EB0000B9A4CD014F4007115BF0732101D22F05C
:105EC00007020B900FBF106802F108010B91D2E995
:105ED000000150EA010247D124F0160B62061FFAB6
:105EE0008BFB45D5002E43D124F017043246A3B2D4
:105EF000344619075FD4D90704D5A74272DD3C1B8D
:105F0000A6183C46A34650E044F0100410234FF07E
:105F1000780ACBE74AF02003782B04D1CAF1780342
:105F200043F01003C2E741462520C8470028FFF68A
:105F300013AC41465046C8470028FFF60DAC023569
:105F4000069BFFF7FDBB08234FF0000AAEE7111DCB
:105F500010680B9114F48071BBD014F400711ABF57
:105F6000C0B2614680B2B4E724F006041FFA84FB95
:105F70000CAC5AE714465B46D9068ED5BAF1000F31
:105F800005D10134B5E71446F6E73446F4E70234A8
:105F9000AFE741462020CDE90332C8470028FFF68D
:105FA000DBAB0BF1010BDDE903325F45F1DC2C1BB0
:105FB00004EB0B055C46D90616D54146302003920A
:105FC000C8470028FFF6C8AB039ABAF1000F32D0D9
:105FD000023541465046C8470028039AFFF6BCAB3D
:105FE0002E441DE016468DE740F206410B42F7D0E5
:105FF00013F0020F05F101054146039214BF2B2057
:10600000202013F4806F18BF2D20E4E74146302094
:106010000392C847002805F10105039AFFF69CABDF
:10602000731B9A42F2DB16460DF1300A2EB902EBD1
:10603000050B3F1B00E60135D2E7013E41460392C6
:106040001AF80600C8470028039AEFDAFFF784BB66
:1060500055A4050041462020C847002805F1010548
:10606000FFF67AAB7B1B002BF4DC69E72DE9F04FE0
:10607000002391B0824607920E920F9305930D462E
:1060800015F8014BACB1202C17D0A4F10903042B57
:1060900013D9252C17D00FA950460AF0BAFB031EBE
:1060A000C0F2EE80DBB2A3420BD00FAA51460AF039
:1060B000BAFB059811B0BDE8F08F0FA950460AF061
:1060C000BAFB2946DBE74F788D1C252FE3D02A2F1A
:1060D00003BFCD1C8F78012400240026A7F13003D4
:1060E000DBB2092B19D9A20722D5242F22D1079B75
:1060F00024F0020400220E93A4B201239E4214DC79
:1061000042B1731E002E0E9A4FEA8303D8BF0023BC
:106110001A440E9215F8017BDFE70A2244F00204CC
:1061200015F8017B02FB0636D8E701330122E5E7CB
:106130004FF0FF366C2F33D007D8682F24D06A2F4A
:106140003CD04C2F35D027B9B3E7742F33D07A2FFA
:1061500031D0394696480AF0D8FA0028A9D014F070
:1061600001030C9311BF4FF0000B0E9B1A1D0E92F2
:1061700008BFD3F800B06E2F23D10F9A00235846E2
:1061800000940AF06DFB9CE72F78682F03D044F051
:1061900020040135D7E744F030046F780235D2E7A8
:1061A0002F786C2F02D044F00404F2E744F00C0482
:1061B000F3E744F00C0415F8017BC4E744F008044D
:1061C000F9E7632F1FD114F0020F04F0040408BF95
:1061D00001260FA950460AF01CFB002850DBBBF13A
:1061E000000F02D064B14BF8040B013EF1D10C9BBF
:1061F000002B7FF466AF059B0133DBB2059360E7AC
:106200000BF8010BF1E75B2F5BD12B7800275E2B9E
:1062100006BF01354FF001094FF000090FA95046A4
:106220000AF0F7FA0023A84605F1010E9C4619462C
:1062300018F8012BF2B1F04507D05D2A11D02D2AB4
:1062400003D12BB90A46012309E0002B08BF1146F0
:10625000884203DB9042D8BF4CF0010C002311466A
:10626000E6E7002805DBCC4511D10FAA51460AF01C
:10627000DAFACFB99AF8023013F00C0F3FF419AFE5
:10628000059B002B14BF18464FF0FF3012E7BBF1FF
:10629000000F05D063074CBF4BF8040B0BF8010B44
:1062A000013E4FF00107B9D1BBF1000F07D014F048
:1062B000040416BF00238BF80040CBF8003045469D
:1062C00095E70FA950460AF0B6FA0028D8DB582FF8
:1062D0006AD0643FFBB2142B00F2B080142F00F29E
:1062E000AD80DFE807F063ABABABAB0BABABABABFD
:1062F000AB5F61ABAB42AB63ABAB610000270FA9F7
:1063000050460AF086FA2B2803D02D2809D144F0F4
:106310004004013EAED00FA950460AF07AFA002898
:10632000A8DB302872D1B6F1010905D00FA950467B
:106330000AF06FFA00283DDA0026B046620602D560
:10634000764268EB480832464346584600940AF0C5
:1063500087FA4CE7BBF1000F05D067074CBF4BF83D
:10636000040B0BF8010B013E0FD00FA950460AF0A9
:1063700050FA002809DB202803D0A0F10903042BE0
:10638000E8D80FAA51460AF04EFABBF1000F3FF4CD
:106390002EAF14F0040416BF00238BF80040CBF896
:1063A000003024E70827AAE71027A8E70A27A6E76E
:1063B0005CA4050040F0200344F08004782B0DD14C
:1063C00037F010030DD1B6F10209B5D00FA9504630
:1063D0000AF01FFA0028AFDB102702E0002F08BFE9
:1063E00008270026B0463928034682BF00F1FF3354
:1063F00043F02003263B303B9F420CD851460FAA66
:106400000AF011FA21067FF535AF97E7B146002F64
:10641000E7D10A27E5E7A7FB066244F080049E194E
:1064200007FB082242F10008B9F1010986D00FA943
:1064300050460AF0EEF90028D5DA7FE70FA950465A
:106440000AF0E7F92B28029003D02D280CD144F054
:106450004004013E3FF40EAF0FA950460AF0D9F9AF
:10646000031E0293FFF606AF029B43F02003692B45
:106470003FD06E2B6DD04FF000080A234746C1462F
:106480000393CDF81880CDF81080230540F190805B
:10649000029B43F02003DBB2A3F16102052A00F264
:1064A0008780573B039ADBB2934280F0E580E10599
:1064B00044F0800200F1A28003990A2904F00C0143
:1064C00040F0848000290CBF0821102106988842E2
:1064D00040F38180039A44F4C0740A2A40F08F800C
:1064E000042B40F28C80052B00D100230222049261
:1064F00085E0794F4FF00008DFF8E89117F8012B9D
:10650000AAB1013E02920ED00FA950460AF081F9BD
:10651000031E08DB43F02003029A9342EED00FAA39
:1065200051460AF080F96D4B9F427FF4A3AE49ECCF
:10653000108B0AF08CFB38B3013E25D00FA95046D2
:106540000AF067F9282816D00FAA51460AF06BF90D
:106550001AE0634F4FF00008DFF88C91CEE720F08F
:106560002003413B192B06D9A0F13003092B02D996
:106570005F287FF47FAE013E3FF47CAE0FA950460A
:106580000AF047F92928EAD1630606D509F1004344
:10659000CDF828800B93DDE90A89BBF1000F3FF4A9
:1065A00026AE14F00C0F00F07481CBE900891EE6D2
:1065B000029B039A303BDBB29342FFF478AFFE2B91
:1065C0005AD1A30558D444F4007422E000290CBF2A
:1065D00007210F217AE7A1054BD403990398A1FB6A
:1065E0000771DF1900FB091141F1000957EA09039E
:1065F00002D0069B0133069314460AE01446049A1F
:10660000002B18BF42F001020492A20501D408F148
:106610000108013E07D00FA950460AF0FAF8031E00
:106620000293BFF632AF21067FF524AE2205029A0F
:106630004CBF7023652342F0200248BF4FEA880810
:106640009A4271D1731E039370D00FA950460AF07D
:10665000E0F82B28034603D02D283AD144F4806477
:10666000B21E039219D10FAA514618460AF0DBF860
:106670005CE008F1FF38B0E7029A04F0800342F0D2
:106680002002782ACFD1002BCDD057EA0903CAD1F6
:10669000102344F400640393BBE70FA950460D9305
:1066A0000AF0B7F80D9B1E460346A3F13002092AF3
:1066B0001CD918460FAA51460AF0B5F8731C04D02D
:1066C0000FAA514630460AF0AEF80FAA514602987A
:1066D000CCE74FF0FF36E8E77CA605007FA6050073
:1066E00079A605000000F07F0000F87F00260A224E
:1066F00040F2D3418E42DCBFA3F1300102FB06160B
:10670000039A013A039209D00FA950460AF081F882
:10671000A0F1300103460A220929E9D96005029354
:1067200048BF7642B044039E002ECED157EA0903FB
:1067300000F0AA80210504F00C027ED5002A5AD070
:106740005B4835235A1C192A904407BF4FF000714B
:10675000002200214FF480028F4279EB02064ED3D3
:10676000182B07BF4FF08062002100224FF4000178
:10677000974279EB010648D2804546DB049A3A43BA
:1067800017464A4607F00301032903D007F0060124
:1067900006290AD1043749F10002B2F5000F22BFE1
:1067A00008F1010801274FF48002BF08C3F1350149
:1067B000C3F11506153B47EA8277920807FA06F6F9
:1067C00027FA03F38A4007FA01F132431A43384BA0
:1067D000984229D1B8F5806F65DAB2F5801F29D3C8
:1067E00008F2FF3822F4801242EA08530891099314
:1067F000DDE90889C8E66FF07D001823A2E7FF19DC
:1068000008F1FF3849EB0909A6E77E0807F0010700
:1068100008F1010846EAC9764FEA59093743A7E764
:10682000491808F1FF385241B2F5801F38D218F5E7
:106830007F7FF5DA4FF00008D6E7049B07F00100F0
:106840001843069B013043448008381849F1000181
:106850005AB113F5A27F17DDB3F59B7F23DA4246C9
:10686000E2F78AFD59EC108B8EE613F12D0F0BDB4E
:10687000272B18DC41460AF039F810EE100ADAF737
:1068800061FC804689467FE64FF000084FF0000922
:106890007AE640464946DAF78FFFCBF80000A6E4D7
:1068A000B8F5806F9CDB4FF00008DFF808906BE6CE
:1068B00002FCFFFF0000F07F1FB502AB074A009308
:1068C0004FF0CC330AF08DF9DDE90201C00840EA4F
:1068D0004170C90805B05DF804FB00BFCDCCCCCC3D
:1068E0002DE9F04F9BB00F0D04460A939DF89030B0
:1068F0000592C1F30A520C93C1F31303C90F079118
:106900007AB950EA03017ED10599302301274B71F2
:10691000079B0A6043F002030B7138461BB0BDE8C9
:10692000F08F40F2FF718A420BD10343079B059A17
:106930004FF0000714BF43F0080343F00403137142
:10694000EBE7A2F2354A43F48015234304F0010239
:106950004FEA85080CBF27F00107012748EA947821
:10696000089208BF7F054FEA840602BF7F0DB7FA81
:1069700087F77F09BAF1000FC0F2B680504600F0E9
:10698000EFF9BAF1030FC8BF0138049000F002FA22
:10699000049B7C3016A9A3EB0A0A8244184600F037
:1069A0008BFA12AB20462946019310AB16AA029728
:1069B000009353460AF024F8049B04460D46152B19
:1069C00000F28E8014ABA94A3046414600934FF046
:1069D000CC33DDE9109A0AF004F9149B159A9B0850
:1069E00043EA827303EB8303B34210D1414630463E
:1069F00000F0D8F9049B83428CBF4FF000084FF0A1
:106A00000108002715E01D46DFF864A29DE7089BFA
:106A1000002B55D1013E48F1FF31F01B61F100011F
:106A200000F0C0F9049BDDF8208083428CBF002772
:106A300001270C9B002B40F0C880DDF82890002631
:106A40004FF00A0B06960996DDE91001FFF734FFB7
:106A5000DDE912A3CDE90D01194650460F93FFF76A
:106A60002BFF0A4603460D990B908B420E9B72EB4F
:106A700003010F9B80F0C480204629460F92FFF748
:106A80001BFF0B9B002E14BF4FF0000808F00108FD
:106A90000F9A0BFB10460BFB03F50D9BF6B2044659
:106AA0001093554514BF002707F001070E9B0D46B4
:106AB000139211930B9B1293069B01330693C3E72A
:106AC000B01C48F1000100F06DF9049B83428CBFBB
:106AD00000200120B9EB00006AF10002CDE91002AC
:106AE0004FF000084746A4E7CAF1000B584600F0F3
:106AF0003DF9BAF1FF3F0CBF8146A0F10109ABEBB4
:106B0000090B0AEB09035846049300F043F916A950
:106B1000A0F17D0A584600F05DF912ABA9EB0A0A14
:106B20002046019310AB294616AA009353460297BC
:106B300009F066FFB9F1010F04460D460ED8089B17
:106B400013B94FF0010874E7109B4FF00108119A38
:106B5000013B42F1FF32CDE9103252E7B9F13E0F6D
:106B6000BED84FF0FF33A9F12000C9F1200103FA8C
:106B700009F203FA00F023FA01F103FA09F30243E0
:106B800026EA03060A4328EA020856EA08060CBF6A
:106B90004FF001084FF0000833E700FB02F6013325
:106BA000A1FB001232448C4275EB0206F5D2049A26
:106BB0001344259A1344D20F9342B8BF13460A9A3E
:106BC0009A42A8BF1A46914639E70A2100220123BA
:106BD0000846E8E70BFB01FE0CF1010CA0FB0B01E2
:106BE0007144844275EB010EF4D2CC450DDDB9F150
:106BF000000F02D154EA050107D0012309933BE7B6
:106C00000A2000214FF0010CEBE7002F32D04FF0AB
:106C10000A0B50461946FFF74FFE0BFB00F20B9193
:106C200052450E9026D1002E14BF4FF0000808F0F8
:106C30000108DDE91001FFF73FFE8A460D90294665
:106C40002046FFF739FE0D9A0E9B0BFB10460D46B2
:106C500004461293F6B2CDE9102A0B9A9A460B9B82
:106C60001392069A01320692D3E700BFCDCCCCCC6A
:106C7000CCFBFFFFB8F1000F05D0052E03D104F0C7
:106C800001060436F6B2049B069A13449846099B03
:106C900053B9DDE912239D4208BF944204D1089BF9
:106CA000002B49D1002F47D0042E94BF0026012687
:106CB00030194FF00A024FF000034FF0010745F181
:106CC00000011446904271EB030537D2F6B1B94585
:106CD0001CDA0C9B6BB1259A08EB070313440A9A44
:106CE000012BB8BF01239A42A8BF1A46974291468A
:106CF0000CDD053008F1010807F1FF374FF00A02FB
:106D00004FF0000341F10001DAF7F6FD4F450FFAAD
:106D100088F8059BA8BF4F464FF000093FB2B84422
:106D200008F1FF3607F105089844B9450DDB059BCE
:106D3000079A1E601A71F0E50126B9E704FB03F516
:106D40000137A2FB04232B44BCE70A220023DAF715
:106D5000D3FD303209F1010908F8012DE5E700BF44
:106D6000014B5843800C704741340100014B58439C
:106D7000000D7047FB2E0B00014B5843C00C7047B1
:106D80004F931200024B5843C00C0130704700BFB4
:106D90004F931200024B5843C00C0130704700BFA4
:106DA0004F93120070B50346094A00204FF0CC36CD
:106DB0004FF0333506FB03F402FB0144A3FB023121
:106DC00021449D4275EB010401D30130F2E770BD0F
:106DD000CDCCCCCC1A232DE9F04FB0FBF3FA334ED7
:106DE00003FB1A0389B004460D4606EB0A1653B995
:106DF000D6E90023C1E90023D6E90201C5E9020171
:106E000009B0BDE8F08F2A4A02EBC303D3E9008939
:106E100004AB404649460093D6E9022309F0E1FE5F
:106E200006AB83460F46404649460093D6E9002309
:106E300009F0D7FE00238146DDE9066216EB0B065A
:106E400052EB070828BF012333B1049B059A013395
:106E500042F10002CDE9043220460391FFF79AFF88
:106E600007461A2000FB0AF0FFF794FF3F1A32464C
:106E7000434648460399009709F0CAFE0D4A4FEA77
:106E8000141C640004F01E0352F82C40DC4004F093
:106E900003042418304641F10001DDE90423C5E96B
:106EA00000414146009709F0B3FEA7E7982305008B
:106EB000C8220500143105002DE9F04F1A2700F112
:106EC0001905DFF8E8A089B004460E46B5FBF7F5D2
:106ED0006F434FEA051B0AEB05153A1A0AD1D5E9AB
:106EE0000023C1E90023D5E90201C6E9020109B086
:106EF000BDE8F08F2B4B03EBC203D3E9008904AB51
:106F0000404649460093D5E9022309F06AFE5AF843
:106F10000B206B68013ACDE9020106A963F1000379
:106F200040460091494609F05CFE8A4602990023DA
:106F30008146DDE906526D18039952EB010828BF1E
:106F4000012333B1049B059A013342F10002CDE9DC
:106F500004323846FFF71EFF07462046FFF71AFFA8
:106F60003F1A2A46434648465146009709F050FECC
:106F70000D4A4FEA141C640004F01E0352F82C4022
:106F8000DC4004F0030401342418284641F10001D8
:106F9000DDE90423C6E900414146009709F038FEC7
:106FA000A3E700BFC822050068310500682405007A
:106FB0005D4A2DE9F04155EC104BAA432B4616D102
:106FC000002D08DA09F043FE28B945EC104BBDE866
:106FD000F041E2F7B5BA22462B4620462946D9F7BA
:106FE00053FF04460D4645EC104BBDE8F081002DE3
:106FF000204615DC25F000422243F4D0002DE6D1D6
:107000000022002B7AD00021DD027BD54C1E121B02
:1070100021B1C1F1200420FA04F42343884001E0A7
:107020002A15EDD0C3F31303D407A2F2FF354FF0B6
:10703000000243F480134FF0160C4FEA6505174623
:1070400058BF5B004FF400115CBF03EBD0734000EE
:107050005B00460003EBD07378189842DEBF1B1A22
:1070600047185218BCF1010C4FEA43034FEA510193
:1070700003EBD6734FEA4606EED164464FF0200E7E
:107080004FF00041BB4201EB0C0002DC13D1B042D7
:1070900011D8002800EB010C37DABCF1000F34DB0B
:1070A00007F10108DB1BB0420C44A6EB000688BFC9
:1070B00003F1FF3347465B00BEF1010E4FEA510179
:1070C00003EBD6734FEA4606DCD133430BD0F1EE27
:1070D000103A13F4400320D0B3F5800F03D1611CA4
:1070E00015D1013200245310640803F17F5344EAA0
:1070F000C27003F5001303EB055172E7C30A153A9A
:1071000040057EE75B0001317EE7B846CAE7A01C78
:1071100004F1020408BF0132E5E7631CE1D0013449
:1071200024F00104DFE700BF0000F07F51EC100BFA
:107130000B4631F0004104D100280CBF022003208F
:107140007047094A134208D0084B994207D9914227
:1071500007D1B0FA80F0400970470320704704203F
:1071600070470020704700BF0000F07FFFFFEF7FF7
:1071700038B5044C044DAC4200D138BD54F8043D40
:107180009847F8E700000000000000007047002961
:1071900023DB0138052804D8DFE800F0070D100DC7
:1071A0000D1942F21073994201E0B1F57A7FCCBF1C
:1071B00000200120704747F23053F4E742F20F738A
:1071C000481E80B298428CBF002001207047A1F178
:1071D000640047F2CC4380B2F4E70020704738B532
:1071E0000446E0F7B1FB41F22105211823464FF692
:1071F000FF708B4200D138BD082413F8012B80EAC0
:10720000022002B2002AB5BF85EA4202400090B2D5
:1072100080B2013CF5D1ECE708B5E2F7F3F90038AC
:1072200018BF012008BD08B5E2F7ECF928B1BDE8A8
:1072300008400A220021FEF773B908BD0120E2F7D9
:1072400063BC1020E2F760BC0820E2F75DBC0220BE
:10725000E2F75ABC38B514461D46E2F7D3F968B1D7
:107260000378222B0AD12246411C28440B781BB1FB
:10727000222B01D0814202D10023137038BD01318D
:1072800002F8013BF2E710B547F6122C0446002144
:1072900040F2E7304FF47A720023E4FB0C01DAF796
:1072A0002BFBBDE8104007F045BA07280BD90B2887
:1072B0000BD90C280BD010280BD912288CBF00201A
:1072C0000120800070470120704702207047032092
:1072D00070470520704708B5E6F7A6FB18B9BDE86A
:1072E0000840E3F7ABBB08BD13B5BDF91040CDE9CD
:1072F00000340023E3F7BAFF02B010BDF0F75EBA26
:1073000038B507F007FB4FF47A74A0FB040547F685
:107310001222002304FB0151DAF7EEFA38BD13B54F
:1073200000240094E4F722FD02B010BD2DE9F041E5
:1073300004460D4616461F4688B00DF10C0840461F
:107340009DF83C309DF838201421E4F71FFB3B46A4
:10735000324629462046CDF80080E4F707FD08B004
:10736000BDE8F081E4F712BB13287FB503D93F20B5
:1073700007B05DF804FB6946E4F702FA0028F6D08E
:107380009DF80630012BF2D1BDF90D3013F5004FF9
:10739000EDD0B3F5487F05DAB3F5F07FACBF5920E7
:1073A0004720E5E75220E3E7F0B4012406698C406A
:1073B0003368876823EA040333603B68F0BC1847EE
:1073C00037B50C460569836801A95B68984748B9D9
:1073D0002B6801985840012303FA04F10840003853
:1073E00018BF012003B030BD70B505460C4606F04D
:1073F0004EFE98B1E4B24FF4803221462846FFF7A2
:10740000D3FF21462846FFF7DBFF4FF40032064644
:1074100021462846FFF7C8FF304670BD4FF0FF36C3
:10742000FAE7F8B50F461546C9B24FF400320446E4
:10743000FFF7BAFF064668B9012303FA07F123698B
:107440001B68194218BF85F001052DB1A368DB68E0
:10745000204698473046F8BDA3681B69F8E710B589
:1074600047F6122C0446002140F2E7304FF47A72BE
:107470000023E4FB0C01DAF73FFABDE8104007F007
:1074800059B9704708B5E6F757F8002008BD13B59D
:1074900002220C468DF8030001A90DF10300E6F766
:1074A00003F918B9BDF804305BBA238002B010BDEF
:1074B00002701A0A437082701A0C1B0E03710023AB
:1074C000C0F80730A0F80B309DF800304171090A70
:1074D000C2708171C371704703780821DB43DBB24E
:1074E0005AB2002A04DA520082F03102D3B201E02B
:1074F0005B00DBB20139F3D1427883EA0200082253
:1075000043B2002B04DA5B0083F03103D8B201E010
:107510004000C0B2013AF3D1704710B547F6122CC3
:107520000446002140F2E7304FF47A720023E4FB76
:107530000C01DAF7E1F9BDE8104007F0FBB82DE9DE
:10754000F347824689469046694606220420E6F7BC
:10755000CBFD0646002849D19DF801309DF8032057
:107560009DF800009DF802509DF805701B02120264
:1075700003F4706302F470621543190540EA0300D6
:107580009DF804404FEA072748BFA0F5805007F454
:1075900070672A0544EA070444BFA5F580552DB25B
:1075A000230544BFA4F5805424B2D9F7B9FD0022C5
:1075B0004FF07E53D9F71EFECAE900012846D9F7DD
:1075C000AFFD00224FF07E53D9F714FEC9E9000148
:1075D0002046D9F7A5FD00224FF07E53D9F70AFEC9
:1075E000C8E90001304602B0BDE8F0876FF004063C
:1075F000F8E708B5E6F7F8FD431C16BF00F20740B0
:107600000120800A08BDE8B10378DBB190F8503062
:10761000C3B190ED157AB5EEC07AF1EE10FA11D93A
:10762000F0EE046AF6EE007A47EE267AFDEEE77A8F
:1076300017EE900A6328A8BF63200128B8BF012075
:10764000C0B270476320704738B507F063F94FF454
:107650007A74A0FB040547F61222002304FB0151B3
:10766000DAF74AF938BD07B50DF10700E7F7ACFBCB
:107670000128F9D003B05DF804FB10B547F6122CD1
:107680000446002140F2E7304FF47A720023E4FB15
:107690000C01DAF731F9BDE8104007F04BB82DE9DD
:1076A000F04F00259DB09B4617460E460190FFF710
:1076B000CBFF2C46A8461BEB000941EBEB7B013FBF
:1076C000FFF7C2FF484571EB0B0146DBBDBB6FF016
:1076D000010037E09DF80FA075BBB8F15E0F1FDC0D
:1076E00008F170030DEB030202F860AC08F1010829
:1076F00043465F2BA8BF5F23002270336B44019980
:1077000004A803F8602C09F048F830B32346451E5E
:1077100015F8012F1C460AB19F420ADC01251CE026
:107720005E220DF1110104A808F0B0FF8DF86EA0E3
:10773000DEE7F2540133EBE7BAF10D0F05D1002378
:10774000002033551DB0BDE8F08FBAF10A0FF6D016
:10775000A74202DD06F804A001340DF10F00E7F79F
:1077600033FB0128B6D00220FFF787FFA8E7E7F731
:1077700041BA38B507F0CEF84FF47A74A0FB04058F
:1077800047F61222002304FB0151DAF7B5F838BDA1
:1077900010B5441E14F8010F38B90D20E7F748FF63
:1077A000BDE810400A20E7F743BFE7F741FFF1E7E4
:1077B0002DE9F34190460D460646FFF7DAFF002417
:1077C00018EB000741EBE878013DFFF7D2FFB84224
:1077D00071EB080101DAA54205D800232046335594
:1077E00002B0BDE8F0810DF10700E7F729FF00289E
:1077F000EBD19DF80700FFF7BAFF9DF8073033552E
:107800000134E2E70022E8F74BBC0122E8F748BC6C
:1078100000EBC100408840087047F8B50346FFF709
:10782000F7FFB0FA80F0C0F11F0003EB800CDCF82A
:107830001060CA00171D0C4606328DB256B90121E0
:1078400001FA00F0D9680143D960CCF81040DD534B
:107850009D52F8BDF1000431585AD85303EBC000D3
:107860009E52C5805D52F4E710B500EBC104E38879
:107870008B4202F104010AD1012303FA02F2C36828
:1078800023EA0203C360002340F8213010BDA28820
:1078900040F8213000EBC20100EBC300CB808280B6
:1078A000F4E708B50346FFF7B3FFB0FA80F21846D5
:1078B000BDE80840C2F11F02FFF7D6BF2DE9F8432B
:1078C000B1FA81F3C3F11F0200EB8209D9F81070FD
:1078D00006460D4687B94FF0FF34C3F120039C40A4
:1078E000F3681C4014D094FAA4F2B2FA82F2131D89
:1078F00056F82340214608E03C464FF00308214655
:107900003046FFF785FF854205D83046FFF7ACFFCC
:107910002046BDE8F88306EBC404E488B8F101080A
:10792000C9F81040D7D0BC42E9D1D4E738B50446F5
:10793000FFF76EFF0D46034611462046FFF768FF2E
:1079400003449BB204EBC5055A0020466A80FFF74A
:107950005FFF014424F8313038BD70B50B46044652
:10796000FFF756FF04EBC305511A9B1A89B2034473
:107970004E009BB26E8004EBC2005D00458024F88F
:10798000321020461146FFF743FF014424F83130FE
:1079900070BD70B509B9002070BD056801F007031E
:1079A0000B33CC0804EBD304AB6828469C4228BFB9
:1079B0001C462146FFF782FF06460028EBD0014611
:1079C0002846FFF725FFA04207D928463219FFF7BE
:1079D000C4FF11462846FFF720FF05EBC6021046FC
:1079E0005388043043F001035380D5E71146FFF775
:1079F000D0BF043A2DE9F843CC1D114424F007040C
:107A000021F00706A6EB04084FEAD807B7FA87F279
:107A10004FF00009C2F12405AD000735C2F1200284
:107A2000ED0804604946A760C4F80C90920004F188
:107A3000100008F044FEAAB2530043F00103638033
:107A40007B1B9BB204EBC5015800A4F80090488052
:107A500024F83520A6F8029024F8083004EBC70378
:107A60005A88294642F001025A802046BDE8F84370
:107A7000FFF7D3BE2DE9F04706460D461746984658
:107A80002BB34FF0000A98F8004093F80190DB7890
:107A9000A40004EB430498F802301C444444CA4553
:107AA00009D339463046AC46D8F8042008F108031B
:107AB000BDE8F047604714F8013B0AF1010A20468F
:107AC00048F82340DFF740FF01300444E7E76FF058
:107AD0001500BDE8F08730B502460024002012F8FA
:107AE000013B43B178B18C4207D1702B04D0A3F194
:107AF00040053A2D07D8002030BDA3F140053A2DAE
:107B000001D80134EAE7252B08BF80F00100E6E741
:107B10000020704700F040BF0FB407B504A951F82A
:107B2000040B019100F038FF03B05DF804EB04B0E2
:107B300070470FB407B504A951F8040B0191FFF782
:107B4000E9FF03B05DF804EB04B0704710B50369BA
:107B5000024613F0080009D11368D4689C429BBF09
:107B60000120126AE31AD31A0B6010BD00231846D5
:107B7000FAE713B501A90446FFF7E8FF20B1019B1E
:107B8000E268013B13440193206A019BC01A01384B
:107B900002B010BD10B5044650182269236AD207FE
:107BA00002D5013B184010BD984228BFC01AFAE721
:107BB00010B504460A46C168FFF7ECFF2369E06090
:107BC00023F00803236110BD38B50D46C2698B0050
:107BD000016843F00203044642F8213001682A4656
:107BE000FFF7D8FFE3686168984208BF2369206007
:107BF00008BF43F008032A46204608BF2361FFF769
:107C0000C9FF606038BD2DE9F74F0F460021D0F85D
:107C10000CB0C669009216F82B209A4602F00302B7
:107C2000022A14BF894656F82B2006EB8B030193DA
:107C3000009B08BFC2F39D0919600446CAF80010F2
:107C4000B9F1000F07D04946FFF7B2FFE368A36020
:107C50004FF0010804E001698A0705D44FF00008DD
:107C6000404603B0BDE8F08F816906EB8B00884782
:107C700016F82B10054611F00108EFD08B071DD523
:107C80001FB139462046FFF79FFF61682A4620460C
:107C9000FFF780FFD4E902138B42606007D12A46C8
:107CA0002046FFF777FF4FF000080146A0602369E8
:107CB000216043F00803E1602361D1E701462046DB
:107CC000FFF776FFE168A1601FB12068E16941F824
:107CD0002090EA19CAF8002021682046FFF75AFFD1
:107CE0002269206042F00802226116F82B2022F05F
:107CF000010206F82B20DDE900321A60A8E770B512
:107D000004461546FFF746FF2368834205D12369E1
:107D1000216023F00803236170BDE269AB0043F0EA
:107D2000020342F8213061682A462046FFF732FFFD
:107D30006060F1E738B5036904465B0706D5456A1C
:107D4000FFF717FF85422CBF6562606238BD38B50A
:107D50000D4604461C22002108F0B1FC0022EB680D
:107D6000A361AB6863612B68E3616B686262236245
:107D70002A6923B1591E194208BF42F0010222614B
:107D8000012204F128000021BDE8384006F0CDBAF8
:107D90002DE9F04F00259846036A87B08B420446D0
:107DA0000E469346AA460395059538D3EFF31189FD
:107DB000402383F31288BFF36F8F059A2AB12946B7
:107DC0002046FFF79CFF0023059304A92046FFF7F8
:107DD000BDFE04990746B1422AD32268E3692046D2
:107DE00013F8221003EB820A21F0030103F822109A
:107DF00021683246FFF7CEFEE3682060984212D039
:107E0000002789F31188BFF36F8F039929B1626945
:107E10000AB12046904700230393002FC6D1504655
:107E200007B0BDE8F08F236943F008032361E7E75B
:107E300018B12046FFF7C8FEE3E75BEA08031CD051
:107E4000019106F0B1FB0199B8B9B9F1000F14D155
:107E500089F31188BFF36F8F5A46434604F1280017
:107E6000F8F776FEEFF31189402383F31288BFF30E
:107E70006F8FB0FA80F77F09C3E7204605AB03AAEE
:107E80002568FFF7C0FE0746BBE770B50446836967
:107E900008460D4698470246EFF31186402383F3C8
:107EA0001288BFF36F8F2B78204643F001032B70AD
:107EB0006168FFF76FFE60602046FFF73BFF86F3C7
:107EC0001188BFF36F8F70BD2DE9F843044600277A
:107ED0004026EFF3118586F31288BFF36F8F236975
:107EE000A268190702D46368934200D2236A9B1ADE
:107EF000002B42D0E06910F8221000EB820911F04B
:107F000003033AD0022B04D150F822305FEA9308E1
:107F100005D1CB0720D44846A36998478046A1687D
:107F200042462046FFF736FE0127A0604146204624
:107F3000FFF73EFE3B4685F31188BFF36F8F002BA2
:107F4000C7D137B1B9F1000F03D104F12800F8F718
:107F5000CBFD4846BDE8F88341F0020100F822104D
:107F6000A3694846D4F8088098474146024620460F
:107F7000FFF710FE0023A060DDE79946DBE7F8B5C8
:107F80000446836908460D4698470646EFF3118775
:107F9000402383F31288BFF36F8F2B7823F0010304
:107FA0002B7023699B0705D5E268E36903EB820325
:107FB0009D421AD12B7823F002032B70D4E90231B1
:107FC000994204D132462046FFF7E4FDA0603146D5
:107FD0002046FFF7EDFD87F31188BFF36F8F04F1A3
:107FE0002800BDE8F840F8F77FBD2B6860F39F03D9
:107FF0002B60F0E7EFF31181402383F31288BFF386
:108000006F8F02698368120702D442689A4200D2D5
:10801000026AD31A81F31188BFF36F8F181E18BF3D
:1080200001207047038B13F0070306D10368002B70
:1080300018BF032008BF00207047022B05D1408BDA
:10804000B0FA80F0400980007047012B04D103682A
:10805000002B18BF0520EDE70020704710B50C4637
:1080600000B111B96FF0150010BD081D00F0ACF89B
:108070000028F9D1A368032BF6D9F3E72DE9F041E5
:108080000D4607461946281D90461E4600F0ADF8DD
:10809000044638B13346424629463846A446BDE830
:1080A000F0416047BDE8F08110B4EFF31182402445
:1080B00084F31288BFF36F8F41615DF8044B012197
:1080C000E8F79EBC38B50C46054658B151B10B686F
:1080D00043B14B6833B11C22002108F0F0FA0020B4
:1080E0002C6138BD6FF01500FBE7F8B504460E466D
:1080F000FFF7B4FF051E3BDBEFF31182402383F350
:108100001288BFF36F8F4FF6FF71638B278B8B4203
:1081100007F007072ED0062F2FD8DFE807F0182E1C
:10812000082E180418006FF08505002303E00133C2
:1081300063830225012382F31188BFF36F8FBBB1E4
:1081400000233A4631462046FFF798FF10E000230F
:108150003360636823B9C4E9006627B13D46E4E7AC
:108160001E606660F9E702212046E8F749FC3D46BB
:108170002846F8BD6FF00A05D7E76FF00405D4E78D
:1081800010B5EFF31182402383F31288BFF36F8F92
:10819000048B04F00704022C0AD0012C0CBF6FF0F2
:1081A00004006FF0850082F31188BFF36F8F08E041
:1081B000438B013B9BB2438323B92146E8F720FC64
:1081C000204610BD2046EEE7034658B1426802F053
:1081D0000302012A03D0032A04D1026812B100204D
:1081E000986070476FF0150070474268034602F0D0
:1081F0000302032A4FF00002816014BF104600689A
:108200005A60704770B506460C888888241A306911
:10821000A4B2844285B224BF641BA4B22D1BA8B2B1
:10822000984228BF18463368234413600B880344E0
:108230000B8070BD70B4838985880669ED1AADB274
:10824000731B934228BF134670BC0A46011DFFF7FB
:10825000D9BF70B40E460146C58831F80A3FEC1A02
:10826000A3B2934228BF1346324670BCFFF7CABF81
:1082700010B54B880C88E41AA4B294420ED31A4469
:1082800092B28B884A800A800069D21A92B28242E6
:1082900001D2002010BD03448B80FAE76FF0150077
:1082A000F8E72DE9F34106460F4615464FF0000862
:1082B0002A46304601A9FFF7BDFF044640B10246F9
:1082C0003946019808F0D5F92D1BA0442744EFD179
:1082D00042463046311DFFF7CBFF404602B0BDE8B5
:1082E000F0812DE9F34107460E4615464FF0000890
:1082F0002A46384601A9FFF7ACFF044648B12EB123
:1083000002460199304608F0B4F926442D1BA044DA
:10831000EED14246384607F10A01FFF7A9FF404671
:1083200002B0BDE8F081704710B484686468A44668
:108330005DF8044B604770B4C66804680D0C06FB1A
:108340000544806A14FA81F184682468A44670BCEC
:1083500060472DE9F0430646884617461C46C36A27
:1083600089B01D686D4205F020051CB9204609B092
:10837000BDE8F083AC42A14628BFA9466A464B46F9
:1083800041463046FFF7D7FF0028F0D16B464845FD
:1083900002D1241A8044E8E713F8012BBA4201D134
:1083A0000130F4E70120E2E70B6803F580330B604E
:1083B000008A1A0CB0EB134F04BFA3EB02430B600F
:1083C000704700F06CBB38B5C26803680D0C090C2F
:1083D000044602FB0131806A2D0401F06DF850B9AA
:1083E000E26A29462046E3685279FFF7B2FF002887
:1083F00018BF6FF0050038BD014610B507220446CE
:10840000FF20F3F735FDE07110BD2DE9F04F074671
:108410005368D06893B003445069C34203D100202D
:1084200013B0BDE8F08FFC683B68080C04FB003318
:108430000024A146D7F82CB013FA81F504AB92E8DA
:108440000300DBF8008083E80300D2E9020106ABF9
:1084500083E80300D2E9040108AB83E80300C8F114
:108460000003019312AB03EBC90A5AF8346C4FEACC
:10847000C901AEB909F10109B9F1030FF2D1002C1C
:10848000CDD00AAE9BF80510A8EB0402301908F015
:1084900016F9434632462946B86AFFF745FFBFE75B
:1084A000B4B9019B334013D05AF8382C2946B86A26
:1084B000CDE90223FFF738FF0028B1D1DDE902231F
:1084C0001A44F61A4AF8382C4AF8346C1D44C9E7A5
:1084D000A8EB0402B24228BF3246A2B101F1480320
:1084E0000DEB030A5AF8381C0AAB1819CDE9021231
:1084F00008F0BFF8DDE902121144B61A4AF8381C38
:108500004AF8346C14444445ACD123462946B86A31
:108510000AAAFFF709FF002882D125440446A1E7F3
:10852000F8B50D4606460722FF204C888F88F3F7E2
:108530009FFCEB79834205D13C44B4428CBF0020C0
:108540000120F8BD0020FCE70368012B81BFC9189A
:1085500001F1FF315B4219400846704738B50D46BE
:108560000A4681680446FFF750FFEB6869680246D7
:1085700019446B69E06A1944FFF7E6FFA3680344F6
:10858000A360104638BD70B50D4686B004464668F7
:1085900018220021684608F092F8029508256A46DC
:1085A000314620460395FFF730FF29460246E06A30
:1085B000FFF7CAFF63681B1A1046636006B070BD00
:1085C0004FF6FF7313B500220446ADF800308DF866
:1085D000063083686846ADF80420ADF80230FFF736
:1085E0000BFF69462046FFF7CEFF02B010BD70B505
:1085F00006460C46C06A0821FFF7A6FF0546F0684C
:108600002146401B80B2FFF78BFF80B1A08878B96C
:108610004FF6FF7322889A4209D16288F3689B1A49
:10862000B3FBF5F205FB1230B0FA80F0400970BDE3
:108630000020FCE7F7B504460D46C06A0821FFF7A5
:1086400083FF0823074629682046FFF774FE064685
:10865000002836D12B683B442B60E26899B2D21BCC
:1086600091422ED11A0C09BF228AA3F5803102F162
:10867000FF3203EB0241204608236A462960FFF7D8
:108680005AFEE8B9E36A5A796B4613F8011B8A422D
:108690000CD101300828F8D1636805E02B68BDF8DB
:1086A00002206FF30F0313442B600AE06946204653
:1086B000FFF79DFF0028F1D129462046E8F7C0FAD0
:1086C0000646304603B0F0BD2DE9F04F0446A1B098
:1086D00024220D4617A8002107F0F1FF0821E06AC7
:1086E000FFF732FF8146636820466FF30F0306A948
:1086F0000693FFF759FE069BE66801931E44A6EB1E
:10870000090608233146204609AA0796FFF713FEFB
:108710000028C0F21681E36A09AA5979002312F8E9
:10872000010B814240F0FC800133082BF7D1A36894
:1087300062684B449A4280F0EC8020460199FFF732
:1087400042FEFEE0BDF826306FF30F061E4407968A
:1087500020460BAA07A9DDF81CA0FFF76BFF002835
:1087600040F0EF800BA91FFA8AF0FFF7D9FE48BB53
:10877000039B9A45ECD11022002113A807F09FFF1C
:108780001F9E17AB1193129695B1D4F82C80082137
:108790004046FFF7D9FE2F890246F1194046FFF700
:1087A000D3FEA168636802440A44934280F0928039
:1087B000002EBCD0204611A9FFF7D0FE002840F0C3
:1087C000C080B4E76668089620460DAA08A9FFF79E
:1087D00031FF002840F0B580BDF83420BDF82C30C2
:1087E0009A4245D0089B62689A423FD15645BFD114
:1087F000BDF83060002EBBD03DB12A88BDF82C30CA
:108800009A4202D12B89B342B2D9BDF82E804FEAE9
:108810001A431B049844E36A1F9A1B681644591EA6
:108820005B4203F020030493A36801EA06001344AB
:10883000009026EA0106ADF82E3006BB009B5BB126
:108840001F9A17A99B1A20460A444146FFF773FD59
:10885000002876D1009B1F930BA8FFF7CDFD204683
:108860000BA9FFF790FE002882D06AE01E46ABE716
:108870000DA9B0B2FFF754FE0028B3D0B6E7049BB1
:108880001F9FB34228BF334617AAA3EB070B0293DF
:1088900041465B4620463A44FFF74DFD002850D143
:1088A0001F9B01465B44182211A8059307F007FFA0
:1088B00017AB1393059B204611A91493FFF74EFEA7
:1088C00000283ED11F9BD844FF1A029B3744FE1A52
:1088D0001F90B2E731446B68ADF83E10204611A9F5
:1088E000CDE91337FFF73AFE58BB2B880FA8ADF838
:1088F0003C302B89ADF84030FF238DF84230FFF734
:108900007BFD20460FA9FFF73EFED0B90123AB72D5
:108910000DE72046FFF754FE00283FF40EAF10E0AD
:10892000A6EB0903204609A90393FFF760FE002880
:108930007FF408AF204607A9E8F782F900283FF442
:1089400007AF21B0BDE8F08F00231A46E8F754BB0B
:1089500013B500240094E8F733FC02B010BD03788F
:108960005B075FBF03684288C3F34A2303EB12101F
:108970005DBF173020F007008008002070470020FE
:10898000704703F095BF0346D3E8EF0F421CC3E8DE
:10899000E12F0029F8D170471FB50023CDE902016E
:1089A0001A4619461846CDE90033E8F77FFF05B0AF
:1089B0005DF804FB0120E8F735BD002070474368EF
:1089C000DA7101224368196043685A71E8F71CBDE7
:1089D00070B515460C4669B1D2E901369B1B994228
:1089E0000AD813680A460146981907F042FEAB6898
:1089F0002344AB60204670BD6FF01B00FBE770B5F1
:108A00000E4615461946044618B9BDE87040E8F709
:108A100009BD33B1C2F34A231030120D184407F0D8
:108A200028FEC4E900562046BDE87040E8F79EBE27
:108A30002DE9F3415F1C4FEA8708064608F117004D
:108A400020F0070080080C461546E8F767FD002374
:108A50008DF80470ADF805308DF8073068B1034625
:108A6000019AA8F1040143F8102F2A46294452F82C
:108A7000045B8A4243F8045FF9D100233146A20126
:108A800002F4E07242EA482222F07F4222F47002AD
:108A900022F03F0202B0BDE8F041FFF7B0BF07B5DA
:108AA0000123019201AAFFF7C3FF03B05DF804FBA5
:108AB00007B5CDE9002302236A46FFF7B9FF03B0EB
:108AC0005DF804FB1FB5CDE90123069B01AA0393C2
:108AD0000323FFF7ADFF05B05DF804FBF8B50646CC
:108AE0000D4614461F4604B9F8BD214628463A46AD
:108AF000B047241A0544F6E710B542680446D2E9A7
:108B0000002381680068FFF7E9FF002263681A60AC
:108B100010BD38B54B6805461A68CB680C469A42BA
:108B200002D10846FFF7E8FF6368D3E8EF2F511C36
:108B3000C3E8E01F0028F8D1A36800209D5438BD89
:108B40000A2838B504460D4602D10D20FFF7E1FF93
:108B500029462046FFF7DDFF002038BD2DE9F04310
:108B6000054689B008460E8891F800900C46D1F869
:108B700008801746E8F7ECFE011EC6F38216C9F31B
:108B8000C2091FDB4846E8F703FE0346214651F8B9
:108B9000102B6088C2F34A22002A01EB020408BFAE
:108BA00000210022C0F30B10CDE90507CDE9031425
:108BB00028464146CDE900220296E8F7F5FE09B0C5
:108BC000BDE8F0830023E1E7436800201B685B6891
:108BD0001961704743681B681A6852685360704790
:108BE00043681B681868E9F713B870B543680C460A
:108BF0001D686B681869E8F7F1FB214603460F22F0
:108C00002868BDE870401847C3691BB11B79002074
:108C10000B7070476FF057007047C06918B1D0E80B
:108C2000AF0F00F001007047C3693BB11B692BB166
:108C3000DB691879B0FA80F040097047012070476D
:108C400070B5C56904460E460DB103232B7120464D
:108C5000FFF7EAFF80B103212046B047002802DA7F
:108C600010F1860F09D12DB920463346BDE870407A
:108C70000121184701232B71002070BD38B5C4694C
:108C80002568A90601D4002038BDE168D9B10139B1
:108C9000E1600029F7D1A3689847002803DAE36868
:108CA0000133E360F0E701236A072371ECD5206903
:108CB000C3691B68DB0509D5FFF7E0FF236823F0D4
:108CC00004032360E0E76FF07700DDE76FF00A0050
:108CD000DAE7D0E8AF0F084100F001007047F7F77E
:108CE00037BFF7F701BF70B50446C06990B10821DE
:108CF000FFF7EFFF014670B1EFF31185402383F3D7
:108D00001288BFF36F8F2046FFF7B8FF85F31188F5
:108D1000BFF36F8F70BD2046BDE870400022002376
:108D2000E9F746B82DE9F74FC569064625B900248D
:108D3000204603B0BDE8F08F05212846FFF7C9FFA4
:108D400002460028F3D00821F069FFF7C2FF04466D
:108D500078B3EFF31187402383F31288BFF36F8F4B
:108D6000F569EB6803BB2B685A070DD4286958B125
:108D7000C3691B68DB0519D5FFF7D4FF041E0EDBA2
:108D80002B6843F004032B6001213046AB68984701
:108D9000041E04DB00232B71EB680133EB6087F3C7
:108DA0001188BFF36F8FC3E70024F5E76FF00A0463
:108DB000F5E7E8F7F5FF0746F0B9EFF31181402337
:108DC00083F31288BFF36F8FEB6823B1287910B952
:108DD00017460133EB6081F31188BFF36F8F002FCB
:108DE000A5D105F0E1FB421E67F1000305F1180073
:108DF000FFF775FF041E7EDB05F0D6FB10B12B7963
:108E0000022B13D02F692FB30221F069FFF761FF06
:108E100000BB3846FFF786FF044648B901212846C3
:108E2000FFF757FF70B13846FFF75DFF6FF00A0498
:108E3000E8F7B6FF00287FF47BAF05F11800FFF7D5
:108E400050FF75E7D5E8EF3F43F00403C5E8E23F84
:108E5000002AF7D1EB680133EB602B79022B08D1A4
:108E600005F1380005F062FB10F0010001D1287116
:108E7000DEE7E8F795FF40B94FF0FF3A4FF0FF3BD0
:108E800005F128082B79022B1AD0EB68012BCFD8DB
:108E90000121AB6868699847041E29DAEB68013B39
:108EA000EB60002FC4D03846FFF71DFFF369D3E80D
:108EB000EF1F21F00401C3E8E21F002AB8D0F6E753
:108EC0000321404605F1180905F0E7FD4846FFF784
:108ED00008FF002203214046CDE900AB05F0E1FD8B
:108EE0004FF0FF324FF0FF334846FFF7F8FEC9E777
:108EF00000232B719CE76FF00A0419E7F8B50021F5
:108F0000044650F8303C50F8240C98470546A4F12C
:108F100020074FF0FF334FF0FF323846FFF7DFFEF8
:108F2000002DB7BF54F82C3C0123013344F82C3CEE
:108F3000B8BF002304F8343C0121A4F1100099408B
:108F400005F0A7FD3846A4F13806FFF7CAFE85B93B
:108F500002213046FFF7BDFE58B154F8280CFFF748
:108F6000C2FED6E8EF3F23F00403C6E8E23F002A42
:108F7000F7D1F8BD70B50446C06988B10821FFF784
:108F8000A8FE70B1EFF31185402383F31288BFF37D
:108F90006F8F2046FFF772FE85F31188BFF36F8F46
:108FA00070BD2046BDE870400121E8F701BFC369EC
:108FB0000BB1E8F77BBF18467047002908DB8068D3
:108FC000884205D9401A904234BF002001207047E2
:108FD00000207047704770B516461A4605460C4685
:108FE000FFF7EBFF48B16968E868214482681468BC
:108FF0003246A446BDE8704060476FF0150070BD72
:1090000070B516461A4605460C46FFF7D6FF48B11E
:109010006968E8682144826854683246A446BDE81D
:10902000704060476FF0150070BD10B50B460446E8
:10903000FFF7C3FF40B16168E068194483689B682B
:109040002BB1BDE8104018476FF0150010BD6FF050
:109050005700FBE710B50B460446FFF7AEFF30B1F3
:109060006168E0681944BDE8104000F025BA6FF06F
:10907000150010BD08B5C0688368DB6898470068B4
:1090800008BDC068704708B5C0688368DB6898474A
:10909000407908BD30B54C680368A34201D2012075
:1090A00030BD8A682244934201D30020F8E7D1E919
:1090B0000452954203D36FF00B038B61F5E7CA6846
:1090C0001B1B42F835304368086902EBC00253604D
:1090D0000B6901330B61E2E737B50C46C0B201A959
:1090E0001546E8F751FF00280CDB019850B12146E6
:1090F0002A46E8F76FFF04460198FFF76BFF20460A
:1091000003B030BD6FF01504F9E708B50B6842688D
:10911000934204D90846E8F777FF002008BD4B6862
:10912000012013444B60F9E72DE9F04789461646C4
:109130009846044698B382680369134482693344AD
:10914000934230D80025D4E90170A6EB050A3F1AF6
:10915000BA4515D2B54209D223685246184409EBE4
:10916000050107F086FAA3685344A360B8F1000F25
:109170001CD0A068A8B12046BDE8F047E8F752BF70
:1091800023683A46184409EB050107F072FA636850
:109190002046A360E8F746FF18B93D44D3E76FF0D7
:1091A0000D00BDE8F0876FF00B00FAE74046F8E7E6
:1091B00000697047F0B587B01F4604460D46164655
:1091C00000F094FD022302930DF116030193BDF804
:1091D0003030ADF81600009332463B462946204613
:1091E00002F02EF807B0F0BD2DE9FF411F460D46F5
:1091F00016460446ECF7BAFD8046DEF7A5FBBDF83F
:10920000283080B2CDE90180009332463B462946A2
:10921000204602F015F804B0BDE8F0812DE9F043D6
:1092200000F50179054685B048460F4690461E4632
:10923000FFF7BEFF78B13346424639464846FFF74E
:1092400073FF04465EB3D5F80002FFF7C3FE0023A8
:10925000C5F8003223E0D5F80032986802F070FAC1
:109260000446D5F80002FFF70CFF8368DB689847D7
:1092700003461A79D5F80002D20714D4FFF701FF8C
:10928000214601AA02F060FB044640B9DDE9011263
:10929000D5F80002FFF7DEFE04460028CBD02046BA
:1092A00005B0BDE8F0831B688268E11801395B42B4
:1092B0001940521AECE730B5054685B0084605F569
:1092C0000071E8F761FE044698B9D5F80002FFF78F
:1092D000D8FED5F8003202949A68014601925B6884
:1092E0002A46009305F501704FF40073E8F730FF4C
:1092F0000446204605B030BD0020E8F7D7BF03463E
:1093000010B508460AB10021116053B1D0B1411E19
:1093100011F8010F80B113F8014BA04201D13D2893
:10932000F6D100200EE0013313600AE03D2808D09A
:10933000B0FA80F0400905E018782F28F6D1002A0D
:10934000F1D1012010BD0830704710B51346144606
:109350000A4681880068FFF7FBFAA042A8BF2046B2
:1093600010BD2DE9F04F97B004469A468946019208
:1093700000297AD0DAB1BAFA8AF67609258F04F193
:10938000080B0135ADB2A8466F1EBFB2B7F5004F4E
:1093900039D04A233946584603AAFFF7D9FA00289C
:1093A00007DA10F1020F08BFB8463D46ECE7012688
:1093B000E4E700F158030DEB0300002303A900F8D4
:1093C0004C3C4846DEF7AEFA0028EED106BBB84664
:1093D000B8F5404F4CD0238F04F10805434538D3EE
:1093E00008F5804153462846019A89B2E7F704FE02
:1093F00000280ADB46B14846DEF7A6FA4A4603468D
:10940000414628461EE016B3002017B0BDE8F08F95
:1094100039465846FFF798FA0028F6DB05F57F51E4
:109420003F31584689B2FFF78FFA0028EDDB238FD2
:10943000BB42E9D12246013B22F8383F4FF40041BC
:1094400002235846E7F7D8FD00EAE070DDE7012681
:10945000BEE7224602234FF40041284622F8388F07
:10946000E7F7CAFD0028BBDACFE76FF01500CCE7BD
:109470006FF00B00C9E773B5C36B04460363C3B158
:1094800000F108063046E7F70DFC054670B90223E7
:109490004FF4004130460DF10602FFF759FA00285B
:1094A000B4BF4FF40043BDF806302387284602B00E
:1094B00070BD6FF01205F9E72DE9F04187680446A9
:1094C000FB680D46164698470379DB0707D4BB684F
:1094D0002BB1324629462046BDE8F0411847417974
:1094E00033462A462046BDE8F041E9F7CDB807F0FB
:1094F000E6B807F0BEB801460068E9F765B908B5F7
:10950000E9F7F2F9BDE80840E9F7A0BD0A460121F4
:10951000FFF7C5BA00210120E9F756B9836E83F33E
:109520000B887047E9F73CBD61B662B680F31188DD
:10953000BFF36F8F704772B6002383F31188BFF3B8
:109540006F8FBFF34F8F30BF62B6BFF36F8F70471F
:1095500072B6002383F31188BFF36F8FBFF34F8F71
:1095600020BF80F31188BFF36F8F62B6704740E869
:1095700000F313F4803FD8B208BF6FF015007047B6
:1095800030B50C684B6885B00A894D890094013B61
:1095900024F01F04234402F01F0242EA451223F084
:1095A0001F0369468DF808200393E9F721FE05B0F3
:1095B00030BD08B5EAF74CF808B5D1E90431984751
:1095C000002008BD08B5EAF72FF8002008BD704755
:1095D000002303824369C3607047C1698968EAF761
:1095E0009DB8EFF31182402383F31288BFF36F8F8E
:1095F00000230B60436833B9C0E9001182F311887E
:10960000BFF36F8F704719604160F7E7034610B5ED
:10961000EFF31181402282F31288BFF36F8F00684D
:1096200028B15C680268A0421A6008BF5A6081F3E2
:109630001188BFF36F8F10BD027A0132027270473A
:10964000034618465B68002BFBD17047426810B593
:109650002AB10B461C465B68002BFBD1626041605F
:1096600010BD10B5044620B908460B7A01330B72C1
:1096700010BD034618465B68002BFBD1FFF7E6FFE1
:109680002046F5E792B281600160C2808280704717
:1096900083680B440360704703680B6043684B604A
:1096A00083688B6070478388026819448180D01872
:1096B000704730B484880568A3188380281930BCAB
:1096C00006F0D7BF10B5838802685C1C8480D15433
:1096D000D01810BD30B5838802689D1C8580D418D1
:1096E000D154090A617030BD034600689A88401A57
:1096F00011441860998070470268531E0360838884
:109700000133838002F8011C704703468288521A95
:1097100082800068084418607047034600689A8891
:10972000521A01449A801960704710B503680121EC
:109730001C78FFF7EAFF204610BD10B50368022130
:109740001C88FFF7E2FF204610BD03898B420AD92F
:10975000436803EBC10053F831302BB94368002B49
:1097600008BF002070470020704737B505460846FF
:109770000C46FFF72DFF2846082340F8044BE2680B
:10978000618A2382636900240839D31ACB1A0094B2
:109790000221083204F047FC03B030BD2DE9F04F40
:1097A00085B005460E4690461F4604F049FA20B99A
:1097B0006FF04C0005B0BDE8F08F4FF014090023A6
:1097C00034464FF0010A09FB08693B60284602A9AC
:1097D00004F02AFA60B1DDE902324FF0000B009389
:1097E000C3450CD10021284604F0AAFA0028EDD187
:1097F000284604F04EFA0028DAD00020DAE7A14526
:1098000098BF344661688A4214D121680098019259
:1098100006F06BFF019A68B9237C7BB9D4E9023169
:109820002846984768B184F810A03B681434013387
:109830003B60CBE714340BF1010BD1E76FF06F0005
:10984000B8E76FF02200B5E720B101280CBF042073
:10985000FF2070470320704702780B789A420FD39D
:109860000CD842784B789A420AD307D842884B8862
:109870009A4205D38CBF0120002070470120704719
:109880004FF0FF30704770B506460C4600F038F8D0
:109890000546304601F011FF0346013B85F001000B
:1098A000032B0CD8DFE803F008060902022304B1F9
:1098B000237070BD0123FAE728460023F7E74FF035
:1098C000FF30F6E773B546100546304600F018F84D
:1098D000002304460DF1070130468DF80730FFF7ED
:1098E000D2FFA84203D19DF80730022B04D0631B9E
:1098F0005842584102B070BD0120FBE770477047E5
:10990000002070470020704770B505460E460024C1
:1099100090B000236A4631462046EAF799FE28B9FE
:1099200040222946684606F0E0FE30B1631C022B57
:109930004FF00104EDD14FF0FF34204610B070BD60
:10994000002301461A461846EAF782BE042804D8C6
:10995000022808D809D1032070470638012894BF8F
:109960000520012070470520704701207047002026
:1099700008B5E7F72BF870B50446BCB000F1100548
:1099800017AE002200232846F7F77CF8014608B9F5
:109990003CB070BD03AB6846CDE900460293EAF7E0
:1099A000D3F8EEE7E9F738BF70B505460E46EBF79A
:1099B000DDF8044618B1B36A1BB129469847204622
:1099C00070BDEA7A05F11801183006F052FEF6E78C
:1099D00010B5044640B1CB6A0BB118309847204609
:1099E000BDE81040E9F718BF10BD7047036813B118
:1099F00000230360037170478B6913B183610B7F90
:109A000003770020704710B50446084659B1EBF7BC
:109A100013F940B1A3698B4206D190F86930227FD7
:109A20009B1A5842584110BD0120FCE708B58069D7
:109A300018B101F073FC033880B208BD08B5EBF72C
:109A4000FBF820B1BDE808406C30F7F74DB808BD11
:109A500010B50C460178227888B08A420ED069464B
:109A6000EBF7F8FA204604A9EBF7F4FA102268465F
:109A70000DEB020106F039FE08B010BD012A06D038
:109A8000022A07D072B940886388C01AF4E7406898
:109A90006368FAE71022611C013008B0BDE810408D
:109AA00006F023BE6FF01500E6E7042A0AD0102A5C
:109AB0000DD0022A4FF0000315D103700B884380AC
:109AC00001207047012303700B684360F8E702230D
:109AD00000F8013B01F1100351F8042B994240F8C2
:109AE000042BF9D1ECE718467047012310B5062185
:109AF000044600F8013BF4F735FE18B9A37963F08A
:109B00003F03A37110BD0B6803608B8883808B7942
:109B10008371037823F00203037070470078C0F369
:109B20004000704738B50446807AE9F7CDFD616999
:109B3000054649B1637ADB0704D4C36920461B6834
:109B40009B6898470023636121462846BDE838405A
:109B500004F0DDBB2DE9F0410C461746054601F146
:109B60000C0800F10C0140461E46FFF795FD6269A6
:109B7000E36839469B1A13FA87F36B820123404648
:109B80006B722F82FFF7C1FDE368284673600023E4
:109B9000628AE360728163823460BDE8F08138B527
:109BA0000C46D1E900320546DA600B684A895A82D0
:109BB0000868E9F731FE20461022002106F07FFDFB
:109BC0002846BDE83840FFF7ADBF438A23B9C068D7
:109BD000B0FA80F040097047002070470F2806D87F
:109BE0000D280BD8052814BF022003207047132826
:109BF00004D01A2814BF02200120704701207047AA
:109C0000FEF74DBF0B6803608B8883808B7983716F
:109C10007047FEF74DBF034610B5D3E8EF0F40EA9B
:109C20000102C3E8E42F002CF7D110BD0023E7F7B1
:109C3000BDBDD0E8EF3F0B40C0E8E23F002AF8D1BD
:109C4000704738B504460D46EBF794FC5F3005D1FC
:109C500029462046BDE83840EBF7C6BB38BD10B5F5
:109C6000EDF7CEFA04466FF480711030FFF7E1FF94
:109C70002046BDE8104000F013B9C368DB78012B23
:109C800001D1FFF7ECBF7047C368DB78012B01D12E
:109C9000FFF7E5BF70470020704710B50288438882
:109CA0009A4218D8052A16D9B3F5486F13D8848874
:109CB000B4F5FA7F0FD2C18840F67640A1F10A02CE
:109CC00092B2824207D804FB0333B3EB810F34BF57
:109CD0000120002010BD0020FCE7837A072B03BF82
:109CE000038800200B806FF07F00704700207047D2
:109CF00000207047ECF77EB970B506460D464FF070
:109D0000FF304FF0FF31EBF72BFF044668B1032122
:109D10000C30FFF7C8FC068085702146BDE8704016
:109D2000002240F20640ECF77FB86FF0680070BD8B
:109D3000C368187808B1ECF7B9B91846ECF766BAF9
:109D400038B54FF0FF3105464FF0FF30EBF708FF15
:109D5000044668B102210C30FFF7A5FC2B88214690
:109D600003800022BDE8384042F21600ECF75CB8F0
:109D70006FF0680038BDF8B507460E464FF0FF306B
:109D80004FF0FF311546EBF7EBFE044678B10621A4
:109D90000C30FFF788FC3B88468003808580214695
:109DA000BDE8F840002242F22200ECF73DB86FF027
:109DB0006800F8BD2DE9F047814688464FF0FF3036
:109DC0004FF0FF3117461E469DF820A0EBF7C8FE66
:109DD0000546A0B107210C30FFF765FCB9F800304B
:109DE00080F802800380C7700671A0F805A029469C
:109DF000BDE8F047002242F23200ECF715B86FF0F0
:109E00006800BDE8F08770B506460D464FF0FF309C
:109E10004FF0FF31EBF7A4FE044618B9BDE87040DF
:109E2000EBF7D8BA03210C30FFF73DFC06808570B4
:109E30002146BDE8704042F22100EBF7A3BF0722A4
:109E400008B506F052FCB0FA80F0400908BDFEF7F4
:109E500026BED0E8AF0F704700280CBF0846002090
:109E6000704707B580B906216846F4F77BFC40B916
:109E70009DF80530684603F03F038DF80530ECF798
:109E8000A7FF03B05DF804FB6FF01500F9E708B514
:109E9000EDF7B6F910B11030FFF7DBFF012008BD78
:109EA000183004F043BB10B50446FFF7F9FF204615
:109EB000BDE810405022002106F001BCD0E8AF0FF1
:109EC0007047032808B501D0EDF7E2F9BDE8084076
:109ED000EDF7F2B9D0F8B400003818BF0120704790
:109EE0000846896918301160426800211A6010F82C
:109EF0000D2C06F0E4BBD0E8AF0F7047FEF7D8BDDD
:109F0000837A072B01D1EDF7B1BC70472438EDF708
:109F100045BD002203680BB9184670478B4210D12B
:109F20000B6842B942680360914200D1436000234C
:109F300001200B60704713604368994208BF42607C
:109F4000F5E71A461B68E6E710B50446006918B144
:109F5000E9F762FC0023236110BD034610B500F150
:109F6000C8021046FFF7C7FF60B1411CD2E8EF4FAF
:109F7000844204D1C2E8EC1FBCF1000FF6D1F0D14D
:109F8000184610BD0346FBE710B5837A0446073B2D
:109F9000012B02D80121EDF759FEA37A2BB12046FF
:109FA000BDE810400021EDF751BE10BD10B5837A19
:109FB0000446023B062B25D8DFE803F00D042424D9
:109FC0002417220041720021EDF740FEBDE8104049
:109FD0000220EDF755BA8378012B11D1403004F0FF
:109FE000A5FABDE81040ECF7E9B80088FFF784FE59
:109FF00038B9A37A072B03D108212046EDF726FEB6
:10A00000002010BD6FF07F00FBE773B506460C46DD
:10A01000FFF784FD6D463146A8B16846FFF773FD32
:10A0200029460020EEF7D0F958B12388A0F88C30EB
:10A030006388A0F88E30A388A0F89030E388A0F859
:10A04000923002B070BDFFF707FF03460068009032
:10A050009A889B79ADF804208DF80630E0E738B592
:10A06000037A04468B42154615D100F17001072290
:10A07000284606F03AFB80B1E378072243B904F1A1
:10A080007E01284606F031FBB0FA80F0400938BD69
:10A0900004F17701F5E70020F9E70120F7E7F8B5CB
:10A0A00007460D464FF0FF304FF0FF31EBF758FDFC
:10A0B0000646D0B10E210C30FFF7F5FA04460E2209
:10A0C000002106F0FCFA3B88314623802B880022D1
:10A0D00063806B8842F21300A380AB88E380EB8837
:10A0E0002381BDE8F840EBF79FBE6FF06800F8BD34
:10A0F000704710B50446F7F79DF9234653F8402BF7
:10A10000D2F8B41061B92164D2F8B81061B9C2E9CB
:10A110002D33F7F7A3F92068BDE81040EDF76CBDCB
:10A120008B42F6D00968EDE70B60C2F8B830F0E773
:10A1300003682BB141681A688B42026008BF426015
:10A14000704770472DE9F843446B2CB154F8085917
:10A1500005B1083D00270CB9BDE8F883D4E90068D3
:10A160002EB3F7F767F90022D6F8B43004F14001B6
:10A1700063B1994233D1236C4ABBD6F8B820C6F8F4
:10A18000B430914201D1C6F8B8302764F7F766F9C8
:10A1900004F13009002200234846F6F773FC064616
:10A1A00000BBD8F804300BB1204698472760E3681D
:10A1B0000BB120469847D8F820300BB1204698477D
:10A1C000DDB1AB6803B1083B2C461D46C3E7136005
:10A1D000D6F8B830994208BFC6F8B820D5E71A4675
:10A1E0001B68C5E7B36923B16FF06D02F1692068A0
:10A1F00098473046E9F710FBCCE72B46E4E7F8B583
:10A200000F4600210546164600234FF22442084619
:10A21000EEF732FC044620B92846EEF7EFFB204665
:10A22000F8BD04210C30FFF73EFA057047704680F8
:10A23000F5E7406B28B1838B08388B4201D08068EA
:10A24000F8E7704710B54AB989B2FFF7F2FF28B1B5
:10A2500043689B6913B1BDE81040184710BD38B57D
:10A260000D460521FFF7E5FF002329461A46EEF7C4
:10A270001DFC044610B12846E9F7CEFA204638BD49
:10A28000406B28B1838908388B4201D08068F8E799
:10A29000704770470346006828B1596802688842D1
:10A2A0001A6008BF5A6070470346002003B9704720
:10A2B0001A8A5B681044F9E710B5D4680231237834
:10A2C00013B92170012010BD8B42FBD0038A023BE1
:10A2D000038200201061F6E7FEF7E1BB2DE9F041B3
:10A2E00004468868FFF7E0FF638D628B0D4693425A
:10A2F00028BF134683421DD300272165D1F808806B
:10A300008F60F7F797F841462046EEF713FE0646B2
:10A3100038B1C5F808802765F7F7A0F83046BDE8E2
:10A32000F081618D638B2846994228BF1946F1F769
:10A3300041FDF1E76FF07906F0E708B503680A8A96
:10A340001868C968F1F76EFC002008BD38B50546ED
:10A3500001F10C000C46FFF7F0F92D680146238A45
:10A360002868E26801F00AF9002038BD38B50446D3
:10A370000D46EEF7DFFD30B1294604F15400BDE88B
:10A38000384003F0B9BF38BD70B40668F2695AB3FB
:10A39000144654F8983903B1983B002211467CB911
:10A3A000438D408B8B4201D890421FD9824238BFE7
:10A3B00002469942306838BF194670BCF1F776BC46
:10A3C000844207D0658D648BA94238BF2946A242DA
:10A3D00038BF224633B1D3F8985005B1983D1C469A
:10A3E0002B46DCE71D46FAE71146D9E770BC7047FB
:10A3F00073B51446014605464FF49572206800F087
:10A400008FFF207530B92946206801F002F920B984
:10A4100008232375002002B070BD237AB3B1A3F1E5
:10A420001802534253419B000193638A29460093CB
:10A43000AE68238AE2682068B047002808DB238AD8
:10A4400098420CD1002301202375E4E70223EBE7B7
:10A4500010F1FF0F03D34042C0B22075DAE70E209F
:10A46000FBE7F8B5936805460F461446166863B9CE
:10A47000506801210C30FFF716F9A0602B681B789B
:10A48000002B14BF022301230370A3681B78012B48
:10A4900003D0022B1FD000201CE02B681B78002B60
:10A4A000F9D1606804210C30FFF7FDF8E060078007
:10A4B0002A68E36852885A806168728D738B088AB3
:10A4C0009A4294BFC0EB0200C0EB0300042894BF83
:10A4D00000200120F8BD2B681B78022BDBD16068BF
:10A4E00012210C30FFF7DFF8E06007802B68E2688C
:10A4F000591C0232113351F8040B994242F8040BF3
:10A50000F9D16168728D738B088A9A4294BFC0EB4F
:10A510000200C0EB03001228D9E7D06804310378A9
:10A5200013B90170012070478B42FBD00020916865
:10A530000B8A043B0B82106170471FB5CDE90123E4
:10A5400000231A460093F0F749F905B05DF804FBC3
:10A550000022036803B970478B420FD10B683AB9E8
:10A5600042680360914200D1436000230B60704752
:10A5700013604368994208BF4260F6E71A461B68B9
:10A58000E8E7D0E8EF3F43F00802C0E8E12F0029F8
:10A59000F7D1C3F3C00070472DE9F041064690465D
:10A5A0001F460D46B9B104220121EEF78FFD044686
:10A5B00018B9BDE8F041EEF763BD04210C30FFF798
:10A5C00072F80570A0F80180C77021463046BDE8DA
:10A5D000F041FFF7CBBEBDE8F08137B50C4605462C
:10A5E00001F10C00FFF7A9F8228A03460192E26804
:10A5F0001221009228461322EEF7E4FD03B030BD8D
:10A6000037B50C46054601F10C00FFF796F8228A93
:10A6100003460192E2682846009200221146EEF7B6
:10A62000D1FD03B030BD70B504460E4600220023B4
:10A630000846F6F727FA054658B101462046EEF7D8
:10A6400079FC044618B12946304603F060FE2046E6
:10A6500070BD6FF00104FAE707B5CA680C211388D2
:10A66000528800920D22EEF7B3FF03B05DF804FBB1
:10A6700007B50022CB680A211B8800920B22EEF757
:10A68000A7FF03B05DF804FBF8B5CB6804461F884C
:10A69000BBB2162B24D90321EEF75EFE064608B3A3
:10A6A00002210C30FEF7FFFF00256FF00803457014
:10A6B000037031462046FFF759FEF7236383236872
:10A6C00067851B680433D3E8EF1F41F48031C3E88A
:10A6D000E21F002AF7D12046FFF756FE2846F8BDB4
:10A6E0000420FCE70E20FAE72DE9F04F064685B07E
:10A6F000104690469946FFF7D7FD738B728D8B46B7
:10A70000934228BF1346834275D97368404603932A
:10A71000FEF796FF4FF0000A04464046FFF7C4FDDF
:10A72000E168228A658A6369AD1ACB1AED1A778BC4
:10A73000738D9F4294BFC0EB0700C0EB03008542BE
:10A7400028BF054625BB98F80A00E8F7BDFF0022A0
:10A750000023FEF742FF044608B9574627E00146AA
:10A760004046FEF77EFF4046FFF79EFDE168228AE5
:10A77000658A6369AD1ACB1AED1A778D738B9F4288
:10A7800094BFC0EB0700C0EB0300854228BF05461D
:10A79000CDF80090DBF804700A4403985946ABB238
:10A7A000B847071E07DABAF1000F18BF57463846F8
:10A7B00005B0BDE8F08F0E9BABB9394604F10C0033
:10A7C000FEF771FF4046FFF76FFD738D728BB94442
:10A7D000934228BF13468342BA441FFA89F9BCD971
:10A7E000AF429AD0B9E7394620460F9A0E9B984758
:10A7F0000028E2D1B1E70027D9E700232DE9F34192
:10A8000017681446D7F8048001461373064695224C
:10A81000404600F085FD0546207330B9314640467C
:10A8200000F0F5FE28B908232373002002B0BDE82C
:10A83000F081A068798D7A8B038A914294BFC3EB33
:10A840000103C3EB0203012BEFDD02210C30FEF705
:10A850002AFFCDE900558046A38831463846A268D4
:10A86000FFF742FF031E06DA13F1FF0F2ABF5B4218
:10A870000E23DBB2D8E70120A8F80030D6E700238A
:10A880002DE9F34117681446D7F804800146137385
:10A8900006469522404600F043FD0546207330B938
:10A8A0003146404600F0B3FE28B908232373002048
:10A8B00002B0BDE8F081CDE9005531463846A388A5
:10A8C000A268FFF711FF002807DA10F1FF0F32BF6F
:10A8D0000E204042C0B22073E9E70120E8E7F8B556
:10A8E000054650F8044C071F00F14803D3E8EF1F5A
:10A8F00021F00401C3E8E21F002AF7D1FCB1EB6CA0
:10A9000083B9636873B1201DFFF7C4FC0646014696
:10A910003846FFF7E3FC90B163683360A368666074
:10A9200003B9A660384605F15001FFF77CFE30B14F
:10A93000384604F10C01BDE8F840FFF774BEF8BDDD
:10A940002DE9F041C469074644B154F8986906B14D
:10A95000983E0022154607F104080CB9BDE8F081C5
:10A96000236D9BB905B98AB94046FFF793FC0546AC
:10A9700058B101462046FFF7B1FC0028EED07B68B5
:10A980002B60BB687D6003B9BD60224636B1D6F846
:10A99000983003B1983B34461E46DEE73346FAE76B
:10A9A00038B50546D1E8AF3FDB0716D550F8040CA3
:10A9B00098B1EB6C8BB90430FFF76CFC044660B1C6
:10A9C0000146281FFFF78AFC38B155F8043C5A6845
:10A9D00022609A685C6002B99C6038BDEFF792BE55
:10A9E00008B5EFF757F940B1C06930B1024652F8E7
:10A9F000983903B1983B002002B908BD518B528DA4
:10AA00008A4228BF0A46904238BF104633B1D3F875
:10AA1000981001B198391A460B46EDE71946FAE746
:10AA200070B5CE68044633880D469AB2162A06D809
:10AA3000002204231146EFF791FA002070BDF7229F
:10AA400043854283FFF7A0FC0023314620462A8A33
:10AA5000F1E708B500230A8AC968EFF77FFA0020FA
:10AA600008BDFFF7F6BFFFF7F4BFFFF7F2BFFFF730
:10AA7000F0BFFFF7EEBFFFF7ECBFFFF7EABFFFF74E
:10AA8000E8BFFFF7E6BFFFF7E4BFFFF7E2BF70B52F
:10AA90000D46EFF7FFF8044628B92846E8F7BCFE54
:10AAA0006FF07F0070BD00F10C062946304603F0C0
:10AAB00023FCE469C4B154F8985905B1983D0022CB
:10AAC000104607E022467DB1D5F8983003B1983B97
:10AAD0002C461D46831C01D1002AF4D13146204664
:10AAE000FFF7A1FD0028EDD10020DBE738B50546D2
:10AAF0000C46F6F79FFC2846EFF7CCF820B9F6F79E
:10AB0000ADFC6FF07F0038BD0023236083683BB944
:10AB1000C0E90144FFF714FFF6F7A0FC0020F2E7BC
:10AB20001C608460F6E710B50C46EFF7B3F890B1FF
:10AB3000C36943B153F8482C983BD168A14209D06E
:10AB4000D3F89830F5E7406828B1C368A34202D033
:10AB50000068F9E7104610BD0120704708B5EFF70F
:10AB600099F878B1C3696BB1983B03F14C02D2E814
:10AB7000EF0F20F00800C2E8E10F0029F7D1D3F869
:10AB80009830F0E708BD08B50421FFF779FB20B144
:10AB90004830D0E8AF0FC0F3C00008BD10600020FF
:10ABA000704710B5029CA36833B1B1F5807F28BF10
:10ABB0000E21CAB221469847A37DE268013BDBB271
:10ABC000A37522B11BB92046BDE81040104710BD47
:10ABD0001060918000207047B1F5807F28BF0E2162
:10ABE000009AC9B213681847FDF762BFF0B507684D
:10ABF00006463D78144689B0E5B97B88B3F5245FF5
:10AC000004D011D8A3F52053032B13D8ADF80A10A4
:10AC1000022220460DF10A01EFF7CEFA70B16FF073
:10AC20001503C4F8103206E003F55643FF339BB218
:10AC3000042B20D90125284609B0F0BD7B880222CB
:10AC400020460DF10A01ADF80A30EFF7B5FA0028F9
:10AC5000E5D1009003AA132331467768B847021E56
:10AC600002DAC4F81022E6E703A92046EFF7A4FAB7
:10AC70000028DFD0D3E7ADF80A10022220460DF1FC
:10AC80000A01EFF799FA0028C9D17B880222ADF8B2
:10AC90000A300DF10A01E8E7072208B505F025FDA5
:10ACA000B0FA80F0400908BDD0E8AF0F7047034606
:10ACB00010B5D3E8EF0F40EA0102C3E8E42F002CFF
:10ACC000F7D110BDFDF7EBBE0B6803608B88838066
:10ACD0008B7983717047034610B5D3E8EF0F00EA14
:10ACE0000102C3E8E42F002CF7D110BD2DE9F0419B
:10ACF0000C46069D06466FF0040105F11000FFF7B3
:10AD0000EAFFF4B13046EFF7E1FA014648B3836851
:10AD100053B10022186805F1140C2BB1634508D11A
:10AD20002B463046EFF704FBB4F5807F28BF0E2496
:10AD30000FE020B107681A4603463846EDE707469C
:10AD4000F9E7AB892BB923462246294630462F68BE
:10AD5000B8476B682BB12A463046E1B2BDE8F041F6
:10AD60001847BDE8F08170B50D46064611F8010B95
:10AD7000EDF754FB044610B12C89ECF715FFA87AC7
:10AD800005F10B01EDF74AFB28B16B8A9C4238BFF5
:10AD90001C46ECF709FFAB8AA34207D0AB69AC8233
:10ADA00023B121463046BDE87040184770BD10B54C
:10ADB000144602210C30FEF776FC638903800020E4
:10ADC00010BD10B5144604210C30FEF76CFC23892D
:10ADD0000380E3894380002010BD10B51446022192
:10ADE0000C30FEF760FC23890380002010BD10B5F5
:10ADF000144604210C30FEF756FC23890380638936
:10AE00004380002010BD08B501210C30FEF74BFC3B
:10AE100003460020187008BD08B501210C30FEF76C
:10AE200042FC01230370002008BD38B5154600F12F
:10AE30000C0404212046FEF736FC2B890380EB89A5
:10AE400043802B7C33B94FF420512046FEF742FC5F
:10AE5000002038BD42F60101F7E738B5154600F18C
:10AE60000C0404212046FEF71EFC2B890380EB898D
:10AE700043802B7C022B04D0032B09D02B685988EC
:10AE800001E042F602012046FEF724FC002038BD16
:10AE900042F60301F7E770B51446002500F10C06F1
:10AEA0006268EBB29A4205F1010501D8002070BD3D
:10AEB000A268304632F81310FEF70CFCF0E7FFF7FB
:10AEC000EABF30B5144685B0054602210C30FEF7C6
:10AED000EAFBA388002203800023CDE9023300238C
:10AEE000CDE900232846A268A189E8F7B3FCA3892D
:10AEF000834214BF6FF00B00002005B030BD7FB55A
:10AF0000154606460C460C300421FEF7CCFBAB88F8
:10AF100000220380EB88043C43800023CDE9023308
:10AF20000023CDE9002321463046AA68E8F792FCC9
:10AF3000844214BF6FF00B00002004B070BDF7B561
:10AF4000089D06460C462F6851B973B900232A465E
:10AF50000893E1B23046BC4603B0BDE8F04060471C
:10AF6000B1F5807F28BF0E24F0E7009313462A46F0
:10AF7000B847089423462A4621462F68EAE7F0B5E9
:10AF80000D4687B0114606461A460C9C5DB983B93A
:10AF90002768002322463046BC46E9B20C9307B02E
:10AFA000BDE8F0406047B5F5807F28BF0E252768D3
:10AFB000EFE703A8FEF766FBBDF81030012B08D8B9
:10AFC000002300932246194630462568A84707B05B
:10AFD000F0BD022103A8FEF7A0FB0346BDF8102038
:10AFE00033F8027B0021974228BF1746009722467C
:10AFF00030462568A847394603A8FEF78EFBDBE7F5
:10B0000038B5BDF810401546A2420CD84CB16BB112
:10B01000A41A8C42A8BF0C46A4B22246591905F0C6
:10B0200028FB204638BD6FF00604FAE76FF00D04E8
:10B03000F7E730B585B0C96814461D46EFF722F929
:10B0400000B100890223ADF80E0000932946204686
:10B05000BDF820200DF10E03FFF7D2FF05B030BD83
:10B060001FB50C461946E36810461C78BDF8182039
:10B070003CB110240133069404B0BDE81040FFF742
:10B08000BFBF5B88ADF80E30022300930DF10E03B5
:10B09000FFF7B6FF04B010BD30B51D46002385B0E4
:10B0A00014468DF80C30EFF799F810B1037A8DF84B
:10B0B0000C300123294600932046BDF8202003AB25
:10B0C000FFF79EFF05B030BD38B5144600F10C0502
:10B0D00006212846FEF7E7FA23890380E3894380A7
:10B0E000237C002B42F6010308BF4FF420538380DA
:10B0F00021680B781BB1022B06D0002038BD2846F2
:10B100004988FEF7E7FAF8E7102228460131FEF7F2
:10B11000D0FAF2E738B5154600F10C0404212046B8
:10B12000FEF7C1FA2B8903806B894380E9680B78AD
:10B130002BB920464988FEF7CDFA002038BD1022F1
:10B1400020460131FEF7B5FAF7E7002203680BB994
:10B15000184670478B4210D10B6842B942680360B1
:10B16000914200D14360002301200B6070471360BF
:10B170004368994208BF4260F5E71A461B68E6E754
:10B1800008B5EFF75DF818B10023036043608360F2
:10B1900008BD70B500F1700605463146007AFEF72D
:10B1A000A7FD04463146287A1CB1BDE87040FFF780
:10B1B000E7BFEFF745F810B104604460846070BDEC
:10B1C000022A10B508D1002300F170011A46007A56
:10B1D000EFF744F9022010BDFFF7DBFFFAE738B5BF
:10B1E000144600F10C0502212846FEF75CFA63893B
:10B1F0000380A1892846FEF76DFA042104F11000AE
:10B20000FFF755FD002038BD01210C30FFF74FBD81
:10B2100038B504461546FFF79FFC40B12046EEF7CF
:10B22000DDFF20B1037ADB0701D5FFF7EDFF35B96C
:10B23000207A04F17001EFF703F800B1856038BDA2
:10B2400038B5BDF81010BDF818401046A142059D54
:10B250000CD84CB16DB1641A9C42A8BF1C46A4B274
:10B260002246294405F005FA204638BD6FF0060451
:10B27000FAE76FF00D04F7E713B5044610B90020A4
:10B2800002B010BD00238DF8043042F603030068BD
:10B2900001A9ADF80630FEF7DBFB0028EFD1E3682B
:10B2A00098880028ECD12046EFF768FA013080B288
:10B2B000E6E770B5CC681E46A37988B008468DF8DD
:10B2C0000C301546FFF7D8FFADF80D002468237841
:10B2D0006BB96388ADF80F300523009331462846DB
:10B2E000BDF8302003ABFFF78BFE08B070BD631CC8
:10B2F0000DF10F02113453F8041BA34242F8041B52
:10B30000F9D11323E9E71FB5CDE9012300231A463C
:10B310000093EFF763FA05B05DF804FBFFF760BB3D
:10B320004B8A12F0010FC3F30E0304D013F0950FF4
:10B3300010D0486870B112F0020F04D013F4957F5A
:10B340000AD0896841B1134013F4DE7F14BF052091
:10B35000002070470220704703207047F8B50F4661
:10B36000516806464B8A144603F0940313BB01222E
:10B37000EFF756FB08B3A2891B2130460232EEF7E5
:10B380007FFD0546E0B1A1890C300231FEF78BF953
:10B3900020F8027BA289A16805F06BF9D4E90412B8
:10B3A00028460123EEF7F6FE29463046BDE8F84070
:10B3B000FFF76DBB4FF0FF30F8BD6FF01500FBE7F6
:10B3C0006FF00B00F8E770B50B460546144629B937
:10B3D00021462846EFF750FE28B970BD4FF6FF72A0
:10B3E000914207D121812246284663680021BDE8A9
:10B3F00070401847E28901339BB29A422381E7D219
:10B40000F1E72DE9F04F89B006461446129F11B9B5
:10B4100013F0030807D03A46002130467B6809B094
:10B42000BDE8F04F1847C14642F6010A03F47F73A6
:10B43000D518AC4207D13A464146304609B0BDE87E
:10B44000F04FFFF7C0BF3A7C6388002A14BF524612
:10B450004FF42052ADF802201022ADF808301FFA48
:10B4600083F83B68B4F800B000210DEB02000193B3
:10B470008DF8009005F023F901AB06933A4630466B
:10B480007B68CDF80CD0ADF81CB003A99847043404
:10B490000028CED109B0BDE8F08FF0B553898FB048
:10B4A000ADF80C3093890546ADF80E30022304A8A0
:10B4B000144616898DF8103002900DF1110301F138
:10B4C000100251F8047B914243F8047BF9D12168C2
:10B4D000C1B9002142F6020310220AA88DF8041017
:10B4E000ADF8063005F0EBF801AB099302AB0C9315
:10B4F000224628466368ADF8346009A9984728B900
:10B500000FB0F0BDFEF7A4FA0028E2D0224628468C
:10B510002189FFF758FFF3E730B40C4611461A466D
:10B52000029B4CB1B4F5807F28BF0E241D681A46DB
:10B53000E1B22B4630BC184730BCF0F78FBA73B578
:10B5400004460D46F5F776FF29462046FFF7EBFA4D
:10B55000014620B902B0BDE87040F5F77FBF4668EC
:10B560002046EEF7EFFDF5F779FF2EB100230E210F
:10B570001A4620460095B04702B070BDF7B50D469B
:10B58000044616461F46EEF7A1FE014628B1334693
:10B590002A4620460097F0F713FB03B0F0BD2DE9D3
:10B5A000F04105468846EEF719FE0446D8B1037A05
:10B5B000DB0718D500F10C073846FFF775FB10F0D4
:10B5C000010610D1B8F1000F0ED06FF0020138461D
:10B5D000FFF781FB10F0020F284608D0FFF7BEFAF4
:10B5E0002046FFF711FE01263046BDE8F081FFF747
:10B5F000B3FA0028F8D02846FFF7C5FA0028F3D0A0
:10B600006FF002013846FFF766FB2846E6E70120A7
:10B6100070470120704713B5C068144668B1002315
:10B620008DF804304FF4C05301A9ADF80630FEF791
:10B630000FFA10B9236801332360012002B010BD56
:10B640000021F8B54FF0FF324FF0FF3305460846B2
:10B65000EDF712FA00F10C07044601213846FEF717
:10B6600022F80526012106703846FEF71CF8002353
:10B6700006701A4621462846EDF718FA10B1204602
:10B68000E8F7CAF80020F8BD6FF085007047002089
:10B6900070470A448A4200D1704711F8013B40BA12
:10B6A00080B25840C0F303134340180380B24340B4
:10B6B000580100F4FF505840ECE7F3F78DBC08B593
:10B6C00001F02EFB002818BF6FF00D0008BD08B573
:10B6D000F3F710FD002818BF6FF00D0008BD1FB56F
:10B6E000032001A9E6F750FC18B1002005B05DF871
:10B6F00004FB019802A9F3F719FC0028F5D19DF885
:10B700000830032B05D09DF80B00431E58425841CA
:10B71000ECE70120EAE713B5032001A9E6F734FCC2
:10B7200058B901220198114601F0C7FA0446019860
:10B73000FDF750FC204602B010BD6FF00404F9E79D
:10B74000303870470C220369C9B202FB0133186C10
:10B7500000F00700704770B50346C9B20069EFF307
:10B760001186402484F31288BFF36F8F0C2505FBEC
:10B770000104246C14F0C00401D0A24211D10122B2
:10B7800005FB01000264002086F31188BFF36F8F70
:10B7900030B90C225B6802FB01335B6898470020DC
:10B7A00070BD4FF0FF30EFE78022FFF7D4BFF8B550
:10B7B000069F05460469C9B2EFF3118C402080F35F
:10B7C0001288BFF36F8F0C2606FB0146306C00F029
:10B7D000070EBEF1010F10D1376400268CF31188DB
:10B7E000BFF36F8F3EB90C2041430C44C4E90E23D4
:10B7F0006B685B5898473046F8BD00F0C000874240
:10B800000CBF6FF077064FF0FF36E7E713B58024E3
:10B810000094FFF7CCFF02B010BD10B41C240069E7
:10B82000CBB204FB030000215DF8044B1047104627
:10B83000F5F75AB901F068B9F3F754BA40F27260FB
:10B84000704710B484682468A4465DF8044B6047D0
:10B850004368186A7047F5F7C5B810B544682068A2
:10B8600002F015FC30B1237E23B1E068BDE8104042
:10B8700002F00DBC10BD38B504464568006902F001
:10B88000ABFC2046EB6A984720B9F0F7D1FC6FF08B
:10B89000150038BD0020FCE7084608B51146F7F74B
:10B8A00069F9002818BF6FF0040008BD08B5F7F764
:10B8B000B3F9002818BF6FF0040008BD4B1E5B08E9
:10B8C00000EB8300C369C90758BF1B0CC3F30721F2
:10B8D00013F0FF031BBF002011706FF015005370B1
:10B8E00070472DE9F3411C4600239046826823608F
:10B8F000A3600D465369694601AA9847019B5A1EE9
:10B90000019223B96FF0150002B0BDE8F0810098F4
:10B91000A26847682168676085B9A8EB02030668DA
:10B92000B34228BF334603FB07111A442160A260CB
:10B9300002689A4206D808300090DFE76B1AB3FB22
:10B94000F7F3ECE70020DFE713460022FFF7C9BF5B
:10B950002DE9F0470024836886B0884691465B69EC
:10B9600002AA01A99847A2462546029BAB4202D8EB
:10B9700006B0BDE8F0870026019F07EBC5077B688E
:10B9800004933A680AEB0603B24202D89A4601359C
:10B99000EBE749460394059303A8C0470028E7D086
:10B9A000049B01361C44ECE770B5037B04460BB1E5
:10B9B00001F0C0F80026A06800B970BDB0F5007FA6
:10B9C00028BF4FF4007005460246D4E90010F0F796
:10B9D00049FE63682B44636023680BB12B442360EA
:10B9E000A3685B1BA360002BE5D0237B0136002BF3
:10B9F000E1D0304601F09FF80028DCD00120DCE7E0
:10BA000041EA02030846C3F30B0109B9F0F74EBE41
:10BA10006FF015007047084611461A4621B10343DE
:10BA20001B0701D1F0F742BE6FF0150070470369A4
:10BA300024330B60012313607047036900201B6AE5
:10BA4000C1E90030704710B5044643681868FDF737
:10BA50004AF92069BDE81040F5F746B8FDF728B867
:10BA600010B5446800694FF0FF324FF0FF33F5F72F
:10BA70006FF82068BDE81040FDF754B92DE9F0419A
:10BA80004468D0F810E00120002688468EB0DDE939
:10BA900014150DF1010CCDE90701CDE90B01D1071A
:10BAA000CDF80160CDE9095602F080078CF80460FA
:10BAB0008DF80080CDF818D00D950ED5520758BFDF
:10BAC0009EF814001BBA58BF00F001000493E0B1C7
:10BAD000CDF80130052307930B9306AB0293F7B122
:10BAE000002D14BF0223012303930AAB0493022306
:10BAF0002146059351F8040B9FB183681C6800230D
:10BB000002AAA0470EB0BDE8F081BDF81130ADF833
:10BB100001309DF813308CF802300423DBE7012359
:10BB2000E2E783681C6804ABEAE71FB501230193D1
:10BB30000DF10F030093002305211A46FFF79EFF26
:10BB400008B99DF80F0005B05DF804FBF7B5044691
:10BB50000D4616461F46FDF7E5F8002817DB204680
:10BB6000FFF77EFF2B0205225A212046CDE9006710
:10BB7000FFF784FF05462046FFF765FF40F23912C4
:10BB800000232046FDF7F6F9284603B0F0BD6FF01C
:10BB90000405F9E72DE9FF41064615461C46012735
:10BBA0000DF10F08002305211A463046CDE9008724
:10BBB000FFF764FF40B99DF80F30DB0704D5284636
:10BBC000214602F0B7FDEDE704B0BDE8F0812DE9B4
:10BBD000F34703690F1E05461646D3F8209077DB1E
:10BBE000BB184B4574D847EA0204C4F30B04002C7D
:10BBF0006ED1FDF797F800286DDB2846FFF730FF80
:10BC00004FF0FF3A002E56D0002C54D12346CDE9F8
:10BC10000044802206212846FFF730FF0446002812
:10BC200049D1B14513D10346CDE900008022C72197
:10BC30002846FFF723FF00260446002C3BD140F2A4
:10BC40001B6200232846FFF7A5FF0446DAE7A0465B
:10BC5000286900F115031D305A7882B10AFA02F101
:10BC600037EA01010BD101219140B14207D8B8F167
:10BC7000000F1CD098F80110914238BF984602334B
:10BC80008342E9D1B8F1000F13D00023812298F844
:10BC900000102846CDE900333B46FFF7EFFE0123B5
:10BCA00098F80120044693401F44F61AC5E79846C9
:10BCB000E5E76FF015042846FFF7C5FE40F239129C
:10BCC00000232846FDF756F9204602B0BDE8F0876C
:10BCD0006FF01504F8E76FF00404F5E72DE9F74F6E
:10BCE0001F4603690D1E914606461A6AB3F81E8068
:10BCF0004EDBEB1993424BD8FDF714F800284ADBD2
:10BD00003046FFF7ADFE4FF0000A0FB93C4632E077
:10BD1000B845C34628BFBB4605EB0B03013B95FB6B
:10BD2000F8F2B3FBF8F3934218BF08FB12524FF03E
:10BD3000000318BFA8EB020B062180223046CDE994
:10BD400000AAFFF79BFE0446A8B92B4681220221D8
:10BD50003046CDE9009BFFF791FE044658B9012219
:10BD600000233046FFF716FFA7EB0B070446D94424
:10BD70005D440028C9D03046FFF765FE40F2391215
:10BD800000233046FDF7F6F8204603B0BDE8F08FFB
:10BD90006FF01504F8E76FF00404F5E7F7B51E46F9
:10BDA00003690D1E044617461B6A1EDBAA199A4238
:10BDB0001BD8FCF7B7FF00281ADB2046FFF750FE20
:10BDC0002B46012203212046CDE90076FFF756FEDF
:10BDD00005462046FFF737FE40F239120023204681
:10BDE000FDF7C8F8284603B0F0BD6FF01505F9E778
:10BDF0006FF00405F6E7F7B54468054694F8283077
:10BE00009A0746D5076902F085FD4FF47A76A0FBC4
:10BE1000060C002347F6122206FB01C1D5F76CFD84
:10BE20003B69C31A13D4628CA68C9B1AB3420EDAF8
:10BE300047F6122740F2E7300021F61A4FF47A72E3
:10BE40000023E6FB0701D5F757FD02F073FC94F8D9
:10BE5000283013F004031CD18022AB212846CDE901
:10BE60000033FFF70BFEA8B994F828309B0710D5D4
:10BE700040F2E7310D46014647F61220E48C4FF4BC
:10BE80007A72E4FB005100232846D5F735FD02F015
:10BE900051FC002003B0F0BD73B54368044693F82D
:10BEA00028309A071BD500238022B921CDE9003321
:10BEB000FFF7E4FDA0B9636893F828309B070ED51F
:10BEC000256902F027FD4FF47A74A0FB040647F6BB
:10BED0001222002304FB0161D5F70EFD286100202A
:10BEE00002B070BD436800205B68DB680B60704780
:10BEF000436802EA01005B6821EA02015860002001
:10BF000099607047436800205B68596070474368D8
:10BF100000205B689960704743685B681A6821EA93
:10BF200002001140586000209960704730B50369E5
:10BF3000586800B30024884219D108688CB99C68FD
:10BF40005860A14200D19860002008602AB15A6868
:10BF50000A609A68596002B9996000200FE028468B
:10BF6000E9E720609868814208BF9C60ECE70568BB
:10BF70000446002DF3D1002AE9D16FF0150030BD41
:10BF800000207047F3F7F0BA02780B69012A07D056
:10BF9000022A08D052B9DA6403F13C00F4F7A4BDD8
:10BFA0006FF00D02F7E76FF00A02F4E76FF004029A
:10BFB000F1E738B504460569012205F12C00114668
:10BFC00002F0B3F9012205F13C00002102F0ADF9C5
:10BFD0002046BDE83840F1F751B938B5054600694B
:10BFE0002C30F4F7B5FD044610B92846FCF79AFE4C
:10BFF000204638BD10B50469FCF775FE04F12C002D
:10C00000BDE81040F4F770BD13B501AA044600F076
:10C0100051F8002805DB019B226819791868F1F7AF
:10C0200075F902B010BD73B544680DF10701A36A3C
:10C030001B68D3F80056D3F80466FCF7E5FD9DF8BD
:10C04000073013B9A06AF3F783FF31462846F4F7A7
:10C05000CFF99DF80710054629B9E069FFF7D4FF2D
:10C06000A06A01F01AFB284602B070BD10B5446802
:10C070000021E069FFF7C8FFA06ABDE8104001F0A9
:10C080000CBB10B54468A06AF3F762FFE0690121B8
:10C09000BDE81040FFF7B8BF08B529B1012906D1A6
:10C0A000FFF7E4FF002008BDFFF7EBFFFAE76FF0B2
:10C0B0008500F8E730B543681360057A446804EBFF
:10C0C000C504A34202D36FF0010030BD5C79083390
:10C0D0008C42F1D10020F8E743681B68D3F8800454
:10C0E000C3F88004704742681368D3F84C0150B11C
:10C0F0000020926A12780A70C3F84C01D3F84C21E0
:10C1000001229A6270474FF0FF307047002A0FDD1E
:10C1100042681368D3F84C0158B10020C3F84C01B1
:10C12000D3F84C010120926A12780A709862704725
:10C130000020704703691A68D17B21B101219173F6
:10C1400000221B68DA737047026903461168C87BD6
:10C1500040B15B681B68D3F8300118B100234B6114
:10C1600013689889704743681B68D3F84C010038FE
:10C1700018BF01207047202243681B68C3F80423BE
:10C180007047202243681B68C3F80823704738B5FE
:10C19000436804461D68D5F80433DB0405D4D5F89C
:10C1A000040310F4002006D138BDFFF7CDFF0028AE
:10C1B000F5D00120F8E72046BDE83840FFF7D3BFAF
:10C1C000012070470369186801601B685A60704756
:10C1D00010B543681C68D4F804331B0307D500234B
:10C1E0000022FCF7C7FE4FF40023C4F8083310BD4B
:10C1F0002DE9F041436805461E680469D6F83071A0
:10C20000D7B1EFF31188402383F31288BFF36F8F08
:10C21000A3681A0706D523F00803A36000220023B1
:10C22000FCF7A8FE23681BB94FF48053C6F8083307
:10C2300088F31188BFF36F8F23682BB3A7B1002257
:10C240005A612368DB7B1BB94FF48053C6F808336F
:10C2500023689A7B42B100229A732846BDE8F041D8
:10C2600000220023FCF786BED6F8143123B1002348
:10C27000C6F81431D6F814312268136823B1284661
:10C28000BDE8F04151681847BDE8F08110B543683A
:10C290001C68D4F804331B0305D4FCF743FD4FF4AA
:10C2A0000023C4F8043310BD70B5436804461E680B
:10C2B0000569FCF737FDEFF31181402383F3128802
:10C2C000BFF36F8F2A68D37B3BB9012093732A6831
:10C2D000D0734FF48052C6F8042381F31188BFF362
:10C2E0006F8F23B12046BDE87040FCF7FCBC70BDE9
:10C2F00013B501AA0446FFF7DDFE002805DB019B0C
:10C30000226819791868F1F701F802B010BD012907
:10C31000F8B50D461FD1466807690021F0683468FA
:10C32000FFF7E6FF0823C4F80035337A8BB9B26A09
:10C33000C4F80427C4F80857C4F84C31D4F84C3179
:10C34000A5623B682BB11B7C1BB14FF40023C4F8E2
:10C3500004330020F8BD00293FD146683468D4F882
:10C3600050312BB30269116859B1D4F80433C3F3C7
:10C37000C0430B7413681B7C1BB14FF40023C4F83B
:10C3800008330123E362D4F82431002BFBD00023CF
:10C39000C4F85031D4F85021C4F82431D4F8242101
:10C3A000C4F84C31D4F84C21C4F81431D4F8143109
:10C3B0004FF47A7543681F68D7F8303123B90120EC
:10C3C00000F0B5FC013DF7D10023C4F80035F0685A
:10C3D0000121BDE8F840FFF78BBF6FF08500B9E79A
:10C3E00010B50446002201214FF48270E6F76AFD81
:10C3F0004FF48270E6F744FD2046BDE81040F1F7A7
:10C400002FB810B5044600220121C820E6F75AFDD6
:10C41000C820E6F735FD2046BDE81040F1F720B80A
:10C4200010B5044600220121C620E6F74BFDC620C8
:10C43000E6F726FD2046BDE81040F1F711B8F8B543
:10C4400006690546336801279C8914339442A8BFC6
:10C450001446D3E8EF2F002A03D1C3E8E07F002879
:10C46000F7D10CBF3B46002325D13368224698689C
:10C4700004F0FFF8EFF31180402383F31288BFF339
:10C480006F8F6B6831681B68D3F830213AB9144656
:10C490004A6180F31188BFF36F8F2046F8BD8A6828
:10C4A000C3F83C270022C3F84047C3F83021D3F833
:10C4B00030211F65EDE71C46EFE7002201214A20ED
:10C4C000E6F700BD10B50B6813B91846136005E018
:10C4D00003685C681CB114600368186810BD0833F9
:10C4E00003600B68013B0B60EDE710B50368044681
:10C4F0008BB11A7D7AB1186901F09FFD0121236883
:10C5000098681B7B994003691B68194283680CBFBC
:10C510001B69DB689847A36933B9636004F11000B5
:10C52000BDE81040F4F7E0BA10BD08B50069C36D6E
:10C530008B4204D15C30FFF7D8FF002008BD4FF0DC
:10C54000FF30FBE770B54FF4FA530646446C47F6EC
:10C55000122C5C4356F8203B05461B6840F2E7303E
:10C56000B4FBF3F40021C8344FF47A720023E4FBE7
:10C570000C01D5F7C1F902460B463046F4F7E8FA4C
:10C5800020B1F1F737F86FF0730070BD286BFCE74E
:10C59000F8B50C4606690546F76DFCF7A4FB14B91F
:10C5A000BB88DB0403D43946284600F0E5F8C6F81A
:10C5B0008C4006F17C00BDE8F840F4F795BA37B539
:10C5C00003690546D3F8A820D3F8B010A2B9C9B1C1
:10C5D0000C46D3F8A400E0B1EAB91046D3F8AC3069
:10C5E000DBB1002904BF0C462346014600942846CF
:10C5F00000F0D6F803B030BD49B191420C4628BFD7
:10C600001446E6E703B0BDE83040FFF7C1BF14466B
:10C61000DFE70246E2E72246E0E71C46E5E700697D
:10C62000B430F4F761BA13B501AA0446FFF742FD2E
:10C63000002805DB019B226819791868F0F766FE6F
:10C6400002B010BD03460A4619790123006803FAB7
:10C6500001F103691B68194218BF82F0010212B18F
:10C660008368DB68184783681B69FBE7F0B50469DA
:10C670000646D4E915128B1A476885B004D1BB6809
:10C6800005B0BDE8F0401847BD8BE16C9D4228BF66
:10C690001D4621B101F06043B3F1005F06D1236D67
:10C6A0003BB103F06043B3F1005F02D0082D28BF17
:10C6B00008250023A36451B1114401F06043B3F194
:10C6C000005F04D02A46386903F0D3FF3969236D2F
:10C6D00043B1A26D134403F06042B2F1005F1CBF8E
:10C6E0007B69A364002914BF2A460022002B08BFDF
:10C6F0000025CDE9012300910022694620460395DB
:10C7000000F03CFE014618B1736830469B689847BC
:10C7100005B0F0BD70B50C690E46A16C054639B187
:10C72000A36D206D2A69184403F0A3FF0023A364BE
:10C730002969AA68A36D304691422CBF5B189B18EB
:10C74000A365BDE87040FFF791BF0847072210B509
:10C7500003690C461B68C3F800250B7D5BB1012102
:10C7600004F10800FFF76EFF237D23B12069BDE8C7
:10C77000104001F062BC10BD38B503690C461D685D
:10C780000B7D4BB1086901F058FC237D23B10021DA
:10C7900004F10800FFF756FF0023C5F8003538BD47
:10C7A00010B40469C4E91313019B93422CBF636561
:10C7B00062650023A3655DF8044BFFF757BF00696E
:10C7C00000F083BE0129F8B5044627D007D9023905
:10C7D00001298CBF6FF015006FF08500F8BD056969
:10C7E000466895F828302BB12846F3F747FB00231D
:10C7F00085F8283063680024DF68DD7FAC4205D30C
:10C8000001217068BDE8F840FFF70DBF57F834000C
:10C81000FCF769FA0028E1D10134EFE7002445680C
:10C82000EF68EE7FB44202D300216868EAE757F868
:10C830003400FCF777FA0028D0D10134F2E72DE973
:10C84000F84304460025012743681B68984763683E
:10C85000DE7FDC68B54202D30020BDE8F8832068A3
:10C860002179E388D0F810E0DA0754BF43F4B0131D
:10C8700083F4D013DEF800C023F4801207FA01F825
:10C88000DB07D0F808904CBF48EA0C032CEA0803F9
:10C89000CEF80030D9F80030984708340028DCD1B1
:10C8A0000135D7E708B50220EFF714FC002008BDDA
:10C8B00008B5F2F777FF08BD08B5006990F8383081
:10C8C000994207D290F839303BB1C9B2F3F762FD13
:10C8D000002008BD6FF01500FBE76FF00A00F8E7D5
:10C8E0001FB5002304690393636B8A07029301F069
:10C8F0000103C3F1410358BF43F00803204601A9D7
:10C90000019300F012FF002806DB204600F01CFF18
:10C910000123002084F8393004B010BD10B504693B
:10C920002046F3F741FD002819DB4FF0FF324FF0AE
:10C93000FF3304F13C00F4F70BF9204600F02AFF26
:10C9400000231A4694F8380004F11001984202DCE2
:10C950000020228710BD41F8042F0133F6E76FF065
:10C960000D00F7E710B54FF0FF304FF0FF31F1F752
:10C97000D7F9044628B9C4F733FD044618B1F1F7D6
:10C98000D7F9204610BDF1F7D3F92046E8F7C6FBEA
:10C99000F7E738B50B8A0D463BB101F10C00FCF707
:10C9A000C4FE012818D0022803D06FF015042046D9
:10C9B00038BD4FF0FF304FF0FF31F1F7B1F90446C9
:10C9C0000028F4D1E868D5F7E8F90446F1F7B0F9A2
:10C9D000ACB1F1F7B3F9EAE74FF0FF304FF0FF31B8
:10C9E000F1F79EF904460028E1D1E868F1F7BAFBB7
:10C9F0000446F1F79DF9002CD9D1F1F79FF92846AB
:10CA0000E6F70AFF0024D2E7F1F716BB10B5322291
:10CA10000021044603F053FE202323708023A370DB
:10CA20006FF03F0363710423A3722823A3730223CF
:10CA3000E3730423A3756FF0480363763F23A37663
:10CA40006FF01303E3760F232377302384F820302D
:10CA5000402384F82130012384F82230782384F89D
:10CA60002330802384F8263010BD08B5F1F790FEFE
:10CA7000002008BD08B5F6F7CFF848B1002383F3CE
:10CA80001188BFF36F8F0423184602DF6FF0040094
:10CA900008BD0130012801D8F1F762BF6FF0010035
:10CAA000704708B54FF0FF314FF0FF30F1F738F91C
:10CAB000DAF744FEBDE80840F1F73AB9684620F0DD
:10CAC00007018D4601B5D3F7F7F9BDE8014085466A
:10CAD0007047684620F007018D4601B5D3F7DEF9AF
:10CAE000BDE8014085467047684620F007018D4645
:10CAF00001B5D3F725FDBDE801408546704708B56F
:10CB0000DAF72AFA002008BD7047012802D1002078
:10CB1000D2F778BA70477047D2F786B808B5D3F71E
:10CB20008FFF30B1EFF305800338032894BF002056
:10CB3000012008BD7047012070470020704710B5E4
:10CB400021F040010C29046904D1D4F713F82060C6
:10CB5000002010BD6FF08500FBE78068203820F0D2
:10CB60000F0020387047042809D0052803D1481E3B
:10CB700018BF01207047431A58425841704701209E
:10CB8000704738B515460C4661B15AB1FCF77BFACF
:10CB90002146254411F8013B834203D1A942F9D132
:10CBA000012038BD0020FCE738B50C4601231146B2
:10CBB00022460546FCF70FFA00280FDB012221462A
:10CBC0002846FFF7DEFF18B103230020237038BD8D
:10CBD0002378012B14BF02230123F6E70120F6E797
:10CBE0002DE9FF471D4606460F469046FCF742FAE0
:10CBF0006C1E044440420440102C01D9FCF7D9FCBF
:10CC00003046FCF740FA82462A464146684603F021
:10CC100030FD5146621B0DEB050003F050FD23462D
:10CC20006A4639463046FCF7EBF9003818BF012058
:10CC300004B0BDE8F08707B501238DF8042001AAF0
:10CC4000FFF7CEFF03B05DF804FB816801222039B5
:10CC500021F00F01FFF7EFBF8268203A22F00F02A8
:10CC6000FFF7A2BF13B50C46C0B201A9E5F78CF9D6
:10CC700050B921460198F2F759F904460198FCF79A
:10CC8000A9F9204602B010BD0124FAE70E2A13B517
:10CC9000044601D9FCF78DFC0E29FBD841EA0211AC
:10CCA0008DF80710FFF759FF012301460DF1070228
:10CCB0002046FFF795FF02B010BD73B50E466946DA
:10CCC00004461546F2F732F920BB9DF80030022BDE
:10CCD00022D0032B0BD0012B20D136B19DF803308D
:10CCE000032B02D12046FFF7B0FF02B070BD002E2B
:10CCF000FBD12046F2F7F8F860B935B9A91C00223B
:10CD00002046C9B2FFF7C2FFEFE72046FFF79DFFBD
:10CD10000028F3D00120E8E7F01CE6E7FCF749FC27
:10CD200001460020F2F7E6B903460020184701F05B
:10CD300084B9024610B5116891B1B1FA81F3C3F11B
:10CD40001F000123834021EA0303D2E8EF4F8C4206
:10CD500004D1C2E8EC3FBCF1000FF6D1EBD110BD1D
:10CD60006FF00B00FBE710B50368CB40DB0710D476
:10CD700001238B40026843EA0201D0E8EF4F94425E
:10CD800004D1C0E8EC1FBCF1000FF6D1F2D10020B5
:10CD900010BD6FF01500FBE7F7B51646DDE9084753
:10CDA000019001A81D46F2F795FA019BB6F1000C1F
:10CDB00018BF4FF0010C00EB83000B1E18BF0123BE
:10CDC000002D43EA4C030CBF4FF0000C4FF00C0C4D
:10CDD000002C43EA0C030CBF4FF0000C4FF4706CB6
:10CDE000002F43EA0C030CBF4FF0000C4FF4403C03
:10CDF000D0F8802043EA0C0322EA030301B109784A
:10CE00000EB13678760019430DB12D78AD0031435F
:10CE10000CB12478240229430FB13F783F040C431E
:10CE20003C43C0F8804003B0F0BD1FB50DF10F03C7
:10CE3000019300238DF80F101A4619460093FFF74F
:10CE4000ABFF05B05DF804FB10B504460846F2F7E9
:10CE500051FA04EB4004207DC0F3401010BD10B522
:10CE600004460846F2F746FA04EB4004207DC0F37E
:10CE7000400010BD10B504460846F2F73BFA04EB3B
:10CE80004004A08A400B10BD70B504460846164603
:10CE9000F2F730FA083034F810300D46DA0509D5CB
:10CEA000C3F3432304EBC3023146284654F833301E
:10CEB00052689847A3682BB131462846E268BDE81E
:10CEC0007040184770BD10B504460846F2F712FAD4
:10CED00004EB4000838ADA051DD5C3F3432123F414
:10CEE000F853838204F1120204F1580032F8023F31
:10CEF00013F4807F03D0C3F3432399420BD08242C3
:10CF0000F4D1002204EBC1035A6004F16000BDE8D3
:10CF10001040FFF728BF10BDF0B5044600200127E0
:10CF20000546844695420AD1D4F8443133B10023F2
:10CF3000C4F84431D4F8443140F40030F0BDEBB2D1
:10CF40009B0003F580769B0807FA03F3194208D08B
:10CF500054F806E0BEF1000F03D044F806C0A6590D
:10CF600018430135DEE738B504460D46FFF76CFF80
:10CF7000A8B12046FFF773FF88B92046FFF77AFF74
:10CF8000012322688340C2F81833236803EB800032
:10CF9000D0F8103523F00303C0F8103538BD28460B
:10CFA000BDE838400021FFF740BF2DE9F0431746A8
:10CFB000044685B00846F2F79DF9D7F800800E4682
:10CFC0000546B8F1000F1ED02046FFF748FF18B104
:10CFD0002046FFF739FF20BB00230DF10F02CDE9FA
:10CFE00000338DF80E308DF80F30304643460DF18A
:10CFF0000E01FFF7D1FE04EB4502938A23F00203F2
:10D0000043F0010393827B689BB33146204693F83B
:10D010000080D3F80490FFF722FF28B1B9F1000F88
:10D020001FD06FF0150027E004EB4500838A23F43E
:10D03000604323F020038382B9F1000F11D0B8F1CF
:10D04000030FEED87B6821685B6893F800C04FEA55
:10D050008C031944B8F1000F11D1C1F81085C1F843
:10D06000108504EB4502938A23F01C0343EA8803EE
:10D070009382BB684BBB002005B0BDE8F083D1F8BC
:10D08000102522F00302C1F8102522681344D3F8BA
:10D09000102522F4473222F47C72C3F8102541F6A1
:10D0A000F072D3F8101502EA061242EA08420A4367
:10D0B000C3F8102504EB4C03A3F86460838A43EAA9
:10D0C0004C3343F020038382CBE73146D3E9007829
:10D0D0002046FFF7F8FE002FCDD063689F4206D0B0
:10D0E00004F16000FFF725FE002804DAC4E7A36816
:10D0F0009845F5D1002004EBC003C3E9017804EBA7
:10D100004505AB8AC0B243EA402343F48073AB8247
:10D11000B1E7C0E90312704770B504461546FFF742
:10D1200093FE48B10846F2F7E5F804EB400400200E
:10D13000A38A5B0B2B7070BD6FF01500FBE790F8B6
:10D140007400003818BF01207047F2F709B92DE9C3
:10D15000F34104461746FFF777FE0D462668F0B107
:10D160002046FFF77CFE8046C8B92046FFF782FEC6
:10D17000820002F5807346F80380F3582368134455
:10D18000D3F8102542F00102C3F8102527B101237E
:10D1900022688340C2F8143302B0BDE8F081D6F8AB
:10D1A000143328469B035CBF4FF40033C6F8143396
:10D1B000F2F7A0F804EB4004A38AC3F38203042B24
:10D1C00011D0052B11D001A80195F2F783F8019B2E
:10D1D000C168D94001F001010231284602B0BDE822
:10D1E000F041FFF722BE0321F7E70221F5E7FFF741
:10D1F000BABEC9B2F2F7DCBC30B5012405469008CE
:10D200004038844014EA010009D0A85838B1002100
:10D21000A950AA5813B11A6822431A60012030BDE0
:10D2200000232DE9F34104460D460193904601ABDE
:10D230004FF48072FFF7E0FF4FF4827229462046D8
:10D24000FFF7DAFF4FF48472074629462046FFF7BE
:10D25000D3FF064630B1B8F1000F1DD017B13E46DE
:10D26000D4F80C374FF4A6722946204601ABFFF7DD
:10D27000C3FF30B1B8F1000F03D016B90FB1D4F825
:10D280000C374FF4B4722946204601ABFFF7B4FFC8
:10D29000019802B0BDE8F0814646E3E707B501908A
:10D2A00001A8F2F791FC0123019A9340436003B077
:10D2B0005DF804FB07B5019001A8F2F785FC012396
:10D2C000019A9340836003B05DF804FB70B54B7F17
:10D2D00004460D467BB101236426436000220221EF
:10D2E0002046FFF79DFF20B90120FFF720FD013EFA
:10D2F000F4D100236B770023C4F8003570BDF8B576
:10D300001E4690F8203004460D46174693B919B1D1
:10D310004969F2F769FC80B1C4E901761DB129467B
:10D320002046F2F7A7FC0020012384F8210084F8AE
:10D330002030F8BD6FF07700FBE76FF01500F8E7DD
:10D3400070B590F8203005460E4673B190F8213044
:10D3500003F0FF0463B94969F2F746FC58B1284667
:10D360003146F2F787FC204670BD6FF07600FBE790
:10D370006FF00F00F8E76FF01500F5E7F0B590F8E3
:10D38000213005460E46174685B0002B40F09A80A6
:10D3900043682BB112F0140F04BF012380F8213031
:10D3A00005F1100496E80F0084E80F00686A431C3A
:10D3B00005D095F822309C0717D5FFF76FFF33682B
:10D3C0002C6823B103F06043B3F1005F06D1B3686A
:10D3D00073B103F06043B3F1005F09D000236FF035
:10D3E0000C0085F8213005B0F0BDFFF763FFE6E7DC
:10D3F00017F0010318BF0123C4F84C3717F00203DC
:10D4000018BF0123C4F81437D6E900C1D6E90223B6
:10D410000026C4F83CC7C4F84017C4F80427C4F871
:10D420000837C4F80861D4F808010720C4F80005DB
:10D4300095F8220040070BD58220C4F8840C686858
:10D4400030B1C4F80061D4F800010120C4F804032D
:10D4500017F0080612D14FF0010E6868C4F800E01A
:10D4600060B9D4F808010028FBD0CDE900C1CDE9AE
:10D47000022304216A462046FFF7D2FE6B68C3B937
:10D4800095F82220510748BFC4F8843C686A421CC2
:10D4900005D095F822309B0708D5FFF70BFF1EB982
:10D4A0002046291DFFF712FF00209CE7FFF7F6FE3C
:10D4B000F5E7042317F0040F14BFC4F80833C4F8C9
:10D4C0000433F1E76FF00F008DE7011D0068FFF7EF
:10D4D000FDBE70B590F8223004460568580710D597
:10D4E000D5F80433D9070CD5D5F800314BB100235A
:10D4F000C5F80031D5F80021C5F8843C0123C5F8F2
:10D5000008330421284604F11002FFF789FED8B140
:10D51000606A421C05D094F822309B0711D5FFF7B2
:10D52000C9FE94F821301BB12846211DFFF7CEFE1D
:10D530002046002300F80C3FD4E90131BDE87040DB
:10D540001847FFF7ABFEECE770BD91F820200346CB
:10D55000032A29D8DFE802F0212519028A6850053C
:10D5600004D5D3F844270869904207D18A68520548
:10D570001AD4D3F844278969914215D00020062295
:10D58000C3F80005C3F800257047D3F8442708699D
:10D590009042F3D1D3F80C27EDE7D3F8442709697B
:10D5A000EAE7D3F80C27FAE70120704730B50124E9
:10D5B0009508403DAC400C4208D0815831B1002163
:10D5C0008150825813B11A6822431A6030BD00237B
:10D5D00013B50C4601934FF4947201ABFFF7E6FFCD
:10D5E00021464FF48272FFF7E1FF21464FF48A7221
:10D5F000FFF7DCFF21464FF4B672FFF7D7FF214655
:10D600004FF4A872FFF7D2FF21464FF49C72FFF748
:10D61000CDFF4FF49A722146FFF7C8FF019802B080
:10D6200010BD10B4CC7B8A6803682CB9D1E90041E5
:10D63000C3F80046C3F80416C3F82425436833B181
:10D6400000685DF8044BC0F30830E5F719BC5DF8DD
:10D65000044B704738B50D4690F826100446C9B9FA
:10D66000C160C0E9012380F8291080F8281065B155
:10D67000AB7B80F82B302846F2F738FC6B7B2946D1
:10D68000204684F82A30FFF7CCFF0123002084F8DD
:10D69000263038BD6FF07700FBE706220368C3F839
:10D6A0000025022380F82630704770B504460D46E9
:10D6B000D1E900614FF47A720023C803490CD4F712
:10D6C0001BF92368C3F80C65C3F804052B6803F045
:10D6D0004002C3F380132374A368B3B1002A4FF050
:10D6E000000314BF032501252468012DC4F800316F
:10D6F000D4F80021C4F308301CBFC4F80431D4F8B6
:10D700000431E5F7BDFBC4F8045370BD38B5C0E97A
:10D710000223437933B90123437109B1FFF7C5FFF0
:10D72000002038BD6FF07700FBE708B543792BB1D7
:10D73000022B06D0FFF7B9FF002008BD6FF076007E
:10D74000FBE76FF00F00F8E7012203681A6002237D
:10D750004371704710B5EFF31184402383F31288AF
:10D76000BFF36F8F0379072B11D80B70013303714F
:10D77000012302680978D2F808058B400343002092
:10D78000C2F8083584F31188BFF36F8F10BD6FF0B6
:10D790000B00F7E770B5EFF31185402383F3128890
:10D7A000BFF36F8F002201260179D3B2994206D8C8
:10D7B0000023037185F31188BFF36F8F70BD046878
:10D7C00006FA03F3D4F80815013221EA0303C4F87A
:10D7D0000835E9E770B503680446D3F80414D3F8B4
:10D7E00000512DB100220125C3F80021D3F80021FA
:10D7F000D3F80421BAB10022C3F80421D3F80431CC
:10D800003DB10325D4E902324FF480709847AB074D
:10D810000BD5012363710021D4E90232BDE87040C9
:10D820004FF482701847002DECD170BD07B5019000
:10D8300001A8F2F7CDFD0123019A9340436003B0A4
:10D840005DF804FB30B5026A0346D2E90140844228
:10D850004FF0000002D30123D36030BD187450682C
:10D86000242501305060186A4268541E0268184628
:10D8700005FB04225C1950F8045BA04242F8045BEB
:10D88000F9D101209960E8E7F0B5064604468BB06F
:10D8900001AD0F4694460FCE0FC50FCE0FC5216ABE
:10D8A00033684A682B6022B90223CB6000200BB09A
:10D8B000F0BDFB072068A56813D524260B68013A44
:10D8C00006FB02337E0703D41A7C0AB10F23ECE770
:10D8D000224603F1240153F8046B8B4242F8046B97
:10D8E000F9D1B90741BF226A536803F1FF3353608E
:10D8F000AC4505D2236A002BD8D00422DA60D5E7E4
:10D900007A0748BF20603B0701D40120CFE71434D9
:10D9100006AB93E8070084E80700F6E710B502605D
:10D920001A44029B012983604FF00003C260037414
:10D930000375836101D8036210BD24224A43243A4F
:10D94000841804628350026A8C1E9460026A022961
:10D950005360026AD360026A1374026A53741EBF72
:10D96000036A24301860E7E7182871F100030ED32A
:10D97000B0F5807F71F100030BD3B0F5803F71F1FA
:10D98000000308D3002914BF092005207047012097
:10D990007047022070470320704737B500240025E8
:10D9A00008290A46CDE900450AD80146684602F032
:10D9B00060FEDDE9000103B0BDE83040FFF7D4BFF1
:10D9C000002003B030BD03460020884200D17047DC
:10D9D0001A5C002AFBD00130F7E700B1C160704744
:10D9E00043680360836801338360006AFFF7F5BF13
:10D9F00008B50268C3689A4205D3006A0821FFF798
:10DA0000ECFF002008BD0120FCE738B504460D46B8
:10DA1000FFF7EEFF40B123681B78B5EB531F04D02E
:10DA20000A21206AFFF7D9FF002038BD10B504464F
:10DA3000FFF7DEFF38B123681A78FF2A05D00A21E4
:10DA4000206AFFF7CAFF002010BD01332360FBE707
:10DA500010B5027D044632B1FFF7E8FF48B100235C
:10DA60004FF0FF3223752046BDE810400721FFF735
:10DA70000BBF10BD2DE9F84F04460E4691461D46DA
:10DA8000FFF7B6FF804628B1A36843B90321206A97
:10DA9000FFF7A3FF4FF000084046BDE8F88F22686B
:10DAA000177807F01F0BBBF11F0F12D1FDB1206AD1
:10DAB00018B1037C0BB11521EAE701232B70002577
:10DAC0002368013563602B442360A368013BA36096
:10DAD000E2E7BBF1170F0CD9ABF11803D9B2032958
:10DAE00005D801259D40A94504D20521CFE707218E
:10DAF000CDE70025E36805F1010A5244934201D2C3
:10DB00000821C4E74A460021304602F0D8FD15B985
:10DB100086F800B0D3E72268711E531913F8010983
:10DB2000934201F8010FF9D1236A002BC8D01B7C66
:10DB3000002BC5D00737FFB2022FC1D94946304666
:10DB4000FFF72BFF8245BBD01521A0E738B50C4667
:10DB500011460546FFF759FF08B9002038BD0422D9
:10DB600000232846A118FFF785FF0028F5D02B6871
:10DB70002360F3E7002337B504468DF80330FFF741
:10DB800044FFA8B1042220460DF103030DEB02016E
:10DB9000FFF770FF60B19DF8035065B90199204609
:10DBA000FFF750FE50B963682360A3680133A36098
:10DBB000002003B030BD6FF00F01F0E72575F8E7E6
:10DBC00038B504460D46FFF7C1FF48B12268E36847
:10DBD0009B1A6A689A4204D908212046FFF700FF81
:10DBE000002038BD70B50D46002104461646FFF7EB
:10DBF0000CFF38B1324629462046BDE8704000236C
:10DC0000FFF738BF70BD0422FFF7ECBFFFF7FBBF83
:10DC100038B5022204460D46FFF7D2FF18B123683B
:10DC20006A681344236038BD38B5032204460D46A4
:10DC3000FFF7C6FF18B123686A681344236038BD34
:10DC400010B505210446FFF795FF50B1237D4BB970
:10DC50006FF00042A368934205D305212046FFF7E9
:10DC6000BFFE002010BD5B00A360FBE7037D23B96E
:10DC70008068B0FA80F0400970470368C268934238
:10DC800005D21878A0F1FF03584258417047002090
:10DC90007047FFF7DDBE70B50D4607210446FFF75C
:10DCA000B4FE48B123681E7806F01F06182E05D969
:10DCB0000A21206AFFF791FE002070BD0023012297
:10DCC00029462046FFF7D6FE0028F5D0182EF4D1BD
:10DCD0002B781F2BF1D815212046FFF781FEEBE7AB
:10DCE00037B50C460DF107010546FFF7D4FF58B1D3
:10DCF0009DF80730143BDBB2012B8DF8073006D9B5
:10DD00000A212846FFF76CFE002003B030BD03F067
:10DD100001032370F9E738B50D4606210446FFF7E5
:10DD200074FE08B9002038BD00230422294620468D
:10DD3000FFF7A0FE0028F5D0A3680133A360F2E747
:10DD4000F0B58FB00446FFF753FE00285DD023687E
:10DD500000221D780023CDE9022323466D0905AA80
:10DD600004F12007164618685968083303C6BB42F9
:10DD70003246F7D118683060062D1CD02A1F0023C8
:10DD8000012A4FF008028DF804300DEB020198BF14
:10DD900001AB05A8FFF76EFE0646002835D0042D1E
:10DDA0003BD019D8023D012D21D9059B2360A368E2
:10DDB000013BA3602AE001A905A8FFF7ACFF20B34F
:10DDC000059B089A934204D30821206AFFF705FEB9
:10DDD0001BE01D786D09CFE7052DE6D1DDE90232A4
:10DDE000B3F1004F72F1000113D32946EDE7E36868
:10DDF0002168029A5B1A9A4203D8059B1344059343
:10DE0000D3E708212046FFF7EBFD002630460FB090
:10DE1000F0BDDB185241CDE902329DF8045025B126
:10DE20006FF00F020023CDE90223029B8DF82850EA
:10DE3000079305A8FFF71AFF014638B1002DB4D0AB
:10DE400005A8FFF7F3FD0028AFD1DEE705A8FFF72F
:10DE500077FF0028EDD1D8E7FFF760BD00B1C160C2
:10DE6000704710B50368C468A34205D3006A08214F
:10DE7000FFF7F4FF002010BD02F01F0242EA41113B
:10DE800019700368013303600120F4E770B505469B
:10DE90000E46104619461446FFF77FFD22463146CE
:10DEA000431E2846BDE87040F2F70CBBF8B5174694
:10DEB000C368026804469A420D4606D30821206AC8
:10DEC000FFF7CCFF00263046F8BD9B1A4A689A42FD
:10DED000F4D80E4656F8043B53B104213046FFF700
:10DEE0005CFD6A6823681344E26803449A42E5D300
:10DEF0003246042339462046FFF7C8FF064600286D
:10DF0000E0D020682968884202D06A6802F0BEFB2F
:10DF100023686A6813442360D5E7082A73B513465B
:10DF20000C4606D9006A0521FFF798FF002002B0D1
:10DF300070BD8E1816F9012C002A0FDA0A466C46BD
:10DF40006946B24204D101212246FFF79FFFEEE766
:10DF500012F8015BED4301F8015BF2E70021F3E702
:10DF600013460A460021FFF791BF07B5042201912D
:10DF70000DEB0201FFF7D1FF03B05DF804FB07B51D
:10DF8000042201910DEB0201FFF7EAFF03B05DF8F7
:10DF900004FBFFF7F4BF0222FFF788BF0322FFF75D
:10DFA00085BF07B5CDE900126946FFF7F7FF03B05B
:10DFB0005DF804FB38B50C46054611462046FFF7D0
:10DFC00002FD214602462846BDE83840FFF7E9BF7A
:10DFD0001F220421FFF745BF1F220521FFF741BF84
:10DFE0001F220721FFF73DBFFFF7FABF10B50A4612
:10DFF00009781839072905D9BDE810400123072100
:10E00000FFF744BF1521006AFFF728FF002010BD6D
:10E0100007B514318DF807100DF10701FFF7E6FF82
:10E0200003B05DF804FB1FB50024CDE90144069C54
:10E030000094FFF773FC04B010BD08B1E5F7AABC6B
:10E04000704738B5436905465BB90024EA685378E0
:10E0500043F00103537014B92846FAF7A8FF604251
:10E0600038BD98470028F0D080EAE074A4EBE07453
:10E07000FF2CA8BFFF24EB681C70E7E7C3685B7840
:10E08000DB0701D4FFF7DDBF6FF07700704740B1C9
:10E09000C368587810F001001EBF1878B0FA80F0FD
:10E0A00040097047EFF31183402383F31288BFF3D5
:10E0B0006F8FFEE710B400F10C04C0E903445DF873
:10E0C000044BF9F796BC38B50446EFF311854023AD
:10E0D00083F31288BFF36F8FE2F73CF804F10C0072
:10E0E00000F019FB30B1294604F11400BDE83840B6
:10E0F00000F0F7BA85F31188BFF36F8F38BD10B504
:10E1000042696AB1836842EA0301890708D101695B
:10E11000A2FB011424B95B182CBF0121002102D3FA
:10E120006FF0150005E0C1609B1A02698A4201D8B0
:10E13000002010BDC26801311A604269C3609B1A99
:10E14000F3E72DE9F04105460F46EFF31188402330
:10E1500083F31288BFF36F8FC668FEB90468A042CC
:10E160001CD0DCB1D4E9003213605A60237CC4E9CE
:10E17000006623F002032374A66004F1180000F087
:10E1800090FB2046C4F88060676100F050FA414679
:10E1900005F10800BDE8F04100F0A3BA3E60AB69AC
:10E1A000EF60013BAB6188F31188BFF36F8FBDE86F
:10E1B000F081402408B5EFF3118384F31288BFF394
:10E1C0006F8FFBF7B8F9F6E790F90E308B4201D06C
:10E1D000F3F7B0B80020704703460020C3E90033CE
:10E1E000C3E902007047D0E9003213605A6000238F
:10E1F000027CC0E9003322F002020274836070479F
:10E200002DE9F843904604460D469DF82020EFF393
:10E210001187402181F31288BFF36F8F02B14568E7
:10E22000A66804F10809B14516D0AEB10024304605
:10E23000FFF7D9FF06F1180000F033FB3046C6F8AF
:10E240008040C6F8148000F0F2F94846394600F0E4
:10E2500048FA2046BDE8F883A3B10820F3F748FD4B
:10E26000002832D00122C0F804800260016801F069
:10E2700003015DB922680A430260626820606AB9DE
:10E2800060600BE04046C8F80030EFE72A68032AD8
:10E2900010D80160616839B9C4E90000002087F333
:10E2A0001188BFF36F8FD5E70A6802F003020243BB
:10E2B0000A60E5E722F003020A4302602A6802F0DE
:10E2C000030240EA02032B60E8E76FF00B00E6E789
:10E2D00010B5044630B10268930703D0446809B111
:10E2E00000F0FAFB204610BD0023C0E9003300F126
:10E2F0000803C0E902337047012307B500930023E8
:10E300000A461946FFF77CFF03B05DF804FB0023C3
:10E3100007B50A4600931946FFF772FF03B05DF890
:10E3200004FB00210068FFF7D3BF3AB18A4205D34E
:10E33000C0E90212C0E90000002070476FF015002C
:10E340007047012302688B4022EA0303036022FA2C
:10E3500001F000F001007047704710B5032104463A
:10E360000C30FFF7EEFF30B104F1100000F099FA25
:10E37000B0FA80F0400910BD20B10022D43011461F
:10E3800000F021BA704770B5C3680446C3F3400675
:10E390009B0716D4856802210C30FFF7D2FF80B1AD
:10E3A000D5F8CC206AB194421DD122689EB9D5F827
:10E3B000D030C5F8CC209C4201D1C5F8D020002334
:10E3C0002360E36813F01F001EBF43F00203E36005
:10E3D00040F0020070BD3260D5F8D020944208BFF2
:10E3E000C5F8D060EBE716461268DBE773B5044664
:10E3F000EFF31185402383F31288BFF36F8F00235F
:10E400000193D0E90423B3F1004F08BF012A05D0DE
:10E4100085F31188BFF36F8F02B070BDA0F11006B5
:10E4200003210438FFF78DFF0028F1D0A36930469F
:10E4300001A90193F2F7CEFCEAE738B504460D4690
:10E440001022002102F03BF9656038BDEFF3118323
:10E45000402282F31288BFF36F8FC06800F01F0064
:10E4600083F31188BFF36F8F704713B5019008468F
:10E47000EFF31184402383F31288BFF36F8F01A958
:10E48000F2F7A8FC84F31188BFF36F8F02B010BDC0
:10E4900010B5FFF7EAFF041E08DDEFF311804023FB
:10E4A00083F31288BFF36F8FF2F7B0FF204610BDE1
:10E4B00070B50D46EFF31186402383F31288BFF346
:10E4C0006F8FF2F7D9FC044686F31188BFF36F8F84
:10E4D00038B14FF0FF324FF0FF3305F11000F2F783
:10E4E00037FB204670BD10B5EFF31184402383F352
:10E4F0001288BFF36F8FFFF746FF84F31188BFF3D5
:10E500006F8F10BD08B5E822002102F0D8F808BDD1
:10E5100038B530220D460021044602F0D0F84FF401
:10E5200080736560E36038BDFFF790BF38B504467F
:10E53000EFF31185402383F31288BFF36F8FFFF74A
:10E540000CFF2046FFF71FFF85F31188BFF36F8F85
:10E5500038BDF8B504460D46EFF31187402383F329
:10E560001288BFF36F8FC36803F01F03002B14BF23
:10E570000126002609D0FFF7F0FE2046FFF703FF33
:10E5800029462046F2F708FC034687F31188BFF3BB
:10E590006F8F3BB14FF0FF324FF0FF3305F10800B2
:10E5A000F2F7D6FA3046F8BDEFF30580003818BF11
:10E5B000012070476FF05700704700207047D0E986
:10E5C000003213605A600023C0E90033704708B579
:10E5D000FFF7F5FF037C23F002030374002383603D
:10E5E00008BD38B504460D46F2F700FE237C43F023
:10E5F00002032374D5B1A5602B689D4209D16B68D5
:10E60000C4E900531C606C6010E06A689A42F6D05E
:10E610001B68002BF3D093F90E1094F90E20914251
:10E62000F3DD5A68C4E9003214605C6038BD10B58F
:10E63000EFF31184402383F31288BFF36F8FF2F757
:10E6400095FD84F31188BFF36F8F10BD08B5EFF30C
:10E650001181402282F31288BFF36F8F83680BB160
:10E66000FFF7B5FF81F31188BFF36F8F08BD08B5C1
:10E67000037C014613F0280F0CD183680BB1FFF720
:10E68000A6FF0B7C084623F004030B74BDE808408A
:10E69000F2F76CBD08BD10B5EFF31184402383F38E
:10E6A0001288BFF36F8F1838FFF7E1FF84F31188EA
:10E6B000BFF36F8F10BD08B50346EFF31181402201
:10E6C00082F31288BFF36F8F0068834207D008B1CE
:10E6D000FFF77DFF81F31188BFF36F8F08BD002026
:10E6E000F8E70846F2F7BABD38B5054604680020D9
:10E6F000AC4200D138BD002CFCD02046FFF767FFAC
:10E7000004F1180000F0CDF82046F2F72FFD2C6838
:10E710000120A542EDE710B5EFF31184402383F308
:10E720001288BFF36F8FFFF7DFFF84F31188BFF309
:10E730006F8F10BD70B506460D46F2F703FFB5F1B9
:10E74000FF3F08BFB6F1FF3F04460CD047F611204B
:10E7500000214FF47A7547F612220023E4FB0501ED
:10E76000D3F7CAF870BD4FF0FF30FBE708B5C31709
:10E770001F3043F10003400940EAC360C117F2F7BC
:10E78000E1FE400108BD38B50446EFF31185402392
:10E7900083F31288BFF36F8F037C5B070ED51830AD
:10E7A00000F07FF8237C204623F004032374F2F763
:10E7B000DDFC2846BDE83840F2F750BD85F31188EE
:10E7C000BFF36F8F38BD38B5EFF31185402383F366
:10E7D0001288BFF36F8F0468A04213D0A4B1C4F8AD
:10E7E000801062612046FFF7F2FE04F1180000F08D
:10E7F00058F82046F2F7BAFC012085F31188BFF3E0
:10E800006F8F38BD0020F8E72046F6E72DE9F04786
:10E8100006460F4691469A46EFF31188402383F34C
:10E820001288BFF36F8F0068864206D028B17368E4
:10E8300098420CBF0025056868B90024B9F1000FA3
:10E8400002D051462046C84788F31188BFF36F8F26
:10E850002046BDE8F0875146B84704460028EDD170
:10E8600035B17368AB4200D02C6828462546E3E7F3
:10E870002C46FAE708B50246F2F7D6FF70B1D0E9A8
:10E8800004319B1A61EBE272B3F1004F72F10001A7
:10E8900004DA002AACBF1846002008BD6FF0004023
:10E8A000FBE7024638B5EFF31185402383F3128866
:10E8B000BFF36F8F0368D3B1F2F7B6FF044610467B
:10E8C000F2F7C4FF00224FF000438442C0E9042362
:10E8D00005D0002085F31188BFF36F8F38BDF2F7A4
:10E8E000ABFFFFF7C7FF0021EFF75EF9F1E7D0E9D3
:10E8F0000413B3F1004F08BF012902BF00204FF0FD
:10E900000041C2E904016FF01500E3E708B5F3F731
:10E91000A1F808BDF3F79EB8B3F1FF3F08BFB2F10D
:10E92000FF3F70B506461D46144614D01A4316D054
:10E93000002B08DBF3F78EF8041941EB0501C6E95B
:10E940000041304670BD6FF001031C1B4FF0FF33D8
:10E9500063EB0501F3E74FF0FF342146EFE70024B6
:10E96000FBE7B3F1FF3F08BFB2F1FF3FF8B5074641
:10E9700016461C4610D054EA020311D0F3F76AF889
:10E98000B0420A46A14103460AD2F31A64EB0204DC
:10E99000C7E900343846F8BD4FF0FF331C46F7E7AF
:10E9A0000023FBE70023C0E9081200F11802C0E9C8
:10E9B0000622C0E900330363436370472DE9F34740
:10E9C0000446DDE90A9815460E4659B302F0010ADD
:10E9D000F2F7F4FD0746EFF31181402383F3128829
:10E9E000BFF36F8FA80744BF0023A360A36803EAA7
:10E9F0000600BAF1000F0CD086420CD16A0744BF62
:10EA00008343A36081F31188BFF36F8F02B0BDE829
:10EA1000F0870028F2D159EA080305D181F3118863
:10EA2000BFF36F8F0020F1E7C7E918652246CDE9F3
:10EA3000009804F10C00F2F75BFC0028F2D1386E6C
:10EA4000E4E710B50B680446D0E9180212F0010F94
:10EA500003EA000301D0984211D183B12366520723
:10EA600048BF4A6804F1180044BF1A434A60FFF7E0
:10EA700018FF00232046C4F88030FFF7F8FD00207F
:10EA800010BD0023C0E90000836070470A46F3F719
:10EA9000E7B84FF0FF32F3F7E3B80A460021F3F787
:10EAA000DFB85200FFF78ABF043270B504460ED2B9
:10EAB000EFF31185402686F31288BFF36F8F41F084
:10EAC0000401984785F31188BFF36F8F08B90020C0
:10EAD00070BD40F8044BFBE720B1011F50F8040C57
:10EAE000FFF7F1BA70477047FFF776BB4FF0FF3280
:10EAF0004FF0FF33F1F704BFF1F774BF0020704708
:10EB0000704710B5044608B1F3F79CFA2046BDE8FB
:10EB10001040F3F787BA00F4E040B0F5805F04D00E
:10EB2000A0F50053584258417047012070470346F2
:10EB3000C068F8B15888E8B11B8803F44F42B2F5B9
:10EB4000824F02D0B2F5884F09D1DBB2272B2AD0F1
:10EB500008D8172B0FD0222B34D0122B16D06FF0E1
:10EB600085007047302B2FD0413B012BF7D8FF2871
:10EB700039D100207047C028FBD0E128F9D0B0F58A
:10EB8000807F14BF6FF086000020704720F02003C4
:10EB9000C02BEED020F08003B3F5807FE9D040F2A7
:10EBA00009239842EDE7E928E3D0EF28E1D040F2CD
:10EBB0001B139842DDD040F299139842D9D040F20D
:10EBC0003B23EEE7E928F1E720F02003C02BD0D06B
:10EBD00020F04003B3F5807FCBD0B0F5C07FC8D024
:10EBE000B0F5007FCDE7B0F5E07FCAE73AB1002984
:10EBF00018BF00232121D21A184401F060BD7047CC
:10EC000041F2062398421AD8B0F5905F09D241F23A
:10EC1000010398420CD0B0F5885F09D06FF08500F1
:10EC200070476923A0F5905080B2C340DB07F5D54B
:10EC300011F0070F14BF6FF0860000207047B0F589
:10EC4000105FEBD121F04003802B06D0B1F5807F1F
:10EC500014BF6FF08600002070470020704770B529
:10EC6000446A05460E463CB90120F3F7D5F96862BF
:10EC700028B12046AE6270BD6FF08A00FBE76FF0EE
:10EC80008C00F8E7F8B504460F461E461546008886
:10EC900092B1FFF740FF78B1089BD100196020883E
:10ECA000FFF7AEFF044628B93946304601F0E1FCD3
:10ECB000079B1D602046F8BD6FF08504FAE710B58C
:10ECC0000446406A10B1A16AFFF71BFF0020C4E9A7
:10ECD000090010BD38B50446FFF7F1FF237F012B73
:10ECE0000FD0023B012B0FD8236A012B14BF6FF00A
:10ECF000960500252C220021204601F0E0FC284644
:10ED000038BD236A002BF1E76FF09605F2E710B5E6
:10ED10000368044643B100F062FA00232360A3882D
:10ED20006FF30803A38010BD1846FCE72DE9FF41EF
:10ED3000984600230C4601680546164603930029B1
:10ED400039D14FF40172083001F0B9FCB8F1000F6D
:10ED5000204633460CBF4FF400624FF4806203A993
:10ED6000F3F7E2FB0446B8B9039F304639882A1D01
:10ED7000F3F756FC044678B96B79394668F300031B
:10ED80006B71D7E9092328460096B8F1000F0FD020
:10ED9000F4F73CFA044610B12846FFF7B8FF039891
:10EDA000F4F728F9002C18BF204604B0BDE8F08124
:10EDB000F4F750FAEEE76FF08804EDE70123FFF770
:10EDC000B5BF38B50368054614464BB132B100F003
:10EDD000EFF9044610B12846FFF799FF204638BDE9
:10EDE0006FF08804FAE72DE9F041164602680546FF
:10EDF0000F469846F2B14279D2071BD50279CAB1C3
:10EE0000B2421AD800F0DDF9044618B10023C8F860
:10EE100000602B7137B1324621463846D8F80030B1
:10EE2000FFF7E4FE2846FFF772FF002C18BF2046CC
:10EE3000BDE8F0816FF08804E8E76FF08904E5E74A
:10EE40002DE9F04F4FF0000A8DB0DDF870B00446A8
:10EE5000DDE91A970846CBF800A00D4690461E46FD
:10EE6000F3F78CFA90BB20462B464FF480720BA927
:10EE7000F3F75AFB044628BB31462846F3F76CFAF1
:10EE80000446E0B9199BCDE9077B0593189B0B98C5
:10EE90000493179BCDF818900393169BCDF8008030
:10EEA000CDE901632B46D0E90912F4F751F9044684
:10EEB00028B127B13A465146484601F000FC0B986C
:10EEC000F4F798F820460DB0BDE8F08F6FF0860497
:10EED000F8E72DE9F04F4FF0000A8DB0DDF870B083
:10EEE0000446DDE91A970846CBF800A00D46904687
:10EEF0001E46F3F743FA90BB20462B464FF40072B0
:10EF00000BA9F3F711FB044628BB31462846F3F75B
:10EF100023FA0446E0B9199BCDE9077B0593189BBA
:10EF20000B980493179BCDF818900393169BCDF87C
:10EF30000080CDE901632B46D0E90912F4F732F9DC
:10EF4000044628B127B13A465146484601F0B7FB7E
:10EF50000B98F4F74FF820460DB0BDE8F08F6FF036
:10EF60008604F8E738B54468054614B100F06DF939
:10EF7000044628464FF45E71F3F764F8204638BD26
:10EF8000F8B5C368044693420F46164611D300F005
:10EF900053F9E36805469B1BE36040B12046FFF749
:10EFA000E1FF27B132462121384601F088FB28468F
:10EFB000F8BD00F04AF900236FF08E05E360F0E73A
:10EFC00000232DE9F04F89B013600593438806466E
:10EFD0000F469046002B7BD04FF0FF313846F3F7B9
:10EFE0000DFA044600286CD197F8089009F003093F
:10EFF000B9F1010F6FD1304605A9F3F773FB044651
:10F0000068B97288059DD61DF6080692079628886D
:10F0100000F4E043B3F5804F05D16FF08604059806
:10F02000F3F7B2FB4DE0FFF776FD10B96FF0850402
:10F03000F5E75307F1D148463146F2F7EDFF814637
:10F0400010B96FF08C04EAE7069B6B806B681B0AB3
:10F0500023D128460799FFF702FE044620BB0DF195
:10F06000180A05F1280B324649463846FFF788FF53
:10F070000446C8B9CDE901BAAB6A324600936B6A5F
:10F0800049462846F4F700F86A88069B04469A42E7
:10F090001BD110F18F0FE6D006E0284607A9F3F741
:10F0A000D9FF04460028D4D031464846FFF729FD51
:10F0B000002CB4D141460598F3F7F2F90446002834
:10F0C000ADD1204609B0BDE8F08F6FF08604EBE7C4
:10F0D0006FF08604F5E76FF08404F2E707B500935C
:10F0E00013460022F3F768FC03B05DF804FB7FB51C
:10F0F0000546104600220E466B6803A90392F3F7FB
:10F1000013FA0446A0B9039A936858041AD56FF409
:10F1100080717318012B03D82B7A43F001032B72F3
:10F12000936A314600932846536AF3F745FC044638
:10F130000398F3F75FFF1CB12846FFF713FF204643
:10F1400004B070BD2B7A43F002032B7293681B044A
:10F15000DDD46FF08404EBE7037F022B06D1036A52
:10F160005A1C03D001330362002070476FF09600F1
:10F170007047034668B1017F8A1E012A0BD8032914
:10F18000026A03D1012A01D1FFF7A4BD1AB1013AE5
:10F190001A62002070476FF096007047C0B2FF28D7
:10F1A0000CBF6FF0860000207047F4F7D9B87047A5
:10F1B0000368052B02D10830F4F702BE6FF0860019
:10F1C000704710B40468052C04D15DF8044B083076
:10F1D000F4F71ABE6FF086005DF8044B70470368C1
:10F1E000052B02D1083000F006BA0020704710B598
:10F1F00004461030F5F73CFA08B90523236010BD2A
:10F2000010B40468052C04D15DF8044B1030F5F7F8
:10F2100045BA6FF088005DF8044B704710B404687D
:10F22000052C04D15DF8044B1030F5F751BA6FF09E
:10F2300088005DF8044B70470368052B02D110303D
:10F24000F5F75CBA6FF0880070470368052B02D1B0
:10F250001030F5F76DBA002070470020F4F762BA5D
:10F260000020F4F799BA002000F0E0B8D9F788BE82
:10F270000A2842DCC31C1FDA10F1400F45D010F100
:10F280003F0F2BDA10F1410F42D010F1550F42D051
:10F2900010F1490F14BF6FF086006FF084007047C3
:10F2A00009282DD8DFE800F0052C2C2F172C372C3F
:10F2B0002C3A6FF09800704703300D2820D8DFE813
:10F2C00000F00A331F221F1F1F1F1F1F071F1F07CA
:10F2D0006FF0940070476FF08500704710F1210FB8
:10F2E0001FD00DDB10F1200F1ED010F1100F14BF36
:10F2F0006FF086006FF09400704764380928CFD90A
:10F300006FF086007047002070476FF084007047F0
:10F310006FF0890070476FF0930070476FF08C00BA
:10F3200070476FF0880070476FF09200704710B51B
:10F3300001380A44914200D110BD10F8013F11F884
:10F34000014B63400370F5E70144814200D17047EF
:10F3500011F8013D1A440A70120AF6E72DE9F84344
:10F360000E46174608994FF4AA7204461D46DDF86A
:10F37000248000F0EBFDB8B981464D4509D14146E6
:10F38000204600F083FE78B92046BDE8F84300F03F
:10F39000A0BE204657F8292056F8291000F003FE99
:10F3A00010B909F10109E8E7BDE8F8831FB5CDE917
:10F3B0000221069A03A9CDE90032012302AAFFF730
:10F3C000CDFF05B05DF804FB07B501A9F4F7F8F827
:10F3D000003818BF012003B05DF804FBF7B50646FE
:10F3E0000D46202D2F46A8BF202700216846F5F79F
:10F3F0002BFE044670B93A4631466846F5F776FE6C
:10F4000010F1520F044608D0431CF4D0684600F0B7
:10F41000E6FF34B1204603B0F0BD684600F0DFFFE0
:10F42000E3E7EC1B3E44F5D02546DAE700207047C1
:10F430002DE9F0411646026D90F84D30003A18BFA4
:10F440000122C3F10F07C3F10E0303F007030546C2
:10F4500043EA821390F89A200846023A02EBD272ED
:10F46000920002F03802134300F8013B0C4695F875
:10F470004D2005F1400101F0FCF800210A4695F805
:10F480004D301FFA87FED5F8548013FA87F72744CA
:10F4900072450ED3102333602B6D43B1B3F57F4F0C
:10F4A00019D263741B0A2374336802333360BDE8D6
:10F4B000F081D300C3F1200CA3F1200001FA0CFC71
:10F4C00028FA03F343EA0C0321FA00F0034307F898
:10F4D00001390132DCE7FF232374FE2363742B6DB3
:10F4E0001A0A637522751A0C1B0EE274A374336832
:10F4F0000633DBE72DE9F04105460C4616461F466C
:10F500009DF81880F4F77AFAE0B905F1A000B8F197
:10F51000000F11D03246214600F076FB044630B190
:10F5200005F1C000F5F74AFE002385F89B30204620
:10F53000BDE8F041FFF79CBE3B463246214600F055
:10F540009BFBEBE7BDE8F08110B590F89B300446DB
:10F55000022B02D1C030F5F731FE20464FF4EE7198
:10F5600001F07BF8002010BDF8B51E4690F89A30E7
:10F57000054693421CD800F1A0073846F5F7CAFAB1
:10F58000044618B9384600F03EFC044605F1C000B8
:10F59000F5F714FE24B12046BDE8F840FFF768BE39
:10F5A00095F89A3028463360FFF7CEFF2046F8BD25
:10F5B0006FF08904FAE770B500F1A0060546304601
:10F5C000F5F712FB044618B9304600F01CFC04465F
:10F5D00005F1C000F5F7F2FD24B12046BDE870400A
:10F5E000FFF746BE2846FFF7AFFF204670BDF4F791
:10F5F00095BBF4F793BB08B54FF4017101F02DF8FA
:10F60000002008BD90F84C3013B1503000F01FBE00
:10F61000D0F8543113B1D0F85C0118471846704740
:10F620002DE9F0470446806889469042174609D381
:10F63000201A1C3001F01DF8A368DB1BA36000201A
:10F64000BDE8F08704F1640A01215046F5F7C8FDD2
:10F65000064618B1BDE8F047FFF70ABE2046FFF79F
:10F66000D1FF054600284BD1A26832F0100309D023
:10F67000A01A49461C3000F0FCFF2A46A368A5608A
:10F680009944FF1A07F1FF3828F00F08A7EB080686
:10F6900062B9102204F10C0104F1500000F045FDA4
:10F6A00080BB1023A360012384F84C30B8F1000F15
:10F6B0001CD04246494604F1500000F036FD054694
:10F6C000C0B9012384F84C3004F15007384600F0EB
:10F6D0001CFE054670B9384600F074FE054648B970
:10F6E000402104F10C0000F0B8FF03E094F84C3026
:10F6F000002BE9D15046F5F761FD2DB12846A9E769
:10F70000B046F7E70546F5E7002E98D0324609EBFC
:10F71000080104F10C0000F0ACFFA3689B1B8DE70F
:10F72000F8B543680546102B2FD800F16406012177
:10F730003046F5F755FD18B1BDE8F840FFF798BD24
:10F740002846FFF75FFF0446D0B9AA6805F15007C5
:10F75000102A05F10C050AD12946384600F016FD9D
:10F76000044668B9384600F02DFE044608E02946F4
:10F770003846C2F1100200F0D8FC04460028EBD055
:10F780003046F5F71BFD2046D6E76FF08600F8BD42
:10F790002DE9F0439146002285B00546D8B288464F
:10F7A00040F0007003A90392F3F700FE044648B945
:10F7B00005F1680601463046F5F712FD30B1FFF756
:10F7C00057FD0446204605B0BDE8F083602305F1EF
:10F7D0005007019305F5D273009342464B463946D4
:10F7E000039800F064FE044620B13046F5F7E6FCCD
:10F7F0002046E4E7384600F0FEFB04460028F4D13A
:10F80000384600F066FC04463046F5F7D7FC002C7D
:10F81000EED1039800F067FC0123A86085F84C3016
:10F82000D0E700232DE9F04F0446007885B08946E3
:10F830001546039308B140F0007003A9F3F7B6FD35
:10F84000064600284ED1039800F04DFCA368804680
:10F85000AB420CD92A46494604F10C00A8EB03033D
:10F86000184400F006FFA3685B1BA3603AE094F81D
:10F870004C3004F1680B6BBB0123A26804F1500A01
:10F8800084F84C305046A8EB020204F10C0100F061
:10F890008AFB0346A0BBA7684946EB1BB3FBF8F302
:10F8A00008FB037750463A4600F07DFBED1B03460C
:10F8B00040B9504600F09FFB034618B9504600F08F
:10F8C00008FC034658460193F5F778FC019BD3B139
:10F8D000184604E031465846F5F782FC30B1FFF790
:10F8E000C7FC0646304605B0BDE8F08F04F1500075
:10F8F00000F030FB03460028BED035463746E1E72E
:10F9000000252F46DEE7C4F8088004F10C084021EA
:10F91000404600F0A2FE002DE4D02A46404609EB06
:10F9200007019EE700232DE9F0430446007885B0E7
:10F93000039308B140F0007003A9F3F737FD0546C3
:10F9400020B1FFF795FC05B0BDE8F083039800F007
:10F95000C8FB039800F0C7FB94F84C30074604F14D
:10F960006806B3B9A26804F1500804F10C094946CD
:10F970004046BA1A00F017FB0546B8B904F5D27430
:10F9800040234A4640460399009400F05CFD05463A
:10F990000CE029463046F5F723FC0028D1D104F1CC
:10F9A000500000F0D7FA05460028DBD03046F5F7C6
:10F9B00005FC2846C5E7F4F747BBC0F30253013BFB
:10F9C00010B5052B21D8DFE803F01B0B0B0B03133D
:10F9D000032300F030002028136013D0002010BD56
:10F9E0000B8844F212118B420CBF04230223F0E770
:10F9F0000B8844F212118B420CBF06230323E8E765
:10FA00000123E6E702331360E8E76FF09800E6E7CA
:10FA100013B50C46F3F7D4FDC31C0FD0013009D049
:10FA200004224FF0FF3321460DEB0200019300F05A
:10FA30005CFE30B96FF08B0002B010BD6FF0840037
:10FA4000FAE70020F8E730B589B0054618220C46E1
:10FA500001A8002100F033FE012344EA052401A996
:10FA6000BA2007940593F3F765FD002818BF6FF0DF
:10FA7000920009B030BDF7B5BA2001A9F3F7A0FD97
:10FA8000044610B1002003B0F0BD019D2F0AEDB275
:10FA9000AC4205D1BA20F3F779FD0028F2D008E096
:10FAA000E6193046F3F772FD30B13046FFF78CFCB3
:10FAB00010B96FF09200E6E70134E9E738B5037852
:10FAC0000446033303F00303012B0FD86FF021002A
:10FAD00038BD60782844F3F74BFD48B901352378E9
:10FAE000C3F382039D42F4D30020F1E70025F6E73B
:10FAF0000220EDE708B5F820FFF766FC18B9F920F9
:10FB0000FFF762FC10B16FF0920008BDF820F3F728
:10FB10002FFD0028F7D1F920F3F72AFD0028F4D0B3
:10FB2000F1E7037843F0007303F17E43033B122BAC
:10FB30001FD8DFE803F00A1C1C1E1E1416181A1426
:10FB4000161E1E1416181A1E1A0010230022C3EBCC
:10FB50000323C0E9023210238380104670471C2320
:10FB6000F4E72023F2E73023F0E74023EEE7142305
:10FB7000ECE76FF0850070475430FFF73CBD002084
:10FB80007047836883B10022836A1A608368816A40
:10FB90000F3323F0804323F00F0343F080438B6047
:10FBA000836A8260103383627047C26913690BB144
:10FBB000506918471846704738B5C2690546D3687A
:10FBC00013B90024204638BD5069984704460028E0
:10FBD000F7D02846FFF7E9FF002818BF0446F1E7F1
:10FBE00030B400251A46DDE90234CDE9024530BCC7
:10FBF000F4F722BF30B401251A46DDE90234CDE91D
:10FC0000024530BCF4F718BF38B590F820300446F0
:10FC10007BB3B2F1807F06D3FFF7C7FF002808BF90
:10FC20006FF03F0038BD036933B1FFF7BEFF002816
:10FC300008BF6FF04800F5E74069656A10446061ED
:10FC4000A0681044A060296002F10F00616A20F0F2
:10FC50000F0040F000558D602568801AAD68616A1C
:10FC60002A6942EA0022CA60626A18461032626259
:10FC7000D8E76FF02000D5E7F8B51E4690F82030A1
:10FC800004460F461546002B3CD0B2F1807F06D3C8
:10FC9000FFF78BFF002808BF6FF03F00F8BDFFF7AC
:10FCA00070FF0DB90020F9E7436A05F10F021F60EC
:10FCB000436A22F00F0242F0005199602368406AC3
:10FCC0009B68511B5B69954243EA0123C360636AE9
:10FCD00003F11003636223692B44C4E90353A36A4D
:10FCE0001E60A36A9D60A36A03F11000A062D9D0D0
:10FCF00000221A61A36A41F080419960A36A10331F
:10FD0000A362CFE76FF02000C8E738B590F8203045
:10FD10000446002B43D0FFF74FFF054600283CD197
:10FD20002368226B596922EA010222639969986863
:10FD30000A43036804F1840104F12000F5F784F814
:10FD4000E3699A6882B9626A1B681360E369626A50
:10FD50005B6843F0005393602268636A926852685C
:10FD6000DA60636A103363622368616A1A6AE36A5D
:10FD7000C2F5857213440B602368626A1B6A43F004
:10FD8000005393602268636A92689268DA60636ADB
:10FD9000103363620023C4E90233284638BD6FF094
:10FDA0002005FAE7F8B590F82030054643B300F097
:10FDB000A6F8431C044606D038B12846FFF7F5FEE6
:10FDC000002818BF04462046F8BD2B682A6B5B69E3
:10FDD0001340F2D168680028EFD01A462F7E05F153
:10FDE000F4069F4204D8002A18BF6FF00F04E4E71E
:10FDF000C15C16F801CB013381EA0C010A43F0E73C
:10FE00006FF02004DFE710B504462046FFF7CAFF75
:10FE1000431CFAD010BD4368A3F11001914241D8B0
:10FE2000012243F80C2C53F8042C42F0200243F832
:10FE3000042C53F8082C42F0005243F8082C836835
:10FE400000F11402A3F1100191422FD8012243F8CE
:10FE50000C2C53F8042C42F0200243F8042C53F8E5
:10FE6000082C42F0005243F8082CC36803F15402F6
:10FE7000BFF35F8F4FF0A3431A60BFF35F8FC26879
:10FE80000432BFF35F8F1A61BFF35F8FBFF35F8FE1
:10FE900003225A63BFF35F8FBFF35F8F9A63BFF391
:10FEA0005F8F7047103242F80C2CB7E7103242F8DF
:10FEB0000C2CC9E738B5BFF35F8F4FF0A344E56959
:10FEC000BFF35F8FBFF35F8F10236363BFF35F8F59
:10FED000012000F0B5FBBFF35F8F00236363BFF326
:10FEE0005F8FBFF35F8FE36BBFF35F8F5B06F8D469
:10FEF00025B1BFF35F8FE561BFF35F8F38BD08B5F4
:10FF0000F5F7FEF930B9BFF35F8F4FF0A343986A5E
:10FF1000BFF35F8FBFF35F8F4FF0A342D36BBFF38D
:10FF20005F8F10F0240F03F0230304D0FFF7C2FF0C
:10FF30006FF01F0008BD4FF0FF30002BFAD1BFF368
:10FF40005F8F1063BFF35F8F1846F3E70160CB69E3
:10FF50001146184738B5036804460BB3027EFAB160
:10FF60004FF4AA71DB69C5689847C0B92368E5609A
:10FF70005A69636AE169C2F5967213440B6023689B
:10FF8000E2695B6943F0005393606268E369526819
:10FF9000DA60E3691033E361A3680233A36038BD1C
:10FFA0006FF02000FBE7037EE3B1CAB18368062B44
:10FFB0001BD8B2F1807F1BD2C3691960C3699A60F4
:10FFC0004168C369C968D960C3691033C3610369F3
:10FFD00013440361C3681344C360836801338360BF
:10FFE000002070476FF0200070476FF044007047AA
:10FFF0006FF03F00704738B5037E002B3DD003689B
:020000040005F5
:10000000C2681969B2FBF1F401FB1422002A37D14E
:10001000D3E905142144682935D89C68816A056AAA
:10002000614081625C684C4084625969446ACB1CBF
:10003000C1F596710C442C600468016A646923F070
:1000400003038C60016A01F11004046204686469AE
:100050009C420AD00A610168026A49695B1A43F04E
:1000600080439360036A1033036200F17C02D8215D
:100070001830FFF7D0FE002038BD6FF02000FBE7FE
:100080006FF04500F8E76FF02200F5E710B5037E4A
:100090000446A3B1D0E903239A4204D00268836ADC
:1000A00052685340836220466369984704F1180000
:1000B000D82104F17C02FFF7AEFE002010BD6FF0E6
:1000C0002000FBE7037E0BB1FFF719BF6FF02000A4
:1000D000704710B504462046FFF7F4FF431CFAD0E2
:1000E00010BDC068704700697047026913690BB1A1
:1000F000506918471846704708B5826803465AB9D0
:1001000002681169426A114206D0FFF7EEFF00282B
:1001100008BF6FF0530008BD03F11400702103F114
:100120007802FFF778FE0020F5E710B5047D03465E
:100130004CB3B2F1807F06D3FFF7D7FF002808BF8A
:100140006FF03F0010BD4468062C06D9FFF7CDFFC5
:10015000002808BF6FF04400F4E70AB90020F1E777
:100160008069016099698A60186899698069C068C6
:10017000C86099691031996159680131596099686D
:1001800011449960EAE76FF02000DBE710B4037DCB
:10019000002B57D08368C3B9836900F124021A6029
:1001A000036882691B68013343F00053936004685D
:1001B00082692368A4690133E4681B0203F4F853DD
:1001C0002343D360836910338361036882681C68AA
:1001D000131923EA040384699B1A54F8042C42EA95
:1001E000032244F8042C826952F8084C234443F05B
:1001F000005342F8083C03681A68C368134423EAB2
:100200000203C2691160C269C1689160C26902F1EA
:100210001001C161C1688B420AD000211161C1681F
:10022000C2695B1A43F080439360C3691033C361B2
:100230000368DA68436A23EA020343625DF8044B09
:10024000FFF75ABF6FF020005DF8044B704738B5D8
:10025000037D0446002B52D003685B69002B51D00C
:100260000269D3685BB150699847054638B12046AA
:10027000FFF73BFF002818BF0546284638BD21463A
:1002800051F8783B626A9B6904F114001B68F4F72B
:10029000DBFD0123636023699A689AB9A2691B6830
:1002A00013602369A2695B6843F00053936022687E
:1002B000A36992699268DA60A3691033A3616368E5
:1002C000013363600025236AA269C4331360236885
:1002D000A2695B6943F0005393602268A369926945
:1002E0005268DA60A36922681033A361636801333E
:1002F00063601269636AA56013436362BDE76FF0D0
:100300002005BAE76FF04705B7E738B5027D034629
:10031000002A40D00268816894688C4206D9FFF7B1
:10032000E4FE002808BF6FF0530038BD5468B1FBED
:10033000F4F504FB151434B1FFF7D7FE002808BF0D
:100340006FF04500F1E7416AD06801435962D3E993
:100350000701C431526901601868D96940690F32D8
:100360008860D96922F00F0201F11000D861186885
:10037000406990420AD00C611868D9694069121A24
:1003800042F080428A60DA691032DA611846BDE8CC
:100390003840FFF7B1BE6FF02000C6E738B5037DE7
:1003A000054663B1FFF7ABFD431C044605D0284664
:1003B000FFF79BFE002818BF0446204638BD6FF0AB
:1003C0002004FAE710B5037D04462BB12046FFF761
:1003D000E5FF431CFAD010BD6FF02000FBE710B51D
:1003E000037804461BB1F2F785FF00232370002039
:1003F00010BD022203689A607047C0F30B03482BBC
:100400004B6028BF482310F4003F8B6008BF0023D7
:10041000CB6010F4803308BFC1E9013300F47003EE
:10042000B3F5700F14BF00238B6800284FF0010C48
:100430004FF008028B60B8BF0023C1E905C2B8BF06
:10044000C1E9053370472DE9F047044608461E46CA
:100450000D469146DDF82080FFF743FEB042074687
:1004600021D82846FFF73FFE08EB000A0646514612
:100470002046FFF70BFEC0B92046FFF72AFEA0B9C1
:1004800043469A4509D12B4641462046CDF8209057
:10049000BA19BDE8F047FEF789BF1A7882F06A0200
:1004A00003F8012BEDE76FF04000BDE8F0872DE980
:1004B000F74F9A46DDE90C4905460E469346FFF78D
:1004C00010FE80462846FFF70EFE5045074626D20E
:1004D0002B465246594630460094FEF767FF88BBCC
:1004E0000246A7EB0803A9EB080104EB080000F0A3
:1004F000A9F84FF4AA7229463046FFF727FD08BB3A
:100500002846FFF7F0FD234602462018984213D1F3
:100510002146304603B0BDE8F04FFFF744BD5246D8
:100520005946204600F0A5F80022A7EB0A03A9EBE4
:100530000A0104EB0A00DAE7197881F0360103F8C2
:10054000011BE3E703B0BDE8F08F2DE9F843044653
:1005500017461D46884681B3D0E90232AB4272F19C
:1005600000012DD35B1B62F10002C0E9023200F1F1
:1005700010090DB928461EE094F85060BEB1AE4295
:1005800028BF2E4638463246494600F072F894F8A5
:1005900050203744921BD2B2AD1B84F85020002A61
:1005A000E7D0484609EB060100F070F8E1E7204685
:1005B000C0470028E0D0BDE8F8836FF08500FAE777
:1005C0006FF08E00F7E710B59EB0024646F61103B5
:1005D0001AA901A8F4F738FC0023039A102113602C
:1005E000039A01A89360039B1AAA10330393FFF7A1
:1005F00012FCFFF784FC431C0446FAD001A87421C6
:1006000000F02BF820461EB010BD4FF0FF324FF027
:10061000FF33F0F775B9F0F7E5B9FEF732BA07B571
:100620004FF0FF334FF0FF32CDE900230022FEF7F9
:1006300038FA03B05DF804FBFEF72FBAFEF729BACB
:10064000FEF794B810B58B4294BFC4184418A0426A
:1006500000D110BD00F8012BF9E700231A4682B043
:1006600001908B4201D102B070470198C25401330E
:10067000F7E70A44431E914200D1704710B511F8C4
:10068000014B914203F8014FF9D110BD884210B5DA
:1006900001EB020402D98442234607D8431EA1423B
:1006A00007D011F8012B03F8012FF8E7024482422A
:1006B00000D110BD13F8011D02F8011DF7E7024437
:1006C0000346934200D1704703F8011BF9E700216C
:1006D000D8F78ABC0A220021F4F722BF044608B5E5
:1006E000F6F746FD2046E2F797FF0139024410B5C0
:1006F000904201D1002005E0037811F8014FA34298
:1007000001D0181B10BD0130F2E7C9B203461846EC
:1007100013F8012B12B18A42F9D17047002918BF92
:100720000020704710B56AB10139841810F8012B08
:1007300011F8013F9A4203D1A04201D0002AF5D11D
:10074000D01A10BD1046FCE70139034610B532B18E
:1007500011F8014F013A03F8014B002CF7D11A446C
:100760000021934200D110BD03F8011BF9E738B511
:1007700011F0FF0403460ED12146BDE83840FFF7D3
:10078000C4BF431C054621461846FFF7BEFF00289C
:10079000F7D1284638BD0025F5E70A7870B56AB963
:1007A00070BD9A4209D10C46054614F8013F002B52
:1007B000F6D015F8016F9E42F7D001300378002B78
:1007C000EFD11846ECE72DE9F843C3F137090746A6
:1007D000884603F01F055FFA89F9164638464146F8
:1007E0002A460023D1F788F84346D4B23A468846D1
:1007F0000746092C84BF4C44E4B2AA424FF00002E1
:1008000004F13004934106F8014BE7D23046BDE8CD
:10081000F88310B50C4600F0B0FA0028A2BF236898
:100820000133236010BD0028A2BF136803F1FF331A
:10083000136000F0D7BA70B505460E46314628461B
:10084000FFF7E7FF041E09DB202CF7D0A4F1090312
:10085000042BF3D932462946FFF7E5FF204670BD49
:10086000BDF8001068B111F0100F01D00270704790
:1008700011F0080F02D0C0E9002370474B0701D5E3
:10088000026070478B06FBD5028070472DE9F0436C
:1008900087B01C461746814602AB88460093D2E9D2
:1008A000022300F09EF904AB06460D46009348462D
:1008B0004146D7E9002300F094F90027DDE904233D
:1008C000901953EB050128BF012737B1029B039A0A
:1008D000013342F10002CDE90232403CDDE902235E
:1008E000009400F095F907B0BDE8F0832DE9F041E0
:1008F000B0FA80F6002907460C46A1EB060606F181
:10090000070648DB0846F6F737FA06442046351B4B
:10091000F6F738FA21462A1A38463D3200F051F9E6
:10092000B44236DC1F2D64DC4FF0FF33AB4027EAC6
:100930000303B3FA83F35B091D46B0FA80F3F31A9D
:100940009E33FE2B59DC002B23EAE371D4BF012335
:100950000B469B1BA3F19704963B20FA04F220FA66
:1009600003F312F0010209D04FF0FF32A24030EA47
:10097000020240D1002D3ED003F001021344C3F324
:10098000160303B9114443EAC15300EE103ABDE81F
:10099000F0810123D0E74D422846F6F7F3F9361AE5
:1009A0002846A6EB0408F6F7EDF9294608EB000205
:1009B00038463C3200F0F2F8B44213DCB8F11F0FB5
:1009C00017DC4FF0FF3303FA08F337EA030310D1C3
:1009D0000521B7FBF1F202EB8204A74204D10133F7
:1009E0001746F6E70023F3E79D428CBF002301235F
:1009F000A2E70023A0E70122C0E74FF0FF43C4E7CE
:100A00002DE9F04F051889B0904641EB010402939F
:100A100004AB284621460093D2E9002300F0E1F818
:100A200006AB074689462846214600930025D8E9AB
:100A3000022300F0D6F8DDE90423841851EB030605
:100A4000069B28BF0125D8E90012ED18079B43F14A
:100A50000003791849EB0202B94272EB0902D8E9A6
:100A6000022134BF01200020A21846EB01018018AA
:100A7000029A41F10001A042A2F1410A71EB060283
:100A8000CDF800A034BF012200225219CDE906534F
:100A900043F1000300F0BCF8129BC3E90001D8E960
:100AA0000221DDE90653039114990129D8E900E0F8
:100AB00027D1A21A0399CDF800A066EB0101774572
:100AC00079EB000034BF01200020101A61F1000111
:100AD000844276EB010234BF01220022AA1A63F19C
:100AE000000300F095F8139BC3E90001DDE906233C
:100AF00020463146CDF800A000F08AF809B0BDE8E4
:100B0000F08F17EB070B49EB090C14EB040846EBCD
:100B10000601BB457CEB090934BF0127002718EB10
:100B2000070741F10008F3457CEB000C34BF0120BE
:100B30000020381A68F10001801A039A61EB020163
:100B40006D195B41A74278EB060234BF01220022F7
:100B5000AD1843F10003874278EB010834BF01224E
:100B60000022AA1A029DA5F140050095B7E710B52D
:100B7000A3FB00430299A2FB0020001943F10003EC
:100B80003F29DBBFA1F12002C1F1400140398B4078
:100B9000D6BFD04023FA01F0184310BD30B587B05E
:100BA00004460846154602A9F6F786F9049B204636
:100BB00000955A1C059B43F10003FFF7D8FF07B0CF
:100BC00030BD30B587B015460446084602A9F6F791
:100BD00001F920460095DDE90423FFF7C8FF07B0BF
:100BE00030BDF0B500240D4606469446A0FB020138
:100BF0002246059FE5FB0C12A446E5FB0324E3FB1C
:100C0000061C12EB0C0244F10004C7E90024F0BDFD
:100C1000F0B5059CC4F14007C4F12006A4F12005FD
:100C2000E04002FA06F6BB4022FA05F5BA4033432B
:100C3000C4F120062B4301FA06F6A4F12005304347
:100C400021FA05F5E140284319431043F0BD51EC6A
:100C5000100B024621F000405342134340EAD37088
:100C6000C0F1FF4000F5E000C00F70472DE9F041F2
:100C70000446CE0FC1F30A55C1F3130140F2FF70D1
:100C8000167154EA01076BD1002D71D12C4629460B
:100C9000002B156060DB0C2B60DCC3F10D0501201F
:100CA000AD0005F1FF3CA5F12107C5F1210600FAD1
:100CB00007F720FA06F600FA0CF03743061847EB60
:100CC0000708D6F1000E68EB480C013E48F1FF38EA
:100CD000264008EA0108B04277EB080810DBC5F1AE
:100CE0002008B5F1200624FA05F501FA08F858BFE6
:100CF00041FA06F645EA080558BF3543ED0703D526
:100D00002018044641EB070104EA0E0401EA0C0135
:100D10009DF8186018460D250532C6F1270604F027
:100D20000F03240944EA0174091163B9A8420DDADA
:100D3000013DF4D21AE01DB90125A5F2FF35A7E760
:100D400041F48011F9E7092BC8BF9B193033A84241
:100D50005355B8BF2846EBE70023D9E70D23D7E763
:100D60008542E8D146F0080600201671BDE8F08102
:100D70008542E5D146F00406F6E710B583780446CF
:100D8000DA0705D443F004034FF0FF30A37010BD21
:100D90004FF00002D4E85F3FC4E8512F0029F9D199
:100DA0009BB213B1581EC0B2F1E7A3689847002860
:100DB000F9DA0130A37814BF082204221343E3E7D1
:100DC00002690346107810B101321A6170476FF062
:100DD00001007047D1E9043293421EBF5A1C0A61D8
:100DE000187070478B78DA0702D44FF0FF307047E5
:100DF000431CFAD0C0B2431CD1E8DF2F002A04D133
:100E0000C1E8DC3FBCF1000FF6D1EED18B7823F0C6
:100E100008038B7070470000666BFD7F01000000C7
:100E2000ED38030000000000C1DA030000000000FC
:100E300000000000600F05005908040000000000D9
:100E40007D0804000000000000000000A00F050065
:100E500000000000800F050000000000C00F05002A
:100E600091EB030000000000FFCA04000000000036
:100E700000000000E00F0500000000004010050029
:100E80000000000020100500000000000010050018
:100E90000000000060100500CDC10300000000004C
:100EA000A5C8040000000000E112030000000000DB
:100EB0006D360300000000000000000080100500F7
:100EC000C18E0200000000000D0C040000000000B4
:100ED00000000000C010050000000000E010050048
:100EE00000000000A01005001150030000000000E9
:100EF0006BCA04000000000075CA04000000000076
:100F000085740400000000007DCF02000000000096
:100F10000000000000110500000000002011050085
:100F20003DD002000000000000000000401105005C
:100F300079530300000000005D270300000000005B
:100F4000DD4A03000000000041CB02000000000069
:100F5000DD390300000000003D4B030000000000ED
:100F60008B970500142D05008C1A0500880B0020B6
:100F70002071002021BF03000000000000000000DD
:100F8000089B0500B42D05001C1A0500920B0020DB
:100F9000C471002051CC0300000000005803002061
:100FA000149B0500C82D05001C1A0500940B002099
:100FB000D071002051CC030000000000C0030020CD
:100FC0001F9B0500DC2D05001C1A0500960B002058
:100FD000DC71002051CC0300000000002804002038
:100FE0000899050000000000E41905008C0B0020A2
:100FF00000000000ADB80400000000000000000088
:101000008A9C0500282E0500A81A05009A0B0020CE
:1010100048090020E1C30400000000009004002003
:10102000969C0500802E0500A81A05009C0B002048
:101030006C09002003C4040000000000F804002034
:10104000A19C0500D82E0500A81A05009E0B0020C3
:101050009009002021C40400000000006005002069
:10106000F79D0500000000007C1A0500A20B00207F
:10107000980A0020B9DC0300000000000000000016
:101080004A9F050000000000A42F0500A40B0020CB
:101090004072002039DF0300000000000000000063
:1010A0001099050000000000EC1905008E0B0020CF
:1010B000000000003DC6030000000000000000002A
:1010C000F99B050018090020401A0500980B002024
:1010D000E8710020B3BF04000000000004090020F4
:1010E000009D0500302F0500741A0500A00B00209C
:1010F000C8090020C1D5030000000000B409002089
:10110000F59805002C2D0500D81905008A0B002044
:101110007471002077B80400000000000000000097
:10112000F69A0500742D0500041A0500900B0020A6
:10113000987100206DC7030001000000F00200203C
:101140003DA2050000000000581A0500A60B002073
:10115000507300203BCB04000000000000000000A2
:101160000000000015950400000000001595040023
:101170000000000015950400000000001595040013
:101180000000000015950400000000001595040003
:1011900000000000159504000000000015950400F3
:1011A00000000000159504000000000015950400E3
:1011B00000000000159504000000000015950400D3
:1011C00000000000159504000000000015950400C3
:1011D00000000000159504000000000015950400B3
:1011E00000000000159504000000000015950400A3
:1011F0000000000015950400000000001595040093
:101200000000000015950400000000001595040082
:101210000000000015950400000000001595040072
:101220000000000015950400000000001595040062
:101230000000000015950400000000001595040052
:1012400000000000F9EB0300000000001595040009
:101250000000000015950400000000001595040032
:101260000000000015950400000000001595040022
:101270000000000015950400000000001595040012
:101280000000000015950400000000001595040002
:1012900000000000159504000000000015950400F2
:1012A00000000000159504000000000015950400E2
:1012B00000000000159504000000000015950400D2
:1012C00000000000159504000000000015950400C2
:1012D00000000000159504000000000015950400B2
:1012E00000000000159504000000000015950400A2
:1012F0000000000015950400000000001595040092
:101300000000000015950400000000001595040081
:101310000000000015950400000000001595040071
:101320000000000015950400000000001595040061
:101330000000000015950400000000001595040051
:101340000000000015950400000000001595040041
:101350000000000015950400000000001595040031
:101360000000000015950400000000001595040021
:101370000000000015950400000000001595040011
:101380000000000015950400000000001595040001
:1013900000000000159504000000000015950400F1
:1013A00000000000715204000000000015950400C8
:1013B000C8090020D3D404000000000015950400E3
:1013C00000000000159504000000000015950400C1
:1013D00000000000159504000000000015950400B1
:1013E00000000000159504000000000015950400A1
:1013F0000000000015950400000000001595040091
:101400000000000015950400000000001595040080
:101410000000000015950400000000001595040070
:101420000000000015950400000000001595040060
:101430000000000015950400000000001595040050
:101440000000000015950400000000001595040040
:101450000000000015950400000000001595040030
:101460000000000015950400000000001595040020
:101470000000000015950400000000001595040010
:101480000000000015950400000000001595040000
:1014900000000000159504000000000015950400F0
:1014A00000000000159504000000000015950400E0
:1014B00000000000159504000000000015950400D0
:1014C00000000000159504000000000015950400C0
:1014D00000000000159504000000000015950400B0
:1014E00000000000159504000000000015950400A0
:1014F0000000000015950400000000001595040090
:10150000000000001595040000000000159504007F
:10151000000000001595040000000000159504006F
:10152000000000001595040000000000159504005F
:10153000000000001595040000000000159504004F
:10154000000000001595040000000000159504003F
:10155000000000001595040000000000159504002F
:10156000000000001595040000000000159504001F
:10157000000000001595040000000000159504000F
:1015800000000000159504000000000015950400FF
:1015900000000000159504000000000015950400EF
:1015A00000000000159504000000000015950400DF
:1015B00000000000159504000000000015950400CF
:1015C00000000000159504000000000015950400BF
:1015D00000000000159504000000000015950400AF
:1015E000000000001595040000000000159504009F
:1015F000000000001595040000000000159504008F
:10160000000000001595040000000000159504007E
:10161000000000001595040000000000159504006E
:10162000000000001595040000000000159504005E
:10163000000000001595040000000000159504004E
:10164000000000001595040000000000159504003E
:10165000000000001595040000000000159504002E
:10166000000000001595040000000000159504001E
:10167000000000001595040000000000159504000E
:1016800000000000159504000000000015950400FE
:1016900000000000159504000000000015950400EE
:1016A00000000000159504000000000015950400DE
:1016B00000000000159504000000000015950400CE
:1016C00000000000159504000000000015950400BE
:1016D00000000000159504000000000015950400AE
:1016E000000000001595040000000000159504009E
:1016F000000000001595040000000000159504008E
:10170000000000001595040000000000159504007D
:10171000000000001595040000000000159504006D
:10172000000000001595040000000000159504005D
:10173000000000001595040000000000159504004D
:10174000000000001595040000000000159504003D
:10175000000000001595040000000000159504002D
:10176000000000001595040000000000159504001D
:10177000000000001595040000000000159504000D
:1017800000000000159504000000000015950400FD
:1017900040100500F1C10400E8710020350204008A
:1017A00020100500F1C104000000000015950400A0
:1017B00000000000159504000000000015950400CD
:1017C00000000000159504000000000015950400BD
:1017D00000000000159504000000000015950400AD
:1017E000000000001595040000000000159504009D
:1017F000000000001595040000000000159504008D
:10180000000000001595040000000000159504007C
:10181000000000001595040000000000159504006C
:10182000000000001595040000000000159504005C
:1018300000000000159504008007002085BF04000B
:10184000000000001595040000000000159504003C
:10185000000000001595040000000000159504002C
:10186000000000001595040000000000159504001C
:10187000000000001595040000000000159504000C
:1018800001FB030029CD04000000000015950400B1
:1018900000000000159504000000000015950400EC
:1018A00000000000159504000000000015950400DC
:1018B00000000000159504000000000015950400CC
:1018C00000000000159504000000000015950400BC
:1018D00000000000159504000000000015950400AC
:1018E000000000001595040000000000159504009C
:1018F000000000001595040000000000159504008C
:10190000000000001595040000000000159504007B
:10191000000000001595040000000000159504006B
:10192000000000001595040000000000159504005B
:10193000000000001595040000000000159504004B
:10194000000000001595040000000000159504003B
:10195000000000001595040000000000159504002B
:10196000000000001595040000000000159504001B
:10197000000000001595040000000000159504000B
:1019800000100500F1C1040019CB040029CD0400AA
:1019900000000000159504000000000015950400EB
:1019A0000000000015950400980A0020D5D7040017
:1019B00000000000159504000000000015950400CB
:1019C00000000000159504000807002085BF0400F2
:1019D00000000000159504004DC20300D5C20300AD
:1019E00051B8040099B804000000000035C7030096
:1019F00017BA040001BA040025C6030015C6030087
:101A00002DC603009DBD0400DDBC0400CFBB040057
:101A100065C703003BBA04002FBA0400A9CC030039
:101A2000E5BE0400F1BE040005BF04000FBF0400C2
:101A300019BF04007DCE03002DBF0400000000008C
:101A4000C5D103000000000025D003000000000005
:101A50000000000027C0040000000000000000009B
:101A6000000000003FCB0400A9EE030000000000CE
:101A700000000000E1D603002BC50400E1C804000B
:101A80001DC9040049DC0300B9C8040079BF030084
:101A9000A9B704000DB804000000000045B7040019
:101AA0000000000000000000E7C00400DDD40300D7
:101AB000D9C004003FC404000DC10400A9C2040041
:101AC00035C1040049C104008DC20400D1C1040025
:101AD00049C1040067C1040077C1040083C1040048
:101AE0008FC10400C1C10400C5C10400050000008D
:101AF000418A03000600000039BE03000400000014
:101B0000759B0300CD4E0300954E030000000000BE
:101B100000000000000000000000000055B00200BE
:101B20002DB10200000000000000000000000000D5
:101B300000000000402C050008000000F027050010
:101B4000070000005C29050004000000297805005A
:101B500003000000F88B050003000000149405004A
:101B600003000000EE80050003000000A28F0500C6
:101B700003000000188105000300000040970500E5
:101B800003000000C18A050003000000F28B05007D
:101B9000030000006D91050003000000188C050093
:101BA00003000000679F050003000000559F05002B
:101BB000030000006D9705000300000080970500FA
:101BC00003000000CB73050003000000A49705008C
:101BD00003000000E6A305000300000098A1050033
:101BE000030000009B9F05000300000066A10500A4
:101BF00003000000ED9F050003000000FC980500B5
:101C000003000000419A050003000000367805003B
:101C10000300000029990500030000002DA2050023
:101C20000300000051750500030000002A9B050019
:101C300003000000039C0500030000006075050020
:101C400003000000647505000300000059760500DC
:101C500003000000749705000300000000A30500C6
:101C60000300000023800500030000003880050009
:101C7000030000008780050003000000C9A10500E3
:101C800003000000D47D050003000000647E050011
:101C9000030000006C7E050003000000EFA10500BA
:101CA00003000000DAA30500030000002073050014
:101CB000030000006A800500030000007376050041
:101CC0000300000065780500030000007B7E05002E
:101CD00003000000009B050003000000E99D0500D3
:101CE00003000000057405000300000048A2050081
:101CF00003000000AC9C050003000000079E0500E7
:101D00000300000070270500D40600204876050077
:101D1000010000002A59050000000000000000003A
:101D200021D9020000000000000000008B440500E3
:101D30000000000000000000A1AB02000000000055
:101D40000000000015460300ED4903005D4C030050
:101D500000000000600060000000000000000000C3
:101D600000000000C0D401000000000002000000DC
:101D7000A8890500AD890500B1890500B589050070
:101D8000B9890500BD890500C1890500C58905001F
:101D9000C9890500CD890500D1890500D5890500CF
:101DA000D9890500DD890500E1890500E58905007F
:101DB000E9890500ED89050000A0105000820D5052
:101DC0000004055001020825262701020303280408
:101DD0009042BE11B400500BEE03010204004C010E
:101DE000E80B860401020303000000280000002025
:101DF0000102FFFFFFFFFF030F141E28323C506457
:101E0000780102030301010002070001020401003E
:101E100001000001010000010001000001000100BB
:101E200000000102080F141E28323C5064780000A4
:101E3000020B000001000B0002000A00050009006F
:101E40000A000800140007001E000600320005000A
:101E50004B0004006400030096000200FA00010039
:101E6000F40100000102030302030001F401FA007F
:101E7000960064004B0032001E0014000A000500AA
:101E8000020001000C0802170D01010209090101FD
:101E90000602091818030101090983838503020159
:101EA000230202240910040405050B0B040B2B1B51
:101EB0001B159A9A1C021D16130501490D150508DC
:101EC000061B1B0F01010000FEFEFEFEFEFEFEFED5
:101ED000FEFEFEFEFEFEFEFEFEFEFEFEFE16FEFE0A
:101EE000FEFEFEFEFEFEFEFEFEFE1F1FFE26FEFEA8
:101EF000FEFEFE30FEFEFE32FEFE32FEFE35FEFE31
:101F00003E3EFEFEFEFE3B3B60009006BE022C0104
:101F1000D012CE0528049042BE1164005006AE02D5
:101F20007205DA43081300010202A201B003BE05E4
:101F3000EE024806A209C405F40B241226FEFEFE9A
:101F4000FE2E3630FEFEFE32FEFEFEFEFE35FEFEAC
:101F5000FEFEFEFEFEFEFEFE2E0102030301020354
:101F60000301020412FEFEFEFEFEFEFEFEFEFE0366
:101F70000303030303030303030303030303030331
:101F800014FEFE16FEFEFEFEFEFEFEFE23FEFEFE1E
:101F9000FEFEFEFEFEFEFE2E363039FEFE32FEFE58
:101FA000FEFEFE35FEFEFEFEFEFEFEFEFEFE2E01E7
:101FB0000203030028049042BE117205DA4308139D
:101FC0002C00D002CE010440100028049042BE1123
:101FD0002C00D002CE01B400500BEE03640050067A
:101FE000AE02B400500BEE0301020303280490423A
:101FF000BE1128049042BE11010203030001020237
:10200000981800200200000B0100000007000000EB
:102010000000000000000000000000000406080AA4
:102020000C0E10121416181C1E20222426282A2CEE
:102030002E30323436383A3C3E40424446484A4CD0
:102040004E021A5000000000280000001800000096
:10205000500100005001000000000000F0230000CB
:102060002413000018790000E86700001C0C7805B4
:102070001437A438000000004006000040060000AD
:102080004006000040060000000098086B039C1802
:1020900058020000000000000000000000000000E6
:1020A000F0230000241300003CF000003CF000008E
:1020B0000000000048A3000014A000003CA50000A0
:1020C00068A6000000000000000000000000000002
:1020D00000000000000040060C0334086009000006
:1020E0000000000000000000E3A3C300B8000020CF
:1020F0000200000B041900200200000C021900204D
:102100000200000B021900200100000C68190020D9
:102110000100000C010208FF7F00200018000A8067
:102120000720029801AA80000102030402030404AC
:102130000102030401010102010101010203040281
:10214000E4E1D8D2C6C9B4B19C93878D6C63787230
:102150004E4B272D1B1E363900206020406080002A
:102160000102000504000808000000000000000053
:10217000000001010101010101010101010102024F
:102180000202020203030404050506060707080805
:10219000090A0B0C0D0E0F10111213141516171837
:1021A000191A1B0010010000D200000030010000CD
:1021B000D800000001000000E40000000200000060
:1021C000EA00000002000000EC0000000300000034
:1021D000EE00000004000000F00000000500000018
:1021E000F200000006000000F400000007000000FC
:1021F000F600000008000000F700000009000000E1
:10220000F80000000A000000F90000000B000000C8
:10221000FA0000000D000000FB0000000F000000AD
:10222000FC00000011000000FD0000001300000091
:10223000FE00000015000000FF0000001800000074
:10224000000000001B000000010000001F00000053
:10225000020000002300000003000000280000002E
:10226000040000002D000000050000003300000005
:102270000600000039000000070000003F000000D9
:102280000800000000100200FA0000000001000831
:10229000120000000000000000000000000000002C
:1022A0000338FDD870470000000000000000000067
:1022B0000338FDD870470000000000000000000057
:1022C0000338FDD870470000010000000000000046
:1022D00005000000000000001900000000000000E0
:1022E0007D000000000000007102000000000000FE
:1022F000350C000000000000093D00000000000057
:102300002D31010000000000E1F505000000000093
:1023100065CD1D0000000000F902950000000000DE
:10232000DD0EE90200000000514A8D0E00000000A1
:102330009573C24800000000E941CC6B0100000029
:102340008D49FD1A07000000C16FF28623000000CE
:10235000C52EBCA2B1000000D9E9AC2D7803000065
:102360003D9160E45811000031D6E275BC56000082
:10237000F52E6E4DAEB10100C9EA268367780800DC
:10238000ED95C28F055A2A00A1EDCCCE1BC2D30019
:1023900025A4000A8BCA22040000000000000000EF
:1023A000000000000000001000000000000000001D
:1023B000B9340332B7F4AD1410DB1AB30892540EDB
:1023C0000D307D951447BA1A66088F4D26ADC66D3F
:1023D000F598BF85E2B74511CA96853D92BD1DEBC4
:1023E000FCA11860DCEF52163C92AE220BB8C1B4CF
:1023F000839D2D5B0562DA1C304C7E8F4E8BB25B69
:1024000016F4529F8B56A512FBD4827643ED8AF0C8
:102410008FE7F9311565191850F19BD94A13EEB4BD
:10242000284CF0A686C1251F035FC270CB9E4916BB
:10243000E642889C44EB2014B0650836AD6EA58555
:1024400085F0CA14E2FD031A0B899979D5B13D09CB
:10245000D8DA973A35EBCF10AC363F5E73BB38CF46
:102460003E6752FA44AFBA150100000000000000B8
:102470000000000000000020345065C05FC9A65273
:10248000BB13CBAEC440C21806C8DF7100D5A87C10
:10249000F56F0FDA58FC27136E4756357D242065FB
:1024A00002C7E768E48CA41DE9E60268D7CD39616C
:1024B0007977FCC2405BEF16798CDE43FFA751F9B8
:1024C00091F3B278F5BDBE11E857E9D6E8BEE87BD6
:1024D000B054AC8F848D751BEA23A499E9F9D38B92
:1024E000B7A3714061DA3E15CEE33ECB73F94808DD
:1024F0008C97B427D51B7010A2BFEFB9EB853215AE
:102500004DB44DB49BBB6F1996B6076CF8E7EEADB2
:1025100036D9B4F59135AE13222218AF4E6A684D04
:1025200091DAAA3D4F40741E9FBD9EE006A1C0985F
:1025300057C2A7FDA40E90170E7D497173E3208F3B
:10254000B220D87605143B12853D7434811343B014
:10255000AD297A5F27F4351C0842050010420500BA
:1025600018420500204205002842050030420500BF
:102570003842050040420500484205004F42050030
:10258000564205005D4205006442050067420500B1
:102590006D42050073420500794205007F42050047
:1025A00083420500130000000001000008420500FE
:1025B0000101000010420500020100001842050060
:1025C000030100002042050004010000284205002C
:1025D00005010000304205000601000038420500F8
:1025E00007010000404205000802000048420500C3
:1025F000090200004F4205000A0200005642050091
:102600000B0200005D4205000C030000644205005F
:102610000D050000674205000E0500006D42050033
:102620000F05000073420500100500007942050007
:10263000110400007F4205001204000083420500DF
:102640003B47050041470500464705004D4705004B
:1026500053470500474705008D4D0500044F050011
:1026600064420500914D0500964D05009B4D050007
:102670003B47050041470500464705004D4705001B
:1026800053470500474705008C5005009150050051
:102690009D50050067990500A45005008C50050069
:1026A00007530500679905001053050018530500EE
:1026B0005C7C0500E010050000127A0000010000BB
:1026C000C00F050003000100000000000100000031
:1026D000000000008C500500C6580500CE580500CB
:1026E000D8580500DD58050091440500E358050061
:1026F00018530500953B05006D61050075610500E7
:102700007D61050084610500893B05006826002085
:1027100000080000B58904005F8904000200000081
:102720005D8B0400000000000000000000000000BD
:10273000000000002C760500347605000000000043
:102740000000000000000000929505003C760500A6
:10275000407605004476050060270500FC6A0020ED
:10276000D11C0300146B002034BB002001000000CA
:10277000EB8B0400E18B0400951C0300D58B040057
:1027800000000000C98B04000000000006000000EB
:10279000020000000000000000F80000A01005008A
:1027A000030000000000010000200B00A010050045
:1027B0000400000000200C0000200B00A010050009
:1027C000050000000040170000900000A010050068
:1027D00000000000000010000000E80020110500CB
:1027E000010000000000F8000000080020110500B2
:1027F0000432050061B00400000000000032050052
:1028000000000100FC310500B3B20400000000002C
:10281000F006002000000100F4310500E9910400F9
:10282000000000000000000000000100F031050081
:10283000B3B2040000000000E80600200000010020
:10284000E8310500B5910400000000000000000020
:1028500000000100E4310500B3B2040000000000F4
:10286000E006002000000100DC3105001D2203000D
:102870000000000000000000000001004D250300E2
:10288000000000000000000000000000639304004E
:1028900000000000479304006000002000000000DA
:1028A0000600010002000000AC2805000000000046
:1028B000477E050002000000E0CF17000000002066
:1028C0004F7E050021000000E0FF0320F8060020F5
:1028D000F936030000000000CF950400D542030044
:1028E000C144030000000000014803000000000094
:1028F00000000000000000000000000000000000D8
:10290000000000000000000085470300794A030032
:10291000794A0300000000000000000000000000F1
:1029200000000000000000000000000000000000A7
:102930000000000000000000F9490300D028050055
:102940004C29050080010000000000003425012012
:102950007C8005000000000000000000103205002F
:1029600061B004000000000049A50500000001005E
:102970000C320500B3B2040000000000480800203B
:102980000000010027A5050000000000DD4D030048
:1029900000000000000002000832050033B004000F
:1029A00079A303002408002000000300D0280500BC
:1029B000BC2905000001000000000000B42B01202C
:1029C000D0280500D02905002E00000000000000DE
:1029D000203A0120D0280500E4290500020100006A
:1029E00000000000F43A0120F18905000F8A05007B
:1029F0002A8A05003A8A0500478A0500508A0500A0
:102A0000578A05005E8A0500658A05006D8A050003
:102A1000478A0500758A0500878A05009C8A05009B
:102A2000AF8A05000E0300003D6C03000F04000098
:102A3000096C03001A010000D151030005040000D5
:102A4000E951030013010000855403003E0100001A
:102A5000F5560300011200007B9C04000A1E0000D2
:102A6000899C0400FF010000695803003E0100003A
:102A700049580300050400003D5203001001000006
:102A80001953030002010000CD740300011200007D
:102A9000F16303000A1E0000319D040003090000D9
:102AA000F5590300040B000031540300060A00002E
:102AB000456B0300070A0000E95203000C05000003
:102AC000B5520300D0280500D42A050047000000B5
:102AD00000000000103C0120218F05002E8F050012
:102AE0004E8F0500428F0500598F0500708F05003D
:102AF000808F0500D4900500948F0500D028050034
:102B00000C2B05000000000000000000303D0120FB
:102B1000D0280500202B0500000100000000000067
:102B2000803D0120F1A0040043A10400000000004A
:102B30000000000000000000F18D03000000000014
:102B40000000000000000000000000000202010080
:102B500089A604000404010035980300060601005C
:102B60007597030008040100619603000A02010042
:102B700071A604000C04010059A604000E04010013
:102B80003D95030020040100A994030010040100F6
:102B9000B993030012020100DBA504001E0004002B
:102BA0008BAA04005202000001A6040001040200E6
:102BB00019A103000302020021AA0400050102007A
:102BC00053AA04000704020063AA040009010200DA
:102BD00067AA04000B0002006BAA04000D000200AB
:102BE0006FAA04000F00020073AA04002102020071
:102BF00077AA0400110102007BAA0400130002005E
:102C00007FAA04001704020083AA0400190002002E
:102C100087AA04001B0203004DA304001D02050047
:102C20007D910300230403003BA30400D02805008A
:102C30003C2C05000201000000000000F8400120CB
:102C40004032050061B00400000000003C32050085
:102C50000000010038320500B3B20400000000009B
:102C6000D8080020000001003032050000000000FC
:102C70000000000000000000000000002C320500F1
:102C800033B0040079A30300E00800200000030033
:102C900028320500B3B2040000000000D008002074
:102CA000000001002032050099B0040021A60300B5
:102CB00000000000000003001C320500B3B2040055
:102CC00000000000C80800200000010014320500C8
:102CD00075A90300000000000000000000000100D2
:102CE00000000000000000000000000000000000E4
:102CF0000000000041B604000000000000000000D9
:102D00000000000000000000DDBE0300ADBE0300B7
:102D10000000000029C00300A9BF03009897050028
:102D200039B8040035B804009E970500E01005008E
:102D300000127A0000010100C00F0500050001002B
:102D40000000000001000000000000000000010081
:102D500000000100180001005BB8040019C5030061
:102D600039C403001000000001FF00007D010000D5
:102D700000100000E010050000127A0000010000C1
:102D8000C00F05000300010000000000010000006A
:102D9000000000000000010000000100020000002F
:102DA0000100000000FF000000A0105000820D5044
:102DB000000405507F00000000A01050080700200C
:102DC0000000000000000000FFFF010000820D5025
:102DD000800700200000000001000000FF07000045
:102DE0000004055000000000000000000200000088
:102DF00000700C50FC2D050002000000142E050090
:102E0000020000000C2E0500020100002480000CCE
:102E10002580000B2406000C2506000B00A0105096
:102E200000820D50000405500040105000000000CA
:102E300000000000542E050000C201000000D60171
:102E4000000000000000004000100000CDBB00208A
:102E5000CCBB002000401050602E05000200000096
:102E6000782E050002000000702E0500020100000F
:102E70000080000006800001000000000600000144
:102E800000800C500000000000000000AC2E050087
:102E900000C201000000D601000000000000004058
:102EA00000100000EFBB0020EEBB002000800C50A3
:102EB000B82E050002000000D02E05000200000020
:102EC000C82E0500020100002680000027800001B6
:102ED000260000002700000100600C5000000000E8
:102EE00000000000042F050000C201000000D60110
:102EF00000000000000000400010000011BC002095
:102F000010BC002000600C50102F050002000000D3
:102F1000282F050002000000202F050002010000FC
:102F20002280000023800001220000002300000115
:102F3000BBC40400542F050011D60300882F0500E0
:102F40003ABC002032BC00200048E801FFFFFF022D
:102F50000100000000A00450602F050002000000E6
:102F60007C2F050003000000702F05000301000006
:102F700041800004428000054480000641000004B6
:102F80004200000544000006C00F050003000100D8
:102F9000C00F05000500010000A0105000820D5078
:102FA0000004055001DE030065C9040093C9040054
:102FB000B5E903009DEA0300B9EA0300DDEA030076
:102FC00093CA04001DEB0300EFA20500F4A2050064
:102FD000F9A20500030000000400000000A010504A
:102FE00000820D500004055008000000020000009F
:102FF000040000000100000000A0105000820D50ED
:103000000004055000A0105000820D50000405502F
:1030100000A0105000820D50000405508BA3050045
:1030200099A30500ADA30500BCA30500C8A3050036
:10303000200E0500300E0500A00E0500A80E0500AC
:10304000380F0500600F0500DDA30500000100003A
:1030500000000000BF0605000001010000020200A0
:1030600000140000002800000040000001000000E3
:103070000200000001000000050000009C30050077
:103080005EA605007FFB0400200000001000000089
:1030900010000000200000000000000011000000EF
:1030A000110800001128000000000000410000008D
:1030B00001000000010000000F00000010000000EF
:1030C00010000000200000001000000010000000B0
:1030D000D430050011000000112800001108000084
:1030E00001000000080600000002000000040000CB
:1030F0002000000040000000200000004800000008
:10310000A54F04001300000063000000A3000000AE
:1031100003000000000000000000000000000000AC
:10312000000000000000004095596959555554555C
:1031300015555556040515411054554045515544F3
:103140004045504450555545004000404004449689
:103150006555565545404554514115405591555575
:10316000555540510501000054455454455505043A
:103170000010041014044000000001405555154192
:1031800054040000440001000000004041000044DD
:103190005044455054005555545565510040004029
:1031A000010000010005010011545151545555050D
:1031B000001541500000044010010405000000000B
:1031C000DC0564000100DC05010070FE0000000069
:1031D0000CFE000018002800000090010000042AE6
:1031E0000000042A000003280000012A0000012A30
:1031F000000003280000002A0000002A0000032825
:103200000000001800000028000002290000032828
:103210000000002800002A2B00002A2B00000328B1
:103220000000292B0000292B0000032800000229A0
:103230000000052A0000052A0000032800000118EC
:103240000000002810002DE15D29410B8D77679C5F
:10325000110F1F8AF00FEC13EC1300000000E41BA9
:10326000E01FD02FC03FE41BE01F00000000E41B64
:10327000E01FD02FC03F0000C03F7472756500731F
:103280006D6172747761676F6E2F76310025732FD1
:1032900025732F25732F737461747573004C494E19
:1032A0004B3A206F66666C696E65207075626C695A
:1032B0007368204641494C4544202D2064726F704C
:1032C00070696E672074686520736F636B65742026
:1032D000736F207468652062726F6B657220666917
:1032E000726573207468652077696C6C0A004757B3
:1032F0003A206E6F646520257520287479706520EA
:103300002575292063616E6E6F7420726561636834
:10331000207468726573686F6C642025642F25645F
:10332000202D20736B69707065640A0047573A203E
:103330006E6F6465202575206261747463616C5BD7
:1033400025755D203D202564206F7574206F6620F3
:1033500072616E6765202D20736B69707065640AF9
:103360000047573A206E6F646520257520626174AE
:103370007420726566732025642F2564206D5620A5
:103380006F7574206F662072616E6765202D2073E3
:103390006B69707065640A0047573A206E6F646508
:1033A00020257520696D70616374202564206D6728
:1033B000206F7574206F662072616E6765202D2006
:1033C000736B69707065640A0047573A206E6F64CA
:1033D0006520257520424C452054582025642064E2
:1033E000426D206F757473696465202D34302E2E04
:1033F0002B38202D20736B69707065640A00475765
:103400003A206E6F646520257520525444207472F2
:10341000696D202564206D6F686D206F7574736908
:103420006465202D32303030302E2E323030303046
:10343000202D20736B69707065640A0047573A202D
:103440006669782074696D656F7574202D207573B9
:10345000696E67206C6173742D6B6E6F776E207070
:103460006F736974696F6E0A00626174745F695F7B
:10347000736C6565705F756100626174745F695F2C
:1034800073656C6664697363685F7561006261741B
:10349000745F695F6D6561735F756100626174740B
:1034A0005F745F6D6561735F6D7300626174745FFB
:1034B000695F74785F756100626174745F695F63EE
:1034C000666777696E5F756100626174745F7573BA
:1034D00061626C655F6D6168007072696D617279BF
:1034E0000062656172696E675F74656D705F63002D
:1034F00074616E6B5F74656D705F6300696D7061A0
:1035000063745F67007669625F696E646578006303
:103510006164656E636500626174745F6D760062FC
:103520006C655F74785F64626D0074785F706F774C
:1035300065725F64626D007274645F7472696D5F5E
:103540006D6F686D007274645F7472696D006E6F88
:1035500064655F696400696E646976696475616C4D
:103560000042555359004241445F504152414D0081
:103570006F6B0072756E6E696E670073746F70703A
:103580006564004E4F545F464F554E440076616C63
:103590007565004C494E4B3A20514D5453554220CD
:1035A0006661696C6564202D206E6F20646F776E94
:1035B0006C696E6B20636F6D6D616E647320636107
:1035C0006E20617272697665207468697320637910
:1035D000636C650A006369640073636F70650067FC
:1035E000726F757000616C6C0062756C6B007B2291
:1035F0006669746D656E74223A25752C22696D6159
:1036000067655F6669746D656E74223A25757D0025
:1036100047573A207265667573696E672025732077
:103620002D20696D61676520697320666F72206661
:1036300069746D656E74203078253035582C20748F
:10364000686973207761676F6E2069732030782511
:103650003035580A004649544D454E545F4D495344
:103660004D415443480047573A20636D6420272555
:103670007327206369643D25732073636F70653D14
:1036800025730A006F74615F7374617274007572E0
:103690006C007B22696E666F223A226F74615F73E1
:1036A000746172742074616B657320276E6F64653A
:1036B00027206F7220277479706527202D202761BD
:1036C0006C6C2720776F756C642073656E64206F57
:1036D0006E652074797065277320696D6167652058
:1036E000746F2065766572792073656E736F7220D2
:1036F0006F6E20746865207761676F6E227D007B36
:1037000022696E666F223A226E6F206E6F646520AA
:103710006F662074686174207479706520696E200A
:1037200074686973207761676F6E277320726F7397
:10373000746572227D007B22696E666F223A226E6A
:103740006F6465206E6F74206865617264227D000D
:10375000302E302E31007B227374617465223A2240
:103760007363686564756C6564227D004F54413AEB
:1037700020666C65657420757064617465202D2009
:103780007374617274696E6720696E202575207389
:103790000A007B227374617465223A226375727227
:1037A000656E74227D006F74615F737461747573EC
:1037B000006765745F737461747573007B22617058
:1037C000706C696564223A747275657D006C656120
:1037D000726E5F6669746D656E740047573A206C4F
:1037E0006561726E696E67206669746D656E7420BE
:1037F0002D207363616E6E696E6720256420730AE5
:10380000007B22696E666F223A226E6F206E6F64B3
:103810006573206865617264202D20706F77657212
:10382000207468656D20616E6420726574727922FF
:103830007D007B226669746D656E74223A25752C55
:10384000226E6F646573223A25642C22696D61676C
:1038500065223A25752C227363616E5F73223A25C7
:10386000647D0047573A206C6561726E656420661E
:1038700069746D656E742030782530355820667215
:103880006F6D202564206E6F64652873290A0073AC
:1038900065745F696E74657276616C006D6F7669D0
:1038A0006E675F730069646C655F73007B7D007396
:1038B00065745F7468726573686F6C6400706172C0
:1038C000616D007B226669746D656E74223A2575A0
:1038D0002C22696D616765223A25752C226E6F6412
:1038E0006573223A25647D0068797374007B2269D0
:1038F0006E666F223A22756E6B6E6F776E20706106
:1039000072616D227D007B22696E666F223A226EA3
:103910006F64655F6964206E6565647320616E2005
:103920006578706C6963697420276E6F6465272001
:103930002D20612074797065206F7220616C6C207D
:1039400073636F706520776F756C64206769766547
:10395000206576657279206E6F64652074686520D5
:1039600073616D6520696420616E64206C656176A9
:1039700065206E6F6E65206F66207468656D2061CE
:1039800064647265737361626C65227D007B226181
:1039900070706C696564223A66616C73652C227381
:1039A00074617465223A22717565756564222C22F2
:1039B0006E6F646573223A25642C226F75745F6F95
:1039C000665F72616E6765223A25647D00494E56D6
:1039D000414C49445F5448524553484F4C44007B46
:1039E00022696E666F223A2263616C696272617449
:1039F000696F6E2076616C7565206F7574206F66D7
:103A00002072616E6765227D007B22696E666F227F
:103A10003A226E65656420323030302E2E343030DC
:103A200030206D562C2066726573682D656F6C2092
:103A30003E3D20313030227D007B22696E666F2250
:103A40003A22424C45205458206D757374206265AB
:103A5000202D34302E2E2B382064426D227D007BA9
:103A600022696E666F223A226E6F64652069642057
:103A70006D75737420626520302E2E3139227D00E1
:103A80007B22696E666F223A225254442074726916
:103A90006D206D757374206265202D3230303030AA
:103AA0002E2E3230303030204D494C4C494F484D4D
:103AB00053227D007B226170706C696564223A66D6
:103AC000616C73652C227374617465223A2271757E
:103AD00065756564227D006E6F64655F77696E64ED
:103AE0006F77007365636F6E6473007B22696E6627
:103AF0006F223A227365636F6E647320302D333604
:103B0000303020616E642061206E6F64652F74799F
:103B100070652F616C6C2073656C6563746F7222C5
:103B20007D007B226170706C696564223A66616C0D
:103B300073652C227374617465223A227175657500
:103B40006564222C226E6F646573223A25642C22F0
:103B50007365636F6E6473223A25647D00736574C8
:103B60005F676E737300656E61626C65006669788D
:103B70005F74696D656F75745F7300636F6E7374E6
:103B8000656C6C6174696F6E006E61766963006E5E
:103B9000617669635F6770730074696D655F7379DF
:103BA0006E630065706F6368007365745F7761674B
:103BB0006F6E007B22696E666F223A227761676FB3
:103BC0006E206D75737420626520312E2E31352084
:103BD00063686172616374657273227D007B227712
:103BE00061676F6E223A222573222C22677270223F
:103BF0003A25752C227265626F6F74696E67223A7E
:103C0000747275657D0047573A207761676F6E2043
:103C10006E756D6265722073657420746F202573F4
:103C2000202D207265626F6F74696E670A0073657C
:103C3000745F626174740066756C6C5F6D76007B96
:103C400022696E666F223A226E6565642066756C25
:103C50006C5F6D7620616E6420656D7074795F6D48
:103C600076227D00656D7074795F6D76007B2269C8
:103C70006E666F223A2266756C6C5F6D7620616E9F
:103C80006420656D7074795F6D76206D7573742036
:103C900062652025752E2E2575206D5620616E6477
:103CA000206174206C65617374202575206D562029
:103CB0006170617274222C2266756C6C5F6D762265
:103CC0003A25752C22656D7074795F6D76223A25E0
:103CD000757D007B226170706C696564223A747234
:103CE00075652C2266756C6C5F6D76223A25752C95
:103CF00022656D7074795F6D76223A25752C227677
:103D00006261745F6D76223A25752C22736F63228F
:103D10003A25757D007365745F626C655F74780029
:103D20007B22696E666F223A226E6565642064624A
:103D30006D20286F722076616C7565292C202D34DA
:103D4000302E2E38227D007B226170706C69656494
:103D5000223A747275652C2264626D223A25642CB5
:103D60002273636F7065223A226E657874206E6FDD
:103D70006465206C696E6B227D007265626F6F7482
:103D8000006765745F636F6E666967007B2272759A
:103D90006E5F73223A25752C2273746F705F7322E5
:103DA0003A25752C22696D706163745F6D67223AE4
:103DB00025752C22676E73735F656E61626C652278
:103DC0003A25752C22676E73735F636F6E7374652B
:103DD0006C223A25752C22676E73735F74696D656A
:103DE0006F75745F73223A25752C226E6F6465734C
:103DF000223A25642C226669746D656E74223A2518
:103E0000752C227761676F6E223A222573222C224D
:103E1000626174745F66756C6C5F6D76223A2575AD
:103E20002C22626174745F656D7074795F6D7622A7
:103E30003A25752C22626C655F74785F64626D222E
:103E40003A25642C226677223A222573227D006768
:103E500065745F686973746F72790066726F6D5F05
:103E6000736571007B2266726F6D5F736571223AB4
:103E7000256C642C22636F756E74223A25642C22A3
:103E80006D6F6465223A2270757368222C22696E08
:103E9000666F223A227265636F7264732072657076
:103EA0006C6179206F6E207265636F6E6E656374EE
:103EB0002077697468206F726967696E616C20731E
:103EC00065712F7473227D0070756C6C5F64617412
:103ED00061007B226E6F646573223A25642C227622
:103EE0006961223A226862227D0070726F7669737E
:103EF000696F6E5F6E6F646500554E535550504F3D
:103F000052544544007B22696E666F223A22726FDA
:103F10007374657220697320636F6D70696C652DB1
:103F200074696D6520286E6F6465732E6329227D28
:103F300000205741544348444F470020534F4654B4
:103F40005741524500204445425547002050494EB4
:103F500000545241494E5F5354415254005452410F
:103F6000494E5F53544F50004F4E4C494E45006FE1
:103F700066666C696E650066697820006E6F2D66F6
:103F800069780052455345543A2063617573652042
:103F9000756E617661696C61626C652028256429A3
:103FA0000A0052455345543A20504F574552202855
:103FB00062726F776E6F7574206F72207261696CB8
:103FC000206379636C656429202D20636865636BC9
:103FD0002074686520737570706C79206265666FF7
:103FE000726520616E797468696E6720656C7365AF
:103FF0000A0052455345543A203078253038582528
:10400000732573257325730A000A3D3D3D20536DCA
:10401000617274205761676F6E20476174657761C4
:1040200079202877676E2025732C206772702030E6
:10403000782530345829203D3D3D0A003D3D3D2046
:104040006669746D656E7420307825303558202887
:104050002575292C202564206E6F64652873292C12
:104060002066772025732C207761676F6E2025737B
:10407000203D3D3D0A0047573A2063727970746FC6
:1040800020696E6974206661696C6564202D2073F7
:10409000656E736F722061647665727473206361FC
:1040A0006E6E6F7420626520726561640A004D4116
:1040B000494E3A2073746F72652D616E642D666F80
:1040C000727761726420554E415641494C41424CD1
:1040D00045202D206F66666C696E65207265636F82
:1040E0007264732077696C6C206265204C4F535466
:1040F0000A00424F4F540047573A20616C61726D7D
:104100002077616B65202D20666978206365696C76
:10411000696E67202564207320286E6F74202575D2
:104120002073290A00747269702D2575000A3D3DBF
:104130003D3D2047572025732020757020256C6C4D
:104140006473202025732020636164656E6365209D
:10415000257573203D3D3D3D0A002020676E737339
:104160002025732573202062617474202575252510
:1041700020282575206D5629202064696520256436
:104180002E25644320207175657565642025640AB9
:10419000006E6F6465733A205741524E494E472076
:1041A00069642025752069732074797065202575F0
:1041B0002C20636F6E76656E74696F6E2073617903
:1041C00073202575202D206669746D656E74206DD1
:1041D00061736B2030782530355820697320414D4C
:1041E000424947554F55532C20646F206E6F742001
:1041F00075736520697420666F7220612067726F25
:104200007570204F54410A0042312D41312D4C0030
:1042100042312D41312D520042312D41322D4C0081
:1042200042312D41322D520042322D41312D4C0070
:1042300042322D41312D520042322D41322D4C005F
:1042400042322D41322D520042314C542D4C00420D
:10425000314C542D520042324C542D4C0042324CC1
:10426000542D52004842004231442D4C004231440A
:104270002D52004232442D4C004232442D52004215
:10428000315400423254004E4C3A207365616C2028
:104290006661696C656420666F72206E6F6465206C
:1042A00025750A0073772F6E6C2F637472004E4C65
:1042B0003A2073746167696E672072656164206675
:1042C00061696C65642061742025750A0073772F1D
:1042D0006E6C2F696D67004E4C3A20696D616765A1
:1042E000207365616C206661696C65640A004E4CE0
:1042F0003A206E6F646520257520686173206E6FAB
:1043000020646F776E6C696E6B20636861726163A5
:1043100074657269737469630A004E4C3A206E6F5B
:10432000646520257520726573756D696E672069F7
:104330006D6167652061742025752F257520420AFF
:10434000004E4C3A20777269746520746F206E6F4E
:104350006465202575206661696C65642028617438
:104360007420657272203078253032782C20706885
:10437000617365202564290A004E4C3A206E6F64F3
:104380006520257520636F6D6D616E642064656CBA
:104390006976657265640A004E4C3A206E6F6465FA
:1043A0002025752061726D656420666F7220257509
:1043B00020420A004E4C3A206E6F6465202575201D
:1043C000696D616765206163636570746564202D44
:1043D000207377617073206F6E20697473206E652F
:1043E00078742072657365740A004E4C3A20636FCE
:1043F0006E6E65637420746F206E6F646520257522
:10440000206661696C65642028307825303278290F
:104410000A004E4C3A20636F6E6E5F6C655F63728C
:1044200065617465206661696C656420282564296E
:104430000A004E4C3A206E6F646520257520746921
:104440006D6564206F75740A004E4C3A206E6F647F
:104450006520646F776E6C696E6B2072656164793C
:104460000A004E4C3A206E6F6465202575207468F2
:10447000726573686F6C643D256420687973743D60
:104480002564207175657565640A0073772F6E6CFD
:1044900000756E6B004649525354002020202020A6
:1044A000007075626C69630072616E646F6D00709C
:1044B00075626C69632D69640072616E646F6D2D45
:1044C000696400253032583A253032583A25303266
:1044D000583A253032583A253032583A2530325839
:1044E000202825732900424C453A206E6F646520D0
:1044F00025752028257329204E52504120257320F0
:1045000028726F74617465732065766572792062B4
:1045100075727374202D206E6F7420616E20696433
:10452000656E74697479290A005258202573206ECB
:104530006F64652025752028257329202076616CFD
:10454000202564202076616C322025642020626161
:10455000747420257525252020666C6167732030D2
:1045600078253032582020727373692025640A0040
:10457000424C453A20656E61626C65206661696CEB
:10458000656420282564290A00424C453A2073635B
:10459000616E207374617274206661696C65642059
:1045A000282564290A00424C453A206261636B6702
:1045B000726F756E64206F627365727665722072B9
:1045C000756E6E696E670A004F50454E20286C6507
:1045D00061726E696E67202D206576657279206E36
:1045E0006F646520696E2074686973207761676FF6
:1045F0006E27732067726F75702069732061636323
:1046000065707465642900636C6F73656420286647
:104610006974746564206E6F646573206F6E6C7965
:104620002900424C453A206669746D656E742067B6
:104630006174652025730A00424C453A2064726F0C
:104640007070656420256420636163686564206E12
:104650006F6465287329206E6F206C6F6E676572BA
:1046600020696E206669746D656E7420307825301F
:1046700035580A005354414C450025732D2D2D2DDE
:10468000204E4F4445532028726F73746572202565
:104690006429202D2D2D2D2D2D2D2D2D2D2D2D2D24
:1046A0002D2D2D2D2D2D2D2D2D2D2D2D2D2D2D2D3A
:1046B0002D2D2D2D2D2D2D257300202025327520FB
:1046C000252D387320252D387320204D495353490B
:1046D0004E47257300202025327520252D38732064
:1046E000252D38732020252D357320253364732024
:1046F000207273736920253464202076616C202534
:104700003664202076616C32202536642020626178
:1047100074742025337525252020666C616773200D
:10472000307825303258257300202025642F2564E9
:1047300020686561726425732573006274656D700D
:10474000006C6F616400686272616B65007474650F
:104750006D7000646F6F720047454E004E4F4445C8
:104760002D25732D2530326400637269746963618D
:104770006C00686561727462656174002F616C61C0
:10478000726D002F6576656E740054454C454D3A48
:10479000205245434F5244204C4F5354202D206209
:1047A0007566666572206661696C6564202825649B
:1047B0002C2025752062797465732C202573290AB5
:1047C0000025732F25732F25732F75702F257300E8
:1047D000626B70006C746F00226D74223A220025A7
:1047E000642D25642D25645425643A25643A256496
:1047F0005A006368617267696E67007072657365FD
:104800006E740022707772223A7B22737263223AAE
:10481000222573222C22736F63223A25752C227372
:104820006F6C223A222573222C22626B70223A226C
:104830006E61227D0022707772223A7B227372634E
:10484000223A226C746F222C22736F63223A302C2E
:1048500022736F6C223A22756E6B6E6F776E222C0C
:1048600022626B70223A226E61227D007B226D747F
:10487000223A222573222C227076223A25642C2299
:10488000736571223A25752C226777223A222573A7
:10489000222C2277676E223A222573222C227473EF
:1048A000223A25752C226C6F63223A7B226C61744C
:1048B000223A252E36662C226C6F6E223A252E3631
:1048C000662C22636570223A25752C227379732237
:1048D0003A25737D2C22737064223A252E30662C83
:1048E00025732C2264223A007B22636F6465223A8E
:1048F000222573222C2266726F6D223A257325734E
:1049000025732C22746F223A2573257325732C226C
:104910006E6F6465223A2573257325732C22747299
:104920006970223A2573257325732C22696E666F90
:10493000223A7B7D7D7D003364006862007B226DBE
:104940006F6465223A222573222C226D6F74223AFD
:104950007B22737064223A252E30662C22686467AD
:10496000223A252E30667D2C22656E76223A7B22F5
:1049700074223A25642E25642C2268223A25647D0F
:104980002C22676E7373223A7B22737973223A2545
:10499000732C22666978223A222573222C226E73A8
:1049A0006174223A25752C2268646F70223A252E94
:1049B00031667D2C2273656E73223A5B0025737B12
:1049C000226E6F6465223A222573222C22706F7347
:1049D000223A222573222C22747970223A222573DE
:1049E000222C2276616C223A25732C22756E697412
:1049F000223A222573222C2274223A25732C226219
:104A00006174223A25642C22616765223A256C6C18
:104A1000647D0025737B226E6F6465223A222573C4
:104A2000222C22706F73223A222573222C22747951
:104A300070223A222573222C226D697373223A3137
:104A40007D002573222563220025736E756C6C0032
:104A50005D2C2262616E64223A7B22627267223A86
:104A60005B25735D2C2277686C223A5B25735D7D34
:104A70002C002270777232223A7B22737263223AC0
:104A8000222573222C226C746F223A7B2276223AE2
:104A900025752C22736F63223A25752C2263686773
:104AA000223A222573227D2C22736F6C223A7B22BC
:104AB00076696E223A25752C2269223A25642C22C9
:104AC0007374223A222573227D2C22626B70223A63
:104AD0007B226F6B223A6E756C6C2C2276223A6EBA
:104AE000756C6C2C2272656D223A6E756C6C2C2282
:104AF000757365223A6E756C6C7D2C22617574221B
:104B00003A25737D2C2267736D223A7B2263656C94
:104B10006C223A222573222C2272737369223A2561
:104B2000647D2C22627566223A7B226E223A2564CD
:104B30002C226F6C64223A25752C226E6577223AFE
:104B400025757D2C227570223A256C6C642C2266AA
:104B500077223A222573227D7D00484F545F4245DB
:104B60004152494E470054494C540048414E44423A
:104B700052414B455F4D4F56494E470054414D50B1
:104B800045520054414E4B5F4F56455254454D508F
:104B900000444F4F525F554E415554480053454EC7
:104BA000534F525F4641554C540063726974006321
:104BB000670079656C6C6F77007B22636F64652298
:104BC0003A222573222C22736576223A22257322FB
:104BD0002C226E6F6465223A222573222C22706F7C
:104BE00073223A222573222C2276616C223A2564A4
:104BF0002C22756E6974223A222573222C22746845
:104C000072223A25642C227374223A22736574222C
:104C10002C22616964223A22616C2D2575222C2296
:104C2000737064223A252E30667D7D00636C656169
:104C300072007B22636F6465223A2253454E534FC4
:104C4000525F4641554C54222C22736576223A22FB
:104C50007761726E222C226E6F6465223A22257370
:104C6000222C22706F73223A222573222C22766125
:104C70006C223A312C22756E6974223A2273746167
:104C80007465222C22746872223A25752C22737462
:104C9000223A222573222C22616964223A22616C15
:104CA0002D2575222C22737064223A252E30667DC4
:104CB0007D0054454C454D3A206E6F646520257546
:104CC000206661756C7420616C61726D206465662C
:104CD000657272656420286C696E6B20646F776EF4
:104CE000290A0072657370007B22636964223A228C
:104CF0002573222C22636D64223A222573222C22F2
:104D0000726573223A222573222C226563223A258A
:104D100073257325732C22706C223A25737D7D00D8
:104D20007B22636F6465223A222573222C227365ED
:104D300076223A222573222C226E6F6465223A2550
:104D400073257325732C2276616C223A252E3166E9
:104D50002C22756E6974223A222573222C227468E3
:104D600072223A252E31662C227374223A22257340
:104D7000222C22616964223A22616C2D2575222C35
:104D800022737064223A252E30667D7D00425247A0
:104D90000054544D5000444F4F520042524B005467
:104DA0004845524D3A206469652073656E736F7291
:104DB00020756E617661696C61626C65202D20687A
:104DC000616C742070726F74656374696F6E204FCC
:104DD00046460A00544845524D3A2072656164794E
:104DE000202868616C74203E3D20256420432C20DF
:104DF000726573756D65203C3D2025642043290A4A
:104E000000544845524D3A2025642E256420432005
:104E10002D2054582048414C544544202873352EA9
:104E2000312E3130292C20627566666572696E6795
:104E30000A00544845524D3A2025642E25642043EB
:104E4000202D20545820726573756D65640A0044E6
:104E5000455241494C00494D5041435400444F4F45
:104E6000525F434C4F534500636C6F73656400445D
:104E70004F4F525F4F50454E006F70656E0061702E
:104E8000706C6965640048414E444252414B455F35
:104E90004150504C4945440048414E444252414BD8
:104EA000455F52454C45415345440072656C656110
:104EB000736564004348415247455F53544152541F
:104EC000004348415247455F53544F5000250077F7
:104ED00061726E004E4F44455F4C4F575F424154E4
:104EE000544552590069647800464C41545F574814
:104EF00045454C0042414E445F4348414E474500C2
:104F00004F5645524C4F4144004C4F41445F43483B
:104F1000414E4745005352435F535749544348005D
:104F20004F54413A206466755F7461726765745FBF
:104F30007772697465206661696C656420282564F0
:104F4000290A004F54413A20616C726561647920EE
:104F500072756E6E696E67202573202D2069676EED
:104F60006F72696E670A004F54413A207374617220
:104F700074207665723D25732073697A653D2564DA
:104F80000A004F54413A206466755F746172676528
:104F90007420696E6974206661696C6564202825D7
:104FA00064290A004F54413A20646F776E6C6F6138
:104FB00064206661696C6564202825642C20777202
:104FC0006F7465202564290A004F54413A206466B5
:104FD000755F7461726765745F646F6E652066618A
:104FE000696C656420282564290A004F54413A20E1
:104FF000626F6F745F726571756573745F757067EA
:1050000072616465206661696C6564202825642985
:105010000A004F54413A20696D61676520737461DD
:10502000676564202D2077696C6C207265626F6FF4
:105030007420746F206170706C790A004F54413A8B
:10504000207265626F6F74696E6720696E746F207D
:105050004D4355626F6F7420746F206170706C796E
:10506000207570646174650A007B227374617465D5
:10507000223A222573222C22706374223A25642C52
:1050800022766572223A222573227D0069646C655E
:1050900000646F776E6C6F6164696E67007665722D
:1050A000696679006170706C79696E67006E6F6413
:1050B000656F74613A2073746167652077726974F3
:1050C00065206661696C656420282564290A006E84
:1050D0006F64656F74613A206E65787420746172D4
:1050E000676574206E6F64652025752028257520FE
:1050F0006C656674290A006E6F64656F74613A208E
:1051000063616D706169676E20636F6D706C65744B
:1051100065202D2025752061636365707465642C9E
:10512000202575206661696C65640A006E6F646590
:105130006F74613A20696E7465727275707465641B
:1051400020646F776E6C6F61642064697363617251
:105150006465640A006E6F64656F74613A207265FD
:1051600073756D696E67206E6F64652025752061AB
:10517000742025752F257520420A006E6F64656FB7
:1051800074613A206E6F2073746167696E67207076
:105190006172746974696F6E0A006E6F64656F7412
:1051A000613A20696D616765202564204220657839
:1051B0006365656473202575204220737461676997
:1051C0006E6720617265610A006E6F64656F74615D
:1051D0003A2073746167696E672065726173652038
:1051E0006661696C65640A006E6F64656F74613A2C
:1051F000206665746368696E6720257320282564BE
:1052000020422920666F72202575206E6F64652804
:1052100073292C20747970652025750A006E6F64DF
:10522000656F74613A20646F776E6C6F616420669D
:1052300061696C656420282564290A006E6F6465C5
:105240006F74613A2073746167656420257520422C
:1052500020627574202575204220616E6E6F756E18
:10526000636564202D20726566757365640A006E3F
:105270006F64656F74613A2073746167656420259B
:10528000752042206372632025303478202D2077EA
:10529000616974696E6720666F72206E6F64652045
:1052A00025752077696E646F770A006163636570A6
:1052B000746564004641494C4544006E6F64656FF7
:1052C00074613A206E6F646520257520257320284F
:1052D00025752F25752042290A007B22737461747D
:1052E00065223A222573222C226E6F6465223A25AC
:1052F000752C22706374223A25642C227665722202
:105300003A222573227D006665746368696E6700C2
:1053100073656E64696E6700646F6E65002020209F
:105320002A2A2A204750494F20575249544520469F
:1053300041494C4544202A2A2A005241494C533ABB
:105340002072616973696E672053575F4D454D2028
:10535000284E4F522B4652414D290A005241494C8A
:10536000533A2072616973696E672053575F4158E1
:10537000492028424D41343030290A005241494CDD
:10538000533A2072616973696E672053575F5348BF
:105390005420285348543430202B20493243207065
:1053A000756C6C2D757073290A005241494C533A43
:1053B000206561726C79204F4B202D2053575F4D33
:1053C000454D3D25642053575F4158493D25642094
:1053D00053575F5348543D256425730A00504D3A96
:1053E0002072756E74696D655F6765742825732911
:1053F000206661696C65642025640A004E4F523A4C
:105400002053504920627573206E6F74207265615D
:105410006479202D20666C617368206C6566742049
:10542000646F776E2C206E6F2073746F72652D61C0
:105430006E642D666F72776172640A004E4F523A45
:10544000204A454445432072656164206661696C69
:1054500065642028256429202D20666C61736820EE
:105460006C65667420646F776E0A004E4F523A2066
:105470006E6F20616E7377657220284A45444543FC
:1054800020253032582025303258202530325829F6
:10549000202D20666C617368206C65667420646FD3
:1054A000776E2C204E4F2073746F72652D616E6481
:1054B0002D666F72776172640A004E4F523A206314
:1054C0006865636B205643435F4D454D20617420F2
:1054D00074686520636869702C205643435F5348A5
:1054E000545F534320286974206665656473207493
:1054F000686520484F4C44232F5750232070756C0B
:105500006C2D757073205231312D523135292C207C
:105510007468656E207468652043532F434C4B2F8D
:1055200044492F444F206A6F696E74730A004E4FCE
:10553000523A204A454445432025303258202530F0
:10554000325820253032582062757420737461748B
:10555000757320737461797320425553592028253F
:1055600030325829202D20666C617368206C656686
:105570007420646F776E207261746865722074683D
:10558000616E2068616E67696E672074686520626D
:105590006F6F740A004E4F523A204A4544454320EB
:1055A000253032582025303258202530325820629C
:1055B00075742064726976657220696E69742066FC
:1055C00061696C65642028256429202D206E6F2078
:1055D00073746F72652D616E642D666F7277617280
:1055E000640A004E4F523A2025303258202530327E
:1055F0005820253032582072656164790A004D5573
:10560000583A205354207265616420444953414202
:105610004C454420284D55585F53545F52454144F2
:105620005F454E41424C453D3029202D2050312EC2
:10563000313120756E746F75636865643B207372D9
:10564000632066616C6C73206261636B20746F20F1
:1056500074686520536F4320657374696D61746568
:105660000A005241494C533A2053575F4158492848
:1056700050322E3030293D2564202053575F4D4550
:105680004D2850302E3034293D2564202053575F5B
:105690005348542850302E3035293D25640A005295
:1056A00041494C533A2053575F474E535328503289
:1056B0002E3038293D25642020474E53535F5057E4
:1056C000525F454E2850312E3039293D2564202027
:1056D00053575F4C432850302E3031293D256420EC
:1056E000204C435F52455345542850302E303229C8
:1056F0003D25640A00504D3A2072756E74696D65DF
:105700005F70757428257329206661696C65642053
:1057100025640A004D4F44454D3A207261696C730F
:10572000207570202B202564206D73205642415433
:1057300020736574746C65202D2070756C73696EB0
:1057400067205057524B4559202564206D730A003D
:105750004D4F44454D3A205057524B4559207265A4
:105760006C6561736564202D20706F6C6C696E6769
:1057700020666F7220746865206D6F64756C650AB1
:10578000005744543A20646576696365206E6F74EF
:10579000207265616479202D206761746577617975
:1057A0002072756E7320554E50524F5445435445E8
:1057B000440A005744543A20696E7374616C6C203B
:1057C0006661696C65642028256429202D20676145
:1057D00074657761792072756E7320554E50524F03
:1057E0005445435445440A005744543A2073657461
:1057F0007570206661696C65642028256429202DF8
:1058000020676174657761792072756E7320554EDB
:1058100050524F5445435445440A005744543A208B
:1058200061726D65642C202575206D732074696D1F
:10583000656F75740A00636861726765723A206902
:1058400032633231206E6F742072656164790A00B0
:10585000636861726765723A204251323537393870
:10586000206E6F7420726573706F6E64696E67204E
:1058700061742030782530325820282564290A00A8
:10588000636861726765723A20756E6578706563EA
:1058900074656420706172742069642030782530EA
:1058A0003258206174203078253032580A006368FD
:1058B00061726765723A2042513235373938207249
:1058C000656164790A00747269636B6C650070725B
:1058D0006563686172676500666173740074617006
:1058E000657200746F706F66660033313035343323
:1058F00031323334350070726F766973696F6E655B
:105900006400434F4D50494C452D54494D4520535B
:10591000454544006F76657272696464656E006621
:10592000726F6D20696D6167650073772F69640020
:105930006964656E746974793A207761676F6E2067
:10594000257320282573292C206669746D656E7473
:105950002025730A0047572D2573002028666F6C99
:105960006C6F7720696D616765290073772F6964B3
:105970002F66697400636F6E6669673A20666974A2
:105980006D656E74206F76657272696465202D3E58
:105990002030782530355825730A0073772F6964D5
:1059A0002F7761676F6E00636F6E6669673A207765
:1059B00061676F6E206E756D62657220736574200D
:1059C000746F2025730A00636F6E6669673A2067FB
:1059D00061746577617920424C45205458202D3EF2
:1059E0002025642064426D20286E657874206E6FD7
:1059F0006465206C696E6B290A00636F6E66696767
:105A00003A204C544F206D617020736574202D2016
:105A100066756C6C202575206D562C20656D707434
:105A200079202575206D560A00636F6E6669673AA6
:105A3000207365656465642064656661756C747364
:105A40000A00636F6E6669673A206C6F6164656413
:105A500020286D6F76696E673D2575732069646CCB
:105A6000653D25757320696D706163743D25756DA5
:105A70006720676E73733D2575290A000A20202A66
:105A80002A2A2A2A2A2A2A2A2A2A2A2A2A2A2A2A76
:105A90002A2A2A2A2A2A2A2A2A2A2A2A2A2A2A2A66
:105AA0002A2A2A2A2A2A2A2A2A2A2A2A2A2A2A2A56
:105AB0002A2A2A0A20202A202044454255475F549A
:105AC00052414345203D203120202D202042454E8B
:105AD0004348204255494C442C20444F204E4F54BB
:105AE000205348495020202020202A0A20202A2004
:105AF00020636164656E6365206E6F77206D6F76DD
:105B0000696E673D252D3475732069646C653D258C
:105B10002D347573202020202020202020202020BC
:105B20002020202A0A20202A20205244534F20736C
:105B3000372E34207265717569726573203130209B
:105B40006D696E3B2073352E312E323020626174C8
:105B500074657279206C69666520202A0A20202AE3
:105B6000202069732063616C63756C6174656420C7
:105B700066726F6D2069742E20536574204445420F
:105B800055475F545241434520302E20202020208D
:105B90002020202A0A20202A2A2A2A2A2A2A2A2AB7
:105BA0002A2A2A2A2A2A2A2A2A2A2A2A2A2A2A2A55
:105BB0002A2A2A2A2A2A2A2A2A2A2A2A2A2A2A2A45
:105BC0002A2A2A2A2A2A2A2A2A2A2A0A0A00776715
:105BD0006E3A25730053485434303A20616E73771F
:105BE0006572696E67206174203078253032582CD8
:105BF000206E6F7420307834340A00424D413430C6
:105C0000303A204932432072656164206661696CD4
:105C100065642028256429202D20636865636B2036
:105C20007468652053575F415849207261696C2040
:105C30002850322E3030292C20746865206275730C
:105C40002070756C6C2D7570732C20616E642074DF
:105C500068617420746865207061727420697320B3
:105C6000706F70756C617465640A00424D41343028
:105C7000303A2077726F6E672063686970206964BC
:105C80002030782530327820286578706563746517
:105C9000642030783930290A00424D413430303A9E
:105CA0002072656164792028C2B13136672C2049A1
:105CB0004E54312D3E50312E3136290A0073746F07
:105CC000726167653A20666C6173685F61726561D5
:105CD0005F6F70656E206661696C6564202825645D
:105CE000290A0073746F726167653A202575207206
:105CF00065636F72647320627566666572656420A1
:105D0000284652414D290A0073746F726167653AE3
:105D1000204652414D206D65746164617461207547
:105D20006E757361626C65202D2072656275696C99
:105D300064696E672066726F6D20666C6173680AB5
:105D40000073746F726167653A206E6F204652412E
:105D50004D202D2072696E67207374617465206315
:105D60006F6D65732066726F6D2074686520666C58
:105D7000617368207363616E0A0073746F72616788
:105D8000653A206E6F207265636F726473206F6E68
:105D900020666C617368202D207374617274696E63
:105DA0006720656D7074790A0073746F726167653E
:105DB0003A2072656275696C742066726F6D206638
:105DC0006C617368202D202575207265636F726485
:105DD0002873292C207461696C2025752068656101
:105DE00064202575207365712025750A0073746F12
:105DF000726167653A20726573796E63202D207336
:105E00006B697070656420257520736C6F742873DE
:105E100029206F662064616D616765642072656327
:105E20006F72640A0073746F726167653A206E6FF7
:105E30002076616C6964207265636F726420666F9E
:105E4000756E64202D2072696E67207265736574AB
:105E50000A0073746F726167653A207265636F72CE
:105E6000642025642042206578636565647320633F
:105E7000616C6C65722062756666657220256420AF
:105E8000420A002425732A253032580D0A00323088
:105E9000253032642D253032642D2530326454256E
:105EA0003032643A253032643A253032645A004741
:105EB0004E53533A20756172743330206E6F7420E4
:105EC00072656164790A00474E53533A206C6973D6
:105ED00074656E696E67206F6E2075617274333001
:105EE000202852583D50302E30362C2054583D50EA
:105EF000302E3030290A00312C302C302C302C3010
:105F00002C3000302C302C302C302C302C31003107
:105F10002C312C312C312C312C3100504149523054
:105F200036362C2573005041495235313300474EE7
:105F300053533A20636F6E7374656C6C6174696F50
:105F40006E20636667202575206170706C696564DA
:105F50002028504149523036362C2573290A005BDF
:105F60005D002573222573220056414C49440028C8
:105F70006E6F6E652072656365697665642900479A
:105F80004E535320646961673A207278202575204A
:105F900062797465732C2025752073656E74656E47
:105FA00063657320282575206261642063686563DA
:105FB0006B73756D292C20524D43202575202F20A1
:105FC0004747412025750A002020666978202573FF
:105FD00020207175616C69747920257520207361AA
:105FE0007473202575202068646F7020252E31661B
:105FF00020206C617420252E3666206C6F6E202563
:106000002E36660A0020206C6173742073656E74EE
:10601000656E63653A2025730A0020202D3E204ED0
:106020004F2042595445532E204D6F64756C6520A6
:10603000756E706F77657265642C206F7220525890
:10604000206973206E6F74206F6E2050302E3036B2
:106050002E0A0020202D3E2042797465732062753F
:1060600074206E6F206672616D65642073656E7456
:10607000656E6365733A2062617564207261746550
:106080002077726F6E6720286578706563742031A1
:10609000313532303029206F7220746865206C6988
:1060A0006E65206973206E6F6973652E0A0020206B
:1060B0002D3E2053656E74656E6365732061727248
:1060C0006976696E6720627574206E6F20524D4349
:1060D0002F474741206163636570746564202D20FC
:1060E000636865636B20746865206261642D636812
:1060F00065636B73756D20636F756E742061626F7D
:1061000076652E0A0020202D3E2052656365697653
:1061100065722069732074616C6B696E67206275AB
:106120007420686173206E6F2066697820796574C9
:106130003A20636F6C6420616C6D616E6163206EE8
:1061400065656473206F70656E20736B7920616E76
:10615000642063616E2074616B652073657665727F
:10616000616C206D696E757465732E0A00676C6FC3
:106170006E6173730067616C696C656F006265695D
:10618000646F7500717A73730045433230303A2082
:10619000646F776E6C696E6B2071756575652066CE
:1061A000756C6C202D20636F6D6D616E6420647260
:1061B0006F707065640A0045433230303A20646F76
:1061C000776E6C696E6B20555243206361707475F5
:1061D0007265640A002B514D54524543563A0045AE
:1061E000433C2025730A0045433E2025730A0041A5
:1061F000540D0A004F4B004552524F520041544536
:10620000300041540041504E3A2053494D206E6FAA
:10621000742052454144592028636865636B2053BC
:10622000494D2073656174696E67202F2050494E77
:10623000290A0041542B51434349440D0A002B5174
:10624000434349443A0041504E3A2025730A0041E5
:10625000542B43494D490D0A0041542B43474154A7
:10626000543D310041542B43474154543F0D0A00E3
:106270002B43474154543A2030002B434741545458
:106280003A2031002B43455245473A0041542B43B5
:10629000455245473F0041504E3A20776169746945
:1062A0006E6720666F72206E6574776F726B206107
:1062B00074746163682E2E2E0A0041504E3A206E8F
:1062C0006F202B434744434F4E5420726573706FC9
:1062D0006E73650A0041504E3A20636F756C6420FE
:1062E0006E6F7420706172736520272573270A0012
:1062F00041542B51494143543F0D0A002B51494110
:1063000043543A0041504E3A20636F6E746578747E
:106310002073746174653A2025730A0041504E3A27
:10632000203D3D3D3E2053494D20697320757369E2
:106330006E672041504E2022257322203C3D3D3D7A
:106340000A0041504E3A20707574207468697320B9
:10635000696E2043454C4C5F41504E20286170705F
:106360005F636F6E6669672E68290A0041504E3A76
:10637000206E6F74206174746163686564202D20E1
:106380006E6F2041504E2061737369676E656420A3
:106390007965740A0041542B434744434F4E543FA0
:1063A0000D0A002B434744434F4E543A20310041DD
:1063B000504E3A206D6F64656D206E6F742072656B
:1063C00073706F6E64696E6720746F2041540A00A9
:1063D00041542B434D45453D3200524541445900FF
:1063E00041542B4350494E3F0045433230303A2010
:1063F000756172743232206E6F74207265616479D7
:106400000A0045433230303A2075617274323220CE
:106410007265616479202854583D50312E30362CF5
:106420002052583D50312E3037290A004543323032
:10643000303A206E6F20726573706F6E73652074D2
:106440006F2041540A0045433230303A2053494DC1
:10645000206E6F742052454144592028636865635B
:106460006B2053494D2F50494E290A004543323085
:10647000303A2077616974696E6720666F72206EAA
:106480006574776F726B206174746163682E2E2E51
:1064900020282564290A0061697274656C6770722E
:1064A000732E636F6D0045433230303A2041504EB9
:1064B00020222573222052454A45435445442062F8
:1064C0007920514943534750202D20636865636B01
:1064D000207370656C6C696E670A002B51494143EB
:1064E000543A20312C310041542B51494143543FFF
:1064F0000045433230303A2050445020636F6E7470
:1065000065787420616C7265616479206163746977
:106510007665202D2072657573696E672069740A2F
:106520000041542B51494143543D310045433230E1
:10653000303A2051494143542072657472792025C4
:1065400064202841504E2022257322290A004154FC
:106550002B514944454143543D310045433230308D
:106560003A205044502061637469766174696F6E9B
:10657000206661696C65642061667465722072656D
:1065800074726965732E20436865636B2C20696E95
:10659000206F726465723A2053494D2064617461C2
:1065A00020706C616E206163746976652C20636F66
:1065B000766572616765202841542B435351292C1D
:1065C000207468656E207468652041504E20282232
:1065D000257322292E2049662061205052455649B4
:1065E0004F5553206379636C6520776F726B6564D8
:1065F0002C207468652041504E206973206E6F74A2
:10660000207468652070726F626C656D2E0A00459B
:10661000433230303A206461746120636F6E6E657E
:106620006374696F6E2075700A0045433230303AEA
:10663000206E6F74206174746163686564202D201E
:10664000636865636B20616E74656E6E612F636F46
:106650007665726167652C2053494D2064617461D1
:1066600020706C616E2C20616E642041504E202899
:1066700022257322290A0041542B51494353475084
:106680003D312C312C222573222C22222C22222C2B
:1066900031002B514D54434F4E4E3A20302C330095
:1066A00041542B514D54434F4E4E3F0045433230E1
:1066B000303A2073657373696F6E20616C72656127
:1066C0006479207570202D2073756273637269621E
:1066D000696E67206F6E20697420286E6F74207257
:1066E000656F70656E696E67290A0041542B514DC4
:1066F00054434C4F53453D300041542B514D54436E
:1067000046473D2273657373696F6E222C302C30BF
:106710000041542B514D544346473D2272656376E8
:106720002F6D6F6465222C302C302C300041542B9F
:10673000514D544346473D2277696C6C222C302CD6
:10674000312C312C312C222573222C227B5C22739C
:10675000745C223A5C226F66666C696E655C222C02
:106760005C2274735C223A25757D220045433230E9
:10677000303A204A534F4E2077696C6C2072656A1C
:106780006563746564202D2066616C6C696E67209A
:106790006261636B20746F20612062617265207397
:1067A0007472696E67202873372E332064657669AA
:1067B0006174696F6E206F6E20746865204C575449
:1067C000206F6E6C79290A0041542B514D54434679
:1067D000473D2277696C6C222C302C312C312C31C6
:1067E0002C222573222C226F66666C696E6522004E
:1067F00045433230303A20636C69656E74206275AF
:106800007379202D2072656C656173696E672073E2
:106810006F636B657420300A0041542B514D544412
:106820004953433D300041542B514D54434C4F5339
:10683000453D300D0A002B514D54434C4F53453AC2
:1068400020302C300045433230303A207374696C6C
:106850006C2062757379202D207265737461727477
:10686000696E67206D6F64656D20284346554E3D07
:10687000312C31290A0041542B4346554E3D312CD1
:10688000310039352E3231362E3136372E3338003D
:1068900041542B514D544F50454E3D302C222573C1
:1068A000222C2564002B514D544F50454E3A203038
:1068B0002C300045433230303A20514D544F504532
:1068C0004E206661696C6564206166746572207231
:1068D00065636F7665727920617474656D70747329
:1068E0002028726573756C742032203D20636C69BA
:1068F000656E7420627573792C2034203D20444EDF
:10690000532C2033203D2050445020646F776E2953
:106910000A0041542B514D54434F4E4E3D302C22D2
:106920002573222C222573222C22257322004A6EE5
:10693000564D51403135303721006A6E765F6D71AA
:106940007474002B514D54434F4E4E3A20302C302E
:106950002C300045433230303A20514D54434F4E95
:106960004E206661696C65640A0041542B514D5498
:106970005355423D302C312C2225732F25732F2562
:10698000732F646E2F636D64222C31002B514D5494
:106990005355423A20302C310045433230303A20B2
:1069A000514D5453554220646E2F636D64206661CF
:1069B000696C65640A0041542B514D545355423D56
:1069C000302C322C2225732F616C6C2F646E2F6358
:1069D0006D64222C31002B514D545355423A2030D6
:1069E0002C320045433230303A20514D54535542F9
:1069F00020616C6C2F646E2F636D64206661696C1E
:106A000065640A0045433230303A204D51545420D9
:106A1000636F6E6E656374656420746F2025733ACE
:106A200025642028737562736372696265642064EB
:106A30006E2F636D64290A002F616C6C2F646E2FBA
:106A4000636D64002B514D54444953433A20302C1C
:106A50003000504F574552454420444F574E004157
:106A6000542B51504F57443D310041542B51485401
:106A700054504346473D22636F6E74657874696471
:106A8000222C310041542B51485454504346473D29
:106A900022726573706F6E736568656164657222DA
:106AA0002C300041542B51485454504346473D220A
:106AB00073736C6374786964222C310041542B51D8
:106AC00053534C4346473D2273736C76657273692A
:106AD0006F6E222C312C340041542B5153534C43B4
:106AE00046473D22636970686572737569746522F3
:106AF0002C312C3078464646460041542B51535396
:106B00004C4346473D227365636C6576656C222C69
:106B1000312C300041542B5153534C4346473D22B6
:106B200069676E6F72656C6F63616C74696D652205
:106B30002C312C310041542B514854545055524C57
:106B40003D25642C333000434F4E4E4543540041A5
:106B5000542B51485454504745543D36300D0A008B
:106B60002B51485454504745543A002B51485454E3
:106B7000504745543A2025642C25642C2564004553
:106B8000433230303A2051485454504745542066DF
:106B900061696C656420282573290A0045433230F9
:106BA000303A20485454502025642C206E6F7420B5
:106BB000323030202D2077726F6E672055524C2C6A
:106BC00020612072656469726563742C206F722085
:106BD000617574682072657175697265642E2055DF
:106BE0007365207468652046494E414C2075726C6F
:106BF0002028666F72204769744875622074686146
:106C000074206973207261772E6769746875627584
:106C1000736572636F6E74656E742E636F6D2C2076
:106C20006E6F74206769746875622E636F6D290AD0
:106C30000045433230303A20646F776E6C6F616488
:106C4000696E6720256420627974657320286874F2
:106C50007470202564290A0041542B514854545023
:106C6000524541443D36300D0A0045433230303AFA
:106C700020646F776E6C6F6164207374616C6C65F7
:106C8000642C202564206C6566740A002B514854DE
:106C90005450524541443A2030004D533C20415419
:106CA000202D3E204F4B0A002873696C656E63658A
:106CB00029004D533F2020252D313273202D3E20B9
:106CC00025730A004D533E2025730A004D533C2086
:106CD00025730A0041542B514D545055423D302CE0
:106CE00025752C312C25642C22257322004D533A16
:106CF000206E6F20273E272070726F6D70740A001F
:106D00002B514D545055423A002B514D5450554241
:106D10003A2025642C25642C2564004D533A2070BC
:106D200075626C697368207265667573656420614D
:106D30006674657220726574726965732028726565
:106D400073756C74202564290A004D533A206E6FC8
:106D500020726573706F6E736520746F20514D548F
:106D600050554220696E20313520730A004D533A48
:106D7000207075626C69736820257320282573293B
:106D80000A007B227374223A226F6E6C696E652250
:106D90002C227473223A25757D004D533A2073746A
:106DA00061747573204F4E4C494E45207075626C6E
:106DB000697368656420282573290A004D533A20B9
:106DC000737461747573204F4E4C494E4520707535
:106DD000626C697368204641494C45440A004D5332
:106DE0003A206D6F64656D20616C72656164792015
:106DF00075700A004D533A2073696C656E74202DCE
:106E00002070756C73696E67205057524B45590A54
:106E1000004D533A20626F6F7420746578742C2093
:106E200025642062797465730A004D533A207570A9
:106E300020616674657220256C6C64206D73206F10
:106E40006620706F6C6C696E670A004D533A206E55
:106E50006F20616E7377657220696E202564206DE6
:106E600073206166746572205057524B45590A0071
:106E70004D533A205741524E494E47202D207065C0
:106E80007273697374656E742073657373696F6E62
:106E9000206E6F74207365743B2074686520627285
:106EA0006F6B65722077696C6C2044524F50206381
:106EB0006F6D6D616E6473207175657565642077A3
:106EC00068696C652061736C6565700A0041542BBC
:106ED000514D544346473D226B656570616C697640
:106EE00065222C302C3630004D533A205741524EFB
:106EF000494E47202D206B656570616C6976652071
:106F00006E6F74207365743B2061206761746577D0
:106F100061792074686174206469657320756E6797
:106F20007261636566756C6C79206D61792072653C
:106F3000616420226F6E6C696E652220666F7265D7
:106F40007665720A0041542B514D544346473D2209
:106F500077696C6C222C302C312C312C312C222571
:106F600073222C227B2222737422223A22226F6601
:106F7000666C696E6522222C2222747322223A25C5
:106F8000757D220041542B514D544346473D227795
:106F9000696C6C222C302C312C312C312C22257335
:106FA000222C7B227374223A226F66666C696E65AE
:106FB000222C227473223A25757D004D533A207796
:106FC000696C6C20616363657074656420776974B3
:106FD000682022222071756F74696E670A004D5314
:106FE0003A206E6F204A534F4E2077696C6C2066B2
:106FF0006F726D206163636570746564202D207508
:1070000073696E67206120626172652073747269B2
:107010006E67202873372E33206465766961746942
:107020006F6E206F6E20746865204C5754206F6E11
:107030006C79290A004D533A2077696C6C206163A2
:1070400063657074656420756E71756F7465640A2C
:10705000004D533A2053494D206E6F7420524541E4
:1070600044590A0041542B43474154543F004D5367
:107070003A206E6F206E6574776F726B2061747446
:107080006163682061667465722036302073202D3C
:1070900020737461746520666F6C6C6F77730A007F
:1070A00041542B4353510041542B435245473F0019
:1070B00041542B434F50533F002B4353513A002B25
:1070C0004353513A202564004D533A207369676E4B
:1070D000616C2025642064426D2028435351202593
:1070E00064290A0041542B43455245473D32004133
:1070F000542B514C54533D32002B514C54533A00B5
:1071000041542B43434C4B3F002B43434C4B3A00E1
:1071100025642F25642F25642C25643A25643A259F
:10712000642564004D533A20636C6F636B20736574
:10713000742066726F6D206E6574776F726B202D90
:107140002065706F636820256C64202825303464C6
:107150002D253032642D2530326420253032643ABA
:10716000253032643A253032645A290A004D533AA8
:10717000206E6574776F726B2074696D6520696D20
:10718000706C61757369626C65202D207473207357
:107190007461797320300A004D533A206E6F206E6F
:1071A0006574776F726B2074696D652061766169B3
:1071B0006C61626C65202D20747320737461797327
:1071C000203020756E74696C206120474E53532027
:1071D0006669780A004D533A2041504E20222573AB
:1071E000222072656A65637465640A004D533A2013
:1071F0005044502061637469766174696F6E2066D3
:1072000061696C65640A002B514D544F50454E3AEC
:1072100020300041542B514D544F50454E3F004DAE
:10722000533A2062726F6B657220736F636B657483
:10723000206661696C65640A004D533A204D5154D3
:107240005420636F6E6E6563742072656675736536
:10725000640A004D533A20434F4E4E454354454433
:1072600020746F2025733A25642061732025730AEA
:10727000004D533A206D6F64656D20646964206E23
:107280006F7420616E737765722041540A004D530C
:107290003A2073657373696F6E207374616C652037
:1072A0002D2072656275696C64696E670A00686595
:1072B000617020636F7272757074696F6E20286ED2
:1072C0006F7420696E207573653F292061742025D5
:1072D00070006865617020636F7272757074696F99
:1072E0006E2028627566666572206F766572666CC0
:1072F0006F773F29206174202570006865617020D8
:10730000636F7272757074696F6E2028646F756236
:107310006C6520667265653F2920617420257000C8
:107320006F735F686561700028756E7369676E655D
:1073300064292063686172202A2075736564206661
:107340006F722025257020617267756D656E742ED1
:107350002049742773207265636F6D6D656E646577
:107360006420746F206361737420697420746F20CB
:10737000766F6964202A2062656361757365206990
:1073800074206D6179206361757365206D69736226
:1073900065686176696F7220696E206365727461D9
:1073A000696E20636F6E66696775726174696F6E6E
:1073B000732E20537472696E673A222573222061FE
:1073C0007267756D656E743A2564006362707269E8
:1073D0006E74665F7061636B616765004661696CBE
:1073E000656420746F207265626F6F743A207370E9
:1073F000696E6E696E6720656E646C6573736C7917
:107400002E2E2E0A007379735F6765746F70740097
:107410004E5653206E6F7420696E697469616C6991
:107420007A656400436F756C64206E6F74206F62C0
:107430007461696E20666C61736820706172616D41
:10744000657465727300556E737570706F727465D4
:107450006420777269746520626C6F636B20736956
:107460007A6500536563746F722073697A652025AD
:107470007520746F6F206C617267652C206D617868
:10748000696D756D20697320257A7500556E61628E
:107490006C6520746F206765742070616765206972
:1074A0006E666F00496E76616C6964207365637403
:1074B0006F722073697A6500436F6E6669677572D3
:1074C0006174696F6E206572726F72202D20736512
:1074D00063746F7220636F756E740025642053654A
:1074E00063746F7273206F662025642062797465FF
:1074F0007300616C6C6F63207772613A2025642C95
:107500002025780064617461207772613A202564D7
:107510002C20257800474320446F6E65206D6172F2
:107520006B657220666F756E64004E6F2047432056
:10753000446F6E65206D61726B657220666F756E4B
:10754000643A2072657374617274696E6720676350
:107550000066735F6E7673006C6F6767696E6700B5
:107560006C6F67006C6F675F6D676D74004D65735E
:1075700073616765202822257322292064726F7049
:107580007065642062656361757365206974206548
:107590007863656564732073697A65206C696D69C9
:1075A000746174696F6E2028257529004D657373A9
:1075B0006167652064726F707065642062656361E5
:1075C00075736520697420657863656564732073DD
:1075D000697A65206C696D69746174696F6E2028C1
:1075E000257529001B5B306D00257320005B25305D
:1075F000386C755D20005B253032753A2530327568
:107600003A253032752E253033752C253033755D93
:1076100020003C25733E200025732F0025733A205F
:10762000002530327820007C002563001B5B313B55
:1076300033316D001B5B313B33336D0077726E006D
:10764000696E6600646267006C6F675F6261636B9E
:10765000656E645F75617274006C6F675F756172EF
:1076600074006163746976650073757370656E6428
:10767000656400706D5F64657669636500556E6270
:10768000616C616E6365642073757370656E640010
:107690004275666665722073697A65206973206237
:1076A0006967676572207468616E20706167650044
:1076B0004572726F72202564207768696C65206757
:1076C000657474696E67207061676520696E666FA6
:1076D000004572726F72202564207768696C65209E
:1076E00065726173696E672070616765007374729B
:1076F00065616D5F666C6173685F666F72776172FA
:10770000645F65726173652025642072616E6765D0
:107710003D30782530387A7800666C6173685F7721
:1077200072697465206572726F72202564206F66BD
:10773000667365743D30782530387A7800666C6100
:1077400073682072656164206661696C65643A20C3
:1077500025640063616C6C6261636B206661696CB7
:1077600065643A2025640042756666657220736917
:107770007A65206973206E6F7420616C69676E652D
:107780006420746F206D696E696D616C2077726919
:1077900074652D626C6F636B2D73697A6500496E39
:1077A000636F727265637420706172616D65746578
:1077B000720053697A6520697320696E636F727213
:1077C00065637400526571756573746564207261D8
:1077D0006E6765206F766572666C6F7773205349AC
:1077E0005A455F4D4158004465766963652073656D
:1077F000656D7320746F2068617665203020736931
:107800007A65005265717565737465642072616E86
:107810006765206F766572666C6F77732064657636
:107820006963652073697A650053545245414D5F21
:10783000464C41534800666C6173685F696D670030
:107840007365742D76616C7565206661696C7572FF
:10785000652E206B65793A202573206572726F72F0
:10786000282564290073657474696E677300536911
:107870007A65206F6620434F4E4649475F464C412C
:1078800053485F46494C4C5F4255464645525F530C
:10789000495A45004E65676174697665206F666672
:1078A000736574206E6F7420616C6C6F7765640A09
:1078B00000496E636F72726563742073697A652024
:1078C0006F72206F666673657420616C69676E6D98
:1078D000656E742C20657870656374656420257A04
:1078E000780A0046696C6C20746F206465762025E8
:1078F00070206661696C6564206174206F666673D0
:107900006574203078257A780A002A2A2A20426F66
:107910006F74696E67206E524620436F6E6E6563AA
:10792000742053444B2076332E342E302D39393584
:10793000353330353536303762202A2A2A0A002A74
:107940002A2A205573696E67205A657068797220FB
:107950004F532076342E342E302D62663830316508
:10796000346533643139202A2A2A0A0072302F61A3
:10797000313A2020307825303878202072312F613C
:10798000323A2020307825303878202072322F612A
:10799000333A20203078253038780072332F613424
:1079A0003A2020307825303878207231322F6970B3
:1079B0003A2020307825303878207231342F6C729C
:1079C0003A20203078253038780020787073723A69
:1079D000202030782530387800735B2532645D3A9A
:1079E00020203078253038782020735B2532645D84
:1079F0003A20203078253038782020735B25326497
:107A00005D3A20203078253038782020735B25328D
:107A1000645D3A20203078253038780066707363D2
:107A2000723A2020307825303878004661756C74C1
:107A3000696E6720696E737472756374696F6E2006
:107A40006164647265737320287231352F70632905
:107A50003A2030782530387800556E68616E646C55
:107A60006564204952516E3A202564002A2A2A2A48
:107A70002A205553414745204641554C54202A2A37
:107A80002A2A2A0020204469766973696F6E206271
:107A900079207A65726F002020556E616C69676E7F
:107AA0006564206D656D6F727920616363657373C2
:107AB000002020537461636B206F766572666C6F73
:107AC000772028636F6E7465787420617265612019
:107AD0006E6F742076616C6964290020204E6F20DF
:107AE000636F70726F636573736F7220696E737406
:107AF00072756374696F6E73002020496C6C6567E2
:107B0000616C206C6F6164206F66204558435F5242
:107B1000455455524E20696E746F2050430020200A
:107B2000496C6C6567616C20757365206F662074A5
:107B300068652045505352002020417474656D7073
:107B40007420746F206578656375746520756E6444
:107B50006566696E656420696E73747275637469B5
:107B60006F6E002A2A2A2A2A204D50552046415558
:107B70004C54202A2A2A2A2A002020537461636B3D
:107B8000696E67206572726F722028636F6E74650C
:107B900078742061726561206D6967687420626520
:107BA000206E6F742076616C696429002020556E08
:107BB000737461636B696E67206572726F72002007
:107BC0002044617461204163636573732056696F5B
:107BD0006C6174696F6E0020204D4D46415220410A
:107BE0006464726573733A203078257800202049E8
:107BF0006E737472756374696F6E2041636365732D
:107C0000732056696F6C6174696F6E002020466C3A
:107C10006F6174696E672D706F696E74206C617A24
:107C20007920737461746520707265736572766112
:107C300074696F6E206572726F72002A2A2A2A2A6E
:107C400020425553204641554C54202A2A2A2A2A9C
:107C5000002020537461636B696E67206572726FD8
:107C600072002020507265636973652064617461DD
:107C700020627573206572726F7200202042464147
:107C80005220416464726573733A2030782578001D
:107C90002020496D70726563697365206461746149
:107CA00020627573206572726F72002020496E73B6
:107CB0007472756374696F6E206275732065727279
:107CC0006F720052657365727665642045786365EE
:107CD0007074696F6E20280053707572696F7573C8
:107CE00020696E7465727275707420284952512033
:107CF00000535053454C20696E207468726561646E
:107D0000206D6F646520646F6573206E6F742069E9
:107D10006E64696361746520505350002A2A2A2AD0
:107D20002A2048415244204641554C54202A2A2AB0
:107D30002A2A002020427573206661756C74206FBA
:107D40006E20766563746F72207461626C65207258
:107D50006561640020204465627567206576656E04
:107D6000740020204661756C7420657363616C61DA
:107D700074696F6E20287365652062656C6F772962
:107D800000415243485F4558434550542077697439
:107D90006820726561736F6E2025780A002A2A2A8E
:107DA0002A2A204465627567206D6F6E69746F7250
:107DB00020657863657074696F6E202A2A2A2A2AE2
:107DC000002A2A2A2A2A20257320256429202A2AE3
:107DD0002A2A2A006D7075004661696C65642074FA
:107DE0006F20616C6C6F63617465206E6577204DE8
:107DF000505520726567696F6E2025750A005061C5
:107E000072746974696F6E2025753A20636F6865B6
:107E100072656E636520636865636B206661696C7B
:107E200065642E00496E76616C696420756E6465C8
:107E3000726C79696E6720726567696F6E20696E12
:107E400064657820257500464C4153485F300053E7
:107E500052414D5F3000657869740061626F7274E1
:107E600028290A006E65745F627566006E65745F2E
:107E70006275665F73696D706C6500736F63007225
:107E800063004661696C656420746F206F70656E75
:107E900020666C6173682061726561204944202509
:107EA000753A202564004661696C656420746F2012
:107EB0007265616420646174612066726F6D206612
:107EC0006C61736820617265613A202564004661C7
:107ED000696C656420746F20657261736520666CDF
:107EE00061736820617265613A20256400466169AA
:107EF0006C656420746F20726561642064617461D4
:107F00002066726F6D20666C6173683A202564008C
:107F1000736C6F740076657273696F6E003C3F3FDF
:107F20003F3E006861736800626F6F7461626C65E8
:107F30000070656E64696E6700636F6E6669726D6E
:107F40006564007065726D616E656E7400696D6167
:107F50006765730073706C69745374617475730032
:107F60004661696C656420626F6F745F7365745FEE
:107F70006E657874207769746820636F6465202566
:107F8000642C20666F7220736C6F742025642C2023
:107F9000776974682061637469766520736C6F74A7
:107FA00020256420616E6420636F6E6669726D20A7
:107FB000256400636F6E6669726D002568752E25F5
:107FC00068752E256875002E25750073686100752B
:107FD00070677261646500496D6167652075706CDA
:107FE0006F616420696E7370656374206661696C8B
:107FF00065643A2025640049727265636F76657224
:1080000061626C65206572726F723A20666C617392
:1080100068207772697465206661696C65643A20CE
:108020002564006D63756D67725F696D675F677268
:108030007000666F726365006D63756D67725F6F68
:10804000735F6772700042542064697361626C658B
:10805000206661696C6564206265666F7265207276
:1080600065626F6F743A202564006F735F6D676D92
:10807000745F7265626F6F745F6274006D63756DBB
:10808000677220736D70006D63756D67725F736DDD
:108090007000426C7565746F6F746820534D50208A
:1080A0007472616E73706F72742072656769737435
:1080B0006572206661696C6564202865727220258E
:1080C0006429004E756C6C20637064206F626A6571
:1080D000637420666F7220636F6E6E656374696F80
:1080E0006E202570004254204C5720575100627476
:1080F0005F627566006D616C666F726D65642061AC
:1081000064766572746973696E6720646174612056
:108110002575202F2025750062745F6461746100ED
:108120004461746120627566666572206F7665725F
:10813000666C6F7720286C696E6B2074797065208F
:108140003078253032782900556E61626C65207474
:108150006F206C6F6F6B20757020636F6E6E207771
:108160006974682068616E646C65202575004572CD
:10817000726F72207768696C6520757064617469CC
:108180006E6720746865207363616E6E6572202867
:1081900025642900556E61626C6520746F206C6FD8
:1081A0006F6B757020636F6E6E20666F72206861F2
:1081B0006E646C6520257500486172647761726534
:1081C000206572726F722C206861726477617265CB
:1081D00020636F64653A20256400436F756C6420EA
:1081E0006E6F74207375626D69742072785F776F3B
:1081F000726B3A20256400556E61626C6520746F65
:1082000020616C6C6F63617465206275666665726F
:1082100000556E68616E646C6564206576656E7489
:1082200020307825303278206C656E2025753A2014
:10823000257300657674206E756D5F68616E646C81
:10824000657320283D25752920746F6F206C61723D
:1082500067652028257A75203E20257529004E6FF8
:1082600020636F6E6E656374696F6E20666F722037
:1082700068616E646C65202575007061636B657460
:108280007320636F756E74206D69736D61746368BC
:1082900000546F6F20736D616C6C2028257520620F
:1082A0007974657329206576656E74203078253081
:1082B000327800496E76616C6964204843492065D4
:1082C00076656E742073697A6520282575290049C2
:1082D0006E76616C6964204C45206D657461206523
:1082E00076656E742073697A652028257529005794
:1082F0004553545F544F504449522F7A6570687902
:10830000722F7375627379732F626C7565746F6FFA
:1083100074682F686F73742F6863695F636F726529
:108320002E63006576745F666C6167732026202873
:1083300031554C203C3C20283029290041535345DD
:108340005254494F4E204641494C205B25735D20D5
:10835000402025733A25640A00496E76616C696491
:1083600020627566207479706520257500496E76E7
:10837000616C6964204843492041434C207061632B
:108380006B65742073697A6520282575290041433F
:108390004C2064617461206C656E677468206D693F
:1083A000736D617463682028257520213D20257533
:1083B0002900556E61626C6520746F2066696E6479
:1083C00020636F6E6E20666F722068616E646C65EC
:1083D0002025750062745F6863695F6576745F6706
:1083E00065745F666C616773286864722D3E65769C
:1083F00074292026202831554C203C3C2028312946
:108400002900556E6B6E6F776E20627566207479E9
:10841000706520257500556E68616E646C6564201A
:1084200076656E646F722D7370656369666963202B
:108430006576656E7420307825303278206C656EF4
:108440002025753A202573004E6F20636F6D6D6196
:108450006E642073656E7420666F7220636D642095
:10846000636F6D706C6574652030782530347800EA
:108470004F70436F64652030782530347820636F07
:108480006D706C6574656420696E737465616420D9
:108490006F66206578706563746564203078253078
:1084A000347800696E74657276616C2065786365F6
:1084B000656473207468652076616C6964207261FC
:1084C0006E6765202575207573006C6174656E6339
:1084D00079206578636565647320746865207661CA
:1084E0006C69642072616E6765203078253034785D
:1084F00000737570765F74696D656F75742065784B
:108500006365656473207468652076616C696420B6
:1085100072616E67652030782530347800756E6B37
:108520006E6F776E005B305D004843492074726166
:108530006E73706F72743A20257300534443004980
:1085400064656E7469747925733A202573004964F3
:10855000656E746974795B25645D3A202573004803
:1085600043493A2076657273696F6E20257320281F
:1085700030782530327829207265766973696F6E9C
:10858000203078253034782C206D616E75666163FB
:10859000747572657220307825303478004C4D50F7
:1085A0003A2076657273696F6E20257320283078C3
:1085B00025303278292073756276657220307825EF
:1085C000303478005A657068797200556E61626C5B
:1085D0006520746F2073656E6420746F2064726907
:1085E0007665722028657272202564290065727292
:1085F000203D3D20300009436F6E74726F6C6C65D6
:108600007220756E726573706F6E736976652C205B
:10861000636F6D6D616E64206F70636F6465203091
:1086200078253034782074696D656F7574207769AA
:108630007468206572722025640A006F70636F642D
:108640006520307825303478207374617475732018
:10865000307825303278202573004661696C656476
:1086600020746F207265616420444C45206D6178F0
:108670002064617461206C656E0074785F6F637450
:10868000657473206578636565647320746865201C
:1086900076616C69642072616E676520257500746F
:1086A000785F74696D6520657863656564732074AF
:1086B00068652076616C69642072616E676520254B
:1086C00075004E6F2070656E64696E67207065720C
:1086D0006970686572616C20636F6E6E6563746942
:1086E0006F6E004E6F2070656E64696E6720636503
:1086F0006E7472616C20636F6E6E656374696F6E09
:1087000000436F6E6E656374696F6E20637265619E
:1087100074696F6E2074696D656F75742074726909
:10872000676765726564004661696C656420746F93
:10873000207265737461727420696E697469617402
:108740006F7200556E65787065637465642073742C
:108750006174757320307825303278202573004E8F
:108760006F2070656E64696E6720636F6E6E206641
:108770006F722070656572202573004661696C65B3
:108780006420746F20726573657420424C452063C9
:108790006F6E74726F6C6C6572004843492064722E
:1087A0006976657220636C6F7365206661696C65BC
:1087B000642028256429004E6F6E2D4C452063618E
:1087C0007061626C6520636F6E74726F6C6C657241
:1087D00020646574656374656421004E756D206F57
:1087E0006620436F6E74726F6C6C657227732041E4
:1087F000434C207061636B65747320213D204143BD
:108800004C2062745F636F6E6E5F747820636F6E6E
:1088100074657874732028257520213D20257529DD
:108820000041434C2042522F4544522062756666F7
:10883000657273206E6F7420696E697469616C690A
:108840007A65640056656E646F72204843492065FE
:108850007874656E73696F6E73206E6F74206176C5
:1088600061696C61626C6500485720506C61746688
:108870006F726D3A2025732028307825303478299E
:108880000048572056617269616E743A2025732042
:108890002830782530347829004669726D77617206
:1088A000653A2025732028307825303278292056E3
:1088B000657273696F6E2025752E25752042756966
:1088C0006C64202575004661696C656420746F20B6
:1088D0007265616420737570706F72746564207660
:1088E000656E646F7220636F6D6D616E64730046B8
:1088F00061696C656420746F2072656164207375B2
:1089000070706F727465642076656E646F72206635
:1089100065617475726573004843492064726976B5
:108920006572206973206E6F7420726561647900CE
:1089300042542052582057510048434920647269DC
:10894000766572206F70656E206661696C65642063
:108950002825642900556E65787065637465642008
:10896000484F53545F4E554D5F434F4D504C455407
:1089700045445F5041434B4554532C2073746174FC
:1089800075732030782530327820257300556E635A
:108990006C65617265642070656E64696E672073D2
:1089A000656E745F636D6400312E306200312E316C
:1089B00000312E3200322E3000322E3100332E3074
:1089C00000342E3000342E3100342E3200352E305B
:1089D00000352E3100352E3200352E3300352E3441
:1089E00000362E3000362E3100362E3200362E3331
:1089F000005374616E6461726420426C7565746FBB
:108A00006F746820636F6E74726F6C6C6572005661
:108A1000656E646F72207370656369666963206355
:108A20006F6E74726F6C6C6572004669726D7761FF
:108A30007265206C6F616465720052657363756561
:108A400020696D61676500726573657276656400A3
:108A50006E5246353178006E5246353278006E528D
:108A600046353378006E524635344878006E5246AB
:108A700035344C7800496E74656C20436F72706FAA
:108A8000726174696F6E004E6F7264696320536522
:108A90006D69636F6E647563746F72004E58502019
:108AA00053656D69636F6E647563746F72730045AF
:108AB00073707265737369662053797374656D732F
:108AC0000062745F6863695F636F726500636D6401
:108AD00020646973616C6C6F776564004F6E6C79AC
:108AE0002072616E646F6D207374617469632069B4
:108AF00064656E746974792061646472657373204F
:108B0000737570706F7274656400496E76616C691C
:108B10006420696E70757420706172616D65746532
:108B20007273004661696C656420746F20726561C0
:108B300064207075626C696320616464726573732C
:108B400000526561642053746174696320416464F8
:108B500072657373657320636F6D6D616E64206EF3
:108B60006F7420617661696C61626C650046616951
:108B70006C656420746F2072656164207374617425
:108B8000696320616464726573736573004E6F205E
:108B9000737461746963206164647265737365736F
:108BA0002073746F72656420696E20636F6E7472D7
:108BB0006F6C6C657200556E61626C6520746F201D
:108BC000736574206964656E746974792061646486
:108BD0007265737300556E61626C6520746F2073EB
:108BE00065742072616E646F6D2061646472657378
:108BF000730062745F69640062745F61647600553B
:108C00006E657870656374656420656E64206F6658
:108C1000206275666665720062745F7363616E00E0
:108C20004661696C656420726561642072656D6F70
:108C300074652066656174757265732028256429E2
:108C40000050485920307825303278206E6F7420DB
:108C5000737570706F72746564004661696C6564E9
:108C6000204C4520536574205048592028256429FC
:108C7000004661696C656420746F207365742064BC
:108C8000617461206C656E202825642900556E652D
:108C900078706563746564206669727374204C3201
:108CA000434150206672616D6500556E6578706550
:108CB00063746564204C3243415020636F6E746965
:108CC0006E756174696F6E004E6F7420656E6F759E
:108CD00067682062756666657220737061636520DF
:108CE000666F72204C3243415020646174610055BC
:108CF0006E65787065637465642041434C20666CD2
:108D00006167732028307825303278290041434C40
:108D1000206C656E206D69736D6174636820282511
:108D200075203E202575290028756E6B6E6F776E55
:108D300029006E6F207472616E736974696F6E20A2
:108D40002573004572726F72207768696C652072B6
:108D5000656D6F76696E6720636F6E6E20757365E3
:108D6000722066726F6D207363616E6E657220286B
:108D700025642900496E76616C696420282575296F
:108D8000206F6C6420737461746500636F6E6E2075
:108D90002570206661696C656420746F206573744A
:108DA00061626C6973682E205246206E6F6973652C
:108DB0003F006E6F2076616C69642028257529203C
:108DC0007374617465207761732073657400696ED4
:108DD000636F6D70617469626C652068616E646C4C
:108DE000652025750054696D656F7574206469731D
:108DF0006361726465642E204E6F20626C6F636BDA
:108E0000696E6720696E2073797377712E004661F1
:108E100074616C206572726F7220282564292E207F
:108E2000446973636F6E6E656374696E6720257045
:108E300000466F756E642076616C696420636F6EA6
:108E40006E656374696F6E202825702920776974B8
:108E500068206164647265737320257320696E20D5
:108E6000257320737461746520002A636F6E6E2011
:108E700073686F756C6420626520756E72656665D7
:108E800072656E63656420616E6420696E697469E1
:108E9000616C697A656420746F204E554C4C004EAD
:108EA0006F206275666665727320746F2063616EF1
:108EB00063656C20636F6E6E656374696F6E2C20E2
:108EC0007265747279696E6720696E203130206D29
:108ED000730053656E64204C4520706172616D2093
:108EE000757064617465206661696C6564202865CD
:108EF0007272202564290053656E64206175746F59
:108F0000204C4520706172616D20757064617465DC
:108F1000206661696C656420286572722025642969
:108F200000646973636F6E6E656374656400646981
:108F300073636F6E6E6563742D636F6D706C6574B3
:108F400065007363616E2D6265666F72652D696E73
:108F50006974696174696E6700696E6974696174C6
:108F6000696E672D66696C7465722D6C6973740027
:108F70006164762D636F6E6E65637461626C65000B
:108F80006164762D6469722D636F6E6E65637461C2
:108F9000626C6500646973636F6E6E656374696E9D
:108FA000670062745F636F6E6E00556E61626C6520
:108FB00020746F20616C6C6F6361746520627566EC
:108FC00066657220666F72206F70203078253032AF
:108FD00078004E6F20617661696C61626C65204C2F
:108FE0003243415020636F6E7465787420666F72EF
:108FF00020636F6E6E20257000457870656374691C
:109000006E6720757020746F20256420726566730A
:109010002C20676F7420256400616C72656164792F
:1090200020686176652076696577206F6E202570EF
:10903000004C32434150206C656E677468206D6946
:10904000736D617463682028257520213D20257586
:109050002900496E76616C6964206964656E7420CC
:1090600076616C756520696E204C3243415020500A
:10907000445500496E76616C6964204C4520636FED
:109080006E6E20706172616D207273702073697AE8
:10909000652028257520213D20257A752900496EF7
:1090A00076616C6964204C4520636F6E6E2075702C
:1090B0006461746520706172616D207265712073E6
:1090C000697A652028257520213D20257A7529009B
:1090D0004E6F7420636F6E6E6563746564005265D5
:1090E0006A656374696E6720756E6B6E6F776E204C
:1090F0004C324341502050445520636F646520300A
:10910000782530327800546F6F20736D616C6C205D
:109110004C32434150207369676E616C696E672001
:1091200050445500546F6F20736D616C6C204C324D
:1091300043415020504455207265636569766564EB
:109140000049676E6F72696E6720646174612066A2
:109150006F7220756E6B6E6F776E206368616E6ED6
:10916000656C204944203078253034780062745F83
:109170006C3263617000415454206368616E6E65A7
:109180006C206E6F7420636F6E6E6563746564002F
:109190004572726F72207369676E696E67206461D1
:1091A00074610052616E206F7574206F6620545890
:1091B0002062756666657273206F7220636F6E74CD
:1091C000657874732E004661696C656420746F2045
:1091D0007375626D6974206174745F74785F64651F
:1091E0007374726F795F776F726B3A2025640055E4
:1091F0006E61626C6520746F2063726561746520B6
:10920000657272207273702050445500415454208E
:109210004D54552065786365656465642C206D61E7
:10922000782025752C2077616E74656420257A7509
:1092300000556E61626C6520746F206372656174A5
:109240006520636F6E6669726D2050445500556EDF
:1092500061626C6520746F20637265617465207251
:1092600073702050445500546F6F20736D616C6CA7
:1092700020415454205044552072656365697665D9
:109280006400556E68616E646C65642041545420BE
:10929000636F64652030782530327800496E7661DE
:1092A0006C6964206C656E20257520666F72206382
:1092B0006F64652030782530327800556E61626CBD
:1092C0006520746F2063726561746520555549444B
:1092D0003A2073697A6520257500556E61626C6568
:1092E00020746F2063726561746520555549443A56
:1092F0002073697A65202564004E6F20617661696C
:109300006C61626C652041545420636F6E746578A3
:109310007420666F7220636F6E6E202570004E6F32
:1093200020617661696C61626C65204154542063F0
:1093300068616E6E656C20666F7220636F6E6E2062
:10934000257000556E61626C6520746F2066696ED1
:109350006420415454206368616E6E656C00476FF1
:1093600074206572722025642C206E6F74206361F6
:109370006C6C696E672041545420636200466169D9
:109380006C656420746F2072652D7375626D6974ED
:109390002025733A202564004E6F204154542063E9
:1093A00068616E6E656C20666F72204D5455202585
:1093B0007A75004E6F2070656E64696E6720415447
:1093C00054207265717565737400446973636F6EC0
:1093D0006E656374696E67206661696C65642028D8
:1093E00065727220256429004154542054696D65CA
:1093F0006F757420666F72206465766963652025D9
:10940000732E20446973636F6E6E656374696E6753
:109410002E2E2E0062745F61747400434D41432010
:10942000757064617465206661696C65642025648B
:10943000004E6F20737061636520746F2073746FCA
:109440007265204343432063666700756E61626CFA
:109450006520746F20736176652053433A206E6FE8
:1094600020636667206C656674004E6F20737061C0
:10947000636520746F2073746F726520436C696537
:109480006E7420537570706F7274656420466561E8
:10949000747572657300556E61626C6520746F201F
:1094A000696D706F727420746865206B65792066D1
:1094B0006F722041455320434D41432025640043B2
:1094C0004D4143206F7065726174696F6E20696EE3
:1094D0006974206661696C656420256400434D41B0
:1094E000432066696E697368206661696C656420F3
:1094F00025640052656164206D6574686F64206E38
:109500006F7420736574004661696C656420746FC4
:10951000207265616420617474726962757465207B
:109520002570202865727220257A642900496E769C
:10953000616C69642072656164206C656E67746833
:109540003A20257A6400434343202570206E6F74CF
:10955000207772697461626C650053432072657391
:10956000746F726520696E6469636174696F6E20DF
:109570006661696C656400556E6B6E6F776E205521
:1095800055494420747970652025750050617273C7
:10959000652065727200496E76616C696420646151
:1095A0007461206C656E20257500506172736520B2
:1095B0006572722064617400506172736520657217
:1095C000722063657000506172736520657272204D
:1095D0006363630050617273652065727220736308
:1095E000630050617273652065727220637066005B
:1095F000496E76616C696420666F726D61742025B6
:10960000750042616420706565723A2041545420AF
:10961000726561642D62792D75756964207273704D
:109620003A20696E76616C6964204154545220502E
:109630004455206C656E20257500496E76616C6915
:10964000642068616E646C650042616420706565C9
:10965000723A2041545420726561642D62792D75EF
:10966000756964207273703A2048616E646C65207D
:10967000307825303478206973206F75747369648D
:1096800065207265717565737465642072616E67BB
:1096900065203078253034782D3078253034782E98
:1096A0002041626F7274696E6720726561642E007A
:1096B000496E636F7272656374206C656E6774685F
:1096C0002C2063616E63656C696E672077726974C4
:1096D0006500496E636F7272656374206F666673AE
:1096E0006574206F72206461746120696E207265F8
:1096F00073706F6E73652C2063616E63656C696E49
:1097000067207772697465004661696C65642074CE
:109710006F20756E73756273637269626520286568
:1097200072722025642900496E76616C6964206438
:10973000617461206C656E202575203E20257500C2
:1097400062745F67617474004E6F20617661696C4A
:1097500061626C6520534D5020636F6E7465787440
:1097600020666F7220636F6E6E2025700062745FDA
:10977000736D70006D6375626F6F745F6466750002
:1097800063616368655F6E72667800636C6F636BBC
:1097900040313065303030006866636C6B006C6659
:1097A000636C6B00636C6F636B5F636F6E74726F7F
:1097B0006C00706172656E742062757320646576EA
:1097C000696365206E6F74207265616479006174ED
:1097D00074656D707420746F2072656164207061AF
:1097E00073742064657669636520626F756E646169
:1097F0007279006661696C656420746F20726561BE
:109800006420454550524F4D2028657272202564D2
:109810002900617474656D707420746F20777269AB
:10982000746520746F20726561642D6F6E6C792091
:1098300064657669636500617474656D7074207425
:109840006F20777269746520706173742064657627
:1098500069636520626F756E646172790066616923
:109860006C656420746F20777269746520746F2052
:10987000454550524F4D20286572722025642900BD
:10988000436F756C64206E6F742072656164207321
:1098900074617475732072656769737465722028CA
:1098A0006572722025642900454550524F4D20694C
:1098B000646C652077616974206661696C656420F9
:1098C0002865727220256429006661696C656420D0
:1098D000746F2064697361626C6520777269746566
:1098E0002070726F74656374696F6E202865727280
:1098F00020256429006672616D40310065657072D3
:109900006F6D5F61743278007073612D726E6700E5
:109910007272616D2D636F6E74726F6C6C657240E4
:10992000353030346230303000666C6173685F6EA1
:1099300072665F7272616D004661696C6564207465
:109940006F206578697420445044202825642900DC
:1099500057616974696E6720756E74696C20666CF6
:10996000617368206973207265616479004661697A
:109970006C656420746F207761697420756E7469FA
:109980006C20666C6173682069732072656164790C
:109990002028256429004A45444543204944207233
:1099A000656164206661696C65643A2025640042E3
:1099B0005020636C656172206661696C65643A2051
:1099C00025640A0053464450207265616420666134
:1099D000696C65643A2025640053464450206D61EB
:1099E000676963202530387820696E76616C696418
:1099F0000025733A205346445020762025752E25A5
:109A000075204150202578207769746820257520BD
:109A1000504800504825753A20253034782072652A
:109A2000762025752E25753A20257520445720402F
:109A30002025780025733A20257520256369427911
:109A400020666C61736800556E61626C6520746F8E
:109A500020656E74657220342D62797465206D6F97
:109A600064653A2025640A0053464450204246501B
:109A7000206661696C65643A202564006C61796FC9
:109A800075742070616765202575206E6F74206382
:109A90006F6D70617469626C6520776974682065A8
:109AA000726173652073697A65202575006C617930
:109AB0006F757420706167652025752077617374F8
:109AC00065732073706163652077697468206465CD
:109AD000766963652073697A6520257A75006C6103
:109AE000796F7574207365747570206661696C6533
:109AF000643A2025640077323571313238403000C5
:109B00007370695F6E6F72006770696F40313061AA
:109B1000303030006770696F406438323030006731
:109B200070696F40353034303000693263004E6503
:109B3000656420746F207573652074686520696E94
:109B40007465726E616C20647269766572206275EC
:109B50006666657220627574206974732073697A11
:109B60006520697320696E73756666696369656EE1
:109B70007420282575202B202575203E2025752949
:109B80002E2041646A75737420746865207A65704C
:109B90006879722C636F6E6361742D6275662D73C4
:109BA000697A65206F72207A65706879722C666CAC
:109BB0006173682D6275662D6D61782D73697A65A4
:109BC0002070726F70657274792028746865206FD8
:109BD0006E652077697468206772656174657220AC
:109BE00076616C75652920696E2074686520222570
:109BF0007322206E6F64652E0069326340633730D4
:109C00003030006932635F6E7266785F7477696DB9
:109C100000756E737570706F727465642073706513
:109C2000656400547279696E6720746F2074726184
:109C30006E73666572206D6F7265207468616E2048
:109C4000746865206D6178696D756D2073697A65DA
:109C500020666F7220746869732064657669636535
:109C60003A202564203E202564004661696C6564C5
:109C700020746F20696E697469616C697A6520640B
:109C800065766963653A20257300756172744031A9
:109C900030343030300075617274406338303030A9
:109CA00000756172744063363030300075617274D3
:109CB0005F6E7266785F75617274650054696D6578
:109CC0006F75742077616974696E6720666F7220A2
:109CD0007472616E7366657220636F6D706C65740B
:109CE00065005570646174652065786365656473AB
:109CF0002063757272656E742062756666657200A7
:109D00007370694034613030300048616C662D6496
:109D100075706C6578206E6F7420737570706F72DB
:109D200074656400536C617665206D6F64652069AD
:109D300073206E6F7420737570706F727465642019
:109D40006F6E202573004C6F6F706261636B206DC6
:109D50006F6465206973206E6F7420737570706F07
:109D60007274656400576F72642073697A6573203A
:109D70006F74686572207468616E2038206269743F
:109D80007320617265206E6F7420737570706F72CE
:109D9000746564004672657175656E6369657320EC
:109DA0006C6F776572207468616E20313235206B7C
:109DB000487A20617265206E6F7420737570706FC1
:109DC00072746564004661696C656420746F206319
:109DD0006F6E666967757265206E72667820647250
:109DE000697665723A202564007370695F6E7266E9
:109DF000785F7370696D007761746368646F674042
:109E0000313039303030007764745F6E72667800BC
:109E1000536F667444657669636520436F6E747230
:109E20006F6C6C6572204153534552543A20257330
:109E30002C20256400536F66744465766963652041
:109E4000436F6E74726F6C6C6572206275696C64BE
:109E5000207265766973696F6E3A2000456E747280
:109E60006F707920736F75726365206465766963BE
:109E700065206E6F74207265616479004661696C5B
:109E8000656420746F2072656769737465722072EF
:109E9000616E6420736F75726365202825642900E4
:109EA000416C6C6F6361746564206D656D6F727970
:109EB00020746F6F206C6F773A20257A75203C20D4
:109EC0002575004576656E7420627566666572203C
:109ED000746F6F20736D616C6C2E20257A75203E37
:109EE00020257500556E6578706563746564206D16
:109EF00073675F747970653A2025752E2054686900
:109F0000732069662D656C7365206E6565647320CA
:109F100061206E6577206272616E636800556E6BBA
:109F20006E6F776E206572726F72207768656E2033
:109F300070726F63657373696E6720686369206D03
:109F40006573736167652025640062745F68636987
:109F50005F7364630062745F7364635F6863695F07
:109F60006472697665720062745F7364635F6372C2
:109F70007970746F00556E6B6E6F776E20696D61CE
:109F80006765207479706500556E61626C65207438
:109F90006F20636C65616E207570206466755F74F8
:109FA00061726765740073747265616D5F666C6180
:109FB00073685F696E6974206661696C65642028E6
:109FC000657272202564290073747265616D5F6625
:109FD0006C6173685F62756666657265645F7772EF
:109FE000697465206572726F7220256400646675FD
:109FF0005F7461726765745F73747265616D004D43
:10A000004355426F6F7420696D6167652D2564202B
:10A0100075706772616465207363686564756C65EB
:10A02000642E2052657365742064657669636520CB
:10A03000746F206170706C7900626F6F745F72650D
:10A0400071756573745F7570677261646520666FA2
:10A050007220696D6167652D2564206572726F726B
:10A06000202564004D697373696E6720737472658F
:10A07000616D5F6275662C2063616C6C20272E2EEB
:10A080007365745F62756627206265666F7265200E
:10A09000272E2E696E69740052657175657374653B
:10A0A000642066696C6520746F6F20626967207434
:10A0B0006F2066697420696E20666C617368202564
:10A0C0007A75203E2030782578004661696C656499
:10A0D00020746F2067657420646576696365206607
:10A0E0006F722061726561202725732700736C6F82
:10A0F00074315F706172746974696F6E004D43559D
:10A10000424F4F5430006466755F746172676574C6
:10A110005F73747265616D5F696E697420666169F1
:10A120006C6564202564006466755F7461726765A0
:10A13000745F73747265616D5F646F6E65206572C4
:10A14000726F72202564004D4355426F6F74206911
:10A150006D61676520757067726164652061626F0B
:10A16000727465642E006466755F746172676574ED
:10A170005F6D6375626F6F74004572726F72202538
:10A1800064207768696C6520666C617474656E69BB
:10A190006E672070616765006466755F73747265D1
:10A1A000616D5F666C617474656E004D50534C2038
:10A1B0004153534552543A2025732C202564004DB9
:10A1C00050534C20576F726B006D70736C5F696EEB
:10A1D000697400556E737570706F72746564204891
:10A1E00046434C4B206576656E743A202564006EBC
:10A1F0007266785F636C6F636B5F6D70736C006D1C
:10A2000070736C5F74696D65736C6F745F73657385
:10A2100073696F6E5F6F70656E206661696C6564EF
:10A220003A2025640074696D656F757400666C6111
:10A2300073685F73796E635F6D70736C0074656DC6
:10A24000704064373030300074656D705F6E7266D8
:10A25000355F6D70736C004255473B2063616E271C
:10A26000742068617070656E005365636F6E646121
:10A27000727920696D616765206F6620696D61671D
:10A28000652070616972202825642E292069732059
:10A29000756E726561636861626C652E20547265CB
:10A2A000617420697420617320656D707479004950
:10A2B0006D61676520696E6465783A2025642C209D
:10A2C0005377617020747970653A20257300496D69
:10A2D00061676520696E6465783A2025642C205397
:10A2E00077617020747970653A206E6F6E650074C6
:10A2F000657374007065726D0072657665727400C6
:10A300006D6375626F6F745F7574696C0048616C22
:10A3100074696E672073797374656D00556E6B6E2A
:10A320006F776E206572726F72003E3E3E205A4516
:10A330005048595220464154414C204552524F52A8
:10A340002025643A202573206F6E20435055202528
:10A3500064004661756C7420647572696E6720696B
:10A360006E746572727570742068616E646C696E6B
:10A37000670A0043757272656E7420746872656155
:10A38000643A202570202825732900435055206504
:10A390007863657074696F6E00556E68616E646C89
:10A3A000656420696E7465727275707400537461AF
:10A3B000636B206F766572666C6F77004B65726EAB
:10A3C000656C206F6F7073004B65726E656C2070EA
:10A3D000616E6963006D61696E006F7300737973FC
:10A3E000776F726B710063726163656E00FFFFFFD0
:10A3F000FF1F00FFC1FBE84C90728BE7B3518963EC
:10A40000AB232300418866AA1AFFFF44330064721D
:10A4100061676F6F6E2F6C6962732F736368656419
:10A420002F7372632F73636865645F68616C5F7418
:10A43000696D65725F677274632E6300C8DA309865
:10A44000F9F034A44B6EBAD30819CC0CEA51DA47B0
:10A45000006E616E00286E756C6C29006364696E15
:10A460006F70737578585B61656667414546470054
:10A47000026F5E4D3C2B1D369C5A4A03004E4457DA
:10A4800053026F5E4D3C2B1D369C5A4A02004E44CF
:10A490005753473F3F3F3F3F3F3F3F3F3F523F3F85
:10A4A0003F3F3F3F59536D6172745761676F6E2D27
:10A4B000763100000102030405060708090A0B0CA7
:10A4C0000D0E0F101112131415161718191A1B1C44
:10A4D0001D1E1F444546206D6573736167657320BB
:10A4E00064726F70706564202D2D2D0D0A1B5B301A
:10A4F0006D001B5B313B33316D2D2D2D2000000194
:10A500000103010003010A02040C01171D050501E6
:10A51000010101060101010103020101010303031D
:10A520000301030301060602487C997411269EAEBE
:10A53000014ECEFB28782EDA02487C997411269EB3
:10A54000AE014ECEFB28782EDA0284AA6074528ABD
:10A550008B86D34CB71D1DDC538D00FFFFFFFFFF23
:10A56000FF00000000000000FFFFFFFFFFFF0000F2
:10A57000000000003031323334353637383961620B
:10A5800063646566000000000000001000800000A9
:10A59000805F9B34FB010400020000000200000009
:10A5A00000000000050000000000000000000000A6
:10A5B0000000000005030502000A0101010101027B
:10A5C000036174745F74785F64657374726F795F2C
:10A5D000776F726B5F68616E646C65720000070E66
:10A5E000091C1B1215383F363124232A2D00010483
:10A5F00005020608090F0401040304020401040112
:10A600000403010403040104000718232323232364
:10A610002323232323232323000102010202030314
:10A62000030310141400001C2030401C2000001CE8
:10A63000203040004010141400001C2030401C202A
:10A6400000001C20304000400103021014140000E0
:10A650001C2030401C2000001C2030400040000026
:10A660000000000000000000000000000000616E1B
:10A67000006E66696E69747900616E006E66696E5F
:10A6800069747900FFFFFFFFFF1F00001F0000003B
:10A69000000000007FFE0000E40700001D400000F5
:10A6A000000000000000000000000000FFFFFFFFAE
:10A6B0001FFF1B00BAABBABA10101010A0354D0026
:10A6C000FF000000C4090000000000000050085016
:10A6D00000000000000000000C000000010000FF6E
:10A6E0007F00000000000000AAAAAAAA55555555EF
:10A6F00001000000FB3F0200000000007B3F020061
:10A7000000000000C161010000000000C73F02001E
:10A7100000000000C33F02000000000027400200CC
:10A7200000000000DF3F020000000000F73F0200D1
:10A730000000000030E70100FF000000680E02008A
:10A7400001000101010300001E001E0200000000C4
:10A750000000000012007C007E00E00103007E008B
:10A760000A1E001E000000006F9904000000000097
:10A7700000010000000000000000000000000000D8
:10A7800000000000000000000000000000000000C9
:10A790000000000000000000194B03000000000052
:10A7A00000010000000000000000000000000000A8
:10A7B0000000000000000000000000000000000099
:10A7C0000000000000000000000000000000000089
:10A7D0000000000000000000000000000000000079
:10A7E0000000000000000000000000000000000069
:10A7F0000000000000000000000000000000000059
:10A800000000000000000000000000000000000048
:10A810000000000000000000000000000000000038
:10A820000000000000000000000000000000000028
:10A830000000000000000000000000000000000018
:10A840000000000000000000000000000000000008
:10A8500000000000000000000000000000000000F8
:10A8600000000000000000000000000000000000E8
:10A8700000000000000000000000000000000000D8
:10A880000000000000000000000000005D6A0300FE
:10A8900000000000000000000000000000000000B8
:10A8A00000000000000000000000000000000000A8
:10A8B0000000000000000000000000000000000098
:10A8C0000000000000000000000000000000000088
:10A8D0000000000000000000000000000000000078
:10A8E0000000000000000000000000000000000068
:10A8F0000000000000000000000000000000000058
:10A900000000000000000000000000000000000047
:10A910008010050000000000000000008DC703004B
:10A9200000000000000000000000000008030020FC
:10A9300008030020010000000100000018030020AF
:10A9400018030020000000000000000000000000CC
:10A9500000000000000000000000000000000000F7
:10A9600000000000000000000000000000000000E7
:10A9700000000000000000000000000000000000D7
:10A980000000000081BF0400000000000000000083
:10A990000000000070030020700300200100000090
:10A9A0000100000080030020800300200000000060
:10A9B0000000000000000000000000000000000097
:10A9C0000000000000000000000000000000000087
:10A9D0000000000000000000000000000000000077
:10A9E00000000000000000000000000081BF040023
:10A9F000000000000000000000000000D80300205C
:10AA0000D80300200100000001000000E80300203E
:10AA1000E80300200000000000000000000000002B
:10AA20000000000000000000000000000000000026
:10AA30000000000000000000000000000000000016
:10AA40000000000000000000000000000000000006
:10AA50000000000081BF04000000000000000000B2
:10AA6000000000004004002040040020010000001D
:10AA700001000000500400205004002000000000ED
:10AA800000000000000000000000000000000000C6
:10AA900000000000000000000000000000000000B6
:10AAA00000000000000000000000000000000000A6
:10AAB0000000000000000000000000000FC30400C0
:10AAC000000000000000000000000000A8040020BA
:10AAD000A80400200100000001000000B8040020CC
:10AAE000B80400200000000000000000000000008A
:10AAF0000000000000000000000000000000000056
:10AB00000000000000000000000000000000000045
:10AB10000000000000000000000000000000000035
:10AB2000000000000FC3040000000000000000004F
:10AB300000000000100500201005002001000000AA
:10AB4000010000002005002020050020000000007A
:10AB500000000000000000000000000000000000F5
:10AB600000000000000000000000000000000000E5
:10AB700000000000000000000000000000000000D5
:10AB80000000000000000000000000000FC30400EF
:10AB90000000000000000000000000007805002018
:10ABA0007805002001000000010000008805002059
:10ABB00088050020000000000000000000000000E8
:10ABC0000000000000000000000000000000000085
:10ABD0000000000000000000000000000000000075
:10ABE0000000000000000000000000000000000065
:10ABF000418F020000000000000100000000000082
:10AC00000000000000000000000000000000000044
:10AC10000000000000000000000000000000000034
:10AC200067000000000000000000000000000000BD
:10AC30000000000000000000000000000000000014
:10AC40000000000000000000000000000000000004
:10AC500000000000000000000000000000000000F4
:10AC600000000000000000000000000000000000E4
:10AC700000000000000000000000000000000000D4
:10AC800000000000000000000000000000000000C4
:10AC900000000000000000000000000000000000B4
:10ACA000000000000000000000000000FFFFFFFFA8
:10ACB0000000000045B1020000000000000000009C
:10ACC000FFFFFFFFFFFFFFFFF04401200000000037
:10ACD000000000000000000000040000F048012017
:10ACE000000000000000000000000000000800005C
:10ACF000117B04007F890400582705000000000034
:10AD000090270500E031050000000200EC3105004D
:10AD100000000200F8310500000002000000000001
:10AD2000C5950400000000000000000000C01050A5
:10AD30000000000000000000000000000000000013
:10AD40000000000000000000000000000000000003
:10AD500000000000000000000000000000000000F3
:10AD600000000000000000000000000000000000E3
:10AD700000000000000000000000000000000000D3
:10AD800000000000000000000000000000000000C3
:10AD900000000000000000000000000000000000B3
:10ADA0000001000000A00D500000000000000000A5
:10ADB0000000000000000000000000000000000093
:10ADC0000000000000000000000000000000000083
:10ADD0000000000000000000000000000000000073
:10ADE0000000000000000000000000000000000063
:10ADF0000000000000000000000000000000000053
:10AE00000000000000000000000000000000000042
:10AE10000000000000000000000000000000000032
:10AE2000DC28050006000100E545030000000000E5
:10AE30000C290500060000004D99040000000000E8
:10AE4000ED4A0300010002000000000000000000C5
:10AE500000000000000000000000000000000000F2
:10AE6000EB990400000000000000000038A5050078
:10AE70000000140000000000B96C03000000000096
:10AE80000000000000000000155703000000000053
:10AE90000000000000000000857E030000000000AC
:10AEA00000000000000000004979030000000000DD
:10AEB0000000000095900300D59F030000000000F3
:10AEC000000000000000000091920300DFA80400D1
:10AED000A1A904007590030000000000000000001C
:10AEE000E19C030000000000000000001832050093
:10AEF000000002002432050000000A003432050080
:10AF00000000200000000000000000000000000021
:10AF10000000000000000000000000000000000031
:10AF2000C1B104000000000080010000000000002A
:10AF300099C00400000000000000000000000000B4
:10AF400000000000008081010000010189BF0400B1
:10AF50001000000005D00300F02D0500BCBB002050
:10AF6000FFFF000000000000000000005409002066
:10AF700000000000000000000000000000000000D1
:10AF8000CEBB0020200000000000000000000000F8
:10AF90007809002000000000000000000000000010
:10AFA00000000000F0BB00202000000000000000B6
:10AFB000000000009C0900200000000000000000CC
:10AFC000000000000000000012BC00202000000073
:10AFD0000000000000000000000100000000000070
:10AFE000C5C70400000000000000000000A00450DD
:10AFF0000000000000000000000000000000000051
:10B000000000000000000000000000000000000040
:10B010000000000000000000000000000000000030
:10B020000000000000000000000000000000000020
:10B030000000000000000000000000000000000010
:10B040000000000000000000000000000000000000
:10B050000000000000000000340A0020340A002034
:10B060000000000001000000440A0020440A002003
:10B0700000000000010000000000000000000000CF
:10B0800000000000000000000000000000000000C0
:10B0900000000000000000000000000000000000B0
:10B0A00000000000000000000000000000000000A0
:10B0B00071DA030000000000FF0000000090105053
:10B0C0000000000000000000000000000000000080
:10B0D0000000000000000000000000000000000070
:10B0E0000000000000000000000000000000000060
:10B0F0000000000000000000D40A0020D40A002054
:10B100000000000001000000FFFFFFFF0090D003DF
:10B11000FF0000000F00000071020000F80A00208C
:10B12000F80A0020000B0020000B002000000000A7
:10B13000000000000E00000000000000180B0020BE
:10B14000180B002000000000000000000E000000AE
:10B1500000000000300B0020300B00200000000039
:10B16000000000000E00000000000000480B00205E
:10B17000480B002000000000000000000E0000004E
:10B180000000000001EB0400FDEA040067742000E9
:10B19000F80C0020340D00200C0D0020BC0D002008
:10B1A000B00D0020200D00200080440000000000B1
:10B1B000000000000000000000000000000000008F
:10B1C000000000000000000000000000000000007F
:10B1D000000000000000000000000000000000006F
:10B1E000000000000000000000000000000000005F
:10B1F000000000000000000000000000000000004F
:10B200000000000000000000FFFFFFFF0000000042
:10B2100000000000851A040000000000000000008B
:10B2200000000000000C0020000C0020A9D4020047
:10B23000000000000000000000000000000000000E
:10B24000000000000000000000000000851A04005B
:10B25000000000000000000000000000380C00208A
:10B26000380C0020437204000000000000000000C1
:10B2700000000000000000000000000000000000CE
:10B2800000000000851A040000000000000000001B
:10B2900000000000700C0020700C00203D720400C3
:10B2A000000000000000000000000000000000009E
:10B2B00000000000900C0020900C00207844012039
:10B2C0000000000002000000240000000000000058
:10B2D000AC0C0020AC0C002070E600200000000048
:10B2E00002000000A000000000000000C80C0020C8
:10B2F000C80C0020C0440120000000000300000032
:10B30000100000000000000000000000F014012008
:10B31000441000000000000000000000F80C0020B5
:10B32000F80C002000000000000000000E000000EB
:10B330000C0D00200C0D002000000000000000009B
:10B340000E000000200D0020200D00200000000055
:10B35000000000000E000000340D0020340D00201D
:10B3600000000000000000000E000000480D00205A
:10B37000480D002000000000000000000E0000004A
:10B380005C0D00205C0D00200000000000000000AB
:10B390000E000000700D0020700D00200000000065
:10B3A00001000000800D0020800D00200000000042
:10B3B00001000000900D0020900D00200000000012
:10B3C000FFFFFFFFA00D0020A00D002000000000E7
:10B3D00001000000B00D0020B00D002000000000B2
:10B3E000BC0D0020BC0D002000000000000000008B
:10B3F00000000000D00D0020D00D00200000000053
:10B4000000000000E00D0020E00D0020030003001C
:10B410001000000000000000102B050080400120FB
:10B420000000000000000000040E0020040E0020B8
:10B430000300030010000000119003002C2C0500F5
:10B44000004401200000000000000000280E002041
:10B45000280E002003000300000000000000000090
:10B46000C0290500AC3A01200000000000000000E7
:10B470004C0E00204C0E00200200020010000000C4
:10B4800021780300FC2A0500303D01200000000067
:10B4900000000000700E0020700E0020030003006A
:10B4A0000000000000000000C42A0500E83C012064
:10B4B0000000000000000000940E0020940E002008
:10B4C0000D000D0004000000BD500300AC29050074
:10B4D000B43801200000000000000000B80E002079
:10B4E000B80E002004000400080000000000000066
:10B4F0003C290500342B0120000000000000000062
:10B50000DC0E0020DC0E0020010001000000000025
:10B5100000000000D4290500F83B012015E015E0EB
:10B520000769D00012004000BD7528DC77EAB9D168
:10B53000C5EE6DE1B2E2D769743FCE8BABC642581F
:10B54000D483227A1C2ECFE55C627C91822ED619A0
:10B550000B04FC36C82FC62F61B9E9128841DECB37
:10B560004F5018AC9DBA2FD3010040008F7CE3B53B
:10B57000974D520E393B6D53C2389EF18797C83CA8
:10B58000CC5FA7DB18C65FDA352BC9A7A4D8E49037
:10B59000EE55D38EA2AC1814893A713FC5DCA1C513
:10B5A0009C865BE1C6E3470BEB5A26CF24004000A4
:10B5B000C5825DFDA9A0642812932E18C10DF93A29
:10B5C000BA4B213B135973C83E8F1066CD090CE767
:10B5D000A5E9862E63C237060E2106BD054AF0C5D1
:10B5E0008ADEFEBEA4333BEED63553A5186970093A
:00000001FF
