:040000030000595947
:020000040000FA
:100000007048002059590000FD6900004559000062
:100010004559000045590000455900004559000068
:10002000000000000000000000000000B9590000BE
:1000300045590000000000004559000045590000E6
:10004000810800008108000081080000810800008C
:10005000810800008108000081080000810800007C
:10006000810800008108000081080000810800006C
:10007000810800008108000081080000810800005C
:10008000810800008108000081080000810800004C
:10009000810800008108000081080000810800003C
:1000A000810800008108000081080000810800002C
:1000B000810800008108000081080000810800001C
:1000C000810800008108000081080000810800000C
:1000D00081080000810800008108000081080000FC
:1000E00081080000810800008108000081080000EC
:1000F00081080000810800008108000081080000DC
:1001000081080000810800008108000081080000CB
:1001100081080000810800008108000081080000BB
:1001200081080000810800008108000081080000AB
:10013000810800008108000081080000810800009B
:10014000810800008108000081080000810800008B
:10015000810800008108000081080000810800007B
:10016000911B000081080000810800008108000048
:10017000810800008108000081080000810800005B
:10018000810800008108000081080000810800004B
:10019000810800008108000081080000810800003B
:1001A000810800008108000081080000810800002B
:1001B000810800008108000081080000810800001B
:1001C000810800008108000081080000810800000B
:1001D00081080000810800008108000081080000FB
:1001E00081080000810800008108000081080000EB
:1001F00081080000810800008108000081080000DB
:1002000081080000810800008108000081080000CA
:1002100081080000810800008108000081080000BA
:1002200081080000810800008108000081080000AA
:10023000810800008108000081080000810800009A
:10024000810800008108000081080000810800008A
:10025000810800008108000081080000810800007A
:10026000810800008108000081080000810800006A
:10027000810800008108000081080000810800005A
:10028000810800008108000081080000810800004A
:10029000810800008108000081080000810800003A
:1002A000810800008108000081080000810800002A
:1002B000810800008108000081080000810800001A
:1002C000810800008108000081080000810800000A
:1002D00081080000810800008108000081080000FA
:1002E00081080000810800008108000081080000EA
:1002F00081080000810800008108000081080000DA
:1003000081080000810800008108000081080000C9
:1003100081080000810800008108000081080000B9
:1003200081080000810800008108000081080000A9
:100330008108000081080000810800008108000099
:100340008108000081080000810800008108000089
:100350008108000081080000690B0000810800008E
:10036000850B000081080000810800008108000062
:100370008108000081080000810800008108000059
:100380008108000081080000810800008108000049
:100390008108000081080000810800008108000039
:1003A0008108000081080000810800008108000029
:1003B0008108000081080000810800008108000019
:1003C0008108000081080000810800008108000009
:1003D00081080000810800008108000081080000F9
:1003E00081080000810800008108000081080000E9
:1003F00081080000810800008108000081080000D9
:1004000081080000810800008108000081080000C8
:1004100081080000810800008108000081080000B8
:1004200081080000810800008108000081080000A8
:100430008108000081080000810800008108000098
:100440008108000081080000810800008108000088
:10045000A10B000081080000810800008108000055
:100460008108000081080000810800008108000068
:10047000810800008108000081080000036803F083
:100480001F025F2B02604FEA53129ABF024B53F8D0
:1004900022000020704700BF5C89000007B5019072
:1004A00001A8FFF7EBFF019B00EB8300D0F8802051
:1004B000044B134043F00203C0F8803003B05DF8F2
:1004C00004FB00BFF0F0FCFF014B1B68184700BFA6
:1004D0004C0200202DE9F047058B044628071746FB
:1004E0000CD501290CBF45F0100545F020052583EA
:1004F00087F31188BFF36F8FBDE8F087022905F0FD
:10050000070540F09480204605F068FC052864D873
:1005100001A353F820F000BFF10400002F060000F3
:10052000DB0500009D050000B7050000C9050000BF
:1005300001F007035A1F012A1FD8002221F00701EA
:10054000062BD4F8008089B2C4E9002209D14346C1
:1005500003E0628B013262831B68002BF9D141F00A
:1005600002012046218305F039FC4FF000090028E4
:100570006DD041F02001218369E0042B0AD121F0E4
:10058000070189B22046218305F028FC10B141F013
:10059000200121834FF00008C14658E02369D3F8B9
:1005A0000090238B23F0070343F006034FF000086D
:1005B000238346464BE02369D3F80490238B23F032
:1005C000070343F00403F1E72369D3F80890238B72
:1005D00023F0070343F00503E8E74FF00008C146A6
:1005E000E7E7012243F00803238387F31188BFF371
:1005F0006F8F002A3BD1B8F1000F4AD1B9F1000F3B
:1006000002D020462C49C847EFF31187202383F3FB
:100610001288BFF36F8F238B23F008039BB22383D1
:10062000D9063FD523F01002228303F0070566693F
:10063000218B002EBFF67CAF00239946D4F80080B2
:1006400021F00701C4E9003341F001012183238B2C
:1006500003F0070AAA4502D0A268002AC1D1B8F166
:10066000000F02D1B9F1000FDAD00022BAE7A16879
:100670000029C0D00D680029BDD03346524620461F
:100680004F68B8471DB12B6829461D46F3E72B4636
:10069000FAE74146334652462046D8F8008005F036
:1006A0008CFBA8E79A067FF523AF23F02002228374
:1006B00003F0070527E700BF155E000010B51B4BD0
:1006C000986A9C6A10F0100F14BF1120102014F0CB
:1006D000080F9C6A18BF1220A40709D5586B986AA6
:1006E000000604D519B1996A21F08001996213209E
:1006F0000E4B996A11F0010F996A18BF142011F07E
:10070000200F996A18BF1520CC0658BF9B6A074B6B
:10071000996A890642BF596A21F400515962996A5F
:1007200041F0FF0199620023137010BD00ED00E05D
:1007300010B5184B986A9C6A10F4805F14BF17209C
:10074000162014F4006F9C6A18BF1820A40509D560
:10075000986B986A000404D519B1996A21F4004194
:10076000996219200B4B996A11F4806F996A18BF2E
:100770001A20C9050CD49B6A13F4005F18BF1C2013
:1007800004498B6A43F47F438B620023137010BDCE
:100790001B20F5E700ED00E0154B9A6A12F0007F90
:1007A0009A6A14BF1E201D2012F0807F9A6A18BF1B
:1007B0001F2012F4801F9A6A18BF022012F4002F23
:1007C0009A6A18BF212012F4802F9A6A18BF22203B
:1007D00012F4003F9A6A18BF232012F4803F9A6AED
:1007E00018BF24206FEA02426FEA12429A627047F1
:1007F00000ED00E0002318460649D1F89020C2F32E
:100800000722934200DB7047C1F89830C1F8A0007E
:100810000133F6E700ED00E0002807DB0123410982
:10082000034A00F01F00834042F82130704700BFA8
:1008300000E100E000280CDB01220649430900F03A
:100840001F008240203341F82320BFF34F8FBFF3B6
:100850006F8F704700E100E00028ACBF00F16040FE
:10086000064B4FEA4111C9B2ABBF00F5614000F041
:100870000F0080F800131954704700BF14ED00E01A
:10088000EFF30583034A103B02EBC301496852F8BA
:1008900033000847B093000030B50F4AD2F89030CB
:1008A000C3F30723013B984213D80C7A0B6864F317
:1008B00004031D46CB68640923F01F0343EA440385
:1008C00043F00103C2F89800C2F89C50C2F8A0306F
:1008D00030BD6FF01500FBE700ED00E0254B264A28
:1008E0004FF47A611A600122244B2548C3F804248E
:1008F000D0F82436C3F30802C3F309434B4382F410
:1009000080722049883201FB02334FF4FA215B00E8
:10091000B3FBF1F201FB12331B49B3F57A3F28BF59
:100920000132C1F80429D0F820364FF47A60C3F3BD
:100930000802C3F30943434342F21C5082F480721D
:1009400002F2172200FB02334FF47A701B0AB3FB4A
:10095000F0F200FB12330020B3F5FA7F4FF00103F1
:1009600028BF0132C1F81C27C1F80009C1F80036C0
:10097000704700BF480200200020A107002008E0C7
:1009800000C0FF00F82A008000001250084B70B52C
:10099000C31A0D4607499B10044659434022064896
:1009A00005F0BEFA2B4601462046BDE870401847C8
:1009B000C8160020B76DDBB688720000402373B5FF
:1009C0000B4C0093041B0B460D460A49A4106143CF
:1009D0000646094A094805F0CFFA014628B13046D3
:1009E0002B4602B0BDE87040184702B070BD00BF92
:1009F000C8160020B76DDBB6EB5F00008872000000
:100A0000014B1B68184700BFB816002070B50221C3
:100A1000044640F20510FFF71FFF1D4B1A79002A0C
:100A20002FD11C4A1A6001221A711B4B197941BB44
:100A30001A491A7119601A4B197911BB19481A71A0
:100A40001860194BC3F84014184B1B6A9B0603D45B
:100A500040F20510FFF7E0FE2369ABB11C22002134
:100A6000184606F08FFB01251C22114E0564066115
:100A700024690021A01806F085FB0020E662E564E9
:100A800070BD6FF00400FBE76FF01500F8E700BFE2
:100A9000B816002099150000C0160020010A0000B9
:100AA0001C170020FD5F000000E0105000E100E096
:100AB000448900000A2810B5044603D10D210448DA
:100AC00000F094FC0248E1B200F090FC204610BD1A
:100AD000307300000023024A0020C1E90023704760
:100AE00000D01700004870473C890000024B0B60A3
:100AF00001231360704700BF34890000024B034A92
:100B00000020C3F80C25704700B00450800000801E
:100B10004209022A034670B503D0012A18D0CAB18F
:100B200070BD0E4E326951680029F9D0012503F0DD
:100B30001F030C689D400029F2D08A682A4002D029
:100B400030464B6898473CB1236821461C46F2E783
:100B5000034EE7E7034EE5E72346F6E7C0720000E1
:100B6000A4720000DC720000684620F007018D4688
:100B700001B5034BBDE80140D3F8303185467047DD
:100B800000600C50684620F007018D4601B5034B0C
:100B9000BDE80140D3F830318546704700800C50E5
:100BA000684620F007018D4601B5034BBDE80140C2
:100BB000D3F830318546704700401050F0B5816859
:100BC00085B01039054621F00F0405F069F96A4631
:100BD0000A4B03F11007164618685968083303C614
:100BE000BB423246F7D110236A462146284605F01B
:100BF00041F9003818BF012005B0F0BD6E8B000030
:100C0000064BD3F840231C2A05D1D3F84403431ED6
:100C10005842584170470020704700BF00C0FF0095
:100C200003689A070CD50368DB070DD50922074B2B
:100C3000C3F80C250F22C3F8042501221A60FEE731
:100C4000034B0360EF3B0360704700BF0080105010
:100C5000F000FA50034A4309D35C00F01F00184427
:100C6000C0B27047C38B0000F0B50646002487B0C1
:100C7000114F019117F8012B06AB03EBD20313F8C8
:100C8000143C02F00702D34013F0010306D10134F3
:100C9000032CEFD10023184607B0F0BD074A03AD7F
:100CA00007CA85E8070055F824100A6A46F8242088
:100CB0000A62002AEBD0EEE7DC8B0000E073000054
:100CC000124B70B553F82050013053F82060AE42FB
:100CD00000D870BD6C68B4B1237EDB0711D46369A2
:100CE00053B12046984738B10028B8BF4042FF288A
:100CF000A8BFFF20E3681870E268537843F001034F
:100D000053700835E3E72B689847FAE70C89000031
:100D10000B4B1A689A420FD072B1D2E904321B1AF7
:100D200062EBE072B3F1004F72F1000104DA002AC5
:100D3000ACBF1846002070476FF00040704700BFFE
:100D40003802002001680E4A0346914215D1C1695C
:100D5000A2F11022A2F1EF1291420ED18268012A73
:100D60000BD8C26812B101698A4206D0586928B10D
:100D70009B691B1A5842584170470120704700BFB9
:100D800055AA00FF70B50E4B9E68B6B13046FFF70E
:100D9000D9FF044618B9F3687BB935690DB9204607
:100DA00070BD2846FFF7CEFF28B9EB68B34204D1E7
:100DB0002E462D69F2E70446F1E70124EFE700BF74
:100DC0008C16002010B5034B0A461B680021044610
:100DD000984710BDFC88000010B5044609B1FFF724
:100DE000F1FF034B2046BDE810401B68184700BFC9
:100DF0002402002070B5446A05460E4644B9074BEC
:100E000001201B689847686228B12046AE6270BD19
:100E10006FF08A00FBE76FF08C00F8E728020020F3
:100E20000022074BC3F81021C3F80C21C3F800219E
:100E3000C3F80421C3F80821C3F81421704700BF88
:100E40000050045008B5FFF7EBFF01230360104B7F
:100E50000A6832B9D3F80C211AB9D3F80821002A4C
:100E6000F6D00B687BB90B4B99420ED0A3F5847377
:100E7000D3F80831002B14BF6FF002004FF0FF30A1
:100E8000FFF7CEFF08BD0020FAE74FF0FF30F7E78D
:100E9000005004500851045038B50C4659B1074D64
:100EA0000749C5F800050748FFF7CCFF10B9D5F88A
:100EB0000835236038BD6FF00100FBE70050045097
:100EC000105104500C50045070B51C4E44680288F8
:100ED000B6EB142F43884FEA142514D14069184B00
:100EE00098420CD003F5FF437D330344012B21D8F6
:100EF000B2F5105F1ED1022300200B6070BD47F2D7
:100F000012139A42F6E70F48854213D102F44F407C
:100F1000B0F5824F08D144F212100733DB08824249
:100F200004BF5B000133E7E7B2F5885FE3D1073325
:100F3000DB08E1E76FF08600E0E700BF004E8000CD
:100F400001C0FF7F4B4E800010B5F82005F0FAF984
:100F500018B9F92005F0F6F910B16FF0920010BD44
:100F6000F823094C09490A48C4F80035FFF76AFF1D
:100F70000028F2D1F9230648C4F80035FFF762FFD4
:100F80000028ECD0E9E700BF0050045004510450A1
:100F900004500450C36870B57BB9C36900F12802DE
:100FA0001A60C369474A9A604368C269DB6843F4C0
:100FB0008063D360C3691033C361836A9B0532D4F5
:100FC0000368C268DD6800F1EC04302D34BF0826E8
:100FD0001026082E0CBF092611261D696B1E134012
:100FE000EB1AB34238BF5B191C44D50004F8015C0E
:100FF00003F1EB045209044400F1ED05A5425CD174
:10100000802280F8EC20426AC469C4322260C2693E
:1010100093604468C269E468D460C2691032C261F6
:1010200002691A4402610269C469D31C23F00303F4
:101030009B1A54F8042C42EA032244F8042CC26997
:1010400052F8084C234443F0005342F8083C026A2B
:101050000368DB6811600168026AC9680333916044
:10106000026A23F0030302F1100101620168C968FA
:1010700099420BD0002111610168026AC9685B1AAC
:1010800043F080439360036A10330362836A13F46E
:10109000806311D102685169D26891420CD0026A12
:1010A00013600268016A5369D2689B1A43F0804357
:1010B0008B60036A1033036270BD04F8012D120ABD
:1010C0009CE700BF04000020B1F5DE7F03461DD37E
:1010D0000268106810F040001BD10F495960126877
:1010E0000E499A6203F12C021A6203F128025A6235
:1010F000DA671322C3E9211203F18C02DA61084A8C
:10110000C3E903005A6101229A6070476FF0220020
:1011100070476FF002007047B475000004000020B3
:10112000950F000010B5154BD86C28BB1A684FF00E
:10113000010C91690824C1F30B02482A1A6528BFE3
:10114000482211F4003F5A6508BF00229A65CA037D
:1011500058BFC3E9140001F47002B2F5700F08BF64
:10116000586D0029B8BF0022C3E918C4B8BFC3E94D
:10117000182201225865DA64014810BDD00700200A
:101180001C0800202DE9F047454BDFF818C193F803
:1011900008E0DFF814910CEB0E0191F8545043492C
:1011A000D9E90032D1E900418A4208BFA34205F1E2
:1011B0000C054FEA0E1120D1B0F1806F1DDA40010D
:1011C000012838BF01201B1842F10002C9E9003292
:1011D0005CF835300CEBC50462681B184CF83530F0
:1011E00001F1A04342F1000240F0004003F5622308
:1011F0006260C3F82805BDE8F0872D4E2D4FD6E973
:101200000048D7E90067A41948EB07084FF0200A07
:1012100026464746E0FB0A67B34272EB0700C9E97E
:10122000006731D21B1B62EB0802C82B72F100026F
:10123000B4BF012300230CEBC5024CF835605760A6
:10124000C7F3130213B301F1A04303F56223C3F8FC
:101250002065C3F82425184B4FEA8E0E73441A6894
:10126000002AC8D04FF0FF346FF04042134DD5E94B
:101270000001844272EB010CF9D3B04271EB070715
:10128000B9D200221A60B6E70023D4E701F1A043E7
:1012900003F56223C3F82065C3F82425ABE700BF3C
:1012A0002C020020A000002098020020F002002064
:1012B000F8020020E802002000210E5040270E50C6
:1012C0002DE9F84F3B4D1C46D5E90006111A63EB9A
:1012D00006074B09202143EAC763E3FB0106C5E982
:1012E000000635480025C0E900240024334AC2E93D
:1012F0000045EFF3118581F31288BFF36F8FDFF89C
:10130000C0A00126DAF800004FF00047504508BFA2
:101310000020DFF8B090DFF8B080C9F800304FEA65
:10132000E37ED8E900C150B1D0E9044BA3427EEB83
:101330000B0217DAE21A6BEB0E04C0E9042400205A
:1013400013EB0C0341EB0E01C8E90031C9F80000B2
:10135000FFF7DEFCFFF716FF85F31188BFF36F8FF1
:10136000BDE8F88F14EB0C0341EBE471C8E90031E0
:10137000D0E9003213605A600023C0E90467C0E975
:10138000003385F31188BFF36F8F83689847EFF3BD
:101390001185202383F31288BFF36F8FD9F80030B3
:1013A000DAF800001B1B504508BF0020C9F80030C8
:1013B000B5E700BFF8020020F0020020E80200209C
:1013C00038020020B4160020E0020020044B186808
:1013D000044BB0FBF3F0044B43F00103184700BF8C
:1013E0004802002040420F00F07300002DE9F04158
:1013F00004460D464768EFF305838BB12021EFF3D8
:1014000011831A4681F31288BFF36F8F60680068FA
:10141000D0F83001A8B983F31188BFF36F8FEEE7DE
:101420001C4B1B78002BE9D04FF020086426636822
:101430001B68D3F83031D3B9FFF7C8FF013EF6D1AE
:10144000F4E77B6A00201D706368796A1B68C3F843
:101450003C170121C3F84017C3F83001D3F830011D
:10146000196582F31188BFF36F8FBDE8F081EFF348
:1014700011831A4688F31288BFF36F8F6168096879
:10148000D1F830110029DCD183F31188BFF36F8FBD
:10149000CCE700BF6E20002038B504230A4C42F28E
:1014A0001075C4F80833012363610023C4F80831C0
:1014B000D4F80831D4F84C34DB0303D5FFF786FFAA
:1014C000013DF7D138BD00BF00E0105010B51D4BF5
:1014D0001D4CD3F84C14D3F84C2411F4803F19D090
:1014E00002F00302012A01D08AB90022154BC3F889
:1014F00040240022C3F80821D3F8082101221A61F0
:1015000022688AB9D3F80821002AFBD014E0FFF73B
:10151000C3FFEAE7D3F84824D107E6D5D3F850242F
:101520009207F4D422681AB10422C3F8042310BD30
:10153000D3F80821002AFBD00022C3F80821D3F8F1
:101540000831F4E700E010501C1700200C22104B6B
:10155000014602FB0033002030B4D3E90E529863F9
:10156000EFF31180202484F31288BFF36F8F1C6C7B
:1015700004F0C00444F002041C6480F31188BFF33B
:101580006F8F1DB12B4630BC0248184730BC7047E6
:10159000C816002088720000022808D0042808D14C
:1015A000044B186C10F0070003D1FFF7CFBF0120E8
:1015B000FBE77047C81600202DE9F04706460F46A6
:1015C000904699460024DDF820A0A24501D80020CD
:1015D0000FE0AAEB0405B5F5806F28BF4FF48065D6
:1015E00030462B46094A04EB080104F021FC10B1F7
:1015F0000120BDE8F0872B463846044A04EB090178
:1016000004F038FC0028F3D12C44DEE7440300202A
:1016100038B50D4B0546C068DC6D04F0C6FB84424E
:1016200003D2E86804F0C1FB044640F2162262438C
:10163000A96864425032224001232846891A04F0E6
:10164000EFFEC00F38BD00BF281600202DE9F04185
:1016500047680646BD6885B395F874406CBB462262
:10166000214605F1140095F8758005F08BFD2146A3
:101670001A4A2B6852F838C08C4524D14FF0000824
:1016800040F20D14C3F84481D3F84421144A934224
:1016900014BF2046DB20FFF7BFF8012385F8743024
:1016A0002B66BB680F4A0221DB20C3E90328FFF742
:1016B000D3F802212046FFF7CFF83046BDE8F041CD
:1016C000094904F09DBCCAB2920002F58070442A18
:1016D00004BF1C501A580131CEE700BF2489000016
:1016E00000A00D50110B0000EF5C00000022144B15
:1016F00010B51A60134B144A00211A60134B144A98
:101700001A60144B13F003020FBF4FF4006402F28F
:10171000FC74C2F104029B181846224605F032FD03
:101720000D4A0E49C2E900040160A1F11021203CDC
:10173000A1F1EF1190604460C161D060002010BD44
:101740009C16002028020020651F000024020020B3
:10175000512000006E1800208C16002055AA00FFB2
:10176000F8B51E4D064695F8C0320F4693B30024D7
:101770002B462246197FE1B13CB9022905D1196AED
:1017800019B91979002918BF1C460132102A03F132
:101790002C03EFD114B96FF08C0008E0204604F060
:1017A000C4FD204604F07BFE20B16FF096000024BB
:1017B0000EE01C46237F002BF7D10123237736B19F
:1017C000074B651BAD105D4305F18045356000207A
:1017D0003C60F8BD6FF08800E9E700BF3C080020DE
:1017E000A38B2EBA031E70B5144629DB164DAB42EF
:1017F00026D8C3F5BE1303F580539A4220D8CAB148
:1018000042F20103114DC5F80035A9B105F0DCFC29
:10181000BFF35F8FD5F81834DB0706D4C4F3080490
:101820001CB10123AB60BFF35F8F4FF40052074B35
:10183000C3F80025002070BDFF2105F0A3FCE7E7F9
:101840006FF01500F7E700BFFFCF170000B004509E
:1018500010B50C1E10461A460CDB084B9C4209D8EA
:10186000C4F5BE1404F58054A24203D805F0ACFCC4
:10187000002010BD6FF01500FBE700BFFFCF170081
:1018800010B4EFF31180202282F31288BFF36F8F20
:101890002B490B6843F0020413F001030C6017D0CE
:1018A000284BD3F80C3413F4803311D0EFF31181AB
:1018B00082F31288BFF36F8F234A136C03F0C003C7
:1018C00043F00203136481F31188BFF36F8F012388
:1018D00080F31188BFF36F8F1BB1002010BCFFF79E
:1018E00035BE184AC2F81031D2F81011C2F81831BA
:1018F000D2F81811C2F81431D2F81431134BD3F8BE
:1019000040331C2B04BF012393600023C2F8003135
:10191000D2F80031012313600D4B1B6853B9094BFA
:10192000D3F80021002AFBD00022C3F80021D3F80D
:10193000003102E07123C2F8043310BC704700BFCD
:101940001817002000E01050C816002000C0FF004B
:10195000C016002070B5EFF31185202383F31288A1
:10196000BFF36F8F154A136823F00201116013F063
:1019700001021BD17121124B42F21074C3F80813FB
:1019800001215960C3F80021D3F800210D4A0C4E03
:10199000D2F840231C2A08BFD960D6F80C3413F4BF
:1019A000803308D0FFF712FD013CF6D185F3118892
:1019B000BFF36F8F70BD044A5371F7E7181700200B
:1019C00000E0105000C0FF00C01600202DE9F04FCD
:1019D0004368027A85B003EBC2029A4204D86FF0E2
:1019E000010005B0BDE8F08F5C798C4200F0868084
:1019F0000833F2E758F82730C3F3C322082AC3F3A9
:101A0000080178D84248514508BF4FF0FF31B3F183
:101A1000506F845C4FEA13620AD20C2A0AD8DFE8BE
:101A200002F00C43474A090909090909094D560002
:101A3000382A4FD06FF08500D3E7C6F804164A1C49
:101A40002CD0012503A80391FEF718FD039B05FA8E
:101A500003F3436058F827300391180403A852BFDA
:101A6000A9464FF0010900250193FEF707FD0399F0
:101A7000019B00EB8100D0F88010C3F3412C21F4CE
:101A80004331230243EA8C0321F443712B4321F0B9
:101A900003010B4343EA4903C0F880300137FBB22E
:101AA0009B45A7D800209CE7C6F80C1600250BE044
:101AB000C6F81016C3E7C6F80816F7E7C6F800160A
:101AC000002CF3D1002508244B1CE7D0C2E7C6F850
:101AD0000416F5E703A80391FEF7D0FC039B01254C
:101AE00000EB8300D0F8803023F0E04343F08043E4
:101AF000C0F88030E8E76FF0150072E7002740F289
:101B0000FF1A0668D3F8008093F804B0C7E700BF57
:101B1000D38B000038B5054644680121E068FFF723
:101B200055FF6B6819686369C1F82435E28BA38B94
:101B3000A07E1343228C1343628C1343627E9BB2BC
:101B40000243207E02431343C1F86C3569680B6879
:101B5000D3F8002242F48022C3F800220822C3F8FE
:101B600000254A6A0121C3F83C270022C3F8402718
:101B70001965D3F830110029FBD0C3F80025284699
:101B8000BDE83840014904F03BBA00BF37650000AA
:101B9000684620F007018D4601B5194BD3F80021A6
:101BA000DAB1BFF35F8F4FF0A3418A6ABFF35F8F53
:101BB000BFF35F8F4FF0FF300863BFF35F8F0021EB
:101BC000C3F80011D3F800310E4B196819680A43A5
:101BD0001A60BDE8014085467047D3F80811002916
:101BE000F7D00220084909688860C3F80821D3F8B3
:101BF0000831064B1A681A6842F00102E8E700BF94
:101C00000080045004030020D007002000030020BF
:101C100038B5084B5A78D20709D51C783CB9064D1F
:101C2000284603F0EBFE2046044B1D6038BD6FF0E4
:101C30001200FBE78E020020B50A00004C020020D3
:101C40002DE9F04F804658F804BB90F87540DBF85A
:101C500014136A4BC9B253F8342007468BB0584668
:101C600041F4003104F08EFA8203054639D5002391
:101C7000CDE907330993614BE60003EBC4046368C5
:101C800007A819460093FEF7EFFF331D03934FF0AB
:101C9000000A5B4B0DF11C090293029A574912F896
:101CA000013B0292039A02EBD3028A5C03F0070322
:101CB00022FA03F3DB071AD40AF1010ABAF1030F7F
:101CC00009F10409E9D14FF400310022584604F02B
:101CD00059FA009907A8FEF7C7FF0028D7D125F4C5
:101CE00000350124002D73D10BB0BDE8F08F454BBA
:101CF00053440493D9F80060002EDDD096FAA6F67E
:101D0000B6FA86F6049B1C7846EA44142046FEF791
:101D1000A1FF07EB4000818AF208C1F3820305931B
:101D20000193012319F8020006F0070603FA06F6EC
:101D300020EA060009F8020006A80694FEF79EFBBA
:101D4000069A11F0100F02F1200250F82260059B54
:101D5000C6F3014623D04046019A214604F0C4FA56
:101D600006A80694FEF78AFB069BF6B2203350F8CD
:101D70002330C3F301439E4207D10021204604F0E3
:101D800028FA3146204604F024FA06A80694FEF705
:101D900075FB0122069B02FA03F30362AAE7022EF7
:101DA00014BF022103212046059304F012FA059B7B
:101DB000032B03D0022E07D1012BE6D1214640464A
:101DC000019A04F091FAE0E7032EDED1022BF4E74A
:101DD00095FAA5F3B3FA83F304FA03F225EA0205B0
:101DE00003F5A2725BF8222007EB43034046B3F8E9
:101DF0006410C2F3014204F077FA73E7248900000B
:101E0000DC8B0000DC8B00000121F8B54E4BD3E8E1
:101E1000EF2FC3E8E01F0028F9D1002A3ED14B4B39
:101E2000996099685A6001F003010129DA6035D19F
:101E3000DA609A68032A31D8EFF31184202282F302
:101E40001288BFF36F8F4FF6FF754149888E00F0FF
:101E50000702C88EA84235D0062A33D8DFE802F040
:101E6000123204321232120001230130C88684F388
:101E70001188BFF36F8F8BB100233449354803F0CD
:101E80009CFF0BE000201860086AC0B9C1E9073365
:101E9000C2B9224602212F48FEF71CFBEFF3058250
:101EA00092B1EFF31181202383F31288BFF36F8F78
:101EB0000122002601252027274B284C2EE0036015
:101EC0000B62E5E70023D2E7254B1B78002BE8D017
:101ED0000421214BC3F808131146EAE772B686F3D2
:101EE0001188BFF36F8FBFF34F8F20BF81F311882D
:101EF000BFF36F8F62B6D3F8400410F0FF000DD12E
:101F0000D3F808C1BCF1000F08D0C3F80801D3F81A
:101F10000801C3F84054C4F8A0711D61D3F84CC443
:101F2000D3F84C041CF4803FD8D000F00300012803
:101F3000D4D12AB181F31188BFF36F8F0020F8BD8F
:101F40000422C3F80423F9E7B0160020A0160020ED
:101F5000C8160020E416002000E0105000E100E068
:101F60006E200020F8B5374A1368D3B19368C3B127
:101F7000002865D0002963D001FB00F4B4FBF0F029
:101F800088425DD1201D5BD8A1070CD024F003004E
:101F90000430D36803E05D68854206D29B69002B5C
:101FA000F9D11846F8BD2046F3E7D3F808C0BCF1D4
:101FB000000F02D0012005F014F92D1A232D03F192
:101FC00020061CD801219960D3E90501A8B18161DF
:101FD000996909B1586948610021C3E9051113697C
:101FE000DB0703D5FEF7CEFE0028E3D12246002111
:101FF000304605F0C7F80346D3E7D160E8E700F1C3
:102000002007D919203DC1E9015CCB601D69DFF8CB
:1020100038C00D6143F807C00C4FCF6105B1E960CE
:102020005D694D619F698F6145B1A9618D6905B198
:10203000696101251961C3E90105CDE7D160F5E7C3
:102040000023AEE78C16002055AA00FF669911EE1A
:1020500070B50546002860D03B4E3368002B5CD03D
:10206000B268002A59D0834203D872681344984258
:1020700002D3012005F0B5F8A0F120042046FEF7B8
:1020800061FE0028F5D155F8183C012BF1D155F827
:10209000143C45F8180CC3B19A68002A3ED155F893
:1020A0001C2C02F120015A680A445A6055E9053295
:1020B0001A6155F8145C2B6903B1DD6020462022BB
:1020C000002105F05FF823462C462069002832D015
:1020D0008268002A2FD1636842682033134463600A
:1020E00003692361D4E90523D2B903BB4369636162
:1020F0008269A261EBB19C61A36903B15C61236950
:1021000003B1DC602022002105F03CF833699B0715
:1021100003D5FEF737FE0028ABD170BD0346D4E7E8
:102120009361A369002BE1D062695A61DEE7F36035
:10213000F7E7F460E0E7002BE8D1F368A36103B1AF
:102140005C61F460E2E700BF8C16002030B50D46FC
:10215000816887B0102302AA1039044603F068FE94
:10216000002802DA012007B030BD1022204602A963
:1021700003F0BEFF00283FD11022204902A805F03D
:1021800037F800280CBF012302232B70A16801231C
:10219000203921F00F0120460DF10702203903F00C
:1021A00047FE0028DEDB9DF80730204603F00F02D3
:1021B0001B096A702B7101220DF1070103F098FFD2
:1021C00010B96B78042B03D901236B7000232B719A
:1021D000A2682046203A22F00F02103AA91C03F010
:1021E00099FF0028BED1A2682046203A22F00F02B3
:1021F000E91C03F08FFFB6E70323C6E76E8B0000F0
:102200002C232DE9F341204D0F4603FB0055D5F853
:102210002080B8F1000F01D104F0ACFFEB682E89EB
:1022200040461E44042331460DEB030203F000FE3A
:10223000044620B10124204602B0BDE8F08146F6F4
:102240000813BDF804206D899A421AD1BDF80630F2
:102250009D4201D00324EEE7042340460DEB030228
:10226000A91903F0E5FD0028E4D146F60713BDF8EF
:1022700004209A42EED1BDF806302B4433443B6033
:10228000D9E7002DF1D0E5E728160020F0B5214C64
:102290000546266A85B0F06803F087FD40F21623F4
:1022A0005843B3685030834201D204F063FF6A7927
:1022B000E16D012A12BFB22200220F462C7918BF0D
:1022C0004A4304F1FF3401FB04342B68A4EB0004FF
:1022D00018BF4F00013B1444F06807FB034403F0B0
:1022E00064FD0746304603F0DBFD0F2201460DF189
:1022F000010004F047FF2B796A468DF80030214633
:102300003B46304603F0B6FD003818BF012005B04B
:10231000F0BD00BF28160020F7B50221E420FEF72B
:102320009BFA884B884CD3F8182722F44032C3F824
:1023300018272278002A73D1D3F8101521F0020152
:10234000C3F81015D3F8101541F00101C3F81015AA
:102350000521C3F8A4160421C3F8AC16072367218E
:1023600001F001000244013BD2B24FEA5101F7D122
:10237000052A59D119464FF0010C734E00256720EC
:10238000CFB204E00CFA02F220EA0200013590FA22
:10239000A0F25FFA85FE7745B2FA82F2F2D80131F7
:1023A00032750529224482F8547006F10C06E5D1F5
:1023B0000121002565489A0801FA02F212F0670F20
:1023C00018BF1D500433302BF5D1E420FEF724FA5A
:1023D0005C4B5F49D3F8102503F5C07322F002026D
:1023E000C3F8902340F6FF72C3F8A82100221A60B8
:1023F000A3F5807004338B420260F8D10127514D60
:10240000544E2F663068544BB0FBF3F05D235843B5
:10241000524B3B4398472770D5F81035980706D59F
:102420006FF0770003B0F0BD6FF08B00FAE7D5F8DE
:10243000103543F00203C5F81035D5F8482712F0DF
:10244000010202BFD5F8483743F00103C5F8483709
:102450003C4BD3F84017D3F844174900F9D42AB9B4
:10246000D3F8482722F00102C3F848273A4A3368D4
:10247000B3FBF2F3334A03EB4313002B5BD0D2F8E8
:102480004017D2F8445715F080454FD14FF0FF3335
:102490000193EFF31186202383F31288BFF36F8F2C
:1024A000019B626801A81340019304F0F2F8002830
:1024B0003EDB01226368824023EA02036360284B0B
:1024C0001872284686F31188BFF36F8F002835D124
:1024D000234BA1681A7A012393401943A1604FF05E
:1024E000FF356FF04041DFF87CC0DCE90067B542A2
:1024F00071EB070EF9D31C4926F01F05C1E90057FF
:102500004FF0FF364FF0FF370C251849C1E900673F
:10251000A11891F8541005FB014415492275E1609A
:102520000021084A2161C2F824337BE7013BA4E77C
:102530006FF00B00C6E76FF0730073E76FF00B00EE
:1025400070E700BF00200E50A000002000210E50B8
:10255000B0210E504802002040420F0020740000BD
:102560002C02002040270E50F8020020F00200202C
:10257000C11200002DE9F04FD50640F2063548BFE4
:102580004FF00309D0F8048002EA050598F81030EE
:1025900058BFC2F3401989B001F01F06B5F5837F1B
:1025A000144646EA43168DF80A9043D00DD8062DFE
:1025B00042D005D8A5B1022D12D06FF0150036E03B
:1025C000B5F5807FF9D101250AE040F202239D4252
:1025D00034D0B5F5407F33D0B5F5007FEDD104257B
:1025E00020032FD50123D8F804208B405360D8F85E
:1025F00008707FBB05A80596FDF740FF059BC4F357
:10260000004100EB8300D0F8802081F00101C4F389
:10261000404343EA410322F4706243EA890322F013
:102620000F0243EA05231343C0F88030002009B0AD
:10263000BDE8F08F0925D3E70825D1E70625CFE7C8
:102640000525CDE7620341BF0123D8F804208B4064
:102650009360CCE7314638460DF10B0203F031FEB2
:1026600014F44039019030D13046FEF7F3FA07EB0D
:102670004004A38ADB0719D5384603F0FCFD314638
:10268000384603F0B9FD40B1A28A3B68520B03EB18
:102690008203C3F81095C3F810953846314603F00D
:1026A000C1FD00233046A382FDF7F8FE019B002BFD
:1026B000BCD1D8F808309DF80B1093F87500314B59
:1026C00003EB800003F045FDB0E7002303AACDE94A
:1026D0000623384605AACDE90333059303F0F3FF3B
:1026E0000028A3D114F40033D8F808903BD030462A
:1026F000FEF7B0FA04F4803B074684F48034314698
:1027000048469DF80AA0C4F3004403F080FD20B9B8
:10271000484603F071FD002888D109EB4707BB8AC2
:1027200003F01C031BB1BBF1000F3FF47FAF05A802
:102730000596FDF7A3FE059B00EB8300D0F88030E3
:1027400023F4706323F00F0343EA8A0343EA44034C
:1027500043EA052343F00103C0F88030BB8A43F00D
:102760000303BB82A2E7CDE9063331460DF10A032C
:10277000484605AA059303F0A6FF00287FF456AF4C
:1027800094E700BF400200202DE9F041456801F0C8
:102790001F04287C88B044EA4014A868002800F090
:1027A000BB80B2F5001F06D1214603F064FD002076
:1027B00008B0BDE8F08168686E7CB2F5800F4662B3
:1027C0004FF0000603A80396466065D1B3F1007F81
:1027D00014BF052304238DF80C300023CDE9060334
:1027E0000593EB680DF10706CB4013F0010F5ED1A6
:1027F000B2F1A07F5BD102A80294FDF73FFE029BDD
:10280000203350F82330DA0751D4AF6832462146DE
:10281000384603F056FD16300AD197F87500414B43
:1028200003EB800003F035FF002878DB8DF807000C
:1028300004962146A86805AA03F045FF0028B7D1F1
:10284000AD682146284603F0D7FC80462046FEF7B7
:1028500001FA2F6800F10806B8F1000F39D02846B8
:1028600003F0D5FC002834D105EB4606B3885B0B9A
:10287000990001F58072B850BA582A680A44D2F813
:10288000101541F00101C2F810150122296802FA61
:1028900003F3C1F814338AE7B3F1C06F05D0B3F185
:1028A000007F14BF0123022395E7032393E7AF685A
:1028B00032462146384603F004FD0028B9D197F886
:1028C0007500184B9DF8071003EB800003F041FCE6
:1028D000AFE7D7F8143305EB46059B035CBF4FF415
:1028E0000033C7F81433AB88C3F38203042B0FD033
:1028F000052B0FD002A80294FDF7C0FD029BC16812
:10290000D94001F001010231204603F062FC4EE79C
:102910000321F9E70221F7E76FF0850048E76FF040
:102920000B0045E740020020F8B50126324C334D3C
:10293000D4F80C3303F0710343B901252E4C304E0B
:10294000D4F80C3303F00C035BBBF8BDB3FA83F38C
:102950000021C3F11F039A0002F5807292B202F1C6
:10296000A04202F58712116006FA03F7042B1268E1
:10297000D8B2C4F8087308D0062B10D02B6898473B
:10298000D4F80C3303F07103D6E702236B71C4F85B
:102990001411D4F814312023C4F80433EEE769711C
:1029A000ECE7B3FA83F30027C3F11F039A0002F5A3
:1029B000807292B202F1A04202F58712176005FA06
:1029C00003F1022B1268D8B2C4F8081310D1D4F85E
:1029D0004C34D4F84C349B070AD10423C4F8405437
:1029E000C4F804332561D4F80C3303F00C03ABE7CF
:1029F00033689847F7E700BF00E01050C01600208A
:102A00001C170020F7B5284B284CD3F82C6304F191
:102A100088070EB903B0F0BD96FAA6F00123B0FA0C
:102A200080F08340DA43224926EA0306231893F80C
:102A30005450830019440C2303FB0543DB6873B334
:102A4000D7E8EF3F03EA020CC7E8EECFBEF1000F74
:102A5000F6D1C340DB0719D5020102F1A04202F50D
:102A60006222D2F82435D2F82025D1F800C0BCF17A
:102A7000000FCED04FF0000CC1F800C00C2101FBBC
:102A8000054529690091E9688847C2E705F10C030B
:102A900004EBC30C54F83320DCF80430E5E70A6893
:102AA000002AB6D00B60B4E700200E50A000002032
:102AB00000210E5038B50A4D04462B682BB98021F1
:102AC000084802F08DFE40B920230020054A013B52
:102AD00052F823202B60226038BD0220FCE700BFA3
:102AE000C80700204807002070B588B001AE054631
:102AF00018220C463046002104F044FB012044EA31
:102B000005240794059002F00FFFBA23094A0A49E9
:102B1000C2F800351046C2F80465FEF793F9044682
:102B2000002002F001FF002C0CBF20466FF0920045
:102B300008B070BD005004500051045010B5044658
:102B4000012002F0F1FE064B0649C3F80045064895
:102B5000FEF778F90446002002F0E6FE204610BD9C
:102B60000050045008510450085004500FB430B5C0
:102B700087B00AAC54F8045B01941022002102A82B
:102B800004F000FB02238DF80A30064B224629464A
:102B900002A8039302F05EFF07B0BDE8304004B026
:102BA000704700BFC90400001FB50A4B6A461C6A83
:102BB0001023A1682046103903F03AF9034628B1E2
:102BC000227845210448FFF7D1FF0024204604B0B5
:102BD00010BD00BF28160020ED8C000000222DE95A
:102BE000F04F8FB00446CDE9082203F082F8DFF8F9
:102BF0008081002840D05F4DD8F80030AB4206D12C
:102C0000104609A9FFF7FCFA08B104F0B3FAD8F8A6
:102C10002C30AB4205D1012008A9FFF7F1FA0028BA
:102C2000F3D1DDE90835AB4284BF1D460993A560A9
:102C30004FF0000949215048FFF798FFD8F8243099
:102C40005F684B463B44AB424E4609F10109F9D35C
:102C5000204603F04EF8002837D040F21622D8F86C
:102C60005C30D8F82850534300225033013D3A4499
:102C70009A420ED2013DFAE7FFF796FF0028C4D032
:102C800004F1080103F0EAF80028BED1A56809950F
:102C9000CEE74D4519D857213848FFF767FFB21CDA
:102CA00007FB05F357217A433548FFF75FFF012300
:102CB000E371344B1A68002A03DD57213248FFF7CD
:102CC00055FF00200FB0BDE8F08FD8F82050002D40
:102CD0009BD0D8F84C60002E97D063682B4A03F045
:102CE000FF2393423CD12368012B39D130460AA9F6
:102CF000FFF72CFA002888D19DF82820012A35D02A
:102D0000234B2449032A08BF0B469DF82B20492159
:102D100002929DF82A20204801929DF829200092D5
:102D20001E4AFFF723FF9DF82830032B18D13046A9
:102D3000FEF76EFC00287FF468AF304603F09BFC82
:102D400000287FF462AF3046A16803F085FC0028BC
:102D50007FF45BAF3046FDF731FF00287FF455AFBD
:102D60006379012B40F0A480CB469BE00C4BCCE771
:102D7000281600203DB8F396288D0000518D0000E4
:102D8000808D000044070020028E00000001000436
:102D9000248D00001E8D0000C18D0000B18D00004B
:102DA000198D00002368C3F101024A445A4577D3C4
:102DB000D8F82420012B52F83B10D2F800A002EBE7
:102DC000CB0252F8082C0491A2EB0A02A1EB0A01F3
:102DD00005910692079342D1E268022A39D028462B
:102DE000FEF716FC00287FF410AFD8F84C000CA9B1
:102DF000FFF7ACF900287FF408AFE279012A11D07F
:102E00000E2A3FF602AF8DF82820A96828462039FF
:102E100021F00F01079B0AAA203903F0F1FB0028DB
:102E20007FF4F3AE9DF83330012B05D1284603F033
:102E300022FC00287FF4E9AE2846A16803F00CFCD0
:102E400000287FF4E2AE2846FDF7B8FE00287FF4A4
:102E5000DCAE3046FEF7DCFB00287FF4D6AEAB6874
:102E6000059A9A42BFF4D1AE9A44049BAAEB030A96
:102E700057453FF6CAAE134629462846069A00979C
:102E8000FEF79AFB00287FF4C0AE2046FFF7FEF95C
:102E900023680133236018B13C4A1368013313607F
:102EA0000BF1FF3BBBF1000F7FF47CAF01232360EC
:102EB00002234FF00108DFF8D8B06371C8453FF630
:102EC000F8AE236843455ED8DBF824204FEAC803F8
:102ED00052F83810083B0791DBF85010D2F800A0E8
:102EE000C85809680590069101460698091A049188
:102EF0002179012945D1D158AA68A1EB0A0393424F
:102F0000BFF483AE5244521A97423FF67EAE294632
:102F10003046049A0097FEF74FFB00287FF475AE09
:102F20002046FFF7B3F90223237118B1174A13683B
:102F300001331360B368049A9A42BFF466AE069AEE
:102F40001A441346059A9B1A9F423FF65EAE079AB3
:102F500031462846049B0097A2EB0A02FEF72CFBA1
:102F600000287FF452AE2046FFF790F92368013322
:102F700023600123237130B1044A136801331360C5
:102F800001E00229D6D008F1010897E744070020A4
:102F9000281600202DE9F743314E07460D46002440
:102FA000B0464FF02C091DB1284602F0A2FE08B130
:102FB000224632E0FFF7F8FD30B901200CB1002FB6
:102FC00048D003B0BDE8F08301A902F047FF0346F3
:102FD0000028F2D1D8F82420019851681A460A44F2
:102FE000904203F10103FAD86A79012A0CD1002C2E
:102FF000DED128682246984298BF214609FB02820A
:10300000106AA8B904F0B6F8022AD1D12A68012AB8
:1030100005D99A42CCD884F001020021EEE7C7D14D
:1030200024B12A79023A18BF0122F6E72246E5E7E1
:103030002023324602F0FCFE0028BED11DB13268CA
:10304000084B9A4208D1631C022B4FF0010406F191
:103050002C06A8D10020B4E74FF0FF30AEE700BF48
:10306000281600203DB8F39608B50548FFF77EFD09
:103070000448FFF77BFD0448FFF778FD002008BDFA
:10308000318E0000628E0000958E0000002210B587
:103090000C4B1C7884420FD00132042A03F1100338
:1030A000F7D16FF0010010BDD2685078C00706D587
:1030B000107820B90B60F6E7DA68002AF4D16FF0D7
:1030C0001200F0E76875000030B585B06946012050
:1030D00003F04FFC044610B1FF2005B030BD0220C4
:1030E00002A903F046FC012808D1224649213048B4
:1030F000FFF73CFD2F4B8DF80C40029300229DF80A
:1031000000109DF808002C4C2378042B06D0052BCA
:103110002ED14B1E18BF0123002B38D06378042B0F
:1031200005D0052B2BD1431E18BF01237BB3A378F9
:10313000042B03D09DF803509D4228D1E378042B43
:1031400003D09DF80B509D4221D12379042B1AD135
:103150006379023BDBB2022B25D9184B18480022B9
:103160004921FFF703FD6079831E022BB5D9B3E730
:10317000A3EB010CDCF1000343EB0C03CCE71D1ABD
:103180006B426B41D2E79DF802509D42E0D0013284
:10319000032A04F10604B7D10A4800224921FFF7A7
:1031A000E5FC012099E7084A52F82330D6E700BF32
:1031B000D48E000003010303AE8B0000C28E00001A
:1031C0001F8F0000438F0000A875000030B53B4BF7
:1031D00004465B6800208BB0C3F3080380F31188BA
:1031E000BFF36F8F02F07F45B5F17F4F08D102F03A
:1031F0000C05082D04D012F0080F0CBF204608461D
:103200000022033B8DF80720032B03D8DFE803F0EF
:103210000A4C504900209DF80730002B4CD102A9E0
:1032200002F045FE254BDA6A9107F3D4DA6A002AE8
:10323000F0DBDA6A5200EDD55A69816942F4807296
:103240005A61BFF34F8FBFF36F8F31F8022C59696A
:1032500021F480715961BFF34F8FBFF36F8F02F478
:103260007F43B3F55F4F04D1D2B2022A01D1006887
:10327000D1E7124B9A6AD2B22AB101210DF10702AD
:10328000FDF71CFAC7E79A6A12F47F4F05D00121B7
:103290000DF10702FDF74CFABDE79B6AB3F5803FDD
:1032A000B8D3FDF779FAB6E700210DF10702E7E799
:1032B00000210DF10702EDE70BB030BD00ED00E09D
:1032C00010B572B6002484F31388FDF793FA2346F1
:1032D0004FF0FF300C4A03F120010133102B42F86C
:1032E0002100F8D100234FF0FF30074A03F16001BD
:1032F0000133102B42F82100F8D162B6BFF34F8F93
:10330000BFF36F8F10BD00BF00E100E08FB59D4A95
:103310009D4B22F07F029A60BFF34F8FBFF36F8FF8
:10332000D3F88820994822F47002C3F88820984A7C
:103330000021121A03F026FF9648974A9749121A5D
:1033400003F042FF9648974A9749121A03F03CFF50
:1033500040F20F14002210B201210132FDF77CFA75
:10336000A242F8D10020FDF7ABFC904B03F50062C0
:1033700082F3088883F30A880021E022824B8C4E76
:1033800083F82220D97719765976997683F8201018
:103390005A6A42F4E0225A6283F823105A6942F0D2
:1033A00010025A615A6942F480625A615A6922F0E5
:1033B00008025A6110221A614FF0FF329A62DA62F3
:1033C000D3F8902012F47E4F29D0BFF35F8F794A53
:1033D000C3F89410C3F8C02002227748C3F89810AD
:1033E000C3F89C20C3F8A0000120C3F8980000F1A6
:1033F0000050C3F89C0000F57F3000F2E230C3F8C3
:10340000A0003270D3F89000C0F3072082422FDB77
:103410000522C3F89420BFF34F8FBFF36F8F674926
:1034200034784D68A4461DB11F2D43D86FF01504A4
:1034300001203470FDF744FC0220FDF741FC00231D
:1034400083F30B885E4C5F4DA4F5205686F30B8802
:1034500084F30988002004498847184619461A460B
:10346000A84702488047FEE7016A00000F6A000093
:10347000C3F89820C3F8A0100132C3E7C7F898003A
:103480002046D7F8A03003F01F031343C7F8A0303D
:1034900002F024FD6FE0C7F89800D7F89C30604632
:1034A00063F30405C7F89C50F2E7D145F3D102F06D
:1034B00015FDBDE7E806B9D10B68DA06B6D143E8D9
:1034C00000F21D4412F4803F5FFA82F805F1FF3AE2
:1034D00008BF6FF015084AE800F2D703D0B2A5D5AF
:1034E0004045A3D14445A1DD274FC7F89880D7F8C0
:1034F0009C20C7F89880D7F8A09022F01F02934232
:1035000049F01F09D1D0013BD14523F01F02B5D0AE
:10351000C7F89880D7F8A030204603F01F03134364
:10352000C7F8A03002F0DAFC10F1160F3FF47EAFBE
:10353000C7F89880D7F89C209DF8083009F1FF392A
:1035400062F304038DF80830D7F8A030009525F019
:103550001F059DF808204D445B08A5EB0A050130C6
:1035600063F3471225F01F056946C0B28DF80820A5
:103570000395FDF791F910F1160F3FF457AF441C76
:1035800056E700BF0000000000ED00E098020020B8
:1035900070200020A000002094020020689C000001
:1035A00060000020A0000020289C0000704800203F
:1035B0006F200020AAFF4400E1CF170050890000CF
:1035C00070480020ED4A000008B50548FFF7CEFA24
:1035D000002383F31188BFF36F8F0423184602DFA3
:1035E000698F000008B50123414A4248C2F80038FB
:1035F000414AD2F840231C2A04BF404AC2F80C3486
:10360000FDF70EFB0830FDF70BFB0830FDF708FB5C
:103610000830FDF705FB00F5F470FDF701FB384AB3
:10362000D2F88C3043F44063C2F88C300022D300CF
:1036300003F57F0303F54043D3F8001401310AD0AA
:10364000D3F8001439B1D3F800140132D3F804349C
:10365000402A0B60EBD1264BD3F84024002A42D0FD
:10366000FDF7CEFA48B1244BD3F83423254B9A42C8
:103670009EBF1F4B244AC3F84026FDF7C1FA18B17C
:10368000224B234AC3F8AC27FDF7BAFA48B13422DB
:10369000174BC3F82426D3F83C2622F40022C3F8A3
:1036A0003C261C4BD3F80026D20744BF6FF0010222
:1036B000C3F80026184BD3F8182522F00302C3F8EC
:1036C0001825D3F8182542F00302C3F818250C4A30
:1036D000D2F88C3043F44063C2F88C3000220F4B98
:1036E000C3F8D42608BDC822C3F84024B8E700BFF9
:1036F0000000125000C50D5000C0FF000030055002
:1037000000ED00E0001D0A1840E0A91E00A00850CE
:1037100078000A0400E0105000B0045000600D5022
:10372000074A1368591C11604BB9064A4820D2F861
:10373000003443F00703C2F80034FDF76DB870475A
:10374000CC0700200080045010B5124B1C68013CCF
:103750001C60ECB94820FDF76DF807220E4BC3F84A
:103760000823D3F8002422F00702C3F80024C3F88A
:103770000041D3F80021C3F80441D3F804214FF4E9
:103780008072C3F80841D3F80831044BC3F888218C
:1037900010BD00BFCC0700200080045000E100E015
:1037A000BFF35F8F4FF0A3430022DA61BFF35F8F57
:1037B000BFF35F8F4FF0FF321A63BFF35F8FBFF32A
:1037C0005F8F3422DA61BFF35F8F0122014BC3F8B0
:1037D00004237047008004500368DA68D203FCD4E5
:1037E000DB6825481840B0F5806F30D016D84028E7
:1037F0002FD008D810282ED020282ED0003818BF5F
:10380000012040007047B0F5807F28D0B0F5007FE0
:1038100027D0802814BF02200B207047B0F5804FBE
:1038200021D00BD8B0F5805F1FD0B0F5005F1ED05F
:10383000B0F5006F14BF022006207047B0F5004FAE
:1038400017D0B0F5803F14BF02200320704711202D
:1038500070470A2070470C207047092070470820E5
:1038600070470720704714207047052070470420D8
:1038700070470F20704700BFF0FF010038B50025EA
:10388000124B04461A68036102605A6842609A68E3
:1038900082600F4A9A668564FFF742FF04220D4B4F
:1038A000C3F804230C4A2368D968C90307D403F575
:1038B00080535B6A13F4A02F01D138BD20BF136879
:1038C000002BFBD0136813681560ECE7D0070020CD
:1038D000287400000080045000030020042210B56A
:1038E0000446054BC3F80823FFF72EFF2369034A5C
:1038F0009A660023636410BD0080045028740000A1
:103900002DE9F04393B004460026FFF709FFFFF7C7
:1039100047FF0DF11F05234F25F01F05012310223E
:10392000214911F8010D013A03440B704FEA1323AA
:10393000F7D1A81901F006FFA946804638B1FFF774
:1039400003FF404613B0BDE8F04302F0B2BFD7E931
:103950000C321036013342F10002302EC7E90C322E
:10396000DCD1FFF7F1FE54B104F1300299F80030D8
:1039700014F8011B4B40A24209F8013BF6D12E4638
:10398000084C0FCE0FC496E80F00203584E80F00D6
:1039900095E80F00103484E80F00002013B0BDE854
:1039A000F08300BFA0020020D002002038B52B4BCE
:1039B0001B7843B12A4B1A68002A41D01A6819684B
:1039C0000021196032B9BFF35F8F4FF0A3439A6AA9
:1039D000BFF35F8FBFF35F8F4FF0A344E36BBFF381
:1039E0005F8F12F0240F03F023032BD0BFF35F8F00
:1039F000E569BFF35F8FBFF35F8F10236363BFF38E
:103A00005F8F184B1868184BB0FBF3F0174B43F05F
:103A100001039847BFF35F8F00236363BFF35F8F9A
:103A2000BFF35F8FE36BBFF35F8F5B06F8D425B105
:103A3000BFF35F8FE561BFF35F8F6FF01F0038BD8D
:103A400020BFB8E74FF0FF30002BF8D1BFF35F8FF6
:103A50002063BFF35F8F1846F1E700BF6E200020A0
:103A6000040300204802002040420F0000740000C0
:103A7000BFF35F8F094A1368BFF35F8F43F4807110
:103A8000BFF35F8F1160BFF35F8F23F48073BFF3C9
:103A90005F8F1360BFF35F8F704700BF00108051CE
:103AA00038B5044602F01AF9256885B94FF4127248
:103AB0002946201D03F066FB084B284663608023DF
:103AC000C4F8C431052384F84852236038BD204629
:103AD00003F03DF86FF08800F8E700BF6889000048
:103AE0002DE9F04FAA4D91B06A782B78022A02D1C5
:103AF000072B00F0A6809A0706D40121A54A43F0BF
:103B0000020382F8C0122B7013F0010440F0908081
:103B1000A14FDFF888823B68434500F00681FFF73C
:103B2000FFFD9F4B01211C609E4B48201C609E4A5C
:103B3000FCF792FE9D4B9E4952F8040B43F8040B90
:103B40008B42F9D19B4C9C4B2461236003F5C0430D
:103B50006360FDF7E7FA236DF820B3F5007FCCBF73
:103B60004FF480634FF40073A36002F0EBFB28B9BD
:103B7000F92002F0E7FB002800F0CF8008AE2021FA
:103B8000304601F02DFE0446002848D14FF48073E2
:103B900001AC2046019302F0FCF8DDF8049002F03D
:103BA00065FE002840F0A58019F00303009040F066
:103BB000AE801A46184619464FF0010ADFF8FCC1DC
:103BC0005CF804EB19EA0E0F07D00AFA02F0014381
:103BD000012001F07F0143EA0E030132072AEFD1F1
:103BE00028B19DF8032061F347028DF8032039EADC
:103BF000030340F08F80BDF80230F82023F4F873FF
:103C000043F0C003ADF8023002F09CFBF0B96FF056
:103C10008A042021304602F08EFF002C7DD0FFF771
:103C200093FD2A7842F001032B70002C40F0828033
:103C30006A780AB902226A705C075CBF43F0040329
:103C40002B700024204611B0BDE8F08FF92002F05F
:103C500079FB0028DBD00221F820FEF745FF8346E0
:103C6000002846D14FF0010A554BCDF814A0069319
:103C7000009B079396E80F0084E80F00504601F080
:103C800053FEF8234F4A5049C2F800351046C2F897
:103C90000445FDF7D7F88146584601F045FEB9F1D5
:103CA000000F24D11C21204602F045FF4FF0FF33C6
:103CB000DFF818C1CDF814A0CDE906C310AB13E9A5
:103CC0000F0084E80F00504601F02EFEF9233D4A14
:103CD0003D49C2F800351046C2F80445FDF7B2F878
:103CE0008246484601F020FEBAF1000F04D002F0EF
:103CF000BDFD6FF092048CE720461C2102F01BFFF3
:103D0000BA20FEF71BFF0446002882D0F1E76FF0CF
:103D100086047EE76FF085047BE7FDF715F904461E
:103D2000FFF712FD1CB9C7F80080002479E76FF097
:103D3000920476E7500742BF22F0040242F00103EA
:103D40002B70990717D5134E1027B0464FF0010A74
:103D50004FF003093046C6F820A086F81C9002F008
:103D60009EFB013F06F12C06F4D12B7888F8C07237
:103D700023F002032B700023042115486B70FDF71C
:103D800021F82B78DA0744BF23F001032B7059E7A1
:103D9000000B00203C080020200200201173650069
:103DA0000403002000030020C475000000C08051FF
:103DB0001CD38051D007002000208051E0880000F3
:103DC0004000815100500450005104505000815176
:103DD000040B00206029F8B504460E462CD8037861
:103DE000033303F00303012B21D86FF0210002F00D
:103DF00060FD054640B912493246204603F0E4F919
:103E000060210F4802F097FE2846F8BD63780D49FF
:103E10002B440D48C7F80035FDF714F850B90135AB
:103E20002378C3F382039D42F0D30020DFE700250F
:103E3000064FF5E70220DAE76FF08905E4E700BFF7
:103E4000000000200451045004500450005004505D
:103E50002DE9F04F88461D468649536885B0B1EB81
:103E6000132F1446DDE90E7A06464FEA132203D0DB
:103E7000814B9A4240F0F780804BF31868F10002C2
:103E8000032B72F10002C0F0F180029B3046C3F3B5
:103E90000D0302A9029302F098FB48B9B6F1F803AA
:103EA00048F1FF38022B78F1000804D26FF0860049
:103EB00005B0BDE8F08F9DF80B10029B49089DF8F6
:103EC0000A90BDF80A800191C3F3853B02F0CEFC55
:103ED000C9F302190199C8F3C11810B16FF092002B
:103EE000E6E79DF8080010F00F0340F0B08008F1FD
:103EF000FF32D2B2022A00F2AD80DFF884C100F0B6
:103F000030081CF802C05F4AB8F1100F4CEA0202F8
:103F100062602AD15C4B2360204603A9FCF7D4FFE2
:103F20000028C3D1039B9F42C0F09A8044F2121232
:103F3000218809F1FF39914204BF042205F8012BC1
:103F4000CAF800309DF808302A78C3F3011363F3F0
:103F5000010208BF07F1FF372A70B9F1050F3BD8FE
:103F6000DFE809F06E5E5E5E47668C461846474A9B
:103F7000BCF1000F1CD1039003A801F00AFF039BC2
:103F8000BBF1280FA360A9D147F2421213F4A05F3E
:103F900044F2421318BF134623803D4BE36009F1FE
:103FA000FF33052B18D8DFE803F0220F1A1C171F68
:103FB0001CF0010F04D0062B4FD852F823100843F1
:103FC0004FEA5C0C0133D3E7C0236380B8F1000FE4
:103FD000A2D16FF096006BE76FF0980068E7FF23BF
:103FE000F3E74FF48073F0E74FF4C073EDE78023FD
:103FF000EBE703232A78B8F1200F08BF023363F3FD
:1040000084022A706E70238803F44F42B2F5824F07
:1040100018D13946284605B0BDE8F04FFFF7DABEA3
:1040200044F212122388934214BF02230423E1E7CF
:1040300044F21212238893420CBF06230323D9E7CC
:104040000123D7E7B3F5885F7FF432AFE1E76FF084
:1040500088002DE76FF091002AE76FF0830027E7D3
:104060006FF0890024E76FF08B0021E76FF0850087
:104070001EE700BF004E80004B4E8000FF3F0080D7
:10408000C08B0000004B4E8001108001E0880000D2
:10409000000800060023F0B50E468DB00B6076498F
:1040A000054691F8C032002B00F0D08000F140436B
:1040B0000F2B63D82C2202FB03110B7F022B03D1A1
:1040C0004B69984200F0CE8031460020FDF748FB56
:1040D0000446002840F0CD800122336801465D612E
:1040E000336805A85A6035681C2203F04BF86B69E9
:1040F000624903F14042A2F580528A42CDE902446E
:1041000000F29E805E4A934251D0013293424ED0DB
:10411000023A93424BD0DFB2384604A902F055FA76
:10412000044600BBBDF81230C3F3C113013BDBB240
:10413000022B00F28280534AD35C534A1A4303B1E4
:104140006B690A930023069238461946CDE900337D
:1041500005AAFFF77DFE10F18A0F04462AD0002839
:1041600008BF6FF09604306802F099F914F18C0FD3
:1041700008BF6FF08704002333607AE06FF040429D
:104180000138904205D3A3F58053A2F50052934223
:104190005FD80023384A107F022802D15069854237
:1041A0005DD00133102B02F12C02F4D18CE71F46B5
:1041B000364AC6E7069B36491A0AB1EB132F02D0DE
:1041C000344B9A4239D102A905A8FCF77DFE00289C
:1041D00033D128460299FCF70DFE04460028C2D1CF
:1041E00003AB0193AB6A2146009338466B6A05AA7C
:1041F000FFF72EFE044640B1686A10B1A96AFCF7C9
:10420000EBFD0023C5E90933ADE7039B05ACAB62C9
:104210000FCC0FC594E8070085E807003068083028
:1042200001F0B7FD33681A7F012A0CD0306802F024
:104230007CF8E8B16FF096049DE76FF0860492E792
:104240006FF08B048FE702221A77EFE76FF0880494
:104250000FE06FF087040CE06FF0960409E02C2269
:1042600002FB0311084602F060F80028F4D1316027
:10427000002420460DB0F0BD3C080020FFDFFF3FCA
:1042800002C0FF7FC08B0000004B4E8003004E80B9
:10429000004E80004B4E80002DE9F04F80460025F7
:1042A000ADF5537D3FAC20460691FFF7F9FBB8F81A
:1042B0000830B8F80A20D8F80C7013441F44AF42F5
:1042C00000F283801FA9204602F050FC204602F035
:1042D0003EFCD8F80C30B8F8085022461D44294658
:1042E0000423069801F0A4FD099000287DD146F62C
:1042F00008122188B8F80A30914240F08480618821
:10430000994272D1042322460698294401F090FD77
:1043100000286AD146F6071322889A4265D1B8F878
:104320000A30A1482B440793079A6388C16D134450
:104330000A93436A5A6840F2162303FB0121534251
:104340004F311940836A406D013B534342435B1A2E
:10435000521A934228BF13460A9A9A4245D82B1DF7
:104360004FF0FF352C4605930A9B059A934240F285
:104370003B83B8F80A3023B1079B934204BF043350
:1043800005930423DDE905103FAA01F051FD60BB50
:10439000059ABDF8FC30111D079ABDF8FE708A42DF
:1043A00008D84FF6FF76814830F8022BB2421CD075
:1043B0009A42F9D1122B29D0242B5CD0012B38D072
:1043C000059B04373B440593CEE77E1BB6F5807F03
:1043D00028BF4FF4807629463346754A069801F087
:1043E00027FD48B1204602F0B2FB4FF0FF342046D3
:1043F0000DF5537DBDE8F08F324620466C4902F042
:1044000001FC35445BE7002B84D0EEE7402FECD174
:104410003B4606980FAA01F00BFD0028E5D13A466D
:104420000FA91FA802F0E4FE0028DED101230993A2
:10443000C6E7402FD9D83B4606980FAA01F0F8FCF2
:104440000028D2D13FA8FFF72BFB2C2259493FA8C7
:1044500002F0D8FB2FA93FA802F088FB3FA802F08A
:1044600076FB3A460FA92FA802F0C2FE051E18BF20
:1044700001256D42A4E7002DA2D1402FB5D13B46C6
:1044800006980FAA01F0D4FC0028AED149490CAC23
:104490000C91302320460DAA2C3101F066FC002837
:1044A0007DD113680C9E20461E44314630230EAA4F
:1044B00001F05BFC002872D10C9BF11A00296EDD23
:1044C0001268197803EB020B00232F91CDE93033EA
:1044D00059460623204630AA01F047FC00285ED149
:1044E000DDF83090309D0DF1FC0A09EB05039B458A
:1044F0000C933ED10C215046FCF764FC032D4ED1A9
:104500002A4648462C4902F073FE002847D10DF197
:10451000340A0DF1300B2B4652463146584601F015
:1045200024FC00283BD1DAF80020002A37D00C9C6C
:10453000531E2178CAF8003089BB224404F10109D6
:104540009642CDF830902AD1202B0B9327D10DF134
:10455000FC0B1C225846089102F014FEFFF7C0FA2B
:10456000089902460B9B58B345211448FEF7FEFA02
:1045700015E019F805200CACCAF8002001335946A3
:10458000204640AA0C9301F0C1FB40B90C9BDAF81D
:104590000420CAF8083013449B450C93AED04FF06A
:1045A000FF344FF0FF350BE728160020508B00003A
:1045B0006E1700207E8B0000AA8B0000728F000017
:1045C00044F24212ABF800204FF400622FA80B9186
:1045D00008932F9201F0DDFB089B0668AB4A0B990C
:1045E0000E93BBF80230CBF80860CBF80C20CAF869
:1045F000001013B1FF2B40F02E8104F1200314F8BA
:10460000012FA34241EA0201F9D1002900F02381E0
:104610009DF800A1BAF1FF0F04D0449BBAF1000F3E
:1046200003D123B16FF0860363E0002BFAD026F0AC
:10463000031626F47F46002EF4D1BAF1000F55D1AF
:104640002FA80DAC2146FDF78BF8089000284FD11C
:104650000D9C0DF1FC0BA446DE46BEE80F00ACE855
:104660000F009EE807008CE80700BAF1000F01D1A7
:104670002F9B6361A26A002A45D021466388DDF83A
:1046800000C1DFF80CE22F93BEEB1C2F0DF1BC0B29
:104690000DF1FC0A626A51F8283F4FEA1C2000F035
:1046A000C880DFF8F0C1604500F0C3800028B9D1B0
:1046B000CDE9001B504649460B9202F04BFC10F12D
:1046C000860F03460B9A40F0BC80BAF8003003F422
:1046D000E041B1F5805F31D0B1F5005F04BF4FF428
:1046E0008073CBF800306FF0850302E03046A8E716
:1046F000089B0D9818B1089301F0D1FE089B1A464B
:104700004521654832E7DBF804301B0A07D1204613
:104710000E99FCF76FFB03460028AED0E9E70E9236
:104720005B4A0EA9934203D04B3293427FF47AAF97
:104730003FA8FCF7C9FB0028E9D073E74FF480716C
:10474000CBF8001041F206218B42CCD8B3F5905F34
:1047500065D241F201018B4202D0B3F5885FC2D12C
:1047600009F1200359F8041B994542F8041BF9D1BB
:104770002023A36262882FA90B68002A64D163807A
:104780004FF6F8730A689A42ADD8BDF8FC203FABEB
:104790001AB1208890427FF445AF5B881BB16288D4
:1047A0009A427FF43FAF94F81CB0D4F81490BBF158
:1047B000010F4DD1022348462377FFF76BFC2FA949
:1047C000824600284AD0524645213448FEF7CEF9A9
:1047D000B9F1000F00F003810EAC21464846FFF707
:1047E00059FC8246A8B90E9C237F022B40F0EA8038
:1047F000032360682377C1B2FF2940F080806FF007
:10480000840A204601F06BFE002800F0E4806FF07F
:10481000960A524657212248FEF7A8F9DFE069219F
:10482000A3F590539BB221FA03F3D9077FF55BAF51
:1048300096E72FA8CDE900104946504602F08AFBC2
:104840000346002B96D054E79A427FF4EBAE97E7ED
:104850006FF096034DE76FF0860350E70C68A3688E
:104860001B050DD5B4F800A05A465046E16800F08B
:10487000EFFDB8B95A465046216900F0E9FD88B904
:10488000204601F02CFE6FF0840A9CE70008000629
:10489000004E80004B4E8000928F0000B48F0000CD
:1048A000E28F000062685349130AB1EB122F06D061
:1048B000514A934203D013B16FF0850A11E00AF414
:1048C0004F4ABAF5824FF7D10FAB029340230193C1
:1048D0001FAB00932146D4E90923012000F0C0FD5D
:1048E0008246204601F0FBFDBAF1000F7FF46BAF6A
:1048F00010B16FF0960A66E70123089368E76269D2
:10490000DFF8F8C002F14043A3F5805363453FF65A
:1049100078AF394BB3EB102F57D103293FF46FAF6A
:104920005FFA82F90DF1BC0B5946484601F04DFE85
:10493000824600287FF465AF9BF80230C3F3021370
:10494000013B052B3BD8DFE803F0380303030A31B2
:1049500044F2121325889D4214BF022504259BF8BA
:10496000003003F03003202B00D10235DFF890A097
:1049700006EB090323492448CAF80035FCF762FA1C
:1049800000287FF43CAF0136B542F1D1FCF7DCFAE8
:1049900018B960211D4802F0CEF831464846FEF7AE
:1049A000A3F8A8B901F062FF82462AE744F2121385
:1049B00022889A4208BF0625D1E70125CFE76FF08C
:1049C000980A1EE76FF0960A1BE76FF0850A18E752
:1049D0006FF0920A15E7BAF1000F7FF41AAF089B47
:1049E00083F001046442DCE5099B012B7FF4FDACFC
:1049F000FDE400BF004E80004B4E8000FFDFFF3F14
:104A00000050045004510450045004500000002091
:104A10002DE9F0474FF02C0808FB00F8DFF8B490C0
:104A2000044609EB0806376A8A460FB902F0A2FB72
:104A3000454205F02C054D4404222946384601F034
:104A400057FB10B93069C3061BD5BCB13846FCF71B
:104A5000DFFD9AF80730042B0CD1D9F8200000288C
:104A6000E4D0FCF7D5FD024640B949211A48FEF7CB
:104A70007DF803E0FEF728FB0428EED00120BDE816
:104A8000F087316A0029D1D059F80820134B9A4297
:104A900004D0BCB9124A45211248E8E7F2683389CC
:104AA0009B18F6D27289D218F3D28B689A42F0D250
:104AB00040F60C631842ECD12846FFF7EDFB0028C6
:104AC000DDD0E6E70023BA681946384601F0A8FCB5
:104AD000054AE0E728160020129000003DB8F39642
:104AE00000900000519000000890000001252DE981
:104AF0008048A14B91B003201D70FCF7E1F8042021
:104B0000FCF7DEF849219D48FEF730F849219C4822
:104B1000FEF72CF89B4C60220021204602F032FB6D
:104B2000284604F12001FEF7B1FA002840F0CE80BB
:104B3000022004F14C01FEF7A9FA002840F0C680DB
:104B4000B226914A284602F5B2630CA96262236537
:104B50000C9602F0C5FAD0B1B22257218B48FEF76D
:104B600005F801239D4284F8583022D1854D95F8EF
:104B70005830042B8DF8373000F2C881012B00F239
:104B8000CC8100F0DF81FF2385F85830DAE10C9BFF
:104B90000220226D0CA9A3620C9602F0A1FA08B1C2
:104BA0000925D9E70C9B6365236AD86801F0FDF8F5
:104BB000E06500210846FEF7EDF928B100225721F3
:104BC0007348FDF7D3FF0AE0A66A656DAE420BD0CD
:104BD0006B1C9E4208D057216E48FDF7C7FF01228B
:104BE000684B83F85820C1E7B22E71D800231F46C6
:104BF000626A216D043204319D426CD1236AD86807
:104C000001F0D3F8E36CD86801F0CFF8AE4205D9D3
:104C1000636A03EBC5035B68BB4262D101230C935B
:104C200003F101230D930023206A08A9CDE90E3377
:104C3000FDF78CFA002849D19DF82020012A55D093
:104C4000554B5649032A08BF0B469DF8232049219E
:104C500002929DF82220524801929DF82120009254
:104C6000504AFDF783FFE06C0AA9FDF76FFA804612
:104C700060BB9DF82820012A3AD0474B4749032AB8
:104C800008BF0B469DF82B20492102929DF82A204F
:104C9000434801929DF829200092434AFDF766FFA0
:104CA0009DF82090B9F1010F24D19DF82230032BFB
:104CB00020D19DF82830012B1CD049213B48FDF71D
:104CC00055FF0223266A0F93002E7BD102F052FA81
:104CD0005721374881E752F8337051F83300874243
:104CE00002D05721334878E7013385E7324BACE7F0
:104CF000314BC7E749213148FDF738FF00230F93B7
:104D00000CA800F0F6FF80F001000CA9C0B2FEF77D
:104D100041F9054600287FF451AF0CA800F0E9FFE7
:104D2000184E002840F0D3800CA8FDF757FF9DF8DF
:104D3000373086F85830033B012B06D801F02AFEA5
:104D400018B1FF23054686F858309DF83730023BEE
:104D5000022B06D801F036FE054610B1FF2386F877
:104D6000583096F85830FF2B40F0A6804521144863
:104D7000FDF7FCFEAAE700BF6E200020799000003E
:104D80009290000028160020080B0020C29000001E
:104D90000491000030910000248D00001E8D000061
:104DA000C18D0000C3910000B18D0000D1910000C1
:104DB0006891000097910000198D0000F0910000AB
:104DC000549200003378013B012B71D8F06840F217
:104DD0001627D4F85CB000F0E8FF7843B368503091
:104DE0008342FFF473AF1B1A04934FF0FF354B4619
:104DF000B9465FFA8BFB0693049BCDF8149009F13A
:104E0000FF3919FB0B31304601230AAA01F010F8D3
:104E1000031E07934CDB012230460AA901F068F912
:104E2000079B90B3069A9A4201D008F10108013F0E
:104E3000E1D1B8F1010F03DD45215648FDF796FE9B
:104E4000691C07D0B12D26DC40F2011301350C9509
:104E5000ADF83430B1680123203921F00F0130461C
:104E60000AAA203900F0E4FF10BB012230460AA94B
:104E700001F03EF910B101238DF828309DF828305B
:104E800003F00F038DF837303AE7059AB5F1FF3F8D
:104E900008BF1546CBE70223B23D8DF835306B10C5
:104EA00005F00105013301350C938DF83450D1E73D
:104EB00000225721384884E6002D7FF407AF2946A9
:104EC0002846FEF767F800283FF489AEFEE69DF815
:104ED0003770012F0ED1FEF7F7F8831E022B05461F
:104EE00004D838460CA9FFF793FD00B9284686F888
:104EF00058003BE601200CA9FFF78AFD18B10523F5
:104F000086F8583032E69DF83730F9E7052B7FF404
:104F10003AAE01F03FFDA8B135E60CA8FDF75EFE04
:104F200095F85830DA1E012A09D801F033FD10B97E
:104F300001F048FD30B1FF2385F85830C6E6023B4A
:104F4000012BF5D995F85830FF2B3FF40FAF002116
:104F5000012B0A910CD100210846FFF759FD0746A5
:104F600058B90A9B01330A930A9B012B0DD0FEE727
:104F70000846FEF70FF80028EDD04FF0FF377FB15D
:104F800045210648FDF7F2FDFEE72B6AD3F804A0A1
:104F9000F5E700BF079200002A920000609200002F
:104FA000524649217C48FDF7E1FDE38A49210093FF
:104FB000637D227D7948FDF7D9FD49217848FDF7C9
:104FC000D5FD2389774C784EA04658F8045F5344AA
:104FD0003360ED4367234FF0010ADFF8D09105F00D
:104FE0006705C9F82833002D40F0B280E420FBF7B4
:104FF00021FC6E4BD3F8482722F00102C3F8482762
:10500000D3F8102522F00102C3F81025D3F810259B
:1050100022F00202C3F8102501225A669A66257012
:10502000EFF31182202383F31288BFF36F8F604860
:10503000818E01F00701022940F0A880C38E013B58
:105040009BB2C386002B40F0A1801C30FBF742FAD4
:10505000584B594A1B684FF47A70B3FBF2F34FF088
:1050600000085843554B4FF0FF3743F00103984772
:105070004FF0010BC146DFF848A15AF8044BC4F8C1
:105080000873C4F30830FBF7D5FB0021C4F82CB03B
:10509000C4F85091D4F85031C4F84C91D4F84C3144
:1050A000C4F82491D4F82431C4F80095D4F8043617
:1050B0000C93D4F80C360D93D4F810360E93D4F824
:1050C00008360F93C4F80476C4F80C76C4F810764A
:1050D000C4F808760CAC54F8040B431C01D0FBF761
:1050E000DDF901310429F6D108F10108B8F1030F07
:1050F000C3D101224FF0FF31324B5A60DA60C3F85E
:105100000813BFF36F8F72B600232F4A03F12000FC
:105110000133102B42F82010F8D14FF0FF3105F188
:1051200060030135102D42F82310F8D10024274BDD
:10513000C3F80444FBF75EFB84F30B8884F30A880E
:10514000234B3068984745212248FDF70FFDFEE7C5
:10515000A3680AFA07F202EA030111F0670F1CBF05
:105160009343A3606368DB4303F0670313420AD0F1
:10517000002209EB0713C3F82C25EA0703D54046A4
:10518000F9B200F0E6FF6D0801372CE782F31188D1
:10519000BFF36F8F5CE700BF83920000B292000004
:1051A000D0920000A00000208816002000200E50A1
:1051B000C81600204802002040420F001074000072
:1051C0000089000000E0105000E100E0002008E04D
:1051D00061000020F5920000F0B5038803F44F420F
:1051E000B2F5824F02D0B2F5884F21D1DDB203F47F
:1051F000E0421E4BC4681E4600201F78AF4220D1FB
:10520000D1F800C0B2F5804F0CBFDF689F68D3F8BB
:1052100004E0BCF1000F0DD1202F0BD1C1F800E04C
:10522000142303FB0066337C8BB96FF0850007E025
:105230000025DCE7E64504D1202FF1D06FF0860091
:10524000F0BD0130132803F11403D6D1F6E7422D47
:1052500009D1074B9C4206D003F20B139C4202D0AB
:105260000A339C42EAD10020EAE700BFD08900005F
:105270000008000641281FD019D8222809D8112873
:1052800017D91238C3B21948D84000F00100873846
:1052900070472738C3B2092B0BD81548184100F0C6
:1052A0000100C0F1FF2000F57F007A3070474228EE
:1052B00010D06FF086007047FF2907D0B1F5E07F6E
:1052C0000CBF6FF085006FF086007047094B00201F
:1052D00013607047FF2907D0B1F5E07F14BF6FF06E
:1052E00086006FF085007047034BF0E72102010054
:1052F000EEFDFFFFB0890000C08900002DE9F843F2
:10530000804630264E4CDFF83C91202E3746A8BF11
:105310002027FEF705FAFEF7ABFBBFF35F8FE368CC
:10532000BFF35F8F9B08013BBFF35F8FA360BFF3A9
:105330005F8FBFF35F8F00232364BFF35F8FBFF3E3
:105340005F8FF1226264BFF35F8FBFF35F8F4FF413
:1053500000726263BFF35F8FBFF35F8FC4F800908A
:10536000BFF35F8FBFF35F8F226BBFF35F8F02F0DE
:105370000E010A2955D012F00C0FF3D023BBBFF356
:105380005F8F6268BFF35F8F032AEBD92E4B2F4AE2
:10539000BFF35F8FD4F88010BFF35F8FBFF35F8FD1
:1053A00043F8041BBFF35F8F9342F1D1FEF760FB1C
:1053B000BFF35F8F2368BFF35F8F43F00103BFF339
:1053C0005F8F2360BFF35F8F3D46BFF35F8FA2689F
:1053D000BFF35F8F0132B7EB021F2ED8BFF35F8F91
:1053E0006268BFF35F8FB7EB820F24D84246BFF3EA
:1053F0005F8FD4F88010BFF35F8F101D02F8011B80
:1054000082424FEA112105F1FF3507D0002DF5D179
:10541000FEF79AF945B16FF03F0609E0002DE6D19D
:10542000F6E7FEF791F974E7F61BB8447FF46DAF29
:105430003046BDE8F883012394E76FF03F05E7E7C6
:105440000010805101000400101080512010805184
:1054500002480B1A58425841704700BF0008000626
:105460002DE9F047B4B099460B8802AF23F0FF0A4C
:10547000BAF5824F0C469046D7F8F06008D0BAF5DE
:10548000E24F05D06FF08500C837BD46BDE8F08714
:10549000A26850B912F4005F00F04181D8B24228EE
:1054A000618805D1CB0801330AE012F4006FF3E7FD
:1054B000CB1D41284FEAD30340F08F80002BE1D071
:1054C000073323F00703ADEB030D00233A1D02ADB4
:1054D0007B60FFF7CFFE0028D6D16268934BB3EB19
:1054E000122FCFD0BAF5824F79D14A46414628468D
:1054F00001F06AFE7B68D3F80480B8F1200F40F019
:1055000011818B4B07F13C09C7E90236D7F8E83027
:105510003D617B612223C7E90638D7F8EC30C7F834
:1055200020807B620322834BCDF8009007F11C01A1
:1055300007F10C0001F08DFA0446002849D107F16B
:105540007C00FEF79BF9D7F88C307B4A07F17C0092
:105550009A66EA7FF17FD209C909520742EA81724D
:1055600007F12803754901F024FC044668BB424654
:105570004946B86A01F0C1FA4246F86A07F15C018F
:1055800001F0BBFA3C6B42462046294601F0B5FAD1
:10559000EB7F424603F07F03E377786B06F120014F
:1055A00001F0ABFABC6B42463146204601F0A5FA49
:1055B000F37F07F17C0003F07F03E37701F0ABFAA0
:1055C00007F17C00FEF708F9044607F17C00FEF7BE
:1055D00085F9204601F06DF956E75B0063E720236B
:1055E000C7F8288007F13C0907F17C08FB67012216
:1055F0004146504BCDF8009007F1280001F029FA00
:105600000446002840F0848097F83C3007F17B0185
:1056100023F0070387F83C3097F85B3003F07F03F3
:1056200043F0400387F85B301F23CA1A013B147014
:10563000FBD24046FEF722F9D7F88C30404A40466C
:105640009A663E49002207F1280301F0B2FB0446A6
:10565000002849D120224946B86A01F04EFA20229A
:1056600007F15C01F86A01F048FA404601F053FA8C
:105670004046FEF7B1F80446B0BBD7F88C309A6EBE
:10568000D7E9203154681268D20003D5D7F88820B2
:105690008A1A134400220EE0E0070AD50B2A01D92A
:1056A00001F068FD07F1C80000EB820040F8383CCB
:1056B00001320B446410002CEED1D7E924E307F14A
:1056C0005C0203F1200A9446186859680833ACE874
:1056D000030053456246F6D19EF8002097F87B30D0
:1056E00043EAC21387F87B304046FEF7F7F87CB9EF
:1056F0002A4607F15C0C634603CB434510605160BA
:105700009C4602F10802F6D14021484601F013FA06
:10571000204601F0CEF800283FF4ECAEB4E66FF07E
:105720008600B1E66FF09400AEE600BF004E800048
:10573000600200206889000088890000C08900009C
:105740009C8900004FF4807313B501931E4B01AA8E
:105750001A6011221D491E4CC3E9021240F61101C4
:1057600003F110025A601B4AC3E906411A61203254
:105770001A62212203F1200159610121164C59625C
:10578000C3E90A42154A82E813002021D160BFF321
:105790005F8F4FF0A3410B60BFF35F8FBFF35F8F4D
:1057A0000A61BFF35F8FBFF35F8F03234B63BFF3C8
:1057B0005F8FBFF35F8F8B63BFF35F8FFEF7F6F8EA
:1057C000431CFBD002B010BD3417002004000020A1
:1057D00020000020A002002010000020241700203C
:1057E0002DE9F0474D4C96B00DF14F0501F10F0832
:1057F000D4E90C32134307460E4625F01F054FEA45
:10580000181829D0D4E90C2318EB020243F1000345
:10581000B3F5803F4BD2FDF783FF4FF00008FDF753
:10582000BFFF05F11009102201233D4911F8010DB8
:10583000013A03440B704FEA1323F7D12846FFF7D0
:1058400081FF8246002849D0FDF77EFF504616B002
:10585000BDE8F04701F02DB8A26B324B9A42DAD086
:1058600000231A46E2540133402BFBD16846FFF770
:1058700045FDB8B96846FEF743F8B0B9034602469D
:105880000DF803200133302BFAD100230122C4E9A3
:105890000C23244BA36301F00CF80028B2D016B0FF
:1058A000BDE8F0876FF03F00F5E70E20F3E76846AC
:1058B000FFF724FD78B96846FEF722F80028EED1FC
:1058C00003460DF8003001303028FAD100220023C1
:1058D000C4E90C239FE76FF09200E0E7AC4607EBCA
:1058E0000802634603CB4B45106051609C4602F1B1
:1058F0000802F6D1D4E90C3208F11008013342F164
:1059000000024645C4E90C328DD1FDF71DFF002091
:1059100016B0BDE8F047FDF7F3BF00BFA0020020BE
:10592000D0020020B4A5B4A5034BC3F80005D3F8FA
:105930000024D207FBD5704700B0045030BFFFF7FA
:10594000FDBF00BFEFF30880EFF3098101B5724698
:10595000FDF73CFC01BD00BF002080F31488BFF3BD
:105960006F8F002080F30A8880F30B880F4880F344
:105970000888FDF737FE00200D490860BFF34F8F00
:10598000FDF79EFC202080F311880A484FF4006147
:10599000401880F30988EFF314800221084380F354
:1059A0001488BFF36F8FFDF7B1FC00007048002032
:1059B00094ED00E0704800201EF0040F0CBFEFF3E0
:1059C0000880EFF30980816911F8021C0229FFD0D9
:1059D00001B5724601F00DF801BD00BF08B50248DF
:1059E00000F018F8FEE700BFE18C000008B5024B9C
:1059F0001B689847002008BD64170020034B044A29
:105A00001860937843F00203937070476417002086
:105A100050020020F8B50E4B06461D68AB789B0778
:105A200012D56F6816F8014B29462CB90A20B847E1
:105A3000002805DB204609E02046B8470028F1DAB7
:105A4000AB7843F00403AB704FF0FF30F8BD00BFFC
:105A50004C8B00002DE9F04F8378154685B0074642
:105A60009A07D0F8048040F19F800026087800282B
:105A700000F09C80252808D001F1010A0136394642
:105A8000C047002880F286808AE091F801B001F1D9
:105A9000020ABBF1250FF1D0002401211F2C25D8CB
:105AA000ABF12002102A06D801FA02F0824B18420C
:105AB0000ED1032A5AD0ABF13002092A08D9BBF122
:105AC0002A0F33D1630605F1040501D444F0200404
:105AD0001AF801BBBBF1000FE0D139462520C047C1
:105AE00000285DDB023639465846C9E77F2CE2D9EB
:105AF000BBF16C0F29D021D8BBF1680F2CD0BBF1C2
:105B00006A0F30D0BBF14C0F2DD0ABF16302122ADB
:105B100000F2A480DFE802F02C4EA2A2A2A24EA2C4
:105B2000A2A2A2A2AC9CA2A231A27600BBF12E0F2F
:105B3000DED160063AD444F04004C9E7BBF1740FEB
:105B4000C6D0BBF17A0FC3D0DFE7220648BF44F4CA
:105B5000007444F08004BBE7E30548BF44F40074DC
:105B600044F48074B4E744F42074B1E71024AFE740
:105B70000136394615F8040B82E72C684F4B002C90
:105B800008BF1C46A1464B4619F8010B20B9341B2F
:105B900004351E19514669E73946C0470028F2DA34
:105BA000BB7843F00403BB704FF0FF36304605B0BE
:105BB000BDE8F08F20061CD5A10549BF073555F873
:105BC000040B25F0070555F8080B00280DF1040912
:105BD0004FF00A02BCBF44F480644042494601F0E1
:105BE000D9FA6405A0EB090956D44C460DF1040B13
:105BF0005EE0E20555F8040BE7D5A3054CBF40B2C3
:105C000000B2E2E724F010040A22A4B2200633D541
:105C1000A10549BF073555F8040B25F0070555F8D0
:105C2000080B10B924F01004A4B20DF10409494680
:105C300001F0B0FAE306A0EB0909D6D539463020C9
:105C4000C0470028ACDBBBF1000F1ED10136CCE70A
:105C500044F0100410224FF0780BD7E74BF02002ED
:105C6000782A7FF43AAFCBF1780242F01002CDE708
:105C700008224FF0000BC9E7E30555F8040BD0D517
:105C8000A1054CBFC0B280B2CBE7023639465846B8
:105C9000C0470028A9DA83E7013639462D20F7E707
:105CA000013C39461BF80400C0470028FFF678AFD6
:105CB000002CF5D14E446DE781280100E68C0000F0
:105CC00038B5044C044DAC4200D138BD54F8043D05
:105CD0009847F8E7000000000000000010B50446F7
:105CE0004FF41372002101F04DFA204610BD002040
:105CF00070474379012B07D10368012B04D1007948
:105D0000431E5842584170470020704770B50468E0
:105D10000D1B002D02DC6FF05F0070BD94F9006078
:105D20002378002E0ADB631C03602378136003686A
:105D3000C91A13688B42EED80020EEE703F07F0308
:105D40005C1E032C0ED89D42E5DD0024146004681F
:105D5000013B013404605E1C1568E8D0247844EAF5
:105D60000524F3E76FF06300D7E770B404680E1BF7
:105D7000002E07DD26789E4208D10134046070BCF5
:105D8000FFF7C4BF6FF05F0070BC70476FF0610039
:105D9000FAE70368D90444BF43F4806303609A04BC
:105DA00044BF43F400630360704708B58368DB6851
:105DB0009847006808BD0020704730B400258C6803
:105DC000CB6004F00304032C14BF2C464C688D6098
:105DD00014B1A44630BC604730BC7047038B13F04D
:105DE000070306D10368002B18BF032008BF00205B
:105DF0007047022B05D1408BB0FA80F0400980003B
:105E00007047012B04D10368002B18BF0520EDE774
:105E10000020704710B4EFF31182202484F312881D
:105E2000BFF36F8F416110BC0121FAF753BB70477C
:105E3000002930B404460DDB806888420AD9401A34
:105E4000834207D8E0686468214484682468A446D3
:105E500030BC60476FF0150030BC704710B48468E8
:105E60000A46203C24F00F04A4F13001042310BCA6
:105E7000FFF7DEBF002930B404460DDB806888429E
:105E80000AD9401A834207D8E068646821448468CC
:105E90006468A44630BC60476FF0150030BC7047A2
:105EA00008B5C0688368DB689847407908BD012859
:105EB00001D1EFF30583EFF31183202383F31288DD
:105EC000BFF36F8FEFF3118283F31288BFF36F8FED
:105ED000FEE70021012008B5FFF7E9FF30B50C68A7
:105EE0004B6885B00A894D890094013B24F01F045A
:105EF000234402F01F0242EA451223F01F036946C1
:105F00008DF808200393FAF7C7FC05B030BD0C22CA
:105F10000369C9B202FB0133186C00F00700704737
:105F200070B50346C9B20069EFF31186202484F3EB
:105F30001288BFF36F8F0C2505FB0104246C14F04D
:105F4000C00401D0A24211D1012205FB010002646C
:105F5000002086F31188BFF36F8F30B90C225B6885
:105F600002FB01335B689847002070BD4FF0FF30A3
:105F7000EFE78022FFF7D4BFF8B5069F0546046916
:105F8000C9B2EFF3118C202080F31288BFF36F8F1A
:105F90000C2606FB0146306C00F0070EBEF1010F27
:105FA00010D1376400268CF31188BFF36F8F3EB990
:105FB0000C2041430C44C4E90E236B685B5898479E
:105FC0003046F8BD00F0C00087420CBF6FF0770686
:105FD0004FF0FF36E7E713B580240094FFF7CCFFBE
:105FE00002B010BD6FF08500704710B41C2400692A
:105FF000CBB204FB0300002110BC1047FAF700BD30
:1060000038B50C4603210546A047002802DA10F1F6
:10601000860F04D101212846A04700EAE07038BD70
:10602000436800205B68DB680B607047436802EAE6
:1060300001005B6821EA0201586000209960704706
:10604000436800205B6859607047436800205B68C4
:106050009960704743685B681A6821EA0200114042
:10606000586000209960704730B50369586800B3E4
:106070000024884219D108688CB99C685860A142F4
:1060800000D19860002008602AB15A680A609A68B6
:10609000596002B9996000200FE02846E9E72060C6
:1060A0009868814208BF9C60ECE705680446002DB3
:1060B000F3D1002AE9D16FF0150030BD43681B68A9
:1060C000D3F88004C3F88004704742681368D3F89B
:1060D0004C0150B10020926A12780A70C3F84C014A
:1060E000D3F84C2101229A6270474FF0FF3070477D
:1060F00038B515460C4659B1FFF7D2FE2146254466
:1061000011F8013B834203D1A942F9D1012038BDE6
:106110000020FCE738B50C4601231146224605460F
:10612000FFF786FE00280FDB012221462846FFF7F5
:10613000DFFF18B103230020237038BD2378012B23
:1061400014BF02230123F6E70120F6E703460020EF
:10615000184710B50368CB40DB0710D401238B40F0
:10616000026843EA0201D0E8EF4F944204D1C0E84C
:10617000EC1FBCF1000FF6D1F2D1002010BD6FF082
:106180001500FBE7F0B504460020012705468446CC
:1061900095420AD1D4F8443133B10023C4F84431D4
:1061A000D4F8443140F40030F0BDEBB29B0003F56D
:1061B00080769B0807FA03F3194208D054F806E0EA
:1061C000BEF1000F03D044F806C0A65918430135AC
:1061D000DEE707B5019001A8FAF750F9019B00EB43
:1061E0008300D0F8803023F4403343EA0141C0F803
:1061F000801003B05DF804FB10B504460846FAF7BA
:1062000029FD04EB4004207DC0F3401010BD10B503
:1062100004460846FAF71EFD04EB4004207DC0F357
:10622000400010BD10B504460846FAF713FD04EB14
:106230004000838ADA051DD5C3F3432123F4F853C4
:10624000838204F1120204F1580032F8023F13F481
:10625000807F03D0C3F3432399420BD08242F4D111
:10626000002204EBC1035A6004F16000BDE8104055
:10627000FFF76FBF10BD38B504460D46FFF7BCFFF2
:10628000C8B12046FFF7C3FFA8B90846FAF7E2FCF9
:10629000012304EB4000828A2168520B9340C1F82D
:1062A0001833236803EB8203D3F8102522F003028E
:1062B000C3F8102538BD2846BDE838400021FFF757
:1062C00088BF70B504461546FFF796FF48B10846EB
:1062D000FAF7C0FC04EB40040020A38A5B0B2B7090
:1062E00070BD6FF01500FBE770B504460846164612
:1062F000FAF7B0FC083034F810300D46DA0509D54D
:10630000C3F3432304EBC3023146284654F8333029
:1063100052689847A3682BB131462846E268BDE829
:106320007040184770BD00207047037F022B06D1D4
:10633000036A5A1C03D001330362002070476FF0D8
:106340009600704707B501A9FAF7A6FD003818BFF7
:10635000012003B05DF804FB38B590F844320446E0
:1063600004305BB923684FF4DE716360DB699847E2
:10637000B0FA80F35B0984F8443238BD636813B324
:10638000227F02B34FF4DE71DB692569984700284C
:10639000F3D1636825615A69A36A216AC2F5CA729A
:1063A00013440B606368226A5B6943F00053936097
:1063B000A268236A5268DA60236A10332362E368B2
:1063C0000233E360D9E76FF02000D6E7037EE3B144
:1063D000CAB18368062B1BD8B2F1807F1BD2C36978
:1063E0001960C3699A604168C369C968D960C369A3
:1063F0001033C361036913440361C3681344C3606A
:10640000836801338360002070476FF0200070477D
:106410006FF0440070476FF03F007047FBF73CB8E7
:106420002DE9F04306460D461F46144685B02AB3B3
:106430008368994230D25B1A93422DD3C068FFF72C
:10644000B4FC81463046FFF72BFD1022014668461A
:1064500000F098FE2C44C9F100089FB105EA080835
:10646000A4EB0905454509D04B466A462946304606
:10647000FFF700FD18B95FB1454506D8002005B00B
:10648000BDE8F08308EA0408ECE7A5EB0905E9E7B5
:106490004D44A845E6D8F1E74FF0FF30EFE738B5B7
:1064A0000446406A10B1A16AFAF796FC237F012BDB
:1064B0000FD0023B012B0FD8236A012B14BF6FF0C2
:1064C000960500252C220021204600F05BFE284680
:1064D00038BD236A002BF1E76FF09605F2E703461B
:1064E00068B1017F8A1E012A0BD80329026A03D1F1
:1064F000012A01D1FFF7D3BF1AB1013A1A62002075
:1065000070476FF096007047084611461A4621B151
:1065100003431B0701D1FBF765B96FF01500704706
:1065200041EA02030846C3F30B0109B9FBF75AB964
:106530006FF015007047012970B50D4616D14668F9
:106540000021F0683468FBF741FA0823C4F80035ED
:10655000337A4BB9B26AC4F80427C4F80857C4F8B0
:106560004C31D4F84C31A562002070BD6FF085002D
:10657000FBE710B504460221C620FAF76DF9C620E4
:10658000FAF74AF92046BDE81040FBF7C3BA10B548
:1065900004460221C820FAF75FF9C820FAF73CF94F
:1065A0002046BDE81040FBF7B5BA10B504460221FD
:1065B0004FF48270FAF750F94FF48270FAF72CF921
:1065C0002046BDE81040FBF7A5BA13B50C46FAF714
:1065D00063FCC31C0FD0013009D004224FF0FF33FD
:1065E00021460DEB0200019300F002FE30B96FF07E
:1065F0008B0002B010BD6FF08400FAE70020F8E7CE
:106600002DE9FF471D460646C0680F469046FFF736
:10661000CCFB6C1E044440420440102C01D900F015
:10662000A9FD3046FFF73CFC82462A4641466846B3
:1066300000F0CAFD5146621B0DEB050000F0A2FD03
:1066400023466A4639463046FFF714FC003818BF27
:10665000012004B0BDE8F087042307B501918168EB
:106660000DEB0302203921F00F013039FFF7C8FF8D
:1066700003B05DF804FB012307B5816801AA203946
:1066800021F00F018DF80430FFF7BAFF03B05DF879
:1066900004FB024610B5116891B1B1FA81F3C3F160
:1066A0001F000123834021EA0303D2E8EF4F8C420D
:1066B00004D1C2E8EC3FBCF1000FF6D1EBD110BD24
:1066C0006FF00B00FBE72DE9F74317460446084639
:1066D000FAF7C0FAD7F800800D460646B8F1000F69
:1066E00025D02046FFF793FD40B12046FFF784FDFB
:1066F00020B16FF0150003B0BDE8F08301A801954B
:10670000F9F7BCFE019B98F8002000EB8300D0F85D
:10671000803023F00F0343EA8203C0F8803004EB9B
:106720004602938A23F0020343F0010393827B68BD
:106730009BB12946204693F80080D3F80490FFF7D8
:1067400066FD78B1B9F1000FD3D104EB4602938A0C
:1067500023F01C0343EA88039382BB68002B45D1D6
:106760000020C8E704EB4600838A23F4604323F04B
:1067700020038382B9F1000FE7D0B8F1030FB8D836
:106780007B6821685B6893F800C04FEA8C0319446A
:10679000B8F1000F04D1C1F81085C1F81085D4E715
:1067A000D1F8102522F00302C1F810252268134405
:1067B000D3F8102522F4473222F47C72C3F8102556
:1067C00041F6F072D3F8101502EA051242EA0842C7
:1067D0000A43C3F8102504EB4C03A3F86450838AE2
:1067E00043EA4C3343F020038382AEE72946D3E9E2
:1067F00000782046FFF716FD002FB1D063689F4256
:1068000008D004F16000FFF744FF002806DA6FF0BB
:106810000B0070E7A3689845F3D1002004EBC00398
:10682000C3E9017804EB4604A38A43EA402343F416
:106830008073A38294E710B5037E04469BB1D0E930
:1068400003239A4204D00268836A526853408362E9
:1068500020466369984704F1180004F17C0100F0B8
:10686000F0FB002010BD6FF02000FBE7F7B5BA2069
:1068700001A9FAF711FB044610B1002003B0F0BDE6
:10688000019D2F0AEDB2AC4205D1BA20FCF756F9B2
:106890000028F2D008E0E6193046FCF74FF930B195
:1068A0003046FFF74FFD10B96FF09200E6E7013474
:1068B000E9E70A2842DCC31C1FDA10F1400F45D07B
:1068C00010F13F0F2BDA10F1410F42D010F1550FAC
:1068D00042D010F1490F14BF6FF086006FF08400B2
:1068E000704709282DD8DFE800F0052C2C2F172C35
:1068F000372C2C3A6FF09800704703300D2820D8C1
:10690000DFE800F00A331F221F1F1F1F1F1F071F72
:106910001F076FF0940070476FF08500704710F10B
:10692000210F1FD00DDB10F1200F1ED010F1100F22
:1069300014BF6FF086006FF0940070476438092828
:10694000CFD96FF086007047002070476FF0840049
:1069500070476FF0890070476FF0930070476FF0D9
:106960008C0070476FF0880070476FF0920070479E
:10697000704713B50C46C0B201A9FCF787FB30B9CC
:106980002146019802B0BDE81040FBF7DFBB0120B3
:1069900002B010BD1FB5012001A9FCF777FB10B1B3
:1069A000012004B010BD019C02A92046FBF7CEFBDC
:1069B0000028F5D19DF80B30032BF2D12046FFF7CC
:1069C0005AFEEEE707B5012001A9FCF75FFB70B99D
:1069D000012301986A4681688DF80030203921F042
:1069E0000F011039FFF70CFE03B05DF804FB012026
:1069F000FAE708B501460068FFF759FAFEF79EBFAF
:106A000061B662B680F31188BFF36F8F7047EFF302
:106A10001180202383F31288BFF36F8F704710B566
:106A2000044618B9BDE81040FCF78EBE03781BB1D0
:106A3000FCF78AFE0023237010BD10B50446237EA8
:106A400023B1FCF7B3FF431CF9D010BD6FF0200059
:106A5000FBE72DE9F041F0B01C4617460546884695
:106A6000FCF75EFE012301AE33764FF4DE71FCF7D6
:106A700097FE3046E369346098470446B8B9A8F1F8
:106A8000040805EB8707304658F8042F55F8041B17
:106A9000FFF79CFC044650B9AF42F4D130467699DA
:106AA000FFF7C9FE50B93046FFF7C7FF044607A8F5
:106AB000FFF7B5FF204670B0BDE8F0816FF020040D
:106AC000F5E738B503460C4699B10022590703D0C3
:106AD000013C03F8012BF9D124F00F052A460021CF
:106AE000184600F04FFB03460021421923449A4206
:106AF00000D138BD02F8011BF9E78B18991A12B1C1
:106B000010F00F0F01D100F05FBB0978013AC9B254
:106B100000F8011BF2E703699B6EDB682BB102688A
:106B200043F4202343F400631360BFF35F8F032219
:106B300003689A60704700231A4682B001908B4226
:106B400001D102B070470198C2540133F7E710B584
:106B50000368044643B1052B04D14FF4127104308D
:106B6000FFF7E9FF00232360002010BD2DE9F0416D
:106B7000036805468846002B41D0052B39D1436870
:106B8000061DDB68402B37D800F12007FCF7C8FD55
:106B90000123304685F82030FCF702FEFFF7DCFBCE
:106BA0000446B0B96B6805F108061A69D5F8C43116
:106BB0003046D21A05F5E471FFF708FC044640B9E7
:106BC00041463046FFF737FE80B93046FFF735FFC4
:106BD00004463846FFF723FF2046FFF76AFE0446C7
:106BE0002846FFF7B4FF2046BDE8F0816FF020048F
:106BF000EFE76FF08804F3E76FF08904F0E76FF0D8
:106C00008804F0E72DE9F74F0368044689461546E6
:106C1000002B00F0BC80AAB1052B40F0B88043687F
:106C2000D3F81080D0F8C4319A4210D2A8EB0303F5
:106C300000F5E470184400F0C7FAD4F8C4315B1BC7
:106C4000C4F8C4310025284603B0BDE8F08F00F138
:106C50002003071D0193FCF763FD0123384684F8E8
:106C60002030FCF79DFDFFF777FB8346002876D1A7
:106C7000D4F8C42104F1080704F5E47A51463846F3
:106C8000A8EB0202FFF7A2FB8346002867D1D4F8E5
:106C9000C4614946AE1BB6FBF8F308FB1366AD1B97
:106CA0002A463846FFF792FB8346002857D194F8CE
:106CB0002030002B62D0A36862691969B2FBF1F041
:106CC00001FB1022002A5CD1D3E905210A44D02A15
:106CD0005AD89968226BE06A4A4022635968514049
:106CE00021635A69A16AD31CC2F5CA7210440860B4
:106CF000A168A26A496923F003039160A26A02F1C4
:106D00001001A162A16849698B420BD00021116179
:106D1000A168A26A49695B1A43F080439360A36A41
:106D20001033A36204F1840104F1200000F089F91A
:106D30003846FFF782FE834688B980215046C4F862
:106D4000C481FFF7F8FE56B13246504609EB050103
:106D500000F03AFAD4F8C421921BC4F8C42104F11B
:106D60002000FFF75CFE5846FFF7A3FD054600280C
:106D70003FF468AF2046FFF7EAFE64E76FF0200BB0
:106D8000EDE76FF0450BEAE76FF0220BE7E76FF0F6
:106D90008805EFE708B5FCF7A3FE48B1002383F3AD
:106DA0001188BFF36F8F0423184602DF6FF00400D1
:106DB00008BD2DE9F04FD0F848A004460D4617460F
:106DC0009B4687B0BAF1000F06D0FCF787FD10266E
:106DD000304607B0BDE8F08F0369D0E90182D3F8EF
:106DE00068900192D9F80860FAF79CF92B686968F5
:106DF00013F0800F14BFC3684368019A994204DD01
:106E00002046FCF76BFD0D26E2E7E1602B680139B7
:106E10001F43D9F810301F4323699B6E1B681F4323
:106E2000236847EA01275F60D9F80030D80002D50F
:106E3000E368D31A9844F6B92B6813F4700F25D081
:106E4000D9F81030002BC3D0FAF76CF94369002B46
:106E500041D002A8FBF72EFE40B9DDE90232134310
:106E6000F7D003A8FBF726FE002837D002262046DD
:106E7000FCF734FDACE7F10748BF4BF82A804FEA36
:106E8000660648BF0AF1010A9044D4E72369D5F8A1
:106E900008809B6ED4E9017A1B68DB0042BF6B68F7
:106EA000AAEB0303FF18B8F1000FC9D0EA686B68BA
:106EB0004FF0000B92FBF3F39B45C1DA4146384695
:106EC0006A680193FFF719FE6A68019B9044574472
:106ED0000BF1010BF0E76FF00206C8E7E068D4E9B8
:106EE00001572469DDE90223CDE90423A46E05EBF3
:106EF00007152468A0F10801E4004FEA1363D2B239
:106F000018D502F03F0242F0200243F00103281A94
:106F10008DF810208DF81730FFF7D3FD083D284677
:106F200004A90822FFF7E9FD08210DEB0100FFF796
:106F300002FE4DE7ED1B03F03F0342F0010243F078
:106F4000200305F108008DF810208DF81730FFF7A9
:106F5000B8FDE4E72DE9F0430C46002193B0DDE9EC
:106F60001A78164684460288C8F800103960002B4B
:106F700043D045682D0A61D122F0FF02B2F5E24FFD
:106F80001ED142881F2B019255D901A9FEF724F981
:106F9000034688B91946601E721E1F3410F8015F3F
:106FA000A04202F8015F41EA0501F7D129B3019A35
:106FB000C8F8002020223A60184613B0BDE8F083DC
:106FC000B2F5824F3AD142880092028802F44F41D2
:106FD000B1F5824F02D0B1F5884F00D1D5B201A8EA
:106FE00000228146611E1F3411F801EFA14200F812
:106FF00001EB4EEA0202F7D112B96FF08603DBE72C
:107000001F2B18D969466046FEF7E6F803460028AC
:10701000D2D1122DF1D0302DEFD04D46324609AEEF
:107020002C4603CCB44210605160254602F10802A0
:10703000F6D1009ABCE76FF08903BDE76FF08503D6
:10704000BAE74368A3F110028A4241D8012243F80B
:107050000C2C53F8042C42F0200243F8042C53F873
:10706000082C42F0005243F8082C836800F1140207
:10707000A3F1100191422FD8012243F80C2C53F8B0
:10708000042C42F0200243F8042C53F8082C42F060
:10709000005243F8082CC36803F15402BFF35F8F1A
:1070A0004FF0A3431A60BFF35F8FC2680432BFF38F
:1070B0005F8F1A61BFF35F8FBFF35F8F03225A6345
:1070C000BFF35F8FBFF35F8F9A63BFF35F8F70472C
:1070D000103141F80C1CB7E7103242F80C2CC9E70C
:1070E0002DE9F04F85B00D46C0B201A91646FBF759
:1070F000CDFF002837DB019BABB3D3E90178D8681B
:1071000002A9836803AA5B69D5F800909847DDE976
:10711000020A00231C4619460430B844514504D1E4
:1071200000202B6005B0BDE8F08F4FF0000CD0F8C8
:1071300000E050F8042C944502D301310830EDE70B
:10714000A7420CD8A045EBD999450FD906EBC3024D
:10715000A4EB070B46F833B0C2F804E001337444E3
:107160000CF1010CE5E76FF01500DBE76FF00B00A9
:10717000D8E7704708B5FCF727FA08B5FEF736FCE4
:10718000002008BD02440346934200D1704703F833
:10719000011BF9E7F0B5C2F13705044602F01F0202
:1071A0000846EDB22746B4FBF2F602FB1641344620
:1071B000CBB2092984BF5B19DBB2BA4203F13003B9
:1071C00000F8013BEED9F0BD0A44431E914200D1C4
:1071D000704710B511F8014B914203F8014FF9D1F6
:1071E00010BD044608B5FEF76BFD2046FEF7F6FB22
:1071F0000139024410B5904201D1002005E0037826
:1072000011F8014FA34201D0181B10BD0130F2E765
:10721000DD0800000000000019230000000000004D
:10722000000000008872000000000000A47200004E
:1072300000000000C072000000000000DC720000CE
:10724000000000003073000000000000F872000031
:107250000000000014730000111C0000000000007A
:10726000091E000000000000000000004C73000038
:10727000956D000000000000ED1600000000000009
:1072800069300000000000008A9300005075000083
:10729000A473000090020020C81600200D0A000010
:1072A000000000005D9300003C740000807300004B
:1072B00084020020080300204D160000000000009A
:1072C0006893000050740000807300008602002064
:1072D000140300204D16000000000000739300000E
:1072E00064740000807300008802002020030020E6
:1072F0004D1600000000000010930000B87400005C
:10730000C07300008A0200202C0300208F6500005B
:10731000000000001B930000E4740000C073000034
:107320008C02002034030020AB6500000000000048
:107330007F93000024750000C07300008E020020BF
:107340003C03002073650000000000003393000040
:10735000000000006873000092020020000000009E
:10736000FD0A00000000000051180000096500003F
:1073700021650000E50A0000D50A0000ED0A0000C2
:1073800075250000216000002D60000041600000B4
:107390004B60000055600000892700006960000014
:1073A00000000000E55F0000735F0000D75F000091
:1073B000000000000F5F000000000000000000005F
:1073C000CB600000ED130000BD6000009F93000043
:0C73D00003000000979300000300000081
:1073E00000A0105000820D50000405500000000065
:1073F0000338FDD8704700000000000000000000C6
:107400000338FDD8704700000000000000000000B5
:107410000338FDD8704700000000000000000000A5
:107420000338FDD870470000000000000000000095
:10743000000000000000000000000000FFFF01004D
:1074400000820D503001002000000000010000000B
:10745000FF070000000405500000000000000000CD
:10746000020000007F00000000A01050A8010020D2
:1074700000000000000000002600000027000001BE
:107480000000000006000001787400000200000007
:10749000807400000200000000800C50887400001E
:1074A0000100000000401050907400000100000036
:1074B000220000002300000100800C5000000000AA
:1074C000000000009874000000C201000000D60116
:1074D00000000000000000400010000069170020BC
:1074E000681700200040105000000000000000005D
:1074F000A474000000C201000000D60100000000DA
:1075000000000040001000006B1700206A170020E8
:10751000B07400000200000000600C501075000004
:107520000100000000600C5000000000000000009E
:107530001875000000C201000000D6010000000024
:1075400000000040001000006D1700206C170020A4
:10755000811800005519000027930000CD14000089
:107560001D6400002D9300000000000000000000DA
:1075700000F800004C730000010000000000010052
:1075800000200B004C7300000200000000200C00E3
:1075900000200B004C7300000300000000401700A7
:1075A000009000004C7300004C93000051930000C9
:1075B000569300001300000063000000A3000000C9
:1075C0000300000000388A408F409440A140A6404C
:1075D000AC401548CB40AE40A340003800380038DE
:1075E0000038CE40ED409D4149415641324137413E
:1075F0003C414141B941BE41D7410E42FA418D4122
:107600001B42804162426A42774274436E43664342
:107610007F432E4824460038003800380038AF48F1
:10762000D548F34863457D4585439D45A845BB4501
:10763000E345ED45CF45FC4515468C466E469546DF
:107640008E460038003800382842003800380038AC
:10765000003800380038003800380038003800386A
:10766000003800381949194919491949194919495E
:1076700019491949194919490038003800380038A2
:10768000003800380038003800380038003800383A
:10769000003800380038003800380038003800382A
:1076A000003800380038003800380038003800381A
:1076B000003800380038003800380038003800380A
:1076C000003800388C090038FFFFFF000000000080
:1076D00010270081878A001A7B627AA678797A8DD2
:1076E00000307B627AA778797A8D003078207B62CF
:1076F00079217A220C10865082A2808182A2828710
:10770000828D001A0030722095407AAC797B00306F
:1077100078247B627AA884797A8D00307224A7401D
:107720007B2479257A26856286A87284868D11A6A7
:107730008584116286A785868420862186228650CC
:107740009A5086A6867286A88685868D8462868DE6
:10775000781086A67270001A00307ABB78790030F3
:1077600000830030001C001C001C001C001B7C223D
:10777000001D1310D040001A001C001C001C001B30
:107780007C22001D001B7C22001D1310DA40001A11
:10779000000C016A3427001A006E1027001A7B6261
:1077A000782479257A260C1086500E1022590E1056
:1077B0001A59848FC50811B885850410295911A25A
:1077C00084871AA211111120071890A2801A902004
:1077D000001919A272871AA61970001B7C201AA220
:1077E0001A8013100B410E101D590410335986A234
:1077F0001A72868D001A0030870811B8858211A28E
:1078000084871AA211111120031890A2801A9020C7
:10781000001915A281871AA215151520031890A228
:10782000801A902000190741865005240825042657
:10783000F5408650042406250526F54086500C2484
:1078400006250B26F54086500B2408251A26F550F0
:1078500000AB0C1A00300DA702720AAC060D0EA781
:1078600003720BAC060E02620CA872030C8D003082
:107870007DBB0203048F05A670700362865004204E
:1078800072210E229A500070108A0E240B250E26AB
:10789000F35002728650042072210D229A50027217
:1078A0001027108A0D240A250D26F35005A70D0E6A
:1078B00005200C2105229A50007005BB030505A682
:1078C0000E05003002628650042072210D229A506B
:1078D0000070108A0D240A250D26F35000300DA7E4
:1078E0000D0E05A67070027286500C200D21052227
:1078F0009A50007005BB030505A60E050030026214
:107900000DA7027203620EA7037201BB0D0E00BB2E
:1079100002030D200E21802282AC808181208221F1
:107920003910A941006201A80180018D01240825B8
:107930000626B15000300324062508268650F34061
:10794000032405250A268650F350026286500A2039
:1079500072210A229A503810003906200A210B227F
:107960009A500BA60B0C0BA80B050B8D3810003989
:10797000003002620A8E0A8F0B8E0B8F072787500A
:107980000EA8720B0C200E210D229A500A200E21F7
:107990000E229A500062865003240D251A260821D3
:1079A0000E221A510262008107271A2072211A2220
:1079B0009A5000AB0A1A003086500DBB08060DA67F
:1079C000040D032406250E26F3500E2007210E2257
:1079D0009A500EA7050E0E8D0E240D250B26F34092
:1079E00086500A2408250D26F35002200D210E2270
:1079F0009A500E240C250B26F340865007200A21AE
:107A00000D229A5003240C250E26F35005A60D0EC8
:107A1000058D0030865001A700720AB901000624C6
:107A20000A250426F55077A7047238100030011893
:107A300077A70401381000300420042104229A5052
:107A400077A704723810003C001977A70401391099
:107A5000003C0030A0A27210685380A2811090A256
:107A600091100210965308105B541410FB543910F7
:107A70008134001A000C865033A2041002102D44E9
:107A80000810D74414105B455852262078214852DC
:107A90002621001C7A20CC425852262078214852B8
:107AA0001D2079214A52262026211D22001E7A20DF
:107AB000CC425852782479257D527A20CC4211202C
:107AC00084214852112010107A590E103649012194
:107AD0008526006886AC86012EA67070C1522E22C3
:107AE00036102C2235A78682006CC80811B8358163
:107AF000EA5026201121001C2620021012541121C8
:107B000026220718B120021015540810C75414106B
:107B1000515580210019E35226202621D0501122F0
:107B2000BC520068C152006C2320361026201B2254
:107B30000318001E802100192621001A001B0B10BB
:107B40002320001F001A2CBA73742CBA2C2C2CA7DB
:107B50002C742DA7018677A72D2C001AA122DC52A8
:107B600002108D53081054541410F65480A28072E1
:107B700090A29072808D908D001A003082A28210A7
:107B800082A2827282A81082001A2C20132116224F
:107B9000071880A2818280219020B222001932220F
:107BA000DC5229A2322828A2323131A2292525A26D
:107BB000293030A2312222A2312F2FA2301F1FA242
:107BC000302E2EA22F1C1CA22F2D2DA22E1919A251
:107BD0002E2C2CA22D1616A22D132FA6117030A616
:107BE000127031A6137013A62C70112011210818E1
:107BF00002108D53081054541410F654A020B121D3
:107C0000001926A62F7027A6307028A63170001AFA
:107C10001120842148521D20822148528A0811B81F
:107C20008583142011211122001C05188024B12005
:107C30008421001E001920201D211D22001C051872
:107C40008024B1208421001E0019E3522620262121
:107C50001922001EDA501122BC5219222620BC52D1
:107C600077A22872F810821077A7850177108620F6
:107C7000CC4285A6850183A6830183A6830113A236
:107C800072101DA619701EA61A701FA613702C4321
:107C9000585278210810E044818F918F001A0030EB
:107CA00077A701003810013A001A00305852042119
:107CB0006853021039540810F0543810053A001A6D
:107CC00000305852262078214A52001A003058526B
:107CD000151075536E53262002214A5200302DA2F2
:107CE000A1A12EA2A12D80A2812D90A2912E001AD9
:107CF0002FA205102EA280802CA280332EA22E80CF
:107D00002DA290902EA62E2C2EA62F2E2CA72D2EF7
:107D10002CA22C722C8D001A30A691912CA6818158
:107D20002DA230911A10E24331A2A1A11810C5432F
:107D30002EA2818131A231312CA22C2D31A23133DE
:107D40002FBA2E742EA62F3131A62C2CD1432EA65D
:107D500081312FA781312CA22C2D2EA22E2F31A6BE
:107D60002C2C2EBA2E742DA22D2D2FA22E2E2DA608
:107D70002D2D80A72F3131A72C80A0A230A12FA2BA
:107D80002E3190A72F2D001A2EA281812CA22C2DEE
:107D9000CD4331A67092ED4331A77092ED4330A2EE
:107DA000A1A12FA231A131A230822FA22F3031A761
:107DB00031812FA72F9130A23131A0A231A12CA265
:107DC000813030A231302EA62C2C31A22F2F2EA69E
:107DD000302E80A7312E2CA72C802EA2913031A2DC
:107DE0002F2C90A7312E001AB0A2A0A0001A2EA608
:107DF00070921B442EA770921B442DA2A2B231A2F6
:107E0000A1A12CA281B22FA2A13131A282312DA237
:107E1000912D2FA22E2F2EA2A1A22C21F543AAC371
:107E2000E7D3EAE32CA6047477A72C00381477A6CE
:107E300004707814001A2DA205102EA633332FA635
:107E40002D2D2EA22E2E2FA62F2D2EA22E332FA279
:107E50002F2F30A62F2F2EA62E2F2FA62E3077A213
:107E60002F72001A90A77090908D001A2DA2A1A1D8
:107E700080A281A190A2912D001A2FA205102EA2FE
:107E800080802CA280332EA22E802CA22C802DA2AA
:107E9000909030A280902EA62E2C2DA62D302EA6AE
:107EA0002F2E2CA72D2E001A2CA281A12DA281816C
:107EB0002EA62D912DA22D2DA0A22C2C2CA22C2E45
:107EC0002EA22E2E181085442FA2A03387442FBA3D
:107ED000A0042EA62E2C80A62E2F2CA6A02C2DA2E0
:107EE0002DA02CA22C8090A62C2D001A7023984433
:107EF0008223984431A683922FA282A130A2A1A10D
:107F000030A2313031A2818132A22F2F29A6313205
:107F100031A63191A0A229A131A22F312EA6812F05
:107F200032A630322FA6913032A281322FA22F2ECC
:107F30002CA2812F2DA2299180A632312CA62C2D86
:107F400032A62FA031A22C2929A2328090A6312955
:107F5000001A30A2A1A12DA2A2A22CA281A22FA21E
:107F600082A12DA2912D30A292302EA2A1A22C216D
:107F7000A04472C494D496E4006877A772043714BE
:107F8000006C001A2DA272872CA22D8177A7812C5C
:107F9000391081362CA22D9177A7912C391091366A
:107FA000001A003077A60570001A90A68090001A7B
:107FB00080A281A190A291A1001A31A272102CA2DC
:107FC00080802DA290902EA62C2D2FA22C2D2FA29A
:107FD000332F2FA62F312EA72E2F2E8D001A2CA631
:107FE000819130A281812DA291912EA2A1A12CA2DA
:107FF0002C2C2EA62E2E2FA6302D2DA7302D2CA7C3
:108000002C2F2EA72F2E90A22D2F80A22C2EA0A297
:108010002E2F001A2EA670822E452EA770822E4576
:108020002FA2A1922EA2A12E30A2819131A22E2F99
:1080300032A6912E2EA7812E2CA6812F2FA6912F0E
:1080400032A22C322CA22E2F2EA630312FA7303167
:1080500030A72C2F31A7322E80A22E3090A22F31A4
:10806000A0A23031001A2CA2A2812DA2A2912FA28F
:10807000A1922EA2A1822C2132450DC528D52BE537
:10808000001A80A77080808D001A5852022407259C
:108090007D522620CC52E6508750262072210A229B
:1080A0009A503810003906200A210B229A500BA64C
:1080B0000C0B0BA80B070B8D381000390030E65065
:1080C00087500A8E0A8F0B8E0B8F0DA8720B0C2017
:1080D0000D2135229A500A202B229A50EA505852EC
:1080E00008222B230224352526262653E65000811C
:1080F000262072212C229A5000AB0A2C0030E65028
:108100002BA872062B8DEA50585202242B257D5243
:108110000820CC42000C006435A60A0CE6508750BB
:108120003520722135229A500BA7073506200B21E6
:108130000B229A50381000390030000C006435A62C
:108140000A0CE65087500B8F3520722135229A5049
:10815000EA50585208220B23022435250D262653B7
:108160000030585226200B2148521D2006214A5229
:10817000262026211D22001E1D2008214A522620CD
:1081800026211D22001E0D20CC42E65087500B20D8
:108190000C210A229A5082A70882828D0030585200
:1081A00008220C2378240A25262626530068262038
:1081B000062100AB818000AB919000305852062020
:1081C000021050540810F35414105F5506240B2568
:1081D0007D521D2008214A52262026211D22001EE4
:1081E0001120CC5211240A257D520D20CC42E6509C
:1081F00087500A200D212B229A50EA50CF550BA60A
:108200002B700D240B257D520820CC42865000088F
:1082100000B8797917A70173179E179E0BA27810E3
:1082200017A217100C200E2280A60B7090A27210BD
:1082300082A6907092A6707068460E227AA88292EA
:108240007A8D00300E210C2211A6819112A7819106
:1082500013A2111114A2121215A6829216A78292CD
:1082600015A2151216A2111611A7131481A2131428
:1082700012A2171114A6151615A7151682A214140A
:1082800016A2151513A6131292A2160B91A2111382
:1082900012103B46001B0A1040460C210E2242469B
:1082A00006217A5608217C5636A2060B36A236875E
:1082B0000AA608360A8D0030E650875091A29187B1
:1082C00036A2768736A2913681A2818781A6368131
:1082D00081A28172818D91A67070001A02248F464E
:1082E000062408217A56EA501410C447F3460621A2
:1082F0007A560A8FEA501410C9471C4735A28110DC
:1083000034A2911031A2353536A2343433A2041090
:1083100035A2313634A2721033A2333531A736314B
:1083200036A6343331A73136318D39108134001AF5
:1083300031A2911036A2041031A2313133A2721051
:1083400036A2363131A7313336A6363333A236362C
:1083500033A2333634A2333335A2343635A2353125
:1083600034A2313335A23572358D33A7007333A76C
:108370003374339E339E339E352433253526F55092
:1083800035A2351034A2343533A2343433A2333617
:1083900033A63331338D72203810052081A234800A
:1083A000818D7D1081A70081001A000C8650D008B5
:1083B00011B8080132A2041032A6323284210C20F6
:1083C000A5570C212D2088571120AE570718802261
:1083D0002D21C0205D578021AE5700190C210C20A3
:1083E00088C75DD768E7D050112217570A20B957C0
:1083F0000030001B0C200B102D206847000C86500D
:108400000821B6569C5632A2041032A63232920887
:1084100011B80A0602210C20A5570C212D208857DF
:108420001120AE57031880222D21C0205D578021D6
:10843000AE57001908212120A55721212D2088574A
:108440002120AE57031880222D21C0205D578021A6
:10845000AE5700190C2121220C205D5788C75DD72B
:1084600068E7DA5011221757212217570C20B95705
:1084700077A680703E10003900AB0B90003031A61B
:10848000918136A7918131A2318236A2369233A6EC
:1084900070B2734731A6918136A7918131A2319292
:1084A00036A2368233A770B2734734A2A1A233A298
:1084B000B13335A6313631A7313636A7343333A63A
:1084C000343380A2313690A23533A0A23633B0A225
:1084D0003531001A31A6918136A7918134A231310C
:1084E00033A2313631A2A1B136A2A1A131A63131D8
:1084F00036A6363636A7363334A7343180A2313625
:10850000A0A2363390A23334B0A23134001A80A234
:10851000811090A29110A0A27210B0A28090001AB7
:1085200031A6918190A7918180A63170A0A6A1A1CA
:10853000B0A2B132001A35A2721035A835A180A2BE
:10854000813590A29135808D908D001A0825585262
:108550007D520A20CC4258520821DB5708205F5533
:108560000822062302240A252626265377A62670EB
:108570003E100B3900AB0B270030918F2CA2918756
:108580002DA272872CA22C2C2EA72C2D2CA22C33A2
:108590002CA72C2D2DA22E2E2FA22E2C2DA22D2F2E
:1085A0002FA22F2F2FA22D2F2FA22F722F8D30A76A
:1085B0000074309E309E2F2430252F26F5502FA298
:1085C0002F872DA22F2D2FA22D2D2FA22F2C2FA79D
:1085D0002F2E2F8D3910913481A22D72818D7C1018
:1085E00081A7008177A7810037109134001A000C11
:1085F0007B62865078231BA67D721B9E34104348F5
:108600001B9E83241B257A26F5507A207A211B2273
:108610009A501BA71B831B8D3910003D001A003098
:108620005852782078211C229A501CA61C041C2029
:108630009A501CA61C051C8D1C23195877A67A700D
:108640003D1000307AA7007A00301DA77D721EA66B
:108650001D701E9E83241E257A26F550381000308A
:108660001EA77A723910003D1FA283101DB91D008C
:1086700020A6757021A2721022A6212122239E58C5
:1086800024A6287025A67570A85823A72821238D15
:1086900039106B4822A622215C481DA71D721D9E21
:1086A0001F239E5826A21F2827A2262828A7272155
:1086B000288D381099482AA6727029A2272728A742
:1086C0002921288D3810874829A229292AA62A720B
:1086D0007D481EA7202A28A6247025A61E70A8580B
:1086E0002BA6287024A22B2B20A62A7026A22B268C
:1086F00027A2272474487AA226727A8D001A0030A5
:1087000023A28372238D23241D252326F55028A21E
:108710002310001A25A725723810001A28A228282D
:10872000A848061000385852022407257D522620FA
:10873000CC5200680AA60C800AAC0A013810003935
:108740002AA67206E6502BA8722A2AAC2B01875063
:108750000A2006212B229A502BA7072B2BAC2B018A
:108760002A202B210B229A50381000390030061095
:108770000038E65087500A8E0A8F0B8E0B8F2AA680
:108780000A0B2AAC2A0138100039EA505852082244
:108790002A2302240B2523262653E6502AA60C233F
:1087A0002AAC2A0100AB0A2A0030061000385852C1
:1087B000E65087502AAC0D0F2AA62A0F2A2007213F
:1087C0002A229A502AA6062A2AAC2A012BAC0A0F82
:1087D0002BA62B0F2B202A212B229A502BBB2B0CA4
:1087E0002ABB2A0CEA50585208222A230A242B2595
:1087F0000D2626530030003885A9010F001A11BA42
:10880000010F85A78511001A007001A67070007015
:1088100001A77D72001A007009A67070007009BB74
:108820007D0F7D2109620081001A81620081001A9A
:108830000F210F260068868EC15236108636006CD6
:10884000021050590310875211A6267012A62770E5
:1088500013A62870E65036A8850F368D01213626DE
:10886000EA508742900811B8868615D418E4112082
:1088700012541D201121001C125411211D22031815
:10888000C120001E12548021001926A6117027A6AF
:10889000127028A6137026202621001C001C001C24
:1088A000001B7C22001D262113106B491122BC5293
:1088B0002621E7D3EAE3001A00680F8E006C2CA291
:1088C0000F10875902108759A0A2A02C15108959A2
:1088D000001A80A2802C90A2902C001AFA1ED65F5B
:1088E0000001010000020200001400000028000046
:1088F000004000000100000002000000857100003F
:1089000000A0045000600C50004010501072000095
:108910002072000060720000687200008072000027
:10892000887200000800000002000000040000003F
:10893000010000007D010000001000001000000098
:1089400001FF0000BD0900008D09000000000000CB
:1089500060000020400000000600010000A0105050
:1089600000820D50000405502006000000020000A7
:1089700000040000400000008000000040000000F3
:1089800090000000C91000003D0000000000000041
:10899000C00E000000000000000000003B000000CE
:1089A000000C0000000300000000000000000000B8
:1089B0000000500020000000DF8B0000410000009C
:1089C0000000600020000000208C0000C1000000BA
:1089D00030000000C000000018000000310000005E
:1089E0000000000030000000E00000001C0000005B
:1089F000390000000000000030000000000100000D
:108A000020000000410000000000000030000000D5
:108A1000400100002800000051000000000000009C
:108A20003000000080010000300000006100000004
:108A300000000000300000000002000040000000C4
:108A4000810000000000000017000000C0000000CE
:108A500018000000310000000000000017000000B6
:108A6000E10000001D0000003B00000000000000CD
:108A7000170000000001000020000000410000007D
:108A80000000000012000000C000000018000000FC
:108A9000310000000000000012000000E0000000B3
:108AA0001C0000003900000000000000120000005F
:108AB0000001000020000000410000000000000054
:108AC00012000000400100002800000051000000DA
:108AD00000000000120000008001000030000000D3
:108AE0006100000000000000120000000902000008
:108AF000420000008500000000000000410000006E
:108B0000FF00000020000000200000000100000025
:108B100041000000C00100003800000038000000E3
:108B20000100000042000000FF00000020000000E3
:108B3000200000000100000042000000C001000011
:108B40003900000039000000010000005002002040
:108B5000010002001000110012002000210022007C
:108B6000230024003000310032003300FFFF1000EA
:108B70002DE15D29410B8D77679C110F1F8A302AEB
:108B8000300506032B65700321007079EFF31BA8F5
:108B90001BB3C46A813D2AD865F5B1C5020E8C2984
:108BA0002732BA432B978DBD17352B657000040112
:108BB0000403040204010401040301040304010486
:108BC0000103020007182323232323232323232322
:108BD00023232300010405020608090F000102ED0A
:108BE000FFFFFFFFFFFFFFFFFFFFFFFFFFFFFFFF95
:108BF000FFFFFFFFFFFFFFFFFFFFFFFFFFFF7F06FE
:108C00006D070000000000000000000000000000F0
:108C10000000000000000000000000000000000054
:108C2000EDFFFFFFFFFFFFFFFFFFFFFFFFFFFFFF66
:108C3000FFFFFFFFFFFFFFFFFFFFFFFFFFFFFF7FC4
:108C4000EDD3F55C1A631258D69CF7A2DEF9DE1458
:108C50000000000000000000000000000000001004
:108C60001AD5258F602D56C9B2A7259560C72C69E6
:108C70005CDCD6FD31E2A4C0FE536ECDD336692153
:108C80005866666666666666666666666666666692
:108C90006666666666666666666666666666666674
:108CA000A3785913CA4DEB75ABD841414D0A7000FA
:108CB00098E879777940C78C73FE6F2BEE6C03527E
:108CC000B0A00E4A271BEEC478E42FAD0618432F40
:108CD000A7D7FB3D99004D2B0BDFC14F8024832B81
:108CE000006578697400286E756C6C290025633AFC
:108CF000204661696C656420746F20726561642030
:108D00007374617475732066726F6D2025642C20F6
:108D10006572722025640A0A00676F6F6400756EC1
:108D2000736574006261640025633A205374617254
:108D300074696E672073776170207573696E672040
:108D40006D6F766520616C676F726974686D2E0A4D
:108D50000025633A204E6F7420656E6F756768203A
:108D60006672656520737061636520746F2072752B
:108D70006E207377617020757067726164650A0098
:108D800025633A20726571756972656420256420D7
:108D9000627974657320627574206F6E6C7920251A
:108DA000642061726520617661696C61626C650A3C
:108DB000005365636F6E6461727920696D616765E8
:108DC0000025633A2025733A206D616769633D256C
:108DD000732C20737761705F747970653D307825EE
:108DE000782C20636F70795F646F6E653D307825F5
:108DF000782C20696D6167655F6F6B3D30782578F1
:108E00000A0025633A202564207374617475732009
:108E10007772697465206661696C7320706572662B
:108E20006F726D696E672074686520737761700A70
:108E3000002A2A2A20426F6F74696E67204D4355BD
:108E4000626F6F742076322E332E302D6465762D4E
:108E5000633164326431323861303031202A2A2A59
:108E60000A002A2A2A205573696E67206E5246200E
:108E7000436F6E6E6563742053444B2076332E34FB
:108E80002E302D393935353330353536303762208F
:108E90002A2A2A0A002A2A2A205573696E67205A2C
:108EA0006570687972204F532076342E342E302D21
:108EB000626638303165346533643139202A2A2AB4
:108EC0000A004255473B2063616E27742068617039
:108ED00070656E0025633A205365636F6E6461723E
:108EE0007920696D616765206F6620696D616765CE
:108EF0002070616972202825642E292069732075ED
:108F00006E726561636861626C652E205472656182
:108F10007420697420617320656D7074790A00256E
:108F2000633A20496D61676520696E6465783A200F
:108F300025642C205377617020747970653A202560
:108F4000730A0025633A20496D61676520696E6484
:108F500065783A2025642C205377617020747970ED
:108F6000653A206E6F6E650A0061626F727428291F
:108F70000A0025633A205053412063727970746F60
:108F800020696E6974206661696C65642025640AD5
:108F90000A0025633A2045443235353139206B6566
:108FA0007920696D706F7274206661696C656420E8
:108FB00025640A0025633A2045443235353139208D
:108FC0007369676E6174757265207665726966692A
:108FD000636174696F6E206661696C6564202564E5
:108FE0000A0025633A204661696C656420746F202D
:108FF00064657374726F79206B65792025640A004B
:109000007072696D617279007365636F6E6461720D
:10901000790025633A20436C656172656420696D4F
:10902000616765202564207072696D6172792073B3
:109030006C6F7420747261696C6572206475652050
:10904000746F20737475636B207265766572740A31
:109050000025633A20496D61676520696E20746858
:109060006520257320736C6F74206973206E6F7494
:109070002076616C6964210A0025633A205374618B
:109080007274696E6720626F6F746C6F6164657271
:109090000A0025633A204C43532D61776172656E57
:1090A0006573732064697361626C65642C20736BF3
:1090B000697070696E67204C435320636865636B09
:1090C0000A0025633A204661696C65642072656117
:1090D00064696E6720736563746F72733B20424FDF
:1090E0004F545F4D41585F494D475F534543544F7F
:1090F00052533D2564202D20746F6F20736D616C79
:109100006C3F0A0025633A204661696C65642072F1
:10911000656164696E6720696D6167652068656176
:10912000646572733B20496D6167653D25750A0072
:1091300025633A2043616E6E6F74207570677261AB
:1091400064653A206E6F74206120636F6D70617486
:1091500069626C6520616D6F756E74206F66207337
:109160006563746F72730A0025633A2043616E6E03
:109170006F7420757067726164653A206D6F7265F7
:1091800020736563746F7273207468616E20616C04
:109190006C6F7765640A0025633A2043616E6E6FD9
:1091A0007420757067726164653A206E6F74207305
:1091B000616D6520736563746F72206C61796F7582
:1091C000740A005072696D61727920696D6167651A
:1091D0000025633A20426F6F7420736F7572636568
:1091E0003A207072696D61727920736C6F740A0035
:1091F00025633A20426F6F7420736F757263653A0E
:10920000206E6F6E650A0025633A204465746563BD
:1092100074656420696E636F6E73697374656E74D0
:1092200020737461747573210A0025633A204661C6
:10923000696C65642072656164696E6720626F6F36
:1092400074207374617475733B20496D6167653D6B
:1092500025750A0025633A2070616E6963210A0052
:1092600025633A20556E61626C6520746F206669D3
:109270006E6420626F6F7461626C6520696D6167F6
:10928000650A0025633A20426F6F746C6F616465F4
:109290007220636861696E6C6F61642061646472DE
:1092A000657373206F66667365743A20307825782D
:1092B0000A0025633A20496D6167652076657273FF
:1092C000696F6E3A207625642E25642E25640A0087
:1092D00025633A204A756D70696E6720746F20743B
:1092E000686520666972737420696D6167652073B3
:1092F0006C6F740A0025633A204E657665722073A0
:10930000686F756C642067657420686572650A0013
:10931000756172744063383030300075617274402A
:10932000313034303030006866636C6B006C6663DB
:109330006C6B007272616D2D636F6E74726F6C6C0A
:10934000657240353030346230303000746573748B
:10935000007065726D007265766572740067706981
:109360006F406438323030006770696F4035303498
:109370003030006770696F403130613030300075D7
:1093800061727440633630303000636C6F636B40E1
:10939000313065303030006D6375626F6F74006519
:1093A0006432353531395F707361000000000000B0
:1093B00000000000D35E000000000000D35E00004B
:1093C00000000000D35E000000000000D35E00003B
:1093D00000000000D35E000000000000D35E00002B
:1093E00000000000D35E000000000000D35E00001B
:1093F00000000000D35E000000000000D35E00000B
:1094000000000000D35E000000000000D35E0000FA
:1094100000000000D35E000000000000D35E0000EA
:1094200000000000D35E000000000000D35E0000DA
:1094300000000000D35E000000000000D35E0000CA
:1094400000000000D35E000000000000D35E0000BA
:1094500000000000D35E000000000000D35E0000AA
:1094600000000000D35E000000000000D35E00009A
:1094700000000000D35E000000000000D35E00008A
:1094800000000000D35E000000000000D35E00007A
:1094900000000000D35E000000000000D35E00006A
:1094A00000000000D35E000000000000D35E00005A
:1094B00000000000D35E000000000000D35E00004A
:1094C00000000000D35E000000000000D35E00003A
:1094D00000000000D35E000000000000D35E00002A
:1094E00000000000D35E000000000000D35E00001A
:1094F00000000000D35E000000000000D35E00000A
:1095000000000000D35E000000000000D35E0000F9
:1095100000000000D35E000000000000D35E0000E9
:1095200000000000D35E000000000000D35E0000D9
:1095300000000000D35E000000000000D35E0000C9
:1095400000000000D35E000000000000D35E0000B9
:1095500000000000D35E000000000000D35E0000A9
:1095600000000000D35E000000000000D35E000099
:1095700000000000D35E000000000000D35E000089
:1095800000000000D35E000000000000D35E000079
:1095900000000000D35E000000000000D35E000069
:1095A00000000000D35E000000000000D35E000059
:1095B00000000000D35E000000000000D35E000049
:1095C00000000000D35E000000000000D35E000039
:1095D00000000000D35E000000000000D35E000029
:1095E00000000000D35E000000000000D35E000019
:1095F00000000000D35E000000000000D35E000009
:1096000000000000D35E000000000000D35E0000F8
:1096100000000000D35E000000000000D35E0000E8
:1096200000000000D35E000000000000D35E0000D8
:1096300000000000D35E000000000000D35E0000C8
:1096400000000000D35E000000000000D35E0000B8
:1096500000000000D35E000000000000D35E0000A8
:1096600000000000D35E000000000000D35E000098
:1096700000000000D35E000000000000D35E000088
:1096800000000000D35E000000000000D35E000078
:1096900000000000D35E000000000000D35E000068
:1096A00000000000D35E000000000000D35E000058
:1096B00000000000D35E000000000000D35E000048
:1096C00000000000D35E000000000000D35E000038
:1096D00000000000D35E000000000000D35E000028
:1096E00000000000D35E000000000000D35E000018
:1096F00000000000D35E000000000000D35E000008
:1097000000000000D35E000000000000D35E0000F7
:1097100000000000D35E000000000000D35E0000E7
:1097200000000000D35E000000000000D35E0000D7
:1097300000000000D35E000000000000D35E0000C7
:1097400000000000D35E000000000000D35E0000B7
:1097500000000000D35E000000000000D35E0000A7
:1097600000000000D35E000000000000D35E000097
:1097700000000000D35E000000000000D35E000087
:1097800000000000D35E000000000000D35E000077
:1097900000000000D35E000000000000D35E000067
:1097A00000000000D35E000000000000D35E000057
:1097B00000000000D35E000000000000D35E000047
:1097C00000000000D35E000000000000D35E000037
:1097D00000000000D35E000000000000D35E000027
:1097E00000000000D35E000000000000D35E000017
:1097F00000000000D35E000000000000D35E000007
:1098000000000000D35E000000000000D35E0000F6
:1098100000000000D35E000000000000D35E0000E6
:1098200000000000D35E000000000000D35E0000D6
:1098300000000000D35E000000000000D35E0000C6
:1098400000000000D35E000000000000D35E0000B6
:1098500000000000D35E000000000000D35E0000A6
:1098600000000000D35E000000000000D35E000096
:1098700000000000D35E000000000000D35E000086
:1098800000000000D35E000000000000D35E000076
:1098900000000000D35E000000000000D35E000066
:1098A00000000000D35E000000000000D35E000056
:1098B00000000000D35E000000000000D35E000046
:1098C00000000000D35E000000000000D35E000036
:1098D00000000000D35E000000000000D35E000026
:1098E00000000000D35E000000000000D35E000016
:1098F00000000000D35E000000000000D35E000006
:1099000000000000D35E000000000000D35E0000F5
:1099100000000000D35E000000000000D35E0000E5
:1099200000000000D35E000000000000D35E0000D5
:1099300000000000D35E000000000000D35E0000C5
:1099400000000000D35E000000000000D35E0000B5
:1099500000000000D35E000000000000D35E0000A5
:1099600000000000D35E000000000000D35E000095
:1099700000000000D35E000000000000D35E000085
:1099800000000000D35E000000000000D35E000075
:1099900000000000D35E000000000000D35E000065
:1099A00000000000D35E000000000000D35E000055
:1099B00000000000D35E000000000000D35E000045
:1099C00000000000D35E000000000000D35E000035
:1099D00000000000D35E000000000000D35E000025
:1099E00000000000D35E000000000000D35E000015
:1099F00000000000D35E000000000000D35E000005
:109A000000000000D35E000000000000D35E0000F4
:109A100000000000D35E000000000000D35E0000E4
:109A200000000000D35E000000000000D35E0000D4
:109A300000000000D35E000000000000D35E0000C4
:109A400000000000D35E000000000000D35E0000B4
:109A500000000000D35E000000000000D35E0000A4
:109A600000000000D35E000000000000D35E000094
:109A700000000000D35E000000000000D35E000084
:109A800000000000D35E000030010020411C0000F7
:109A900000000000D35E000000000000D35E000064
:109AA00000000000D35E000000000000D35E000054
:109AB00000000000D35E000000000000D35E000044
:109AC00000000000D35E000000000000D35E000034
:109AD000052A00004D61000000000000D35E000078
:109AE00000000000D35E000000000000D35E000014
:109AF00000000000D35E000000000000D35E000004
:109B000000000000D35E000000000000D35E0000F3
:109B100000000000D35E000000000000D35E0000E3
:109B200000000000D35E000000000000D35E0000D3
:109B300000000000D35E000000000000D35E0000C3
:109B400000000000D35E000000000000D35E0000B3
:109B500000000000D35E000000000000D35E0000A3
:109B600000000000D35E000000000000D35E000093
:109B700000000000D35E000000000000D35E000083
:109B800000000000D35E000000000000D35E000073
:109B900000000000D35E000000000000D35E000063
:109BA00000000000D35E000000000000D35E000053
:109BB00000000000D35E000000000000D35E000043
:109BC00000000000D35E000000000000D35E000033
:109BD00000000000D35E0000292900004D61000054
:109BE00000000000D35E000000000000D35E000013
:109BF00000000000D35E000000000000D35E000003
:109C000000000000D35E000000000000D35E0000F2
:109C100000000000D35E0000A8010020411C0000ED
:109C200000000000D35E00002DE9F041036883F3DB
:109C30000888002383F31488BFF36F8FBFF36F8FFF
:109C4000DFF818C0064F4FF00058D0F804E0A7EB3B
:109C50000C0770460047BDE8F08100BF600000209F
:109C6000A0000020000000000000000067000000CD
:109C700000000000000000000000000000000000E4
:109C800000000000000000000000000000000000D4
:109C900000000000000000000000000000000000C4
:109CA00000000000000000000000000000000000B4
:109CB00000000000000000000000000000000000A4
:109CC0000000000000000000000000000000000094
:109CD0000000000000000000000000000000000084
:109CE0000000000000000000000000000000000074
:109CF000000000000000000000A00D500000000067
:109D00000000000000000000000000000000000053
:109D10000000000000000000000000000000000043
:109D20000000000000000000000000000000000033
:109D30000000000000000000000000000000000023
:109D40000000000000000000000000000000000013
:109D50000000000000000000000000000000000003
:109D600000000000000000000000000000000000F3
:109D700000C01050000000000000000000000000C3
:109D800000000000000000000000000000000000D3
:109D900000000000000000000000000000000000C3
:109DA00000000000000000000000000000000000B3
:109DB00000000000000000000000000000000000A3
:109DC0000000000000000000000000000000000093
:109DD0000000000000000000000000000000000083
:109DE0000000000000010000677420002F5E0000EA
:109DF00027630000C112000000000000FF00000007
:109E00003802002038020020FF0000000F00000090
:109E10000090D003B75D0000000000007B710000DF
:109E200000000000000000005369674564323535CA
:109E30003139206E6F204564323535313920636FFA
:109E40006C6C6973696F6E730100000000000000A4
:109E500000000000000000000000000015E015E018
:020000040001F9
:100000003DB8F39600000100000800002C950400A4
:1000100000010000000000000000000000000000DF
:1000200000000000000000000000000000000000D0
:1000300000000000000000000000000000000000C0
:1000400000000000000000000000000000000000B0
:1000500000000000000000000000000000000000A0
:100060000000000000000000000000000000000090
:100070000000000000000000000000000000000080
:100080000000000000000000000000000000000070
:100090000000000000000000000000000000000060
:1000A0000000000000000000000000000000000050
:1000B0000000000000000000000000000000000040
:1000C0000000000000000000000000000000000030
:1000D0000000000000000000000000000000000020
:1000E0000000000000000000000000000000000010
:1000F0000000000000000000000000000000000000
:1001000000000000000000000000000000000000EF
:1001100000000000000000000000000000000000DF
:1001200000000000000000000000000000000000CF
:1001300000000000000000000000000000000000BF
:1001400000000000000000000000000000000000AF
:10015000000000000000000000000000000000009F
:10016000000000000000000000000000000000008F
:10017000000000000000000000000000000000007F
:10018000000000000000000000000000000000006F
:10019000000000000000000000000000000000005F
:1001A000000000000000000000000000000000004F
:1001B000000000000000000000000000000000003F
:1001C000000000000000000000000000000000002F
:1001D000000000000000000000000000000000001F
:1001E000000000000000000000000000000000000F
:1001F00000000000000000000000000000000000FF
:1002000000000000000000000000000000000000EE
:1002100000000000000000000000000000000000DE
:1002200000000000000000000000000000000000CE
:1002300000000000000000000000000000000000BE
:1002400000000000000000000000000000000000AE
:10025000000000000000000000000000000000009E
:10026000000000000000000000000000000000008E
:10027000000000000000000000000000000000007E
:10028000000000000000000000000000000000006E
:10029000000000000000000000000000000000005E
:1002A000000000000000000000000000000000004E
:1002B000000000000000000000000000000000003E
:1002C000000000000000000000000000000000002E
:1002D000000000000000000000000000000000001E
:1002E000000000000000000000000000000000000E
:1002F00000000000000000000000000000000000FE
:1003000000000000000000000000000000000000ED
:1003100000000000000000000000000000000000DD
:1003200000000000000000000000000000000000CD
:1003300000000000000000000000000000000000BD
:1003400000000000000000000000000000000000AD
:10035000000000000000000000000000000000009D
:10036000000000000000000000000000000000008D
:10037000000000000000000000000000000000007D
:10038000000000000000000000000000000000006D
:10039000000000000000000000000000000000005D
:1003A000000000000000000000000000000000004D
:1003B000000000000000000000000000000000003D
:1003C000000000000000000000000000000000002D
:1003D000000000000000000000000000000000001D
:1003E000000000000000000000000000000000000D
:1003F00000000000000000000000000000000000FD
:1004000000000000000000000000000000000000EC
:1004100000000000000000000000000000000000DC
:1004200000000000000000000000000000000000CC
:1004300000000000000000000000000000000000BC
:1004400000000000000000000000000000000000AC
:10045000000000000000000000000000000000009C
:10046000000000000000000000000000000000008C
:10047000000000000000000000000000000000007C
:10048000000000000000000000000000000000006C
:10049000000000000000000000000000000000005C
:1004A000000000000000000000000000000000004C
:1004B000000000000000000000000000000000003C
:1004C000000000000000000000000000000000002C
:1004D000000000000000000000000000000000001C
:1004E000000000000000000000000000000000000C
:1004F00000000000000000000000000000000000FC
:1005000000000000000000000000000000000000EB
:1005100000000000000000000000000000000000DB
:1005200000000000000000000000000000000000CB
:1005300000000000000000000000000000000000BB
:1005400000000000000000000000000000000000AB
:10055000000000000000000000000000000000009B
:10056000000000000000000000000000000000008B
:10057000000000000000000000000000000000007B
:10058000000000000000000000000000000000006B
:10059000000000000000000000000000000000005B
:1005A000000000000000000000000000000000004B
:1005B000000000000000000000000000000000003B
:1005C000000000000000000000000000000000002B
:1005D000000000000000000000000000000000001B
:1005E000000000000000000000000000000000000B
:1005F00000000000000000000000000000000000FB
:1006000000000000000000000000000000000000EA
:1006100000000000000000000000000000000000DA
:1006200000000000000000000000000000000000CA
:1006300000000000000000000000000000000000BA
:1006400000000000000000000000000000000000AA
:10065000000000000000000000000000000000009A
:10066000000000000000000000000000000000008A
:10067000000000000000000000000000000000007A
:10068000000000000000000000000000000000006A
:10069000000000000000000000000000000000005A
:1006A000000000000000000000000000000000004A
:1006B000000000000000000000000000000000003A
:1006C000000000000000000000000000000000002A
:1006D000000000000000000000000000000000001A
:1006E000000000000000000000000000000000000A
:1006F00000000000000000000000000000000000FA
:1007000000000000000000000000000000000000E9
:1007100000000000000000000000000000000000D9
:1007200000000000000000000000000000000000C9
:1007300000000000000000000000000000000000B9
:1007400000000000000000000000000000000000A9
:100750000000000000000000000000000000000099
:100760000000000000000000000000000000000089
:100770000000000000000000000000000000000079
:100780000000000000000000000000000000000069
:100790000000000000000000000000000000000059
:1007A0000000000000000000000000000000000049
:1007B0000000000000000000000000000000000039
:1007C0000000000000000000000000000000000029
:1007D0000000000000000000000000000000000019
:1007E0000000000000000000000000000000000009
:1007F00000000000000000000000000000000000F9
:10080000200B01207D210300B5880400692103002D
:1008100069210300692103006921030069210300A4
:100820000000000000000000000000004D22030056
:1008300069210300000000008924030069210300EE
:1008400045250300452503004525030045250300F4
:1008500045250300452503004525030045250300E4
:1008600045250300452503004525030045250300D4
:1008700045250300452503004525030045250300C4
:1008800045250300452503004525030045250300B4
:1008900045250300452503004525030045250300A4
:1008A0004525030045250300452503004525030094
:1008B0004525030045250300452503004525030084
:1008C0004525030045250300452503004525030074
:1008D0004525030045250300452503004525030064
:1008E0004525030045250300452503004525030054
:1008F0004525030045250300452503004525030044
:100900004525030045250300452503004525030033
:100910004525030045250300452503004525030023
:100920004525030045250300452503004525030013
:100930004525030045250300452503004525030003
:1009400045250300452503004525030045250300F3
:1009500045250300452503004525030045250300E3
:1009600045250300452503004525030045250300D3
:1009700045250300452503004525030045250300C3
:1009800045250300452503004525030045250300B3
:1009900045250300452503004525030045250300A3
:1009A0004525030045250300452503004525030093
:1009B0004525030045250300452503004525030083
:1009C0004525030045250300452503004525030073
:1009D0004525030045250300452503004525030063
:1009E0004525030045250300452503004525030053
:1009F0004525030045250300452503004525030043
:100A00004525030045250300452503004525030032
:100A10004525030045250300452503004525030022
:100A20004525030045250300452503004525030012
:100A30004525030045250300452503004525030002
:100A400045250300452503004525030045250300F2
:100A50004525030089BE0400452503004525030004
:100A6000452503004525030073BE0400452503000A
:100A700045250300452503004525030045250300C2
:100A800045250300452503004525030045250300B2
:100A900045250300452503004525030045250300A2
:100AA0004525030045250300452503004525030092
:100AB0004525030045250300452503004525030082
:100AC0004525030045250300452503004525030072
:100AD0004525030045250300452503004525030062
:100AE0004525030045250300452503004525030052
:100AF0004525030045250300452503004525030042
:100B00004525030045250300452503004525030031
:100B10004525030045250300452503004525030021
:100B20004525030045250300452503004525030011
:100B30004525030045250300452503004525030001
:100B400045250300452503004525030045250300F1
:100B500045250300452503004525030045250300E1
:100B600045250300452503004525030045250300D1
:100B700045250300452503004525030045250300C1
:100B800045250300452503004525030045250300B1
:100B900045250300452503004525030045250300A1
:100BA0004525030045250300452503004525030091
:100BB0004525030045250300452503004525030081
:100BC0004525030045250300452503004525030071
:100BD000452503009FBE040045250300452503006D
:100BE0004525030045250300452503004525030051
:100BF0004525030045250300452503004525030041
:100C00004525030045250300452503004525030030
:100C10004525030045250300452503004525030020
:100C20004525030045250300452503004525030010
:100C30004525030045250300452503004525030000
:100C400045250300452503004525030045250300F0
:100C500045250300452503004525030045250300E0
:100C600045250300452503004525030045250300D0
:100C7000452503004525030045250300FFFFFFFF31
:100C8000054B00221B78826001330260034A4260F8
:100C9000C371FF2303727047F80E00208001080023
:100CA000064A074B02604FF426729B788280082226
:100CB000C371002382710372704700BFC76A0200CC
:100CC000F80E0020064A074B02604FF44472DB78AE
:100CD00082800822C371002382710372704700BFB3
:100CE00041680200F80E0020064A074B02604FF4EC
:100CF000B072DB7A82800822C371FF238271037293
:100D0000704700BF51620200F80E00202DE9F34148
:100D1000C41D0028064624F007040CBF002020460E
:100D200000F08CFC071E04DA6FF00B0002B0BDE887
:100D3000F081374DE988A88803316B7A03302A7A2D
:100D400089B280B211F0B2F90028EDDB3C44A978F9
:100D5000EB78002E04F10304194424F0030400FB93
:100D600001F10CBF0020204600F0EEFD20440EB93A
:100D70000028D9DBEA7A0446B2B1EB7B697C1344E4
:100D80001944FF29D0D80330002EAA89C9B220F017
:100D900003040CBF0020204600F048FE0028C3DBFF
:100DA00004440EB9002CBFDB012000F03DFCB0B1C3
:100DB000A97BA1B195F82A3033B340234FF4817257
:100DC0000734002E24F007040CBF0020204603F057
:100DD00041F90028A8DB04440EB9002CA4DBAB7A4F
:100DE000FBB1EB7AB3B10734002EA97A24F00704E3
:100DF0000CBF0020204607F081F8002894DB044453
:100E00007EB9002C0DDA8FE725232822D8E700BF12
:100E1000F80E0020012000F007FC10B1AB7B002B86
:100E2000E1D1734B1B6893B1A97D81B10334002ECE
:100E3000EA7D24F003040CBF0020204698470028D8
:100E4000FFF672AF044416B9002CFFF66DAF694B84
:100E50001B688BB1297C79B10334002E24F0030484
:100E60000CBF0020204698470028FFF65DAF0444E1
:100E700016B9002CFFF658AF5F4B1F68B7B1697CFD
:100E8000A1B10334002E2B7D24F0030408BF002001
:100E9000009318BF2046EB7CAA7CB8470028FFF6D9
:100EA00043AF044416B9002CFFF63EAF072000F014
:100EB000BBFB98B1A97D89B10334002E2A7E24F0B2
:100EC00003040CBF0020204600F09EFE0028FFF621
:100ED0002BAF044416B9002CFFF626AFB6FA86F7FE
:100EE00095F823007F09A0B103346B7FA97E24F01D
:100EF000070419443B4644F00404C9B2224600F0FA
:100F0000C3FE0028FFF610AF044416B9002CFFF60C
:100F10000BAF95F8241000294CD004F10708002EDF
:100F2000EA8C28F007080CBF0020404611F0D2F8E8
:100F3000041EFFF6F9AE4444002E3ED1002CFFF60D
:100F4000F3AEA97F002945D095F82230002B41D07F
:100F50002A8C0734002E02F1240224F007080CBF6B
:100F60000020404692B211F0B5F80028FFF6DCAE42
:100F7000404416B90028FFF6D7AE03302B7FA97E78
:100F800020F0070019443B4640F0040495F8220085
:100F9000C9B2224600F06AFE0028FFF6C5AE04443E
:100FA00086B9002CFFF6C0AEEB6AF3B1C6B1EC62B5
:100FB0000020BBE6002EC4D08846E98C40460DF0E8
:100FC000E1FABEE72A8C4046A97F083292B20DF0C2
:100FD000DFFAE9E7002EE7D0002211461046F6E7D7
:100FE00028343FF5A1AE2046A0E6002EE0D1FAE776
:100FF000541C0020581C00205C1C00201FB572B639
:10100000194B1C6BECB9BFF34F8F1849184BCA68CA
:1010100002F4E0621343CB60BFF34F8F00BFFDE7E4
:10102000B2FBF6F22B465D1C002AF9D1DBB203F1CC
:1010300010056D4405F80C2C0A2233B901A8A0470D
:10104000E1E7024600230A26EDE7013BDBB203F1AC
:1010500010050DEB0506B0FBF2F502FB1500303074
:1010600006F80C0C2846E8E7F80E002000ED00E03A
:101070000400FA0513B5124C68462389ADF8003018
:10108000E388ADF80430A388ADF8023004F0AAFF7D
:1010900018B1FA219C20FFF7B1FF207D04F0F8FF82
:1010A00008B1FD21F6E7E07C04F0ECFF08B1FE2179
:1010B000F0E794F829000BF07BFE02B010BD00BFF2
:1010C000F80E002070B50546002855D00FF04AFCF8
:1010D00018B94FF0FF34204670BD0DF08BFFB0F50E
:1010E000FA7FF6D8264C012625630025284684F889
:1010F0003450257084F82A50E5620DF0E5F91A2283
:10110000294604F10F0016F0D0FA1B230821032210
:10111000A3802846E3800223A1721F216372E37536
:10112000F72322722384FB23A2734922E3840A2338
:10113000A1812946E27484F82930A670E670E6722F
:10114000A674267603F042FC2A463146304603F068
:101150000FFC044620B140F2B5319C20FFF74EFF52
:10116000014603F021FCEFF3108572B600F0B2FDEA
:10117000002DB0D162B6AEE76FF01504ABE700BF4B
:10118000F80E002038B51446002840F0EE80784D67
:1011900095F83430032B00F0E58019B312B96FF0E5
:1011A000150038BD0139172900F2DF80DFE811F0A2
:1011B000180029002C0042006C00750094004800C3
:1011C00078007B008E004E005400620067009A0099
:1011D0009D00AC00AF00B200A300B500B900D20082
:1011E0001378AB700020FFF791FD0028B7BF0123F3
:1011F00002236FF00B0085F83430A8BF85F8343037
:10120000CFE71378EB70EDE71379002BC7D0537954
:10121000002BC4D01288FB2AC1D863881B3B9BB229
:10122000E02BBCD81A2ABAD92368A2886B60514B2C
:101230009A80D7E71378EA7B9342B0D3EB72D1E779
:101240001378EA7A9342AAD8EB73CBE71378EA7A59
:101250009342A4D86B74C5E71378002B9FD05378C2
:10126000013BDBB2F82B9AD8138892786B82424B01
:101270009A70B7E7107868750BF044FDB2E7137801
:10128000002B8CD02B76ADE7012000F0CDF9237830
:1012900008B1012B83D9AB73A4E71388AB81A1E715
:1012A0001378AB759EE7072000F0BEF918B92378D4
:1012B000012B7FF674AF072000F0B6F918B1237840
:1012C000002B3FF46CAF2378EB758BE71378082B7A
:1012D0003FF665AF2B7485E71388FF2B3FF65FAFB2
:1012E000AB727FE713786B767CE713780E2B3FF6B3
:1012F00056AFAB7676E72368204AC5F81E306368A0
:101300005360238913816DE71378EB766AE71378CE
:101310006B7767E713782B7764E7137885F82830C5
:1013200060E703F01FFB98B1007900F001026178DB
:10133000207803F01DFB00287FF433AF6378012B86
:101340007FF650AF0DF0C6F800287FF44BAF26E7CC
:101350000246ECE713785A1E092A3FF620AF85F8BB
:1013600029303FE74FF0FF301BE76FF02C0018E704
:10137000F80E0020FC0E00200A0F0020160F00209F
:10138000F8B50D46064630B329B311F0070422D153
:10139000124F97F83430012B02D16FF00B00F8BDDB
:1013A000032B02D14FF0FF30F9E700F0C9FC002811
:1013B000F8D02846FFF7AAFC0028EEDB15F04EFC1B
:1013C0003046F96A04F0F2FEFFF754FE032320468C
:1013D00087F83430E3E76FF01500E0E7F80E0020FF
:1013E00010B5074C94F83430032B03D104F0F6FE0B
:1013F00005F06EFD10F0B1FF002084F8340010BD40
:10140000F80E002008B5064B93F83430032B03D0B8
:1014100003F05EFF002008BD4FF0FF30FBE700BF88
:10142000F80E002008B504F06DFE03490320BDE866
:10143000084000F0F1B800BFE90C010008B504F065
:1014400075FE03490220BDE8084000F0E5B800BF82
:10145000C50C010008B504F08BFE0549012000F021
:10146000DBF804490020BDE8084000F0D5B800BF13
:10147000810C0100A10C0100074B4FF0FF3141F638
:10148000FF72C3E9001205490022C1E900221F21B1
:10149000C3E90212704700BF60000020300F002037
:1014A0003F280CD801380B4BC0F3421200F01F004C
:1014B00053F8223023FA00F000F001007047FF28B3
:1014C00006D04038044BC0F3421200F01F00EFE793
:1014D0000120704760000020300F0020074B0146BC
:1014E000006849681A4603C240F48C2200201A6042
:1014F00041F0107242F4FF625A60704760000020B1
:101500000246034B0068516803C30020704700BFC8
:10151000300F00200246034B0068516803C30020CF
:10152000704700BF680000200138064BC0F342122C
:1015300000F01F0003EB82039B6823FA00F000F029
:1015400001007047600000200A8870B595B2C67C23
:10155000C2F30E020488023602F118033444C35A5F
:10156000A4B233442344013BB3FBF4F303FB042252
:10157000438892B29342044B8BBF2B40AB4313433F
:101580009BB20B8070BD00BF0080FFFF4A1E062A81
:1015900008B50346084604D84FF4D1711520FFF76B
:1015A0002DFD094A914202D940F2A311F6E711B983
:1015B00003B1196008BD2BB11B680022C3E90121EA
:1015C0001A1D1A600430F5E7FAFFFF7F10B5114BC2
:1015D00000EB41041A786389B3FBF2F303FB0223A7
:1015E000013A1A44B2F5706F0279807828BF00235F
:1015F0001A440B18B2FBF0F100FB11215B1AB3FB8C
:10160000F0F100FB113313446FEA43436FEA534395
:10161000638110BD380F0020024B03EB800359603B
:10162000704700BF380F0020034B03EB800358685E
:10163000003818BF01207047380F00202DE9F04F07
:1016400010F0070A85B0054604D040F26F1117204C
:10165000FFF7D4FC534F04464FF0010B07F154063B
:10166000B146B04657F8043B8DF80BA03BB101A83A
:1016700098479DF80A30082B01D9F521E7E79DF836
:101680000B1041BB05B131604F4506F10406E9D1AD
:10169000002D6FD00022DFF810911427964689F8AC
:1016A000002058F827A0013FBAF1000F55D09AF852
:1016B00004609AF802C0FF2E60D039460023481C0F
:1016C00038D19C44BCF1FF0F3FD90AB189F800E042
:1016D0004FF49A71BBE79DF80AC04B1D60465A0053
:1016E00004EB4303022838BF0220441E4042234437
:1016F000BDF808406444CCF1000C0340013C04EA0E
:101700000C04B4F5803F02D340F205119FE775B198
:101710009A1A32609170148082F803B09DF80C0020
:10172000107101984FEA104C1081A2F806C004FB1A
:101730000134A9E758F8210028B190F804B0B34566
:1017400004BF80781B180139B9E7DBB2E6458AF897
:1017500004303CBF5FFA8CFE01227B1CA1D10AB190
:1017600089F800E0142640F6FF6A58F82670B7B9E9
:10177000013EFAD2601B05B0BDE8F08F0023E5E71B
:1017800007EB410309F101093846A3F80AA0FFF766
:101790001DFF5FFA89F1BB788B42F1D8E8E74FF083
:1017A0000009F6E73C0F0020380F002038B54FF64F
:1017B000FF7302460380184B03EB8103986DA8B1B9
:1017C00084780379B3FBF4F104FB1133DBB21946DF
:1017D00000EB4105B5F90A50002D0EDB0131B1FBDC
:1017E000F4F504FB1511C9B28B42F1D1002038BDCC
:1017F0006381BDE8384010F035BC00EB41046389DB
:10180000C3F30E031380C278002AF1D14FF4E571BF
:101810001720FFF7F3FB00BF380F00201C4B03EB32
:10182000810370B59C6D054644B3030404D54FF4A1
:10183000EC711720FFF7E2FB0146204610F0F5FBA4
:10184000FF28014604D02046BDE8704010F00ABCD5
:10185000A078B5FBF0F300FB1353DBB219460A1D69
:1018600004EB4206B6F90260002E09DB0131B1FB40
:10187000F0F200FB1211C9B28B42F0D1002070BD12
:101880008B4201D00023E37004EB42025580DAE77B
:10189000380F0020094B03EB8103014610B59C6D06
:1018A000204610F0C2FBFF28014604D02046BDE8C8
:1018B000104010F0D7BB002010BD00BF380F002033
:1018C000F8B5104B074603EB810301469C6D20469B
:1018D00010F0ABFBFF28054611D0E288238953EABC
:1018E000024606D00146204610F0BCFB01463846B1
:1018F000B04720462946FFF769FE0020F8BD0520C5
:10190000FCE700BF380F002038B50E4B0446827943
:1019100003EB8203986D08B9052038BD8278E17920
:101920009142F9D24B1CE37100EB41035D89B3F99D
:101930000A30002BF3DBA58010F094FB2060002020
:10194000EBE700BF380F002070B5044610F003002D
:101950000E4603D04E211820FFF750FBFFF716FE6E
:10196000054624B1034831460460FFF70FFE2846C0
:1019700070BD00BFE40F00202DE9F14FDFF870B01B
:101980001E4607460D46DBF8003090469DF828A01D
:101990009DF82C901BB960211820FFF72FFB5246B1
:1019A0000921404610F0C5F94A4684B20921304663
:1019B00010F0BFF981B2DBF80000214410F009FB00
:1019C000386018B9286001B0BDE8F08F0444534670
:1019D000414609222C60386810F06EF94B46092206
:1019E0003146286801B0BDE8F04F10F065B900BF7E
:1019F000E40F002070B50E46044610F0ADF9054620
:101A0000304610F0A9F9044B2A1821461868BDE8A1
:101A1000704010F003BB00BFE40F0020024B1868B9
:101A200008B110F0CABA7047E40F00201F2AF8B5B9
:101A3000044613460ED89200033222F00303B3F596
:101A4000803F2DD2184DACB1A00710D068210920DD
:101A5000FFF7D4FAFF2B4FEA420204D9FF339A4230
:101A6000A8BF1A46E8E77C2AB8BF7C22E4E72970C1
:101A70006C602B8122F0030228230127120403FB50
:101A800001F06B680025120CEEB2B14200D8F8BD2F
:101A900014B126181F705E60104401352833F3E737
:101AA0004FF0FF30F3E700BFE80F0020154A002198
:101AB00070B553681578C8B2854203D8BA21092099
:101AC000FFF79CFA1C461846013114F8286B0EB932
:101AD0002346F0E70021997001241289996103F1EE
:101AE00026055C709208D96103F11E04596824F838
:101AF000022FA54243F8041F1144F8D1002343618B
:101B0000037070BDE80F00200A4B1B89B3F5FF7FFF
:101B10004FEA930006D25A089B1A9BB2984238BFEC
:101B200018467047B3F5EE6F01D8FF22F4E740F294
:101B30007263F3E7E80F00204B782DE9F041064689
:101B40000C4602F0040702F0FB05E3B1A5BBFF233E
:101B5000A3707B0804EB57073A7D032A02D1022DBC
:101B600018BF0133E2180121117503F10C010022A5
:101B700004EB830324F811205B68A27030463360C5
:101B8000B280BDE8F081002DE1D1012301F11E02F8
:101B90008D6120464B7004F1260C1A4BCD611B89D8
:101BA00049689B0822F8023F944540F8041F1944F5
:101BB000F8D100236361CAE7D1F804801422002120
:101BC000A018617015F071FD0E4B1B89B3F5FF7FF6
:101BD0000FD25A089B1A9BB208EB0301C4F8048089
:101BE0002384A1606284C4F80C80A3842161E28410
:101BF000ADE7B3F5EE6F4FF0FF02EBD940F2726341
:101C0000EAE700BFE80F00202DE9F84305460C463F
:101C1000F7200521914610F08CF8061E21DB1DB936
:101C200006FB04F0BDE8F88315F0030703D0982104
:101C30001920FFF7E3F9DFF83080C8F81050A8F852
:101C40001460BBB29C42EBD9B8F814504B46D8F89C
:101C500010000522F72107FB0500013710F02CF8D2
:101C6000EFE74FF0FF30DDE7FC0F002007B5CDE9CF
:101C700000230B4603490246081D10F048FB03B041
:101C80005DF804FB1410002013B5064CCDE90023C9
:101C90000B46024604F1080104F10C0010F037FB7A
:101CA00002B010BD1410002008B54B1E032B03D941
:101CB00023219020FFF7A2F90028054A0CBF052335
:101CC0000C2303EB8103053323F00103137008BDDC
:101CD00024100020114B01224FF0FF3000215A60E8
:101CE000C3F80803C3F80015C3F804255A6040F68A
:101CF000FE72C3F808034020C3F8001503F57033E3
:101D00000749C3F80825C1F88800BFF34F8FBFF318
:101D10006F8FC1F88801C3F8082570470060045030
:101D200000E100E002680020014B1A60704700BF2C
:101D300028100020014B1B68184700BF2810002006
:101D4000024B1868003818BF012070472810002087
:101D50000A4606489C2302F8033BC368C1F80330D7
:101D60000369536043699360704700BF2C100020E3
:101D7000024B5A8C02435A845B6A18472C1000208D
:101D8000014B00215B6A18472C10002010B5154C40
:101D90000CF030F80CF05AFB208DFFF7F1FF237E9A
:101DA00063B12246104904F1190052F80C3BE3607C
:101DB00063685360A368936013F040F8218DE06A74
:101DC00006F0F2F9E36AB3F8AA0006F04DF8636B87
:101DD00094F8301094F831009847002384F8383094
:101DE00010BD00BF2C100020511D0100034B93F8C3
:101DF00038300BB1FFF7CABF704700BF2C1000206E
:101E00002DE9F041DFF8808005460E4608F12C00F0
:101E100011F01FF9044618B101242046BDE8F081F5
:101E2000D8F82C3093F8A8704FB1012D07D1B8F82D
:101E300022301A0703D598F83930002BECD1012E47
:101E4000EAD8D8F83C30284698470028E4D098F8DB
:101E50003030002BE0D167B9012DDED1B8F8223047
:101E6000002BD9D198F84030002BD6D198F84140BA
:101E700007E0002DD1D1B8F822309B07EED598F8B5
:101E8000394084F00104C8E72C10002070B5204CC4
:101E90000646636DE56A63644FF4817394F85800F5
:101EA000A4F848302B7D95F8211100EB83002EB962
:101EB000FF2803D195F820318B4201D00BF02EFC86
:101EC0002B7DFBB1E06D0BF0BDFEE16D606C0CF0A5
:101ED00043FA66B995F82131033B012BB5F8E4309C
:101EE0008CBF00202820184480B20BF00FFFB5F8FB
:101EF000E0000BF0D3FB00200BF046FF022384F838
:101F0000383070BD606C0BF09DFE0CF09FFAE0E77E
:101F10002C10002008B5094B93F83820022A04D071
:101F200040F257312720FFF769F8DA7A42F00102D0
:101F3000DA72BDE80840FFF729BF00BF2C1000206F
:101F400010B590F86A1086B0D1B9C2880B460591D9
:101F50000021CDE903110C4991F85840029400F199
:101F600090040194C96A91F8A810003918BF0121A2
:101F7000009100F1800102200CF0FEF806B010BDC7
:101F8000D0E91E23E3E700BF2C1000202DE9F0412B
:101F9000274C06460F4694F83830012B5FFA83F839
:101FA00004D040F60C112720FFF728F8E56A2B79BA
:101FB00053B1002104202971FFF7DAFEE36A93F898
:101FC000A8300BB185F8058094F860308BB92B7A76
:101FD000052B0ED117490220FFF7CAFEE36A93F8DA
:101FE000A83033B1E36E1B789A1E5342534184F8F4
:101FF00039301EB1BDE8F041FFF7C8BE002FF9D05F
:1020000031463046FFF7FCFE0028F3D12B7DE46A11
:1020100013B12846FFF794FF94F821210120B4F86A
:10202000E21014F043FE0020BDE8F041FFF72EBFA0
:102030002C100020981000207FB590F86A10D1B9BC
:10204000C2880B4605910021CDE90311FB210291C5
:1020500000F1900101910949C96A91F8A810B1FAFB
:1020600081F14909009100F1800104200CF084F80D
:1020700007B05DF804FBD0E91C23E3E72C10002037
:102080001E4A10B5546E41782378C90003F0F3035B
:1020900001F008010B438178890001F004010B4332
:1020A000C178090103F0EC0301F010010B43017842
:1020B00001F003010B432370B2F870306370022308
:1020C000516EA2F8683004790B786001012C23F07E
:1020D000200300F0200043EA00030B700CD1D36A08
:1020E00093F8BA2093F8BB30032A03F01F0308BF0C
:1020F000002243EA82138B7010BD00BF2C10002019
:10210000F7B5184C0646656F0DB1E36C23B940F680
:10211000C4012720FEF772FFB4F8503001F003012C
:102120002F466B702B7823F003030B4307F8033B18
:102130003846B4F85020E16C0EF07EFD0DF102023D
:1021400001A9A06F6564E7640FF02DFF01980FF0FF
:1021500018FF0122B4F850103060A06F0FF0BCFEE1
:1021600003B0F0BD2C1000202DE9F04FAC4C87B02F
:10217000D4F82C8098F8201158B998F8142094F8C5
:10218000583003EB8203FF2B03D198F821318B42A7
:1021900002D0FF200BF0C2FA002304AA02A9A14832
:1021A00004938DF8143084F8603001AB10F046FFD2
:1021B0000746002845D0029ABDF8043022B940F203
:1021C00013412720FEF71AFF6266A4F8703003B1AE
:1021D000D31CE366012384F860309DF8133004A813
:1021E000003B18BF012384F8403098F81330002BCF
:1021F00000F01C81B4F87030002B00F01781FFF75D
:102200003FFFE06D0BF01EFD9DF81420E16D003ADC
:10221000606E18BF01220BF0B5FE18B9616EE06D5B
:102220000CF024F8B8F8E2000BF038FA01200BF0BB
:10223000ABFD012384F8883084F8383007B0BDE85E
:10224000F08FE66A8DF80300337AADF80600062BAE
:1022500000F2CA80DFE803F004CBA1A1C8B8B8003F
:1022600094F87F300DF1060103A8A6F81031ADF8FF
:10227000063004F00DFA38B1039D2DB1012384F826
:102280008030052333729CE0E36A93F85130002BD1
:102290006BD10DF103020DF10601D4F884000FF0AB
:1022A00082FD0546002860D09DF80370FFB101460D
:1022B000D4F884000FF061FE0FF063FED0F800B098
:1022C000D0F804A081465BEA0A0348D1002389F8CC
:1022D000003089F8013089F8023089F8033089F834
:1022E000043089F8053089F8063089F80730BDF8E0
:1022F0000630002B40D1012333720123002784F8DC
:102300008030BDF806306566A4F8703003B1EB1C70
:10231000E366727A357A8DF81120022DB27A8DF843
:10232000122004D0053D012D8CBF012503258DF819
:102330001050002F5ED000209DF810308DF8130053
:10234000032B6BD1E36E1B781B2B67D1012106F1A8
:10235000BA000BF02BFA01238DF814303DE714F08E
:10236000F6FD83457AEB0101B0D2002301222E4D08
:10237000ADF806303272C6E79DF803301BB92B80EA
:10238000AB700323B8E72B7803F00303012BF8D0DD
:10239000022333720023B375AFE7B6F810310DF1A5
:1023A00003020DF10601D4F88400ADF806300FF0F9
:1023B000FAFC054610B940F2C35102E7012384F844
:1023C0008030BDF806309EE70DF1060103A804F049
:1023D0005FF908B1039D15B940F2D251F1E601232E
:1023E00084F8803006234DE740F2DC51E9E60E4DDB
:1023F000002388E7032D02D11B78022B9BD0D4F851
:1024000084000FF028FD38B9032D94D004F05CF956
:1024100080F00100C0B28FE701208DE700239BE729
:102420002C10002058100020A8100020FFF728FED4
:10243000606E0BF007FC0CF009F89DF81410606E4C
:10244000003918BF012114F03EFCEBE62DE9F04FF6
:10245000B04C87B00027804694F83830E56A022BEC
:10246000019105F1A80ACDE9027704D040F6AD113B
:102470002720FEF7C3FD616C03200B784A780144E6
:10248000A4F84800E16403EA0001A4F850208DF8A4
:102490001010C3F3C0018DF81110C3F380018DF843
:1024A0001210C3F30011C3F340138DF813108DF80D
:1024B0001430B8F1000F00F00C8104A904F12C00D5
:1024C00010F0BEFD064630B9B4F8501009B3A06F45
:1024D0000FF0E2FC0746238D9DF8121043F40073C1
:1024E000676723856B7A0133DAB203F001039942FF
:1024F0004AD12B7A33B3032B6A720CD8012B21D02B
:1025000002A9D4F884000FF070FCA0B940F2D47195
:10251000AEE70746DFE7053B012B02D940F2B37176
:10252000A6E704F0C3F810B940F2DE71A0E700217D
:102530000820FFF71DFCD5E91C32013342F10002EF
:10254000C5E91C320021E36A297293F8A8302BB147
:102550006B791BB110206971FFF70AFC238D4FF0D6
:10256000000B43F4006323852B7DDBB1B4F85030BE
:10257000C3B10BF089FF0328FBD0022806D1FFF777
:1025800005FC07B0BDE8F08FC346EDE750B9AB7A64
:102590009DF8112003F001039A4203D1012384F82E
:1025A0003130ECE7B4F85070E6B19DF81330591EA5
:1025B0004B424B4184F84130002F40F0B780002758
:1025C000B946019B002B00F0B8800BF013FCB9F169
:1025D000000F00F01E819DF8101003A8FFF790FD7A
:1025E0000127C9E0AB7A9DF8112003F001039A425C
:1025F00023D19DF810307FB35A1E012A2CD8238D89
:1026000095F8149043F4805323850BF05DF803286C
:1026100094F8893007D1B9F1000F0CBF1F221B229B
:10262000934228BF1346B4F850209A4208D994F830
:10263000303043F0100384F830304FF000091EE0D2
:10264000636F002BF9D094F88A301BB12020FFF77C
:1026500097FBF2E79DF81030AA7A032B02F10102F2
:10266000AA722CD05A1E012A1DD8002FE5D0C146CF
:10267000D5E91E32013342F10002C5E91E32626F14
:102680009DF81310002A56D1B4F85020B2FA82F205
:102690005209012914BF002202F001023746002628
:1026A00084F841208DE7002FC7D0002BC5D1D5E994
:1026B0001E32013342F10002C5E91E32BDE7238D0F
:1026C0000120154943F4805328712385FFF750FBFF
:1026D000EDE72B7D0BB10BF0F1FE94F88B3001335D
:1026E00084F88B30238D43F48063238595F8213162
:1026F000033B012B12D80AF0E7FF032812D1B4F8EC
:1027000050604FF000091B2ECB4694BF00260126D7
:10271000B5E700BF2C1000207810002004F032FD37
:102720000028E8D10026B146B346A8E7238D43F43C
:102730008053238543E70122ABE794F88B100120F7
:10274000FFF75EFB00287FF440AFEA7C12B1284619
:10275000FFF772FC002095F82021B5F8E01014F086
:10276000A5FA0020FFF700FDB9F1000F5AD09DF83F
:10277000101003A8FFF7C4FC238D5A0606D440208E
:10278000FFF7FEFA238D43F040032385BBF1000FD2
:1027900010D0EB884BB9E36A93F8A8302BB1B4F8AA
:1027A0000530B4F80720134304D0B4F809300133DE
:1027B000A4F80930B8F1000F3CD0B4F8053001336B
:1027C000A4F80530002384F88B301D4805F03AFB4F
:1027D000029830B10FF0D5FB00220272514604F08E
:1027E00099FC039B33B100221A720C2251460398C4
:1027F00004F05EFC002F7FF4C2AE238D1B063FF574
:10280000C0AE8020FFF7BCFA238D43F08003238500
:10281000B7E6002E3FF4E4AE0A49A1F1200010F023
:1028200011FCDDE6002EA7D00649A1F1200010F032
:1028300009FCA1E7B4F807300133A4F80730C4E776
:102840005810002078100020064B10B593F838205F
:1028500002F0FF0422B91C7605F09EFC204610BD54
:102860000C24FBE72C100020094B0A4A10B51A6013
:10287000FFF7EAFF20B14FF4B1712720FEF7BEFB4E
:10288000054C03F0C7FC606503F0C8FCE06510BDB3
:10289000601C0020D42A01002C100020F8B5794CCF
:1028A000054694F8386006F0FF0016B909B102B188
:1028B00023B94FF420712720FEF7A0FB63639DF836
:1028C0001830616284F88A30E26384F8300084F85A
:1028D0008B0084F8310084F888006084208584F8B7
:1028E000400084F8410084F8800084F83900606674
:1028F000E066A4F870006064E064A4F85000E5624B
:102900000AF076FF0BF0A2FD95F928010AF0D4FF3A
:10291000D5F8D460D5F8CC000AF0D4FF30460BF0DF
:1029200075F995F825000AF0D7FFB5F8E030622B6D
:1029300003D9B5F8E230622B01D80AF0B5FEE36A9C
:1029400093F8A860002E40F0858013F0D8F895F831
:1029500020214D4B4FF47A7153F8223003F5FA736E
:10296000B3FBF1F35233191830460AF0C3FF474B5B
:1029700018680BF051F9D5F8C030C4F88430D5F898
:10298000C430A367AB7B243B072B6BD9EB7B243B89
:10299000072B67D9B5F8F230B5F8F80095F8201193
:1029A000984228BF1846042908BF032111F065FD8D
:1029B000034695F8F400984228BF184695F8F03081
:1029C00080B2984200D3C3B295F8211105F1E80016
:1029D00084F87F3012F0B3FA95F821112F7D032986
:1029E000B5F8FC6008BF042111F047FD0FB90430B1
:1029F00080B2864228BF0646F6B284F8896004F0A9
:102A0000C1FB28B104F0C4FB864238BF0646F6B2CB
:102A100084F8586010F019FBE36A93F8A8301BBBE8
:102A2000EB7C13B12846FFF707FB0120FFF79CFB67
:102A3000002323606360A360EB886380B5F8AA304D
:102A4000238095F825302371D5F824310BB101226C
:102A50001A60F8BD13F053F895F8212100F17101C7
:102A6000012082E71B23AFE72B7D13B12846FFF738
:102A700067FA0120FFF70AFAE36AD3F8F0010BF0D6
:102A800013F9D5E72C10002050140500601C00201D
:102A9000014B93F8880070472C100020054A138DD5
:102AA00092F8800003F4805110B113F4C06F00D18C
:102AB000080B70472C100020024B93F82900C0F33C
:102AC000C00070472C100020014B93F88B0070471A
:102AD0002C100020151F01004D2401008D1F010046
:102AE000ED1D01000D4B0321186830B50D4690F81F
:102AF000A52090F849400132B2FBF5F303EB430304
:102B0000D31ADAB244FA03F3DB0703D4013911F024
:102B1000FF01F0D180F8A52030BD00BFB810002023
:102B2000014B18680FF0DABCB810002008B50AF0A5
:102B300015F9014B187008BD70000020064B10B449
:102B40001C68827C836804F1420194F841005DF8BE
:102B5000044B11F0E4BB00BFB8100020024B186812
:102B60006C3001F0DFBA00BFB810002038B50F4C50
:102B7000FFF7F4FF656801F08FFA63682860186852
:102B800020B940F2F5413220FEF738FA0FF062FE2C
:102B900010B940F2F741F6E70BF054F800200BF0C3
:102BA000B5F8636804221A7138BD00BFB810002060
:102BB00038B5194D04466B681B79022B04D940F6D1
:102BC000FC013220FEF71AFA2B68027C83F8A4205D
:102BD0001A44C168996692F87C2183F8782142688A
:102BE000C3F88820037A022B0ED00AF001FE0BF006
:102BF000B1F80AF055F909480BF00EF808480BF047
:102C000005F808480AF05EFE637C23B12B685B6E12
:102C10000BB101221A6038BDB8100020583B0100EA
:102C200055555500D6BE898E2DE9F341494D0023F7
:102C300007460E462C686372236DB3F8AA2093F8FA
:102C40002911D3F8C800628111F069FC2B68208437
:102C50001A6DB2F8D010B2F8D22059849A844FF489
:102C60007F42DA844FF6FF721A8517B3012130468E
:102C700011F0F5FE33780146D8092C6894F84830F5
:102C800004F11402FBB10FF06CFBE0B10B6863615F
:102C90008B88287B938004F10E0208284BD004F126
:102CA0000D0103F08DFE88B941F213413220FEF789
:102CB000A5F96946A86811F0CAFDAB68694618789D
:102CC000C0F38010D9E700236361E2E72C68637BDF
:102CD00004F11A0843F0020363734FB30021304636
:102CE00011F0BDFE0368C4F81A308388A8F80430D8
:102CF0002B68186D93F95810A83003F0ADFF2868C1
:102D0000154912F092F828681449036D2A30B3F877
:102D1000AA20A0F80920DB7DC37212F08FF80221EF
:102D2000286801F0F3FCFFF719FF02B0BDE8F0815D
:102D300004F17800D6E794F87E306373A36FC4F88B
:102D40000E30B4F87C3093800023C4F81A30E3834B
:102D5000CEE700BFB8100020BF2302007B23020093
:102D600008B5074B93F900207F2A04D140F29B312C
:102D70003220FEF743F902707F221A7008BD00BFAF
:102D80007000002010B504788EB004F00F0404A980
:102D900022460FF086FDFFF7C9FE042C33D11B4CF1
:102DA000059A2368107893F8781088422BD15078D0
:102DB00093F87910884226D1907893F87A10884257
:102DC00021D1D07893F87B1088421CD1107993F8E8
:102DD0007C10884217D1517993F87D20914212D10D
:102DE0009DF8212093F87E309A420CD10DF10F000E
:102DF000FFF7B6FF9DF90F3004A90093237C227BD7
:102E000060680FF039FD03200EB010BDB81000202F
:102E10000D4A536810B51979022904D841F2BC4112
:102E20003220FEF7EBF81979082902D941F2BD41A9
:102E3000F6E71B79526903F180439268033BBDE8D2
:102E4000104052F823301847B810002010B5054C38
:102E5000637B2BB10AF07EFF0AF022F80023637334
:102E600010BD00BFB810002010B5054C23792BB160
:102E70000AF070FF0AF014F80023237110BD00BFA0
:102E8000F017002010B5094CFFF7E0FF012263683E
:102E90001A7100232268A2F8793182F87B31FFF79A
:102EA0005DFE2068BDE8104010F08DB8B81000201D
:102EB00008B5FFF7CBFF044B00209968FFF7B4FE7D
:102EC000BDE80840FFF72CBEB8100020062938B531
:102ED0001D469DF8104019D908291BD802B18CB1A4
:102EE00043689BB912B94378DB0615D40B4B5B687A
:102EF00018680FF0D0FC00B134B92DB903F036FDDD
:102F000000F00104204638BD0120F9E79DF8144087
:102F10002C43F7E70024F5E70124F3E7B81000207D
:102F200038B50D1E04460CBF05200320104403F0E5
:102F30008DFD094B587370B15DB9033C012C8CBFFA
:102F40005024552409F086FF2046BDE838400AF099
:102F5000F5BE4024F6E738BDB8100020F8B53D4C6A
:102F6000FFF7FCFD656801F097F863682860186852
:102F700020B940F252413220FEF740F80FF06AFCCF
:102F8000054610B940F25441F5E7236893F8A6309E
:102F90006BB123681A6D93F8A710C3F8102193F84A
:102FA00054200A4383F85420002283F8A620206886
:102FB00090F8A430034493F87C71636880F87871CA
:102FC0001A7952B11B79012B07D000210FF044FE72
:102FD00018B9BDE8F840FFF755BF23681E4A93F8BB
:102FE000A530D05C0AF078FC236893F8A420134441
:102FF00093F87C61022E2BD004D8012E05D040F22C
:10300000F771B8E7F31E012BF9D801F03FF831460C
:103010000AF084FB28460AF015FE314601200AF02A
:103020007DFC7B1E2A46384659425941FFF778FFFE
:10303000626808210023517121732168D3801372C3
:10304000E37381F89530A373237403231371F8BDE0
:103050000D20DCE7B810002067110500124A10B5FA
:10306000536800B931B9184601F0AEF8BDE8104018
:10307000FFF708BF1979082904D841F28C413220A2
:10308000FDF7BCFF19790C2902D941F28D41F6E711
:103090001B79526903F180435268093BBDE8104037
:1030A00052F82330184700BFB8100020054B1A68AB
:1030B00092F85420920703D05B68186801F016B8A4
:1030C00098687047B810002070B5304D06466B68A0
:1030D0001A79032A0BD01A79042A08D0FFF7E6FFE1
:1030E000044640B941F2C4313220FDF787FF186829
:1030F0000FF0B0FBF4E72B6893F8543013B941F2AA
:10310000CA31F1E776B111F056FD30B16B681A792A
:10311000022A0ED841F24A31E6E7204611F066FD58
:103120000028F3D16B681A79022A17D841F2AA3124
:10313000DAE71A79082A02D941F24B31D4E71B7930
:1031400020466A6903F180431269033B52F8233039
:1031500098470C2812D941F2DD31C5E71A79082ABF
:1031600002D941F2AB31BFE71B796A6903F18043B1
:103170005269033B52F823309847EAE76B69DB68F2
:10318000BDE8704053F82030184700BFB810002049
:1031900007292DE9F043064687B00F46904645685B
:1031A000634C23D11DBB002A49D1D4E9001091F80A
:1031B000543013F0030218BF012213F0040382718C
:1031C00003D033785A1E53425341C37191F894305F
:1031D0004BB12368D3F89000503012F04FFC10B977
:1031E000636801221A7207B0BDE8F0833DB3294637
:1031F000707C0FF0B6F8072F814661D1637B63B115
:1032000058B1B8F1000F52D0656811F0BDF863688D
:1032100068715B7923730123A37363685879082865
:1032200055D17168707C12F01FFC626805467168A8
:103230000532707C03F0A0FB6368002859D0236836
:1032400093F8540010F003000AD093F84A3039463E
:10325000019530466268927900924246FFF736FE49
:1032600062682368907193F8540010F0040009D04C
:1032700093F84B30394601953046D2790092424658
:10328000FFF724FE2B4B65681B68E8711BB14146B4
:1032900030469847287272686AB3717C236883F855
:1032A0007E10116899679288A3F87C2023E0236838
:1032B00093F878110129A7D1284603F099FB607390
:1032C000637B002BA9D0B9F1000FA6D09CE704AA1C
:1032D0000DF10F0103F074FB20B940F6A531322047
:1032E000FDF78CFE04A99DF80F0012F0BDFB05460A
:1032F000A5E7D88018726268137AB3B9D388003B07
:1033000018BF0123B06800283FF46DAF072F7FF48A
:103310006AAF517908293FF466AF002B3FF463AFE1
:1033200003F084FB0123E3735DE70123EAE700BFB9
:10333000B8100020641C00202DE9F04F044689B02D
:10334000062900F2C580DFE811F06000E700070001
:10335000C300C300C30026006E4D0AF067FB2F6850
:1033600097F85430980714D06E68B3798BB10DF18B
:103370001F00FFF7F5FC9DF91F3002222146029342
:1033800030462B7B0193FF23009307F142030FF09C
:1033900063FA03201FE05F4D6E68B379002B00F0E5
:1033A00097802F6897F85420910717D50DF11F00CB
:1033B000FFF7D6FC9DF91F303046062202932146C6
:1033C0002B7B0193FF23009307F142030FF044FA94
:1033D000002309202B7409B0BDE8F08FD30777D5FF
:1033E000570701D50AF022FB0DF11F00FFF7B8FCCB
:1033F0009DF91F202B6802922A7B42330192FF2203
:103400000092062221466868C1E7424D2B6893F876
:103410005420560737D56968CA79002A33D04268E4
:1034200093F85B001678864255D1567893F85C0085
:10343000864250D1967893F85D0086424BD1D6787B
:1034400093F85E00864246D1167993F85F00864273
:1034500041D1507993F8602090423CD1627C93F83E
:103460005A00101A4242424193F8560001284ED0A9
:10347000002A4CD193F84C30082B02D04A799A425A
:1034800045D00AF0D3FA6E68B379002B3DD02F688F
:1034900097F85420930720D50DF11F00FFF760FC2B
:1034A0009DF91F3030460022029321462B7B019369
:1034B000FF23009307F142030FF0CEF90123092007
:1034C0002B746B68DA79002A85D19B79002B82D125
:1034D0000AF0ACFA5DE70022C6E7D60715D550071B
:1034E00001D50AF0A3FA0DF11F00FFF739FC9DF991
:1034F0001F202B68214602922A7B42330192FF2231
:103500000092002268680FF0A7F90320D9E70A208B
:10351000D7E700BFB8100020644D81682A68807C1E
:103520000EF01FFF92F854306E68074692F84890EC
:10353000590796F806A096F807B089F0010940F1FE
:103540008E8092F84B30002B00F0898092F84C600E
:10355000082E00F08680304603F0ECF949EA0000BE
:103560005FFA80F9002F7ED03046A16803F018FB87
:1035700006462B6893F8542093F84180520749D5AA
:10358000626893F85B10107888426ED1507893F897
:103590005C10884269D1907893F85D10884264D1BC
:1035A000D07893F85E1088425FD1107993F85F105D
:1035B00088425AD1517993F86020914255D1627C6A
:1035C00093F85A10501A42424241696849790829D1
:1035D0004DD093F84C30591A4B424B41002E48D1F4
:1035E000B9F1000F47D02046CDE90423FFF7A6FA32
:1035F000DDE90423BBF1000F0AD0296891F85610C9
:1036000001294ED021B9002A4BD108B1002B4AD153
:103610000AF00CFA2B6893F854309B073FF4B9AECC
:103620000AF004FABAF1000F3FF4B3AE2046FFF7F8
:1036300085FAD5F8009000B9FEB10DF11F0048EAF7
:103640004608FFF78DFB9DF91F3002932B7B0193FA
:103650005FFA88F30093012209F14203D2E67679FA
:1036600076E7002685E73E4683E70022ADE70023A4
:10367000B4E70120BEE73046BCE799F85530023B7D
:10368000012B3FF686AE002F3FF483AE0DF11F00F5
:10369000FFF766FB9DF91F3002932B7B0193FE23FE
:1036A000D8E70028B4D00A2095E600BFB810002063
:1036B00030B58BB00546FFF739FA114B1B6893F80C
:1036C000543013F0060F04D001229621002013F08D
:1036D000EDFA2C786946284604F00F0422460FF0D4
:1036E000E0F8002221466846FFF752FD2146684671
:1036F000FFF722FE0446FFF7A9FB20460BB030BDC2
:10370000B810002038B5154D2C6894F84830F3B146
:103710006FF00043D4E920129A4208BFB1F1FF3F95
:1037200015D013F068FBD4E92023904299410ED3C1
:103730002B6893F848305BB92D6803F03BF90446D9
:1037400013F059FB064BE4FB0301C5E9200138BD2A
:10375000012003F0F1F90028F9D0EDE7B8100020BE
:1037600040420F0010B50446FFF722FA237A032BDC
:1037700004D140F62E113220FDF740FC0BB9FFF7C3
:10378000B1F9064B1B6893F958000AF095F8FFF75A
:10379000E5FBBDE81040FFF7B5BF00BFB810002043
:1037A0002DE9F8436A4D002307468946A868D5F8F5
:1037B0000080037043700AF061FA064630B90026B3
:1037C000032003F095FC3046BDE8F883AC68032F76
:1037D000237833D123F00F0343F0030323700C232A
:1037E0006370D8F87830A868C0F80930B8F87C3031
:1037F000A0F80D3098F87E1011F039F80021A86873
:1038000013F061FA2B6893F8482003F1420993F80A
:103810004180002A77D14C4623684146A868C0F809
:103820000330A388A0F8073011F018F8494BD3F8FB
:103830000C32002B7CD00AF0F9F8C0E723F02F03FC
:10384000222243EA4913627043F0050323702B6878
:103850001A6DD2F8CC20C4F80F201A6DD2F8D430EB
:10386000190AE3741B0C2175637592F82A11B2F8DA
:10387000DC30002941D06420B3FBF0F3A375D2F80B
:10388000D83000293CD06421B3FBF1F3E375C3F3D6
:103890000723237692F82911D2F8C80010F03FFED2
:1038A00029686076000AA0760B6DAC68B3F8D0206A
:1038B000E276120A2277B3F8D2206277120AA27750
:1038C0009A69C4F81F201B7F94F8242084F82330C1
:1038D0000B6D22F01F0293F8233003F01F031343F4
:1038E00084F8243002F012FD94F8243003F01F0312
:1038F00043EA401384F8243073E740F2E240BBE728
:1039000040F2E241C0E793F8542052070DD593F8F6
:103910004B2052B193F84C0003F07CF90446002888
:103920003FF479AF4FF0010876E76B685879F3E719
:10393000052F7FF448AF2B6821681A6DC2F8B410C8
:10394000A188A2F8B8101B6D83F8B3803BE700BFD5
:10395000B810002000A0085010B500210320FFF788
:103960001FFF18B9BDE81040FFF78CBA074C0321C0
:1039700020680FF071F90028F4D0012108460AF000
:103980001DFA636809221A7110BD00BFB81000202B
:1039900070B5164C636818680EF05CFF064620B9D7
:1039A00040F261513220FDF729FB63680A220021B1
:1039B00020681A7100F0AAFE236805201B6DDD7DCA
:1039C0003378C3F340131D402946FFF7E9FE18B9C9
:1039D000BDE87040FFF756BA042120680FF03CF9AB
:1039E0000028F5D023681B6DDD7570BDB810002070
:1039F000036D10B5044623B940F261313220FDF762
:103A0000FDFA022207494272B3F8AA304381FF232C
:103A100080F827304FF6FF73038511F006FA002374
:103A2000236510BDBF230200F8B5194F064602F00A
:103A3000F1FB0121B8600020FDF7F0FE054620B93A
:103A400040F685013220FDF7D9FA4FF4C07200210B
:103A500013F02BFE01210846FDF7E0FE044620B1DD
:103A60004FF4C072002113F020FE7B6913B940F6B9
:103A70008F01E7E730460EF068FD28460FF0DDF8CD
:103A800024B12046BDE8F8400FF0D7B8F8BD00BF1C
:103A9000B8100020014B024A5A617047B81000204C
:103AA000BC3B0100036810B523B940F67711322002
:103AB000FDF7A4FA044A13606C3353605369BDE800
:103AC00010401B68184700BFB810002008B5044B11
:103AD000586800F079FBBDE80840FFF7D3B900BF94
:103AE000B810002038B5044690F8400000F0FD0002
:103AF00004F14201003818BF012084F8410002F0AF
:103B000005FE94F84030023BDBB2012B94BF012349
:103B1000002384F8483015D802F04CFF054613F016
:103B20006AF9094BE5FB030194F84830C4E9200128
:103B300043B1002003F000F820B940F621213220E3
:103B4000FDF75CFA38BD00BF40420F000149363036
:103B500011F06EB99D230200112E0100C930010041
:103B60005D300100772502006D2B0100B12E0100B0
:103B7000FF240200ED240200212B0100852E01000C
:103B8000912302005D2F0100912302009123020086
:103B90009123020091230200912302005939010070
:103BA000913901009123020091230200B1360100F6
:103BB000852D01002325020015250200653701002F
:103BC000683B0100703B0100783B0100AC3B010009
:103BD000B43B010008B5431EDBB231B1032B08D959
:103BE0004FF4EA713320FDF709FA032B02D8034A98
:103BF000D05C08BD4FF43F710620F4E76A11050060
:103C000008B50EF09FFA054AD2E84F3F0133DBB208
:103C1000C2E8413F0029F7D108BD00BFD010002005
:103C2000024BA0F108015868FFF7EABFD01000204E
:103C30002DE9F84F1E463C4B0D46934600211A785D
:103C400004689DF828709DF82C809DF930909DF8AF
:103C500034A0016032B9A4F108015868BDE8F84FFA
:103C6000FFF7CEBF1A2204F1090013F01EFD012355
:103C7000A372BBF1060F4FD8DFE80BF00433394EC7
:103C8000434E3D00E37A23F0130343F01303E37242
:103C9000012304F10E0241462846237547F6FF73BF
:103CA00084F81890E38204F10D030EF0A7FDE37A87
:103CB0005B0736D5BA1E04F11C03012A8BBFAA6824
:103CC00032681168E2618ABFE161B28892889A80A5
:103CD000E7760023237215492046BDE8F84F11F01E
:103CE000A7B8E37A23F0150343F01503CFE7E37A8F
:103CF00043F01003CBE7E37A23F0120343F01203FF
:103D0000C5E7E27A4AF01A0A22F01B020AF01B0AFF
:103D100042EA0A02E272BBE740F246413320FDF775
:103D20006DF9FF23E376D4E7D0100020313D010088
:103D30002DE9F04F05468DB00C4600200121FDF71E
:103D4000A9FD064620B94FF4F1713320FDF756F96D
:103D5000A8300EF074FF18B196F85430042B2ED111
:103D600030460EF0E7FB50BBB84C04F1080604F1F6
:103D70000C07AB6A93B92846FFF752FF4FF4007364
:103D8000ADF804309DF80430002063F307009DF87F
:103D9000053063F30F200DB0BDE8F08FA96A0B6802
:103DA000B142AB624FF000030B704B708B70CB7065
:103DB000DFD0B942DDD06068FFF722FFD9E7AF6AF4
:103DC00037B3A34B9F4226D0043B9F4223D007F139
:103DD0003B0A4FF0000802F02BFA8146B8F1000FC1
:103DE00040F0058102A950460EF0EEFDB9F1000F3A
:103DF00016D004F10D00EE7A16F0100613D09DF8DF
:103E00001860059932460CF017FF4FF0010828E0C2
:103E100005F1330ADDE74FF001084FF0000ADAE759
:103E200004F11C00E7E7002FEFD09DF80830022BCB
:103E3000EBD0014695F83230E522504610F052FEA4
:103E400095F8323006460344504685F8323010F07B
:103E500041FE95F83280A8EB0000D0F1000848EB55
:103E60000008B9F1000F00F0C680EB7AD90604D43F
:103E70005B216AE7C8460026F7E713F0040FAA7A29
:103E800095F80DC04FF03E0304F1060105F10E0058
:103E900033D095F81BE0BEF1FE0F2ED123700B231B
:103EA000E270A370130184F805C00233637001232C
:103EB0002371D5F80E30C4F8063083888B8084F8DF
:103EC0000CE0EB69C4F80D302B8CA4F811302B7E7C
:103ED000E3745E4E06F1080A57453BD1237902226E
:103EE00005F1280062F3461323710EF0A3FC0227AC
:103EF0002846FFF795FE04263FE023700223E27078
:103F0000A37006F10A0384F805C0534302336370BB
:103F1000D5F80E30C4F8063083888B80267326448B
:103F20002B7E7373EA7A12F0080102D00423237106
:103F3000CFE702F00303032B01D12171C9E7520738
:103F400001D50123F3E7022BF1D00BB90323EEE7F0
:103F5000A421FAE606F10C094F4515D105F1280018
:103F60000EF068FC6A7D6AB92379042662F3461371
:103F7000237102272846FFF753FE8DF804608DF861
:103F80000570FFE60026F4E747B3B8F1000F20D034
:103F900005F1280840460EF04DFC39467068FFF7E1
:103FA0002FFEAB6A0022534585F8322096D04B4550
:103FB00005D12379404662F34613237195E79DF8B6
:103FC0000830022B05D1237923F0680301272371E0
:103FD00091E72379012262F34613F7E7EE7A16F0B0
:103FE0001006CAD0237967F3461323717FE70028B0
:103FF0007FF440AF06468E2305F12301237006F1BE
:104000001803AA7A5343E270221D0233637005F14C
:104010000B0353F8040B8B4242F8040BF9D195F8CB
:1040200014A095F815B002F041F9C1F340295046AB
:104030004946FFF7CFFD6073BBF1000F04D049463E
:104040005846FFF7C7FDA073E67642E7D010002080
:10405000DC100020343270B5054692B20C461E4684
:104060000EF038F825B1034A556014745674147074
:1040700070BD00BFD010002010B5034C60680EF07A
:104080004BF8237C237010BDD0100020014B587CCE
:10409000704700BFD010002038B5134D68680EF08F
:1040A00041F8044620B940F257113320FCF7A6FF2F
:1040B000D5E84F3F013BDBB2C5E8413F0029F7D1CE
:1040C00004F108033422184613F0EFFA47F6FF72A2
:1040D0000121E462E283FF22627584F82320E27CFE
:1040E00061F34612E27438BDD010002038B5436A3F
:1040F000044693B90A4D68680EF014F8606220B95E
:104100004FF4B8713320FCF779FFD5E84F3F013BFE
:10411000DBB2C5E8423F002AF7D1606A3B3038BDC8
:10412000D0100020036810B504468BB19A6A22B102
:1041300040F28D113320FCF761FF596A41B101F162
:1041400008008342074B08BF22605868FFF758FDFC
:10415000216831B1034B08395868FFF751FD00233E
:10416000236010BDD010002038B5046805469CB10E
:104170001349204610F065FE124B00221A735A7341
:104180009A73DA73EFF3108272B6A16A0C3399B99D
:10419000A362E36202B962B62C68616A49B101F1B7
:1041A00008039C4203D0074B5868FFF729FD002302
:1041B000636200232B6038BDE16A0B60E9E700BF52
:1041C000313D0100D010002070B50668044656B39A
:1041D000716A154D41B101F108039E4202D0686831
:1041E000FFF70EFD0023736221684E7DB6B10023F8
:1041F0002B726B72AB72EB72EFF3108272B6886A3D
:104200000A4B40B98B62CB6202B962B62046BDE868
:104210007040FFF7A9BFC86A0360F4E7083968680F
:10422000FFF7EEFC266070BDD0100020D8100020F3
:1042300010B504460246064900F58C7012F005FFE1
:10424000224604F5A4700249BDE8104012F0FDBEFC
:10425000472D02007FB590F8142102F0FF0322B130
:1042600040F2A5212120FCF7C9FE0C78039314F03D
:10427000010218BF8D68CDE9013318BF019514F014
:10428000040529D004ADCE6805EB820545F80C6C19
:10429000154680F845514A68124DC0F8C820C0F84C
:1042A000F82040F27122A0F8FC20032215F8011B2F
:1042B0000C420BD004A900EB830601EB8301013310
:1042C00051F80C1CDBB21639C6F8CC10013A12F0CA
:1042D000FF02EBD104B070BD002ADAD140F2BE215A
:1042E000C0E700BF7A1105002DE9F04F04468FB0FA
:1042F0009B469246BDF86070039112F07CFD8046AB
:10430000204604910EF0ADFBD4F8CC900546BBF1ED
:10431000000F00F0D781BAF1000F00F0E48083466F
:1043200018F5FA630593049B43F10003069303F029
:1043300081FE064604F1E8003146079003F04CFE8A
:10434000D4F8101111B107980EF0CDFCBDB1D4F81E
:10435000F050BEB1B0682A46D6E90031C018059BBE
:10436000009341F10001069B019311F09FFB8542F0
:10437000034608D240F24D312120FCF73FFED4F82D
:10438000C850E6E73346059AD4F8C8009D18069A47
:1043900042F10006002F00F0A180BFB242F2107C73
:1043A00029463246E7FB0C1200F2CF773B44B3FBC1
:1043B000F0F34343EB1A66F10000C4E92A12C4E9A2
:1043C0003A300027E319204693F87C110EF02EFBBB
:1043D000D4F8A830D4F8AC105A1B0590069361EBC2
:1043E0000600012A70F100034FF00003C0F259816A
:1043F0009145834100DB914604EB8707D7F8CC70E9
:104400004F4528BF4F46C4F8DC70BAF1000F05D005
:10441000D4E93A23C4E92C56C4E93023059B20464D
:10442000039AC4F8D83004230791C4E92E56537276
:104430002A4633460EF02BFB039B059A18725A60EE
:10444000BBF1000F00F038810123039A0799137024
:10445000069B049AB3EB080361EB0202012B72F195
:1044600000004FF00000C0F21E81A74E9E42904116
:1044700000DB1E46D4F81031D4F8C890002B40F071
:10448000178107252046A9FB055A0EF0EAFA0028F5
:1044900000F00B81D4E92C32ED184AEB0203A84559
:1044A000049A9A410FD2B5EB0805049A63EB020314
:1044B0006FF00102AA424FF000029A4102D3AE42CD
:1044C00028BF2E46B146039BC3F81090059B9F4220
:1044D00034BF002001200FB0BDE8F08F4FF0FF3156
:1044E0006FF0004260E7002838D06FF00043D4E955
:1044F0002A129A4208BFB1F1FF3F2AD094F8443102
:104500002046234493F87C110EF090FA18F198029B
:10451000049B0546099008A843F100038DF820A0EC
:10452000CDE90C2340F20243ADF8283012F093FDA0
:1045300010B940F296411FE7D4E92A320C995B1A70
:104540000D9962EB01025B1B62F10002002AC0F2CE
:10455000A2804546049E4FF0010B32E7D4E93A268B
:10456000D4F8C850A8EB0203AA18B3FBF5F305FB77
:1045700003F346F100069B18A3EB080246F1000680
:10458000972A05D8ED1846F10006D346574619E795
:1045900094F87C1120460EF049FA0423D4F8B82090
:1045A0008DF82930D4F8C850099020468DF820A005
:1045B000D4E93A13521AB2FBF5F26A43521843F1A6
:1045C0000003CDE90C230EF062FA29468DF828008D
:1045D00008A80FF0F9FEDDE90C56D6E751F8042FD4
:1045E000013302F1160CCC459FBF821A013791446A
:1045F000FFB2DAB29645F1D8E319204693F87C1160
:104600000EF014FA484404EB8703D3F8CC3083420D
:1046100009D3A3EB0909B9F1000F22DA40F24E41A8
:10462000AAE6A94667E094F84511D4F8C820B94233
:104630000FD901379542FFB208D204EB8703D3F8B4
:10464000CC3003F1160299461546E4E74FF4856134
:1046500092E69542F7D352009542F4D340F2454199
:104660008AE6AD192046D4E92C234BF100060EF062
:10467000B4F9D4F8C8304FF0000B5843D4E93A32BB
:104680001B18204642F10002C4E93A322A4633465A
:104690000EF0A3F996E64546049E4FF0010BD14675
:1046A00074E79946A8E60646E4E6D4E93032F3E634
:1046B0004FF0FF352B46F2E6039B83F800B0C3E9C9
:1046C000045603E7BAF1000F7FF42AAED4F8C820ED
:1046D00008F19805D4E93A13A8EB0106B6FBF2F607
:1046E00056437618A5EB060543F10003AA429B4604
:1046F00097D8A5EB0209002394F845E104F1C8011D
:104700006FF015001F4674E70040420F01292DE9A4
:10471000F347064605D9022900F099804FF4046159
:1047200050E001F00104D0E92CA708F0D3FF96F87F
:1047300078818146204641460FF0C0FE054640463E
:1047400009F018FC0246002C3FD0A8F10203DBB2AE
:10475000022B3AD8534901EB43031B8A15EB090599
:104760002CBF0121002115EB0A0547EB01074E493B
:1047700051F8280000F2E73010444FF47A72B0FB91
:10478000F2F02D1A67F10007ED1847F1000711F05C
:10479000B6F95230D6F810812C1A67F10005D8F816
:1047A000C87003F041FC06F1E803834210D03A469A
:1047B000CDE90045D8E9780111F078F9874211D2A6
:1047C00040F261312120FCF719FC4FF4FC73C5E77E
:1047D00098F8290130B13A46CDE90045D6E93A01C9
:1047E00011F064F9314B1A68D6F81031824293F80F
:1047F0002A110ED9D3F8C8603218C3F8D86089B925
:1048000041F66A018842A3F8DC1018D34FF4FA612C
:10481000D8E751B16422B0FBF2F151430246401A8D
:10482000C3F8D8104FF4FA71ECE740F2E242B0FB63
:10483000F2F151430246C3F8D810401AE0E71219CA
:1048400045F10005C3E9782502B0BDE8F087D0F84E
:10485000103113B940F2DB71B4E700255D7390F8B5
:10486000781183F8201183F82111FF2483F8224165
:104870000339D0F81001012900F1E8008CBF0021B4
:10488000012110F096FBD6F8100112F07FF8C6F85F
:10489000105186F8164109F025F902B0BDE8F0473D
:1048A0000BF030BB6E11050050140500E410002021
:1048B00008B50B4B30B101280DD040F65301212033
:1048C000FCF79CFB18601A6841F669039A4206D906
:1048D00040F65C01F3E740F6C4121A60F3E708BD46
:1048E000E41000200138C0B2032808B504D94FF401
:1048F0003F710620FCF782FB014B185C08BD00BF2E
:10490000841105000138C0B2032808B504D94FF45A
:104910003F710620FCF772FB014B185C08BD00BF1D
:10492000A11105000138C0B2032808B504D94FF41D
:104930003F710620FCF762FB014B185C08BD00BF0D
:10494000041205000138C0B2032808B504D94FF499
:104950003F710620FCF752FB014B185C08BD00BFFD
:10496000FD120500014B1868704700BF9C11002024
:1049700008B5034610465A1E032A10D84A1E032AB9
:104980000DD8084A012951700CBF00210A2110716D
:10499000937091721946FDF787F9002008BD6FF0FA
:1049A0001500FBE71E010020074A537A40B143F08F
:1049B0000403002953720CBF00230723537170476F
:1049C00003F0FB03F5E700BF1E01002040EA4100B1
:1049D000014BD870704700BF1E01002010B504467F
:1049E0000EF03BFB08B9002010BDE0430EF035FB94
:1049F0000028F8D0E31683EAA4635A1E1A42F2D0C4
:104A0000E3B25A1E13405A1E1342ECD0A0B210F06B
:104A10000DFC0B28E7D8204610F004FC1828E2D83B
:104A2000A3B2B3EB144F04D184EA142313F0FF1F95
:104A3000D9D0044B6340581E1840003818BF0120DD
:104A4000D2E700BFD6BE898EF0B5070C164BA7F58E
:104A5000AA4203EA9023543A012A20D927F40040BD
:104A600042F6AA22801A18BF0120002216211F2414
:104A7000164687EA060562EA0505013511D0DD0311
:104A800001394FEA5303ADB245EA56064FEAC43541
:104A90004FEA5404ADB245EA5202EAD1F0BD00201B
:104AA000E3E70020FAE700BFE0FF3F0070B50D46E6
:104AB000BDF818400646BDF81410AC421046BDF8CB
:104AC00010201BD8B5F5486F18D8844216D8B0F519
:104AD000486F8CBF0024012496B91A4E367C96B1DB
:104AE0009CB96FF4506C05EB0C06062E04D86FF4DD
:104AF00050668619062E08D9204670BD0024EBE7C3
:104B000096F88160EBE7002CF6D0854217D803FBBE
:104B10000111B1F5FA7F12DCA2F10A0340F67644E6
:104B20009BB2A3420BD80EF09FFB42F2107341439D
:104B30005A43B2EB410F8CBF01240024DCE7002470
:104B4000DAE700BFA8110020304BF0B5B0F86C7068
:104B50000C461146DA88B0F86A6085B097421D8924
:104B600028BF1746964228BF16461B2E2ED0B5F5F5
:104B7000A47F2DD040F6480301AA9D4228BF1D46C0
:104B80000EF086FBBDF80A30BB4228BF3B46E380EF
:104B9000BDF80C30AB4228BF2B462381BDF8063050
:104BA000B34228BF33466380BDF80830AB4228BF0C
:104BB0002B46A380FF232370E3881B3B9BB2E02B93
:104BC00008D940F209513920FCF718FA1B2FCED131
:104BD00005B0F0BD63881B3B9BB2E02B02D940F2CD
:104BE0000B51F0E7238940F64812A3F5A4739BB25A
:104BF000934202D940F20D51E5E7A388A3F5A473CF
:104C00009BB29342E4D940F20F51DCE7A811002097
:104C1000F7B5002304460E461746CDE90033684633
:104C2000FCF772FE08B100201AE0009DA542F6D004
:104C3000304605F1AD030EF0F7FA394695F8AC2091
:104C40000FF06DFB0028EAD005F1B40395F8B3200E
:104C500004F1B40194F8B3000FF061FB0028DED03A
:104C600003B0F0BD054A516A02F11D03127F11F82D
:104C7000030BC0F380100FF052BB00BF18170020C9
:104C8000012817D80D48824216D8012B0DD140F2C9
:104C900052739A4210D9A1F6C410094B98420BD80E
:104CA0008A428CBF122000207047042BF3D140F6BB
:104CB000C313EEE712207047302070478FFD70025B
:104CC000CBF3700210B504460A480DF064FD0A49A2
:104CD0002046FFF7BFFA20460DF08DFC38B1204684
:104CE000FEF700FF20460DF053FD002010BD1220FE
:104CF000FCE700BFE0110020E81100202DE9F04F93
:104D0000994687B07F4B04460DF110087E4D186818
:104D10000F461B791646049088F8043095F86A30DF
:104D200013B1404601F0DCFF394620460FF03CFC51
:104D3000AB69C4F8E83096F84A2006EB4202B2F8B4
:104D40002AA050460EF090FA01466FF450600023FE
:104D50008244BAF1060F7BD9908C4FF0961284F8FA
:104D60002A31A4F8E430C4F8E02040F2E2420EF028
:104D70007BFA03F0A5F940F2E243014604F1A80AE8
:104D8000A4F8F431C4F8C810C4F8F011504611F07A
:104D9000D3FD834601F08AFA8306A97B53BF1B2308
:104DA0006B88AA881A46A4F81231584BA4F814212B
:104DB0001B6884F8F010A4F8F2B01BB194F9281124
:104DC000384698472B7C03A80394003B18BF012367
:104DD00084F829310EF03FF94D4B1B681BB14D494A
:104DE000B4F8AA0098470123A4F8DE304A4B1B68A8
:104DF0001BB14A49B4F8AA009847494B1B681BB13C
:104E00004849B4F8AA009847474B1B6813B1B4F857
:104E1000AA009847454B1B6813B1B4F8AA009847FD
:104E2000AB8804F1C0006A886978033303320191CA
:104E30009BB2297892B2009104F1C401FCF79CFD69
:104E4000D4F8C03083B940F6F4713920FCF7D6F8B5
:104E50004FF04D12A4F8E4300123C4F8E02084F8A8
:104E60002A314FF47A7389E7D4F8C43013B940F685
:104E7000F571EAE70EF0B8F9C4F8CC00B9F1000F0B
:104E800005D002F0A3F920F07F40C4F8D40096F8D2
:104E90004A302046E96906EB4306338EA4F8D03049
:104EA000F38EA4F8D23011F044FD414604F117000E
:104EB0000FF02AFC95F86A3013B9FF2384F83D32CD
:104EC000EB6E23B1012204F59771504698471849BB
:104ED00050460EF0E0FF02F079F90C23B0FBF3F23C
:104EE00002FB1300C0B2431DDBB2082B9CBF0D3088
:104EF000C3B2204684F823300FF085FB07B0BDE82D
:104F0000F08F00BFF88B0500A8110020781C00204E
:104F1000701C0020D0110020881C002006120020E8
:104F20007C1C0020F8110020801C0020841C002024
:104F3000B211002010B503210020FCF7ABFC0446A1
:104F400070B90321FCF76AFC044620B940F2253110
:104F50003920FCF753F8034B93F9701011F03CF92A
:104F6000204610BDA8110020014B5888704700BF93
:104F7000A8110020044BD87BC0F3400080F0010052
:104F800000F00100704700BFA811002038B50FF0F5
:104F9000C5F9002501F0DAFC214C01F09FF90FF072
:104FA00025FF02F0BDFF01F0BBFE07F0F9FE012076
:104FB00001F038F91B4B1C4A29461D604FF01B13AA
:104FC000A4F86850A58184F83650E573C4E900233D
:104FD0004FF4A4731022A3604FF479432361134B61
:104FE00058681B89A06304F14000A38712F05DFBA1
:104FF000012342F2107204F15E0084F840306375C0
:10500000C4E9112211F0F5FD04F1500011F017FE72
:105010000022002384F88050C4E91E2338BD00BF5D
:10502000A8110020681C002003021B00A11105002C
:10503000064B41F64C521B211A629973C3E90622B2
:1050400041F288325A62FFF7A1BF00BFA8110020C9
:10505000F0B53D4D85B000F1A8070446AB69C0F836
:10506000E8302B7C003B18BF012380F82931374BF7
:10507000C0F8C830384610F0BBFE064601F016F9FD
:105080008306A97B53BF1B236B88AA881A46A4F802
:1050900012312F4BA4F814211B6884F8F010A4F8E7
:1050A000F26023B194F92811B4F8AA00984703A834
:1050B00003940DF0D0FF274B1B681BB12649B4F8B1
:1050C000AA009847254938460EF0E5FE0123A4F8CA
:1050D000DE30234B1B681BB10021B4F8AA009847AF
:1050E000204B1B681BB10021B4F8AA0098471E4B47
:1050F0001B6813B1B4F8AA0098471C4B1B6813B186
:10510000B4F8AA009847AB8804F1C0006A886978AF
:105110000333033201919BB2297892B2009104F1DA
:10512000C401FCF729FCD4F8C03023B940F2E241B5
:105130003920FBF763FFD4F8C43013B940F2E341E0
:10514000F6E705B0F0BD00BFA811002000093D0042
:10515000781C0020701C0020D0110020B21100200B
:10516000881C00207C1C0020801C0020841C002047
:105170002DE9F34104460E4611F06FF8002800F0C7
:105180009680204611F0A1F940B1B6F80130013BFC
:105190007F2B03D9122002B0BDE8F081204611F028
:1051A00098F908B90C20F6E7204610F0D8FE002840
:1051B000F8D1204610F0FAFF80460028F2D12046B0
:1051C00004F0B0FC0028E5D042F21073B6F801708C
:1051D000F17820465F4311F063F904213078FCF741
:1051E00059FB054606213078FCF754FB2DB140B140
:1051F00041F676213920FBF701FF18B3054690F8F8
:10520000E5802C4E3368EBB14035284610F045FC64
:10521000C0B1284610F032FCA0B9B8F1000F07D099
:10522000254B28461B68984760B141F68A21E1E783
:105230002249424633682846096A984710B141F628
:105240008F21D7E7204611F038F9014638B93A46A0
:10525000204603F061FC40B341F69821CAE70221E1
:105260000DF10600FCF7A2FA054608B90D2092E7F9
:10527000BDF806100FF0D6F92946204611F059F96D
:105280002846FFF7E5FE3A462946204603F044FC4F
:10529000024610B141F6B421ACE7084BDB6E23B1F6
:1052A00005F5977105F1A8009847002073E74220A3
:1052B00071E700BF6C1C0020741C0020A8110020A6
:1052C000024B1B6803B118470C207047681C002074
:1052D00008B507F02FFD0EF02AF8024B83F8700096
:1052E00008BD00BFA8110020014B93F97000704762
:1052F000A8110020034B5A8802801B78837000207D
:10530000704700BFA811002073B5837806461A2B9A
:1053100008D8042B04D9334A22FA03F3DB0705D457
:1053200012251AE0292B01D03B2BF9D13088B0F59A
:10533000706FF5D269460FF006F988B9009B93F8B3
:105340002C2102F0FF05C2B9B27883F82D21FF228B
:1053500083F82C2168460EF0F0F8284602B070BDA4
:1053600009213088FCF796FA0446002837D001A9B5
:10537000B0F8AC010FF0E7F808B10C25EDE7082113
:10538000B4F8AE01FCF786FA20B94FF40461392075
:10539000FBF734FE03781BB994F8C831032BECD12A
:1053A000019B93F84221002AE7D194F8F02102F002
:1053B000FF05002AE1D1B4F8B021A3F8442194F804
:1053C000B82183F84621027D83F84721B27883F81B
:1053D000482184F8F021FF2283F84221BDE702250D
:1053E000BBE700BF200038040188A1F11B039BB27A
:1053F000E02B0CD8428844F24810A2F5A4739BB26B
:10540000834204D8034B0020D9801A8170471220B0
:10541000704700BFA811002038B50278447802F028
:10542000010302F0020254EA030101D1112038BD48
:10543000BAB98578002DF9D0002B18BF002400E000
:105440001D4620460DF07EFF0028EFD028460DF0C7
:1054500079FF0028EAD0054B00209C72DD7298810C
:10546000E5E7002BECD000242546EAE7A811002050
:1054700013B5008801A90FF088F8044620B90198F7
:1054800090F83E311BB13A24204602B010BD90F88E
:105490005C3003F0FF04002BF5D190F853309B07EC
:1054A00006D1FF2380F83E3101A80EF046F8EBE765
:1054B000024954300FF0C2FCE6E700BFDF5902009A
:1054C0002DE9F04703780446032B03D9122528461B
:1054D000BDE8F0874378032BF8D8437E8578002B0E
:1054E0004FD1012DF2D100F0EBFE854340F09280C8
:1054F00094F8028018F0010506D001232269A16802
:10550000E078FFF7BDFB054618F0020F07D0022335
:105510002269A168E078FFF7B3FB2843C5B218F011
:10552000040F7BD094F803A00423D4F808902269D8
:1055300050464946FFF7A4FB284310F0FF05C6D1AB
:10554000B8F1050F0ED194F804800423E168626974
:105550004046FFF795FB05460028B8D1C24559D112
:10556000894557D1237E013B062BAFD8012100206E
:10557000FCF790F9054650B940F642413920FBF757
:105580003DFD6B1E062BA1D8AA079FD4ABE7A83020
:105590000DF055FB18B195F854309B073CD1657E52
:1055A000E278003DA078A16818BF0125012AB4F86F
:1055B00000E000F0040314BFB2FA82F2022294F871
:1055C00018C018BF520910F0010F1FD026695BB137
:1055D0006769F319994207D24B089E4228BF1E46BD
:1055E0008B1B9F4228BF1F460E4B83F83D50002562
:1055F00083F8380083F83920A3F83AE083F83CC0F8
:1056000083F84000DF64C3E9111660E7002BEBD09C
:105610002769E9E711255AE70C2558E7002DA1D0A5
:1056200055E700BFA811002000B589B0437940F2CA
:1056300071218DF8043083798DF8053001238DF8C0
:10564000063003788DF80730B0F801304B430393F0
:10565000B0F803204A430D4991F83C100592A2F698
:10566000C4128DF81C1000218DF81D1008498A42C3
:1056700009D8A3F6C4138B4205D801A8FFF720FF71
:1056800009B05DF804FB3020FAE700BFA811002044
:105690003C369C002DE9FF4106460078012813D1D5
:1056A0007378012B03D9022B0CD1B38853B17288C4
:1056B000B2B1B388A3B10A214A434FF4A0614B436E
:1056C0009A420DDB12247AE00028FBD10121FCF77D
:1056D000E1F80546002840F08E8040F69A5107E038
:1056E00001210020FCF7D6F8054620B940F63F51CD
:1056F0003920FBF783FCB388002B76D10CF01AFF1E
:10570000002874D195F81431002B72D12846FFF788
:10571000D9FA04460028D5D10121DFF830810846A6
:10572000FCF7B8F898F81410074619B110B940F60C
:105730005B51DDE798F838200023CDE9023312F001
:1057400001031CBFD8F848000290520741BF04AAC9
:1057500002EB8303D8F84C2043F8082C002941D0F1
:1057600097F81431002B3DD07388DBBB98F83830A4
:105770003846009302ABD8F8442098F83A100CF061
:10578000B1FF78B338460DF060FA07F140030646E2
:1057900005F14002683753F8041BBB4242F8041B72
:1057A000F9D12846FFF78EFA024610B140F6825131
:1057B0009EE70C2E07D1014628460DF0F9FB204646
:1057C00004B0BDE8F08116B140F68B5190E798F82F
:1057D00039302846296D43F0040385F854300DF024
:1057E000C6FBECE7B2887188E6E71124E7E73A24C4
:1057F000E5E70C24E3E70DF0D3F904460028DED1F9
:1058000095F8543095F8A62022B195F8A7201343B7
:1058100085F8A600053B012BD1D82B6D13B940F6B6
:10582000AA5165E701210846FCF734F84FF4C0722D
:10583000294606460BF000FA002386F8943004232C
:10584000316D304686F85430C9E700BFA8110020FA
:105850002DE9F04F457A04468FB0A80718D545F0DA
:1058600001056572072D15D800F02AFD35EA000004
:1058700040F0588194F848308BB9012D0AD1A369C2
:10588000A94AA3F25373934200F24A81012609E028
:105890006907E7D1122420460FB0BDE8F08F15F05C
:1058A0000106ECD1AA0745BF731CB1464FF0FF09B2
:1058B000DEB26B070AD5B31D9C4A54F82330A3F619
:1058C000C413934200F22C810136F6B204F10807AA
:1058D00004F122054FF000085FFA88F39E422BD8AE
:1058E00023789A1E022A40F21D81012BD2D813B9C7
:1058F000A378012BCED86378032BCBD894F849300A
:10590000013B062BC6D88A4F01210020FBF7C2FFBE
:105910003B7D0546002B4CD101210846FBF7BAFF21
:10592000002818BF054605F1A8000DF088F90646C5
:10593000002858D00C24AEE7994535D0D7F804A0FC
:105940003B695345A6D86A8B2B8C9A42A2D8B5F8EE
:1059500014B001204FF0060C69882A89EB89CDF834
:1059600000B00591CDE9010C0020CDE90623FFF739
:105970009DF8002800F0D480B8F1000F14D02888DA
:105980000599884286D1E988069A914282D1AA89EE
:10599000079B9A427FF47EAF6B8A5B457FF47AAFB8
:1059A0003B689A4540F0BE8008F101080437023593
:1059B00092E7A8300DF043F90028ADD06FF0004316
:1059C000D5E92A129A4208BFB1F1FF3FA4D1637A08
:1059D0002846009304F11803E26861780CF082FE17
:1059E0000646002898D028460CF0AAFD08B13A24B3
:1059F00051E728460CF09EFD0028F8D1FB7C4BB9FE
:105A00000AAF0A937B6006238DF82E303846FBF7E9
:105A10007BFF68B300210DF12600FBF7C7FE0746A8
:105A200000287BD001232246BDF82610FFF766F937
:105A3000384610F096FF1EB9617828460CF00DFE2E
:105A400004F10308A2782178284643460CF0B2FD01
:105A500000286FD112240021B7F8AA00FBF730FF0D
:105A600000283FF418AF41F288213920FBF7C6FA2D
:105A70000A9B93F8CD20802AC8D093F8E530002BFC
:105A8000C4D057E7637A8DF8286013F00102E1680B
:105A900018BFA0690B911EBF0C9001208DF8280043
:105AA0009E0744BF0132D2B258071BD59DF828008B
:105AB000063203F0050354F8222040F00400052BC1
:105AC0000D928DF828000DD10C981318994209D227
:105AD0004B08834228BF0346C91A0C93914294BFD6
:105AE0000D910D920AA92846FEF7B4FB94F84810D0
:105AF0002846003918BF01210CF059FD94F84910CF
:105B000028460CF03AFD28460CF042FE394628465D
:105B10000DF02DFA0024BEE60B249CE70D24BAE616
:105B20003024B8E61124B6E63CF67002CBF37002DE
:105B3000A811002016B92846FDF7D4FF2178434666
:105B4000A27828460CF096FD94F8099000F0B8FB76
:105B500009EA0001284601F005010CF011FD16B913
:105B6000042385F854302F654246A0780DF05CFB85
:105B7000014628460CF099FD237833B94246A178B6
:105B80003846FFF745F80028C6D1002E3FF47AAF1B
:105B9000042128460CF038FD0028BBD10C245AE71C
:105BA00010B5437994B0032B57D823F00203027940
:105BB00040F271218DF80630D0F806308DF80420BF
:105BC000CDF807304389027BADF80B3001238DF807
:105BD00005208DF80D3003884B43049342884A43D7
:105BE0000792A2F6C412847B417B41EA0421ADF8FE
:105BF0002810047CC17B41EA0421ADF82E10847C7E
:105C0000417C41EA0421ADF83410047DC17C41EAB5
:105C10000421ADF83A10417D847D41EA0421ADF8BC
:105C20004010C17D007E41EA00210E48ADF84610CB
:105C300000218DF84C108DF84E100B4990F83C0067
:105C40008A428DF84D000AD8A3F6C4138B4206D8B9
:105C500001A8FFF7FDFD14B010BD1220FBE73020B6
:105C6000F9E700BFA81100203C369C0073B506235D
:105C70000025CDE900558DF806306846FBF744FE57
:105C800008B1002610E0009D95F8CD30802BF4D0AF
:105C900095F8E560002EF0D095F83131002BECD16D
:105CA00095F8CC30002BE8D101210020FBF7F2FD64
:105CB000044620B941F2BB213920FBF79FF9A830F7
:105CC0000CF0BDFF224B1B7D73B3E0B194F8543050
:105CD000053B012B17D820460CF0B7FF054610B145
:105CE00041F2C621E8E72046FDF782FE94F85430E1
:105CF0002A46294623F00403204684F854300DF048
:105D000057F900250DE001210846FBF7C3FD0446C5
:105D100010B941F2D221CFE7A8300CF090FF60B962
:105D20000C25284602B070BD28B9002EF8D0FF23FC
:105D300085F8CC30E5E7002EF9D120460CF085FF40
:105D400005460028EDD12046FDF752FEE9E700BFE9
:105D5000A8110020F7B5067804460F46EF2E03D9A8
:105D60001226304603B0F0BD90F901204378002A96
:105D7000F6DB82789207F3D113F010001DD19D0657
:105D800003F0030216D5002AEAD11907E8D42179D5
:105D9000E278E57942EA0122617942EA0142A17999
:105DA00041EA0521257A41EA05418A42D8D81F2ACD
:105DB00012D8D5E7032AE8D1D2E713F0600FCFD18C
:105DC00003F00702052A05D003F00F010D22CA4097
:105DD000D207C5D51D07DAD5627A013A062ABFD89F
:105DE000A27A032ABCD813F0040302D1023A012A92
:105DF00003D8E27A012AB3D813B9A37C032BAFD816
:105E0000237DF8B1012BABD1237E012BA8D818B389
:105E10006378D90702D500F0A5F920B36378227D15
:105E200003F01803082B2ED1022A1CD1032130467F
:105E3000FBF730FD054660B310F091F8002834D030
:105E40000C268EE7022B8BD0A37D013B022B87D83B
:105E5000E37D0F2BD8D983E700F032FA820707D40D
:105E6000237D022B01D111267BE7A37D022BFAD0E3
:105E700000F026FA4307CBD4237D032BF3D0A37D78
:105E8000032BC5D1EFE7022AD0D0237F002BCDD042
:105E9000E9E703213046FBF7C1FC0546002843D063
:105EA000224B93F9701010F097F90021304610F052
:105EB0007AFE28BB284610F0FDFA21463870E074BF
:105EC000284610F0F8F9E37E0646002B3FF449AF70
:105ED00000287FF446AF0246E96C6846FBF72CFECB
:105EE0003246E86C01210CF069F9E96C684604223D
:105EF000FBF722FE32463146E86C0CF05FF930E7E2
:105F000040300FF0CAFD0028D4D0637813F0330F6F
:105F10007FF426AFA67D2846296A10F0E9FAFEF73D
:105F2000F1FC8642C6D08BE707261AE7A8110020AD
:105F300030B502798BB00346042A4FD84088B0F5BB
:105F4000804F4BD8264900241144ADF800408DF80D
:105F500008408A7C4D7B42F010028DF8244042EAD2
:105F60004502CD7D097F42EA850242EAC1026946C7
:105F700002F01F028DF80020BDF80020ADF80920C6
:105F80001A888DF80E00000A8DF80B20120A8DF881
:105F90000D408DF80C208DF80F008DF810405A7BC5
:105FA000D3F807008DF811205A79059002A88DF8D2
:105FB00012209A798DF81320B3F80B209B7BADF853
:105FC00018208DF81A307F238DF81B304FF0011305
:105FD000CDE90734FFF7BEFE0BB030BD1220FBE762
:105FE000A11105000278034672B1427862B142887D
:105FF0001A2A09D982881A2A06D90068034A106029
:1060000000209B889380704712207047A8110020C1
:1060100002680020014B9A61704700BFA811002060
:1060200002680020014BDA61704700BFA811002010
:106030000378A3F10A02112A9BBF024A0020122012
:1060400093737047A81100200378FF2B15D1437874
:10605000FF2B12D18378FF2B0FD1C378FF2B0CD1EC
:10606000037923F0E0021F2A07D11F2B05D05B091B
:10607000034A002082F83C3070471220704700BF6E
:10608000A8110020014B587400207047A81100206F
:10609000014B987400207047A8110020024B1B6828
:1060A00003B11847112070478C1C002008B505204B
:1060B00000F0C4F810F03FFD014B024ADA6608BD5B
:1060C000A8110020494B010008B5052000F0B6F8E2
:1060D00005F09AF9014B024ADA6608BDA8110020C2
:1060E000494B010008B50122054B1A7103F004FD6C
:1060F00004F02CFB0DF090FEBDE8084000F000BF5E
:106100002C12002010B5064C064904F108000DF0D1
:1061100016FE04F10C000449BDE810400DF00FBE5E
:106120002C120020D0000020D800002010B5094C0F
:10613000094904F108000DF002FE04F10C000749C2
:106140000DF0FDFD04F110000549BDE810400DF013
:10615000F6BD00BF2C120020E0000020E800002067
:10616000F0000020014B1879704700BF2C1200206E
:1061700010B50A4C072000F061F8094904F1080045
:106180000DF0DDFD04F10C0006490DF0D8FD04F121
:1061900010000549BDE810400DF0D1BD2C120020C3
:1061A000F8000020000100200801002038B5074C4D
:1061B0000D4600F079FEA06825600DF0B8FDFEF7F1
:1061C00037FF01F01BF80123237538BD2C12002086
:1061D000014B187D704700BF2C12002010B50C4CED
:1061E000E0680DF0A4FD20690DF0A1FDFEF7CEFEE4
:1061F000202000F037F82F2000F034F8262000F09F
:1062000031F8292000F02EF80023237510BD00BFBF
:106210002C120020004870474112002000487047AF
:1062200043130020014B83F8190270472C12002001
:10623000014B93F8190270472C120020C20807493D
:1062400000F0070001238340885C03438B5404491A
:106250000B78934238BF13460B70704778000020CC
:10626000461400200F4B012110B503EBD002C408E7
:1062700000F0070001FA00F0195D21EA000119554C
:1062800009490B78A34205D1002012F8014914B145
:1062900000B10B7010BD002BFAD0013B0120DBB226
:1062A000F3E700BF7800002046140020014BD3E93B
:1062B00000017047780000200048704780000020EF
:1062C000054B1868C0F3C022C0F30020400040EA2C
:1062D000820040F0010070477800002008B508F007
:1062E00089FE0023074A32F82310814205D302EBCE
:1062F00083029378044A137008BD01330C2BF2D14A
:106300000023F7E7D411050047140020024B18784A
:10631000072828BF07207047471400202DE9F04FB9
:10632000046898460F4685B094F86330164604F129
:10633000A80994F80FA043EAD303D90702D4BAF10D
:10634000260F5FD194F8A850002F55D1FFF7B8FF62
:106350008DF80B00002E51D1FFF7B2FF2B4B8DF8BB
:106360000C00D3F800B0BBF1000F0CD0AAF126024C
:1063700028464946534253410DF10B02009303ABAB
:10638000D847054630B99DF80B3013B19DF80C0085
:1063900028B90925BAF1260F2AD10020034694F81E
:1063A000292132B19B0700F002002DD560B30220F5
:1063B0000346FF2284F8392194F8382102F0FF05C2
:1063C000F2B99DF8382003A984F83B01484684F8C7
:1063D000382184F83A31A4F83C818DF80C708DF89E
:1063E0000D60ADF80E800DF056FD002384F83931B4
:1063F000284605B0BDE8F08F3846A9E73046ADE73E
:106400003A25F2E71A25F3E70925F1E7901C002069
:1064100010B50468B4F8AA3084F88411A4F8853162
:1064200094F82001FEF77EFA84F8870194F82101A0
:10643000FEF778FA044984F8880104F27B10BDE87D
:1064400010400EF0FBBC00BF5D3E020030B5C1F352
:106450000722CCB2164985B0C5B2C0F3072309782C
:10646000019049B9114620460DF003FD20B91946A7
:1064700028460DF0FEFCB0B12B40234002EA030099
:1064800001460CF0E4FE044608460CF0E0FE032C46
:1064900004D1BDF80630012B08BF0424E4B244EA5D
:1064A000002005B030BD05EA020003EA0401E8E778
:1064B000481400202DE9FF4704688946054694F8F2
:1064C0000EA0AAF1250359425941052A35D1E37B93
:1064D000272B37D104F10F0799F8018099F8026052
:1064E00008F0070806F0070608F1FF33721E03EAFA
:1064F0000803324013431FD130460DF064FD60B3F2
:1065000094F82031984228D094F83A21164213D0BA
:10651000BAF1250F21D094F8192116421DD1013866
:10652000013B474AC0B2DBB21044032B00790FD8BD
:106530001A441379834210D9284604B0BDE8F047C5
:106540000DF009BDBAF1250F77D104F10E07C3E7AD
:106550004FF4DD710620FAF751FD40460DF033FD92
:1065600040B194F82131834204D094F83B3118EAC9
:10657000030FE1D0B9F8039003AB204632460093F5
:1065800041464B460DF02CFD2C6878BB94F8383111
:10659000012B28D1E38804F5367294F82011B4F861
:1065A0003C010DF07EFD0646D0B901462846FFF7B6
:1065B0002FFF2B6883F838613E702B6803F10F02C0
:1065C000974201D10022DA732B6803F10F02974240
:1065D0002FD128460EF09BFE002004B0BDE8F087C6
:1065E0002C23A373E9E784F83801E6E7E388A4F8ED
:1065F000D89209F1FF39A9EB030947F6FD731FFA99
:1066000089F9994506D92823284684F8313001F0C4
:1066100095F9D9E7E37B0D2B02D00A3B012B01D87A
:106620002A23F1E7BDF80C30A4F8DA3229233B70B5
:10663000CAE7002283F84A20CEE70220CDE700BF58
:1066400004120500034B002283F85020A3F85220C7
:10665000704700BF4A140020044B93F85020012AD1
:106660001ABF036001200020704700BF4A140020B9
:10667000064B024693F8501001291BBF0120A3F8D6
:106680005220002083F85000704700BF4A140020B9
:10669000054B024693F8500028B1136011B1B3F8CE
:1066A00052300B80012070474A140020054B002215
:1066B00093F85000A3F8522010B1012083F8502025
:1066C000704700BF4A140020034B93F85000B0FA03
:1066D00080F04009704700BF4A14002050B90A4AB0
:1066E0000120134603F8010B0868C2F801008A88EC
:1066F0009A807047012805D1034B0A68D8719A60C7
:106700008A889A81704700BF9E14002050B90B4BB5
:10671000187888B1D3F80120B3F805300A60012059
:106720008B807047012806D1044BD87920B19A6834
:106730009B890A60F3E70020704700BF9E14002089
:1067400010B9044B18787047012806BF014BD8795F
:10675000002070479E140020F7B58A8800238DF82A
:106760000600ADF8042008680B4A8DF80730014692
:10677000147802F5A872019DD8B2844201D808208D
:1067800007E052F8087F01335668AE4208BF8F42D7
:10679000F2D103B0F0BD00BFB0140020084B014699
:1067A000002230B55C7803F20113D0B2844201D8E4
:1067B000082004E013F8015F01328D42F5D130BDAD
:1067C000B0140020F0B5254D89B095F8984105F238
:1067D0009911684622460AF02FFA214668460DF0C4
:1067E000BCFD0446B8B300EB400102A8C9B2FBF7F8
:1067F000A1FA631E95F8A1610124DBB295F8981106
:1068000005E0721CB2FBF1F001FB1022D6B206F1DA
:1068100020020DEB020010F8202C002AF1D103EB2E
:10682000430100F8204C06EB460220312A4469441B
:1068300011F8187C82F8A27111F8177C11F8161C57
:1068400082F8A37182F8A411013BAA19DBB282F885
:106850009941FF2BD2D109B0F0BD00BFB014002088
:1068600070B5064688B00C46002A4ED0294A92F8E8
:10687000A131D01890F8991119B9FF212820FAF701
:10688000BDFB03EB43010133114491F8A251E570C4
:1068900091F8A35191F8A41125716171002180F83C
:1068A000991192F89811B3FBF1F001FB103382F8C3
:1068B000A13192F8C23123B9174902F5DD700EF00B
:1068C000BAFA65790D220021684605F03F0545F0CA
:1068D0004005657110F0E9FEE37804AA69468DF879
:1068E0000F30304623798DF80D508DF80E3004238B
:1068F00010F012FE9DF81F3023709DF81E3063705B
:106900009DF81D30A37008B070BD03216018FBF71F
:1069100011FAD6E7B0140020C5670100044B5A787D
:10692000824286BF1B1893F84A010020704700BFBF
:10693000B0140020044B5A78824286BF1B1893F88B
:1069400042010020704700BFB0140020064B002217
:106950004FF461711A8083F8C32183F8C421A3F82E
:10696000C61183F8C2217047B0140020014B93F880
:10697000C4017047B014002010B51446FFF7ECFEB8
:10698000082813D0FFF70AFF094B5A7882420DD925
:1069900004B12070184490F83A3190F84A01012B64
:1069A00008BF40F0010000F0010010BD0120FAE72F
:1069B000B0140020014BB3F8C6017047B01400209A
:1069C0000A4B30B55C7884420ED9184490F8020125
:1069D0002B3003EBC004A5790D7053F83000106024
:1069E0000120A388938030BD0020FCE7B014002074
:1069F00070B506460D4607F0ADF906F051FA0A48A3
:106A000090F8C34164B1417861B100F18203023072
:106A10003246002D08BF184606F0EAF906F072FA71
:106A2000204670BD0C46FBE7B014002008B5064BAD
:106A3000024603EB0113012103F1820006F0D8F9AD
:106A4000BDE8084006F05EBAB014002002460748D0
:106A500010B590F8C34124B1417821B1023006F05D
:106A6000C7F9204610BD0C46FBE700BFB01400205C
:106A70002DE9F74F2F4C9A4680468946637883422A
:106A800056D9231893F8425185F00105F9B193F8CE
:106A90004A31E3B945F002070135BAF1000F18D1C8
:106AA000FA070AD5062104EB0810524601FB0841FB
:106AB000823001F58571FFF7D3FEBB0734D504EBB7
:106AC0000810524649460230FFF7CAFE2CE02F4616
:106AD000E3E794F8A1614FF0010B002DE0D0A3197A
:106AE00093F89911019399B90092DAB100F056FB2D
:106AF000019B06EB4601009A4FEA102C83F899B1EE
:106B0000214481F8A201000C81F8A3C181F8A401FD
:106B1000013694F89831013DB6FBF3F103FB1166A1
:106B2000F6B2DAE747F00407384603B0BDE8F08F65
:106B30000027F9E7B0140020F8B50646174C48B313
:106B4000617804F5A1700DF008FC94F8985107469F
:106B500004F2991029460DF000FC2D1AEDB2AF4257
:106B60001AD800256278EBB29A4201D80120F8BD0C
:106B7000E21892F842215AB90621324601FB03413C
:106B800004EB031301F5857103F18200FFF768FE42
:106B90000135E7E70546E5E70020E8E7B014002007
:106BA000F0B51B4E89B007460D46737883422CD949
:106BB000331893F8424144BB0D222146684610F039
:106BC00074FDEB7806EB071004AA8DF80F306946C8
:106BD0002B7982308DF80E306B798DF80D300423CF
:106BE00010F09AFC2A789DF81F309A420AD16A78F0
:106BF0009DF81E309A4205D1AC789DF81D30E31AFD
:106C00005C425C41204609B0F0BD0020FBE700BFBC
:106C1000B0140020074B5A78824209D91A1892F80A
:106C200042212AB9062202FB003000F58570704728
:106C300000207047B0140020064B5A78824281BF72
:106C40001B1893F83A01B0FA80F0400998BF002071
:106C5000704700BFB0140020034B80F880101B6801
:106C60000BB1408818477047941C00200B2808B5CA
:106C700004D940F229112920FAF7C0F9014B33F861
:106C8000100008BD0C120500036830B50024D3F8CD
:106C9000C80042F21075A3F84040B3F844404443A2
:106CA000B4FBF1F4A3F844404C1E05FB0242B2FBD6
:106CB000F1F2A3F84220094AB2FBF1F20132A3F843
:106CC00048209A8F05FB02445A6B5043B4FBF1F401
:106CD000B0FBF1F09C63586330BD00BF005A620204
:106CE000054B1B7833B9054B1A681B790260037199
:106CF000012070470020704778160020880000208F
:106D0000054BFF221A70054A016811600179117163
:106D100000221A70704700BF7816002088000020FB
:106D200007B5064A10681279009068468DF804206D
:106D3000FFF7E6FF03B05DF804FB00BFF88B05002A
:106D40000346084671B13F2B0BD8074AD35C03F0CA
:106D50007F02914205D08CBF0120002000EAD310B1
:106D600070470120704700BF24120500FF230B70FD
:106D700002234B7083238B70014B1B78CB707047C1
:106D80007C1600202DE9F84FD0F804800C46D8F886
:106D90001C6030460BF0DFF8054620B94FF4AA71AD
:106DA0001020FAF72BF9014630460BF0E2F8B5F85F
:106DB00000B082461FFA8BF717B94FF4AC71EFE7BA
:106DC000224B00F103091B68D3B998F8023098F8F8
:106DD00003202370637802F00F02A4F802B023F0BE
:106DE0000F03134323F0C00363709AF8003003F0DD
:106DF0000303012B0FD0022B0DD04FF4BB71CFE753
:106E00003A464946B8F80200984705460028DCD1C2
:106E10002846BDE8F88F6278304663F30512627049
:106E20000BF0B1F8054610B94FF4C071B8E7FB2F6D
:106E300002D940F28F11B3E73A464946201D09F0C6
:106E4000FBFE30460AF0F6FFE2E700BF981C002088
:106E500038B5134C10220021201D10F026FC01250E
:106E6000257404F108031022002104F11400C4E980
:106E7000013310F01AFC84F8205004F11803094A79
:106E8000C4E9053300236362A36284F82C30C4F89C
:106E90002D30C4F8313084F835301360A36338BD29
:106EA0007C160020981C002010B5084C2378FF2B7E
:106EB00004D040F299111020FAF7A0F809F028FE4A
:106EC0002070BDE81040FFF7C3BF00BF8D00002059
:106ED00010B5034C207809F035FEFF23237010BD58
:106EE0008D000020014B187809F03CBE8D00002079
:106EF000014B024A1A607047A01C0020856D0100FA
:106F0000014B024A1A607047A01C0020856D0100E9
:106F10002DE9F341DFF89481054608F11407D8F80C
:106F20000830D8F81840227A012A22D1D8F838201F
:106F300052B1137A1BB9BF211020FAF75FF8D8F8C5
:106F40003840C4B9002093E01A7A012AFAD01C46CE
:106F5000534AEFF3108172B650680068506001B96F
:106F600062B6A34208BFC8F83840237A1BB9EE21A5
:106F7000E2E73A46EDE7267AF6B205232372731E5E
:106F80000B2B7ED8DFE803F07A062336773F4E3F9F
:106F90003F3F3F6B636813B94FF40371CCE7204662
:106FA000294698470420EFF3108272B6237A052B06
:106FB000D9B24FF0000369D12372D8F83810A1423A
:106FC00001D1C8F83830002A45D162B643E0636881
:106FD00013B940F21521AFE72946204698470346EA
:106FE000ADF80400C0B2C3F30723012B3ED0022B3F
:106FF000D9D129E0636813B940F21D219CE72046EE
:1070000098470020CFE7274B1B68002BF9D032466A
:10701000606829469847A6F10A020420534253416A
:107020005B00E4E763680BB9FE2185E786222A70DE
:1070300001225988AA706A7100229869A5F8031084
:10704000AA710AF0F7FE0420D8F83830A34202D122
:107050000023C8F8383000283FF461AF08E0124B35
:10706000294620461B689847034668B9267298B19E
:1070700002B0BDE8F0814FF415715DE740F2572191
:107080005AE740F25A2157E70220DDE711B940F2F2
:107090007B2151E7184696E7002B7FF440AF51E77C
:1070A000801600209C1C0020A01C00207C160020C4
:1070B000134610B5027A22B140F202311020F9F7DE
:1070C0009DFF0A4601460248BDE810400DF090BE03
:1070D00080160020044890F82C301BB90349243056
:1070E0000DF0A3BE704700BF7C160020E14D0200EA
:1070F0000346064890F83C203AB190F8352022B972
:10710000034900F82D3B0DF090BE70477C1600201F
:107110006D6D01000A4610B5037A23B140F20A31C1
:107120001020F9F76BFF014607230248BDE8104025
:107130000DF05EBE901600201346027A0AB103726B
:1071400070470A46014601480DF052BE80160020E5
:1071500001490DF073BE00BF494E02000B8BA2F82F
:1071600009001046A2F80B304B8BA2F80D308B8B28
:10717000A2F80F30CB8B0249A2F811300DF058BEA7
:10718000A74E0200014B1878704700BFB9160020C7
:10719000014B1878704700BF8E000020094AD2E9E1
:1071A0000003434083EAB01181EA43214FEAF343ED
:1071B00011605360044B58434FEAF06000EB8000CD
:1071C000704700BFBC160020BB79379E094AD2E940
:1071D0000003434083EAB01181EA43214FEAF343BD
:1071E00011605360044B58434FEAF06000EB80009D
:1071F000704700BF90000020BB79379E10B50A4C45
:1072000008210948FAF796FDD4E900321343F7D074
:10721000064CFFF7DBFF2060FFF7D8FF23686060B4
:107220001843F6D010BD00BF90000020BC1600200F
:1072300038B5A0F10B0314460D46DBB22046432BB4
:1072400096BF0C4AFE21D15C0EF007F888B985B1D3
:107250002978342909D03F2909D0272908BF2621B8
:107260002046BDE838400DF0F8BF3221F8E73E2156
:10727000F6E738BD64120500174B184A9A60184AA1
:10728000DA62184A1A61184A5A61184A9A61184A09
:107290001A63184A5A62184ADA64184A9A64184AF1
:1072A0009A63184B184A9A60184A1A62184A5A6028
:1072B000184A1A60184A9A62184ADA62184ADA605A
:1072C000184A9A61184A1A63184A9A64184ADA6482
:1072D000184A5A62704700BFA41C0020D553020010
:1072E0005557020027570200F1560200657A010047
:1072F000A17D0100557C0100355902005B59020057
:10730000F97B0100A41D0020EB530200E5580200A8
:1073100041540200175602006B5802006B570200DE
:107320008958020051580200015A02009F59020078
:107330008B590200FB580200174B184A9A60184AF2
:107340005A60184A1A60184A9A62184ADA62184A49
:10735000DA60184A9A61184A1A63184A1A62184A77
:10736000DA64184A9A64184A5A62184B184A9A60A2
:10737000184A5A62184ADA62184A1A61184A5A6157
:10738000184A9A61184A1A63184A9A64184ADA64C1
:10739000184A9A63704700BFA41E0020D55302000C
:1073A000FB5302003D5502008B570200E7570200D5
:1073B000D97A0100F9570200A17D0100F97B010093
:1073C000355902005B590200557C0100A41F0020C2
:1073D000EB530200FB58020017580200C757020087
:1073E00037580200897B0100015A02009F590200B0
:1073F0008B590200E5580200054B064A1A65064AF9
:107400005A65064B064A1A65064A5A65704700BF18
:10741000A41C0020B15B0200875B0200A41D0020B9
:10742000715B0200435C0200044B054A5A65054B40
:10743000054A1A65054A5A65704700BFA41E002018
:10744000615C0200A41F0020715B02008B5C0200E3
:10745000054B064A9A65064ADA65064B064A9A655E
:10746000064A1A66704700BFA41C00208D41020026
:1074700043420200A41D0020AF3F020095420200DB
:10748000054B064A9A65064A1A66064B064A9A65ED
:10749000064ADA65704700BFA41E002001420200C0
:1074A000B5640100A41F0020AF3F0200FD420200AE
:1074B000F7B5044601A80F46FFF7CEF820B94FF400
:1074C000AA615120F9F79AFD50220021019810F08D
:1074D000ECF8019D3F2F2E4606F8037F43D83F2F3F
:1074E00044D8DFE817F046004C006C0075008D00B2
:1074F000740174019A00B3009E0074017401A3002A
:10750000AF00B30043004300B70074017401CC0026
:10751000CC00E300E300EA00430043007401EF0005
:10752000FC00000104010B010D010F0111011B0101
:10753000250154015601430043002D015E015C0109
:1075400046013C013E014001420148014C014A0113
:107550005001740143004E01440152016001620177
:10756000430058015A01FF2F00F0258140F2445199
:10757000A7E7214630460EF059F8C0B9BBE02668AF
:10758000D6F838326B6096F83C322B72206890F84F
:107590009F3033B90DF00BFF2368DB881844A6F841
:1075A0003E02B6F83E3208206B721B0AAB72FFF740
:1075B0005FF8002840F00D8140F2575181E72368C1
:1075C00093F8A82052BB93F82D3102202B71EEE7DF
:1075D00023681720D3F880226A60D3F88422AA6037
:1075E000B3F88822AA81D3F86022C5F80E20D3F818
:1075F0006422C5F81220D3F89030C5F81630D6E7CB
:1076000022680D20D2F8FE316B60D2F80232AB60F6
:107610002368D3F89430EB60C9E7236893F8A0306F
:10762000D3E73146204600F081FBA6E71123062070
:107630002B7159236B710023AB713923EB7130230C
:107640002B72B4E7236893F89A30BEE7304600F017
:107650005BFB92E7236893F8A82052B993F8A02027
:107660003AB193F89D202A7193F89C3003206B71F6
:107670009DE793F89B202A7193F89A30F6E72368E8
:107680000920B3F80C212A71120A6A71B3F8A220FA
:10769000AA71120AEA71B3F808212A72120A6A72F0
:1076A000B3F8A030AB721B0AEB7280E7236893F843
:1076B0003A212A7193F83B31D8E7214630460CF045
:1076C00028FD5AE723681121B3F8AA00FAF7E2F877
:1076D00000F15B0130460DF0D6FA232067E7304613
:1076E0000FF075FA49E730460FF07AFA45E73A4B62
:1076F0001B68002B5BD140F24951E2E6374BF7E7BC
:10770000374BF5E7374BF3E7374B1B68002BF2D0CD
:107710002320224631469847042048E7324B1B6815
:10772000002BE8D0224631462420984705203EE72A
:107730002D4B1B68002BDED0224631462520F4E776
:1077400023681121B3F8AA00FAF7A4F800F17D022A
:1077500000F15B0130460DF0A2FA2B2027E7234B06
:10776000C6E7234BC4E7234BC2E7234BC0E7234BB9
:10777000BEE7234BBCE7234BBAE7234BB8E7234BC9
:10778000B6E7234BB4E7234BB2E7234BB0E7234BD9
:10779000AEE7234BACE7234BAAE7234BA8E7234BE9
:1077A000A6E7234BA4E7234BA2E7234BA0E7214600
:1077B00030469847E1E62368304693F8CF22D3F865
:1077C000D0120DF02DFA236893F8CF02D5E60120F0
:1077D000EDE603B0F0BD00BFA4200020AC200020E7
:1077E000A8200020B0200020B4200020B8200020D5
:1077F000BC200020C0200020C4200020D820002071
:10780000E0200020C8200020DC200020E420002010
:10781000CC200020D0200020D4200020F020002008
:10782000F4200020F8200020FC200020E820002088
:10783000EC20002000210020042100203F289ABFD6
:10784000024B53F820000020704700BFA41C00200A
:107850003F289ABF024B53F820000020704700BF1A
:10786000A41E00203F289ABF024B53F8200000209E
:10787000704700BFA41D00203F289ABF024B53F859
:1078800020000020704700BFA41F002030F8023CF9
:10789000F7B504460E46B0F8825073B1012268462F
:1078A000ADF801508DF80020ADF80330FDF708FD6C
:1078B00018B195216320F9F7A1FB1C4B1B6813B18C
:1078C000A4F1280098471A4B1B680BB1284698472B
:1078D000184B1B680BB12846984783230027A6F84E
:1078E00003503370B770637AD4F89C0073710AF058
:1078F000ABFA08B9BA21DDE739462846F9F7E0FFC7
:1079000002212846F9F7DCFF18B90B4B1B6803B1BD
:1079100098474FF40173002003F004021B0A62F33E
:10792000070063F30F2003B0F0BD00BF0821002063
:107930000C2100201421002010210020F7B505683B
:1079400004464FF6FF77D5F8C0600DF102010DF146
:1079500001023046ADF802700AF025FA01A930465E
:107960000AF043FA48B101980AF00BFB2168A831EC
:1079700000220272FFF7CEFBE7E7044905F1280079
:1079800003B0BDE8F0400DF053BA00BF8D780100A0
:10799000F0B5044685B00D46FF2600F8E96C10F8F6
:1079A000EA3CF3B1174F3B781BB162211F20F9F776
:1079B00025FB0C21381DFAF7BDF93E70002304F8B1
:1079C000E93C8A232A4602F8033BD4F80930C5F87B
:1079D0000330D4F80D305360D4F81130936005B003
:1079E000F0BD01A80C21FAF7A5F9A4F51773039AC5
:1079F0001A6001AB03CB44F8F20C44F8EE1C04F817
:107A0000EA6CDBE7C416002010B5054C23782BB9CF
:107A10000C21201DFAF78EF9FF23237010BD00BF43
:107A2000C4160020024690F80632BBB990F807321F
:107A300003F0FF010BB100207047094B18780028B4
:107A4000F9D01970D9680433C2F8941003CBC2F886
:107A5000FE01C2F80212FF2382F8063201207047AD
:107A6000C4160020036810B59A7B04461F2A2CD147
:107A7000002283F8512083F84A2083F88A22036881
:107A800093F85210B3F8AA0081B1C3F8C921104984
:107A9000A3F8CA0103F5E07083F85220A3F8CD21C2
:107AA0000DF0C3F923680020987310BD0122A3F8DC
:107AB000B90183F8B81103F2AF1083F8BF11A3F82E
:107AC000BC1183F8BB210349EAE70220EDE700BFC0
:107AD000D9560200C1560200026870B5D37B044635
:107AE0000D463BB1132B05D0113B0F2B8CBF012052
:107AF000082070BDD2F8A430002B3BD192F8523050
:107B000013B920460DF0F1FBD5F80B302268C2F80E
:107B1000F631D5F80F30C2F8FA312368D5F81320C2
:107B2000C3F89020B3F8AA20A3F8F922D5F80120D1
:107B3000C3F8FB22D5F80520C3F8FF222368B5F867
:107B400009200025A3F80323236883F8BE5183F896
:107B5000065220680B4900F53C700DF066F9266866
:107B600020460BF070FA162286F86A002846236831
:107B7000DA73BEE720460C220321BDE870400DF009
:107B8000DABB00BF91790100036810B5DA7B0446C7
:107B9000202A04D040F29D211F20F9F72FFA00215E
:107BA00093F85220B3F8AA0083F8511082B1C3F8B9
:107BB000C91183F85210A3F8CD11A3F8CA0103F537
:107BC000E0700B490DF031F923680022DA7310BD23
:107BD0000121A3F8B90183F8B82103F2AF1083F8AB
:107BE000BB1183F8BF210349A3F8BC21EAE700BF1A
:107BF000D9560200C156020038B5046894F8A8505E
:107C00001DB9E37B23B101201AE02368DB07FAD416
:107C1000D1F801200D4BD1F8051013400C4AC4F8DF
:107C20006230C3F307630A4043F00803C4F86620D8
:107C300084F865300DF059FB1DB90423E37300206F
:107C400038BD236843F001032360F8E72FC904F728
:107C50006FDB008038B503689A7B042A34D1D1F8F1
:107C600001204C1CD1F80550C3F86220C2F3076212
:107C7000C3F8665042F0080283F86520002283F8BA
:107C80004A209A73026892F8A8200AB983F83F2123
:107C900093F84021B2B993F8912102F0FF008AB91C
:107CA000B3F8AA2083F8920103F28910A3F8932174
:107CB000D1F801200549C3F895216268C3F89921DC
:107CC0000DF0B3F8002038BD0120FCE7BB580200DE
:107CD000036893F8402112B1094B1B68184793F8C9
:107CE00091215AB9B3F8AA2003F289100549A3F8E3
:107CF00093211A2283F892210DF097B8704700BFA4
:107D000018210020BB58020010B50446FEF7CEFA39
:107D1000044A054B024009200B40C4F80120C4F876
:107D2000053010BD2FC904F76FDB008037B50C4656
:107D30000568FEF7BBFA0A4B0A4A03400A4095F869
:107D4000621000930B4001928DF800306B4603CB1C
:107D5000C4F801000920C4F8051003B030BD00BF0D
:107D60002FC904F76FDB008038B5DB04154604D556
:107D7000037D13B10023436338BD446B0134446376
:107D80000DF01DFE836B9C42F6D300230349436331
:107D90002846BDE838400DF051B800BF295902000F
:107DA00070B504680546A37B94F8A860012B07D042
:107DB0001EB9E37B23B1012038E023689807FAD489
:107DC00094F853309A0713D44A78D80784F85D2082
:107DD0004A88A4F85E208A88A4F8602043F0020252
:107DE00084F853200FD5164904F154000DF026F8FD
:107DF00094F85330D90710D4CEB9E37B43B1532163
:107E00004020F9F7FBF894F83E31002BEBD1EFE777
:107E10000123E37328460DF068FAA37B0020012BB1
:107E20004FF0000304BFA37384F84A3070BD236889
:107E30009A0701D55821E3E743F002032360E9E7FD
:107E4000DF59020070B50568044604F087FF054B52
:107E50000146E8721B681BB12046BDE87040184718
:107E600070BD00BF20210020024B1B6803B11847E2
:107E7000704700BF1C210020F0B51F4D00242B7857
:107E800014709BB1013B6D68DBB21E1B012E0FDC31
:107E900005EBC40655F8347076688E4208BF8742F9
:107EA00027D0B84271EB060612D214700020F0BD44
:107EB0001E197710C6F3470655F837C005EBC70EF5
:107EC0008445DEF804708F412CBF33463446DCE72E
:107ED00005EBC30455F8335064688C4208BF8542F3
:107EE00006D0A84271EB040428BF01331370DDE70C
:107EF0001C4601201470DAE7E416002010F0070297
:107F000008B503D063214820F9F778F818B1034B7E
:107F1000197258601A70C80008BD00BFE41600202E
:107F2000014B00221A707047E4160020014B00221A
:107F30001A607047F416002008B5044B186810B991
:107F4000FFF7F4FF08BD0C20FCE700BFF41600208B
:107F5000024B1879003818BF01207047F416002032
:107F600013B5CDE90012054BFF225A7100F1100341
:107F7000DDE9000183E8030002B010BDF416002023
:107F8000C3693BB983692BB9034B1B681B1A584261
:107F90005841704701207047F416002030B50D4A53
:107FA000FF231371D0E9065373B1D0E902149D6128
:107FB0000C44D9682144D960816939B1CB6100236F
:107FC000C0E90633137130BD1560F5E7002BF6D01C
:107FD000D960F4E7F416002010B5124AFF2313719C
:107FE000C16189B91368836103B1D861106000234E
:107FF000C169C36099B1CB687BB18468A3420AD2DE
:1080000030213720F8F7FAFF8B6988618361002BF4
:10801000EDD0D861EBE71B1BC3600023CB600023CE
:10802000137110BDF4160020014B1868704700BF93
:10803000F4160020034B00201B6803B97047184654
:108040009B69FAE7F41600200B4B002230B51B6841
:1080500004464FF0FF35104623B911B9002808BF78
:10806000104630BDDA68A24203D3AA423CBF15468F
:1080700018461A469B69EFE7F416002070B50F4CBE
:10808000FF232371036A1BB181689D68A94203D253
:10809000E5213720F8F7B2FFC2698669DA619E618F
:1080A00052B193619A691AB1D361C26811444A1BF3
:1080B000DA600023237170BD2360F3E7F41600201B
:1080C000F8B54FF0000C0446284E084686F805C067
:1080D000002135680B4685B97579002DF6D15BB165
:1080E000984225D3013CB0FBF3F11C4403FB01F59E
:1080F000B4FBF3F48C420ED9F8BD2F690BB19F424B
:1081000007D23B4627B94FF4A3713720F8F776FF23
:10811000A98AAD69DFE7B5FBF3F603FB165626B96E
:10812000B5FBF2F602FB1656DEB10139ED1AE1E7B6
:10813000451E1D44B3FBF4F4B5FBF0F5AC42DBD3B4
:10814000B3FBF5F605FB16374FB9B6FBF2F702FBAA
:10815000176727B9B6FBF1F701FB17671FB10135A8
:10816000ECE72846C8E73046C6E700BFF416002013
:10817000FF23084A0B700D234B7082238B7013680A
:10818000C1F803305368C1F807309368C1F80B3069
:10819000704700BFFA1600201622002101480FF098
:1081A00084BA00BFFA160020F8B51C4D04466B7D5A
:1081B0009BB390F8A83023BBD0E978760DF09FFCF4
:1081C00094F82021164B523053F822304FF47A7233
:1081D00003F2E733B3FBF2F3DB19B4F8AA2046F15C
:1081E00000061B182A8046F100066B60AE60E3882B
:1081F00005F10C0002220B496B80BDE8F840FEF748
:108200009BBF4B0609D5B0F8AA302B80D0F880323E
:108210006B60D0F88432AB60E9E7F8BDFA16002055
:108220005014050071810100094B53F8203003F50B
:10823000224370B5B13316464FF47A720C46B3FB45
:10824000F2F5344405F08EFE2C44204470BD00BF8E
:108250003C1405002DE9F04F98468BB000230446EE
:108260000F460392069390F821B10BF0F5FD0546F9
:1082700094F82B01FEF7FAFC05440DF040FCE37B7B
:1082800000F14806ADB2472B47D00D2B45D094F8EE
:108290000E90A9F14701D1F1000949EB0109039BB7
:1082A000002B40F08580637B032B40F08180B9F187
:1082B000000F6AD0B4F8D832BB4266D1D4F820326D
:1082C0002046B4F8F421C4F81032D4F8C830C4F809
:1082D0001432B4F892321344C4F8183203F020F880
:1082E00094F829A1BAF1000F09D0D4F8E02241F6A0
:1082F0004B539A428CBF4FF0000A4FF0010A94F89A
:10830000EC326BB9D4F8C820D4F8E0329A4221D0CC
:10831000B4F8AA000EF07AFC1CE04FF00109BEE7A9
:10832000B4F8AA000EF06FFC20B940F24271302080
:10833000F8F764FEB4F8E8324FF0000AA4F8DE3033
:10834000B4F8EA328381B4F8D832A0F80EA04381A1
:10835000013B038294F82A31002B53D1BAF1000F6C
:1083600053D1D4F8DC3284F82AA1C4F8D830B4F858
:10837000DA32A4F8DC30D4F8E032C4F8C830D4F8EB
:10838000E432C4F8D03002236373A17B29294BD097
:10839000A1F12C0251425141E27B292A00D039B18E
:1083A000B4F8D832FB1A1B0402D4204602F074F948
:1083B000B4F890A204F51873B4F806C0A7EB0A0A43
:1083C0000293A7EB0C0C94F821010FFA8AFA0FFA2A
:1083D0008CFCBAF1000FBBBFD4E99E23E2464346B2
:1083E000C4E9A223B8BF0023627BBCBF84F8333248
:1083F0000123032A00F2B381DFE812F018002801FC
:108400006E004C01BAF1000F07D04FF04D13C4F8C5
:10841000E0300023A4F8E430A3E74FF09613A4F86B
:10842000E4A0C4F8E0309CE70121B5E7014694F8E8
:10843000ED010CF043F88246D4F8D80029465044A8
:1084400006F08CFD2946C4F81C02D4F8C80006F0DA
:1084500085FD07A9C4F8200208A805F0DBFC079BEE
:108460000093DDE90823D4E9A2010EF0CCFC054617
:1084700004F1A8000DF039FCD4F8943294F82101ED
:10848000D4F8D8B0069305F075FD069B00F52240A0
:10849000D4F81C124FF47A72203BB1305B445B1A63
:1084A00030319B1BB0FBF2F0534432465B1B1B1A6E
:1084B00094F821010693B4F8DC3003EB4101FFF797
:1084C000B3FED4F89422069BC4F824029B1AB92B5D
:1084D0005CD840F2C7412AE7D4F8D8302946D4F80E
:1084E0001402184406F03AFD2946C4F81C02D4F8D8
:1084F000C80006F033FDC4F8200204F1A8000DF016
:10850000F4FBD4F8D830D4F814521D44B4F8F43144
:10851000002B40F09780B8F1000F00F0938094F8A2
:10852000210105F027FDD4F81C12D4F8803200F5A3
:1085300022406D1A94F82121B130203D1D44A54BF5
:1085400053F822204FF47A7302F2E732D4E99EAB5B
:10855000B2FBF3F2A5EB0A05B0FBF3F01544AD1B3B
:108560002D1AD4F81032D4F8182294F8210102FB05
:108570000311B4F8DC3032460695303103EB41018B
:10858000FFF752FE0123C4F824026373D4F8C850E5
:1085900004F1E800D4F82032723D0699ED1AD4F8BF
:1085A0002432AD1B9D4228BF1D46002384F8603253
:1085B000C4F8F051D4E9A2325B1842F10002C4E9D8
:1085C0009C320CF0BAFC04232844A4F8907284F87E
:1085D0006932C4F86402D4E99C23C4E9A22302F0FE
:1085E00071F920B1D4F864321E33C4F86432B4F89F
:1085F000E031DB1B18B20028D4BF002301235B004D
:1086000084F86832B9F1000F40F0AC80B8F1000F87
:1086100040F0AB80637B002B00F0C380D4F8C8101F
:1086200004F51870D4F82032C91A0BF0CDFE80B2D0
:10863000002800F0B680149B03B1188001200BB015
:10864000BDE8F08FD4F81C126D1A8AE7D4F8202206
:10865000D4F8C830D4F818129B1AD4F810520AFB78
:1086600003F30693B4F8F4319C44D4F81C32ACEB19
:10867000010C30330CF1FF3C05FB0133B4F8DC1086
:1086800002FB0C33324601EB4301FFF7CDFDC4F88A
:1086900024027BE7D4F8C82002FB0AF20692B8F164
:1086A000000F1CD0B4F8F411C9B984F83312D4F80F
:1086B000201201FB1A2EB4F8F4A10291CDF818E0B3
:1086C0006BB3BAF1000F2AD1D4E9A051D4E99E23AB
:1086D000AA4273EB010108D340F20E5127E694F849
:1086E000331200297FF452AFE1E73A4B203D53F8B3
:1086F0002B104FF47A7BD4E99E23CDE9042301F2B9
:10870000E73301F52241049AB131AD1AB3FBFBF313
:10871000B1FBFBF11D446D1AAD1B75440695029B20
:10872000E244324603FB0AFA0AF1300A4FEA4A0AE7
:108730005146FFF779FD41F64B53C4F82402D4F8B3
:10874000C80098423FF622AF06AB3246514600932E
:1087500004F509730BF0CEFE84F8330216E740F2FD
:108760002651E4E5B8F1000F1BD0B4F8081239B374
:10877000B4F80A2294F80C32551CA4F80A2202FB21
:10878000033399420DDD00280BDD0023A4F80A52C3
:1087900084F86832FEF702FD00F00700013084F82B
:1087A0000C02394608A808940AF052FC04F5187126
:1087B00004F50E7007F0BAFB20B940F27651B6E529
:1087C0000A46D7E7039B83F0010384F83032002088
:1087D00035E700BF3C140500F0B5044685B018B974
:1087E000A5213020F8F70AFC052900F2D780DFE840
:1087F00001F003D03530D5CB90F83032C288FBB1D0
:10880000B0F82E32934208BFB0F8E4319A1AA0F8BB
:10881000E621E3802046D4E99C23C4E99E2301F0AD
:10882000A3FF94F84C30002B00F0AC805C4B1B682D
:10883000002B00F0A780204605B0BDE8F0401847A7
:10884000B0F82C329B1AA0F8E631B0F82C329BB26B
:10885000DFE705B0BDE8F04005F0E8BA0EF0CBFA6E
:10886000D4E99E23801A61EB0301012871F1000312
:1088700002DA40F20161B4E76FF0010383424FF086
:1088800000038B4102DA40F20261AAE7D4F8C83053
:108890000BB1B0FBF3F3E07BB4F82E2247280ED0E7
:1088A000A17B463901290AD90D2808D0E1880B445B
:1088B0009BB2D11A0D0443D501339BB242E0013281
:1088C000A4F82E22B4F8923203AEE5880133354F76
:1088D000A4F89232B4F842301D44B4F84030013D5F
:1088E000ED1AADB23B685BB1B4F82E1200222046FF
:1088F000013989B29847B4F82E321844A4F82E02F0
:10890000B4F82E126B1A18042CD4002320460096BB
:108910001A46FFF79FFC012834D1B4F82E22B4F890
:10892000E011BDF80C301344521A12049BB204D566
:10893000EA1A12F4004F18BF0B46A4F82E32D1E702
:10894000013293B2A4F82E3294F83132002BB9D10F
:10895000B4F8E431B4F82E22934204BF0133A4F8F2
:108960002E32AFE7A37C30460394002B14BF0823BC
:108970003E2384F83130FEF7E1FF20460DF08BFFF7
:108980000023637305B0F0BD05B0BDE8F04009F009
:10899000E6BC437B042BF3D0C62122E7CB2120E7A2
:1089A000242100202C2100202DE9F8430E46044606
:1089B00018B9D3213020F8F721FB052900F2A78050
:1089C000DFE801F00376413DA52E0EF0C0FAC4E9C0
:1089D0005001204601F05AFAD4F83401A4380EF0C0
:1089E0000CFA20460DF071FD054600BB01462046FD
:1089F0000DF038FC00F1AE06D4F83401B04209D2D3
:108A0000301A0321192838BF19200EF072FA60B10C
:108A10000EF0F5F9C4F8346120460DF098FD45B12B
:108A20002046BDE8F8430DF093BD0125F2E700258F
:108A3000F2E7D4E95023C4E94A23BDE8F883BDE84E
:108A4000F84305F0F3B90DF033FC04238146884662
:108A500084F839310EF0CFF907220F46A9FB023115
:108A600002FB0811D4E94A525B1941EB0205D4F824
:108A700010213AB159EA080204D0984277EB050276
:108A800028BF012684F83861D4E95226121A66EB11
:108A9000070694F8581139B9012A76F100010BDA6A
:108AA000204601F0FBF903E0012A76F10006F7DB2E
:108AB000002384F85031C0E7984277EB05010FD2CC
:108AC00059EA08080CD01B1A65EB07019A4276EBAD
:108AD000010005DB012B71F10000A4BF1A460E4610
:108AE0000C49012304F1E800914284F851314FF020
:108AF000000384F83031B341B8BF0A4604F59871D9
:108B000007F08CFA002898D140F2B26152E7EF21C9
:108B100050E700BF0040420F2DE9F84304460E46DF
:108B2000154690F8503103F0FF07002B40F0948079
:108B300000F1E8083946782240460EF0B6FD22469C
:108B4000464940460EF081FAC4F81061FF2384F8CC
:108B5000503166B1FEF73AFB00F00700324640495B
:108B6000013086F80C0206F50E700EF06EFA40F237
:108B700002434FF00009A4F8383184F8309106F030
:108B800043FA00F1490620460DF09FFC0146B6B2BB
:108B9000C0B30BF061F900F12801284689B206F054
:108BA000DDF92844AE3DC4F834010EF024F9301844
:108BB000A4F8269041F10001C4E95001012084F895
:108BC00014010DF05CFD2D1AC4F818514FF0FF355B
:108BD0006FF000414046D4E95023C4E952510025CA
:108BE00004F59871C4E94823C4E94A2384F8515133
:108BF00042F2107207F012FA38BB40F2B91130207D
:108C0000F8F7FCF92046DFF85C900DF02BFBAE3056
:108C1000C4F83401B9F8000048B1E08C38B1FEF76F
:108C2000D5FAB9F80030B0FBF3F202FB13000644AA
:108C30000EF0E1F8361841F10001C4E95061002D51
:108C4000C4D0AD1941F10001C4E7294620460DF01A
:108C500081FC3846BDE8F8830C27FAE7A9890100B2
:108C6000D987010010170020F0B5002385B0CDE9A9
:108C7000003303238DF806306846F8F745FE88B1C7
:108C80000123114EB3700023CDE9023302238DF886
:108C90000E3002A8F8F738FE044638B10023B3704E
:108CA00005B0F0BD00980DF076F8E5E7029D6B7B0E
:108CB000002BEED005F50E7738460EF0C1F8384699
:108CC0000EF0CAF86C73E4E710170020044B002282
:108CD000DA709A7042F210721A80FFF7C5BF00BFB7
:108CE00010170020014BD870704700BF10170020EC
:108CF00008B504F0EFFC044B5A6882422ABF98780A
:108D0000002080F0010008BD10170020F0B50446D7
:108D100085B090F84C3003F0FF05002B68D1437B01
:108D2000032B65D10EF067F8D4E99E23801A61EB1E
:108D30000301012871F100035ADB6FF00103834244
:108D400075EB010104DA40F2AA513020F8F756F928
:108D5000D4F8C820E3880AB1B0FBF2F2013313441F
:108D60009BB2A4F82C32B4F8E431B4F82C229B1A4C
:108D70001BB2002B3CDD04F50E700EF061F80028EC
:108D800036D0FF2384F83132B4F842300DF10E07AB
:108D9000E588184E1D44B4F84030013DED1AADB2DF
:108DA000336863B1B4F82C1200222046013989B22D
:108DB0009847B4F82C32184480B2A4F82C02B4F8C6
:108DC0002C32EB1A1B0413D4B4F82C12002301220A
:108DD000204689B20097FFF73DFA012808D1B4F880
:108DE0002C32BDF80E2013449BB2A4F82C32D7E7E6
:108DF00005B0F0BD2C2100202DE9F74304460629DB
:108E000000F2A980DFE801F004251422282DA1003A
:108E1000524B9B7803F0FF0253B900920123B0F844
:108E2000E411FFF717FA28B140F2CE61302031E0AB
:108E30000423637304F056FE07F064F80023E2880D
:108E4000A4F89232A4F82E2284F8313203B0BDE89F
:108E5000F08303234373F9E70DF01EFFC4E9A0017B
:108E6000F4E73F4B00F1A8081B681BB14246D0E96C
:108E7000A00198471321B4F8AA00F8F70BFD0028C9
:108E800061D094F82131022B5BD005D8012B08D09A
:108E9000DC21B420F8F7B2F8033B012BF8D81E30E0
:108EA00000E00A30858894F82101DFF8B090C31EF5
:108EB000012B8CBF002728270CF000FF6430D4F86A
:108EC0002022373FA842FFB234BF2B1A0023D4F828
:108ED000C85099188D428ABFAD1A0025ED1A99F82D
:108EE000033023B9D4F8E8309D4228BF1D46D4F89A
:108EF000F06104F1E8000CF020F8064402200DF0C7
:108F0000CEFF0221AD1B25EAE575854228BF054647
:108F100028460DF0EEFF10B12E440DF070FF012336
:108F20003A46314640460CF014F9D4F8F031C9F80D
:108F30000400D4F8C800184403B0BDE8F0430DF0B5
:108F40005CBF1430AEE79625ADE7A83003B0BDE8AE
:108F5000F0430CF0CABE40F29C7167E71017002086
:108F600028210020014B1880704700BF10170020F7
:108F7000044B1A78012AD0B203D01878831E5842C5
:108F800058417047181700200C4B4FF47A7253F871
:108F90002130023903F2E733C9B2B3FBF2F30229FD
:108FA00000F1FF3210B54FEAC21296BF044CF02117
:108FB00034F81110134400FB013010BD50140500AB
:108FC000A8120500D928F0B5054628BFD925BDF857
:108FD00014600446303501F5A57006F00207ADB205
:108FE000FF2D28BFFF2516F0010621D10FBB002B56
:108FF00000F0C580911EC9B2022996BF7B4D40F694
:10900000480135F811100844D92C7FD9D93C951E58
:10901000F721A4B2EDB2002B00F0CF80F634022D80
:10902000B4FBF1F400F2C680714B33F815306BE0FD
:10903000EFB1911EC9B2022997BF6E4D4FF4147162
:1090400005EB4101C9880144D01E012837D801F63B
:1090500014409830002E3BD0023AD2B2022A97BF79
:10906000644BC02303EB42035B8A18444EE053B1C8
:10907000911EC9B2022997BF5E4D40F6480105EB2B
:1090800041018989DFE7032A05D1691D89B2890178
:1090900001F5C871D7E7042A05D1691D89B2090114
:1090A00001F5BF71CFE7022A0BBF05F10B0105F1F6
:1090B0000A0189B289B20CBF8900C900C3E7022A3C
:1090C00001F19C0114BF4FF4B070B4200844C0E714
:1090D000EBB1911EC9B2022996BF474D40F6480137
:1090E00035F81110D92C084410D9D93C951EF72118
:1090F000A4B2EDB24BB3F634022DB4FBF1F459D85F
:109100003C4B03EB45031B8B03FB0400F0BDF12C30
:10911000214628BFF121032A05D1133189B28901E3
:1091200001F5C871DEE7042A05D1133189B20901BE
:1091300001F5BF71D6E7022A0BBF1931183189B288
:1091400089B20CBF8900C900CCE7B4FBF1F3022D52
:10915000DBB239D8294931F8151001FB0300C3EB04
:109160004311C3EBC103E41AA3B2002BCED00833E2
:10917000032A9BB22BD19B0103F21A4375E7032A02
:1091800006D10535ADB2AD0105F5C87528443BE7FC
:10919000042A05D10535ADB22D0105F5BF75F5E7FA
:1091A000022A0BBF0B350A35ADB2ADB20CBFAD0014
:1091B000ED00EBE740F69213A6E7B4FBF1F3022DC6
:1091C000DBB201D80E49C6E740F69211C5E7042A82
:1091D00003D11B0103F5467347E7022A0BBF9B002F
:1091E000DB0003F5BB7303F5CD733EE7B412050056
:1091F000C0120500A8120500B4120500C012050037
:10920000C0120500294B5A6A10B5D2F80F30C0F8C9
:10921000CC30537D117D1B0443EA0123D17C0B43E9
:109220006FF45061C0F8D430B2F8193059180629DB
:109230008DBF40F2E241A3F550634FF47A714B4386
:109240008EBF00214B430121C0F8C83080F82A119D
:10925000937DF9B103EB830303EB83039B00A0F839
:10926000DC30B2F81730F1B164214B43C0F8D8308C
:10927000B2F81B30A0F8D030B2F81D30A0F8D230D0
:1092800092F8243003F01F025B0980F8232080F855
:109290002B3110BDC3EB431403EB840303EB8303B7
:1092A0005B009BB2DBE740F2E241DEE718170020EB
:1092B0000346074A506AD3F86920C0F80320B3F880
:1092C0006D20A0F8072093F868100BF0C7BA00BF14
:1092D00018170020D0F8803073B50BB101221A6046
:1092E0004388DB0727D50023144E056ACDE90033F8
:1092F00002238DF80630FF2333776846F8F704FB26
:10930000C8B9009CA542F8D005F1B40395F8B32084
:1093100004F1B40194F8B3000BF001F80028ECD08C
:1093200094F8AC30B4F8B1203377D4F8AD30C6F847
:109330001D30034B9A8002B070BD00BF181700208B
:109340003517002038B5084D044600F169010623A1
:10935000686A00220BF064FB94F86810686ABDE844
:1093600038400BF07BBA00BF1817002070B50446D8
:109370000E461346407F6588324615F0040118BF3B
:1093800004F17701FDF774FB4107054621D4C207BC
:109390000BD50123607F84F86830FDF73BFC036840
:1093A000C4F869308388A4F86D30AB0701D401207C
:1093B00070BD094B0121586AD4F8773084F87610D3
:1093C000C0F80930B4F87B30A0F80D300BF04FFA3C
:1093D000EDE70020ECE700BF1817002010B50446A9
:1093E000084694F8D8306BBB2378082904F1DB02D7
:1093F00084F8D93016D004F1DA01FDF7E1FA20B98A
:109400004FF477612D20F7F7F9FD94F8DA3043F047
:10941000020384F8DA3004F1D0000B49BDE81040B3
:109420000BF003BD094B586A034613F8031BC1F345
:10943000801184F8DA10D0F80310C4F8DB109B8890
:109440009380E8E710BD00BF815F0200181700207D
:1094500070B504460E461546FCF7EAFE98B9237827
:10946000A4F8C16084F8C030637C84F8BF500BB1AD
:1094700094F8483004F1B60084F8C3300249BDE8DE
:1094800070400BF0D2BC70BD5D61020038B5B0F821
:10949000483004461A4D0133C3F30E03A0F8483098
:1094A0002B7B2BB104F056FC03F0FAFC00232B734A
:1094B00000232B7094F889302BB101212046BDE8A0
:1094C00038400CF0CABC637CBBB1B4F848209A4267
:1094D00013D3012120460CF0C0FC63882046DB0733
:1094E00047BF236A432243224FF6FF7148BFB3F8B8
:1094F000AA10BDE83840FFF7ABBF0021DEE700BF90
:109500001817002010B5FFF733FD064C28B1237B58
:109510001BB104F01FFC03F0C3FCA06ABDE81040BF
:10952000FFF7B4BF181700202DE9F0410746FFF7F9
:109530001FFD054620B940F682412D20F7F75EFD5C
:10954000214CA26A166A0EB196F829611FB3616AAE
:1095500002F1690392F8682011F8097BF8090AF012
:10956000DEFEC0B13146606A0BF0A9F998B1A56A78
:10957000FFF7FEFC10B940F65C41DEE72378284691
:10958000E26A07F00F0103F180435269013B52F890
:10959000233098470546237B1BB104F0DBFB03F027
:1095A0007FFC7DB1A06A0CF011FC30B104F03EFAF2
:1095B000E36ABDE8F0419B681847A06ABDE8F04146
:1095C000FFF764BFBDE8F081181700200346074A83
:1095D000906A03B909B9FFF759BF1378D26A03F14A
:1095E00080431269033B52F82330184718170020B4
:1095F00003292DE9F043054685B0174607D1438876
:10960000980723D40024204605B0BDE8F0834288A3
:1096100090F88830D107DBB2F4D5002BF2D14FF0AF
:109620000108DFF8D49099F80C60C6B10AF0ACFEDE
:109630000828387016D002AA0DF10701FDF7C0F90D
:1096400038B940F6F7612D20F7F7D8FC4FF0020843
:10965000E7E702A99DF807000CF006FA06463B78FA
:10966000082B08D1D9F8241011F8030BC0F380108F
:109670000CF0FAF90646D9F8241005F1700395F8B4
:109680006F2011F8030BC0F380100AF048FED9F8E0
:109690002410044611F8030BC0F380100AF06AFE90
:1096A0008146FDF7C9FA40B1B9F1080F1BD0484611
:1096B000FDF734F980F00103D8B23A78082A14D0C3
:1096C0001CB96C7FA21A544254416A8853079AD439
:1096D000002897D176B9EC7C444518BF002C0CBF0C
:1096E000012400248FE70020E7E780F001022240F8
:1096F000D4B2EAE7344686E7181700202DE9FF4187
:1097000008230DF10702052104468DF80730FFF705
:109710006FFF054620B90025284604B0BDE8F0815A
:10972000FBF7A0FA06460028F5D1344F0DF10808E2
:10973000216A7A6A91F817C0104610F8033BC3F308
:10974000401303EA0C03CB75D2F80330C1F8AD30F7
:109750008388A1F8B1301146D4F820C011F81F3B1E
:10976000C3F380138CF8AC30D2F81F000B79029051
:1097700060468DF80C30FFF745FD434694F9122002
:109780000121206A0CF060FC216A84F89560204673
:10979000B1F8AA309DF80720A4F89630FF2384F88A
:1097A000B3304FF6FF73A4F8B4300CF078FC1449D2
:1097B00004F18C000BF039FBFCF73AFD60B9236A29
:1097C00004F1C4000F49B3F8AA20A4F8CD20DB7D32
:1097D00084F8CF300BF029FB236A00222046B3F82F
:1097E000AA10FFF735FE084B00221B683A70002BC9
:1097F00092D02146206A98478EE700BF18170020B4
:10980000EB5F02006B5F020034210020032973B577
:10981000044604D005292BD0012002B070BD0823D6
:109820000DF107028DF80730FFF7E2FE0028F3D0B4
:10983000237C23B19DF807102046FFF7CFFD114D83
:109840000622042620466B6A5A701E70FFF730FD10
:10985000A16D94F85C20686A0BF022F8686A2E709B
:1098600004F0F0F90021686A0DF02DFA0020D4E729
:10987000054B1B68002BF9D0984780F00100C0B25F
:10988000CBE700BF1817002030210020F8B50446B0
:109890000F4619B300F1300528460CF0CDFEA0B9F3
:1098A00063881A072ED528460CF0DBFE06462846AC
:1098B0000CF0C2FE301AC0B20CF0E1FE494A536807
:1098C0000344284653600CF096FE28460CF098FEA0
:1098D00004F002F82179252003F020FF414E0023F7
:1098E00094F87620706A037043706388103B0D2BE8
:1098F00068D8DFE803F063675F0C674467676767F2
:10990000676767442046BDE8F840FFF7BFBD062300
:109910004370202303702046FFF7CAFC638823F0BE
:1099200008039BB2152B05D094F85420216D706A62
:109930000AF0A7FF706A04F085F90021706A0DF043
:10994000C2F9032321790020337003F0E7FF0546B5
:1099500007B9B06063881B0704D50CF08DFE054481
:10996000C4F81C516388103B0D2B36D8DFE803F098
:1099700038352F2F352F353535353535352F0C23E7
:1099800021214370034603F8091B52B1D4F8772014
:109990000121C0F80920B4F87B209A800AF067FF03
:1099A000B9E7226FC0F80920B4F874209A8094F8BF
:1099B0006F10F3E7062303704370ACE702230370D4
:1099C0000623F9E740F259612D20F7F717FB2179BB
:1099D0000120BDE8F84004F0F1B940F6F541F3E7A5
:1099E000F8BD00BF1817002038B543880446102B77
:1099F00004D10121BDE83840FFF748BF0B4D2B7B58
:109A000023B103F027FA402004F098F9686A04F0C3
:109A100019F9608810F0040002D1217904F0CEF920
:109A2000002004F073F901232B7038BD18170020B3
:109A3000024B0121986AFFF729BF00BF18170020C9
:109A400010B5144C237B1BB104F084F903F028FA01
:109A5000A06A0CF0BBF9A16A18B14B8803F0180397
:109A600023B90846BDE81040FFF710BDFFF780FAA4
:109A700020B940F686312D20F7F7C0FA2378084642
:109A8000E26A03F18043D268013BBDE8104052F81E
:109A90002330184718170020064810B5037803F044
:109AA000FF042BB9242221460DF0FFFD204610BDF6
:109AB0000C24FBE71817002010B50023094C237075
:109AC000FCF7A8FB6062FFF7E7FF20B14FF442719B
:109AD0002D20F7F793FAE36A13B940F20B31F7E759
:109AE00010BD00BF18170020014B024ADA62704710
:109AF00018170020009F0100044B054A1A60054B0F
:109B0000054A1A60054B064A1A607047302100204A
:109B1000FD960100342100201B5E02003821002048
:109B2000E99B01002DE9F041067D0446B31E06F0D5
:109B3000FD06DBB2012B8CBF4FF000084FF001088F
:109B4000371E18BF0127012B1AD800F1700190F8B9
:109B50006F000AF00FFC054663889B0617D4082D9A
:109B600010D186B3FCF764FBB8BBE37E93B3D4F8A3
:109B70001530C4F86930B4F81930A4F86D3006E037
:109B80000825E9E72846FCF7D5FE0028E9D16577E6
:109B900084F81C8084F86870FCF70CFF05460DF013
:109BA0002AF900220F4B84F87620E5FB0301C4E973
:109BB000180111462046FFF7D9FB60B940F2A341D6
:109BC0002D20F7F71BFA04F169013046FCF79EFDE2
:109BD0000028DCD10020BDE8F08104F169010120FA
:109BE000F4E700BF40420F002DE9F04385B00823A1
:109BF000052104460DF107028DF80730FFF7F8FC48
:109C000000287DD0FBF72EF8002879D13E4D02AF19
:109C1000206AFFF7F7FA6B6AD3F81F0093F8232046
:109C200002903A71226AD3F80310C2F8AD10B3F86B
:109C30000710A2F8B1101B78206AC3F3801380F8D4
:109C4000AC30324B1B6813B1012221469847D4F83F
:109C500020800E23686A082698F8AC900022437092
:109C60004FF00301C378067003F03F03C3700AF09E
:109C7000FDFE2046FFF766FB4946686A0AF0F7FDDD
:109C80000623012208F1AD01686A0AF0C9FE617974
:109C9000FF2003F043FD686A03F0D4FF0021686AE7
:109CA0000DF011F8D4F82080204641460CF020FC3D
:109CB0003B46014694F9122040460CF0C5F9216A52
:109CC00000239DF80720204684F89530B1F8AA308B
:109CD000A4F89630FF2384F8B3304FF6FF73A4F84E
:109CE000B4300CF0DCF9236A2E70B3F8AA20A4F883
:109CF000CD20DB7D84F8CF30012005B0BDE8F083B6
:109D00002046FFF7C3FBF7E7181700203421002097
:109D10002DE9FF41564F04463A7802F0FF0312B98D
:109D20000278FF2A04D140F6DD112D20F7F766F9FD
:109D30007B60FB817B7380F889304E4B684604F171
:109D4000300500934C4B01934C4B0293FB6A5B68CC
:109D5000039303F061FF03F04BFD03F0FBFF03F0FF
:109D60009FF8474803F0AEFD464803F04FFF2846F2
:109D70000CF041FC28460CF043FC03F0ADFD2179CA
:109D8000252003F0CBFC94F9120003F095FD04F1BB
:109D90005001E06C08F030FA064604F15801E06C1E
:109DA00008F051FA8046002E3AD094F82430BBB324
:109DB000B4F94850ED43ED0F237F13B963885B0777
:109DC00009D56FF00043D4E918129A4208BFB1F1E7
:109DD000FF3F2FD1ADBB94F88B301BB946EA080684
:109DE000F6B2AEB1638813F0100511D1606CC0F308
:109DF0000B200CF088FB94F8463084F84500C0F343
:109E0000032023F00F03034384F8463084F88B507B
:109E1000786A0330FCF71AFE387304B0BDE8F081AD
:109E2000B8F1000F04D094F82550002DC0D1C3E73D
:109E30004546C1E70CF0DFFFD4E918239042994171
:109E4000C8D3012229462046FFF790FA50B1FCF70B
:109E5000B1FD05460CF0CFFF0B4BE5FB0301C4E958
:109E60001801B8E7002DB6D040F61C215DE700BF11
:109E700018170020419A010029950100CD95010095
:109E8000D6BE898E5555550040420F00024B986250
:109E9000DB6A1B68184700BF1817002043881A07A1
:109EA00010B504460FD5036A3C2210498C3042722B
:109EB000B3F8AA304381FF2380F827304FF6FF73B1
:109EC00003850AF0B2FF63882046DB0747BF236A99
:109ED0003C223C224FF6FF7148BFB3F8AA10FFF7AF
:109EE000B7FAFF2384F8893010BD00BFEB5F020092
:109EF000A3610200E9990100A96102000D98010027
:109F00001965020005950100319A0100F09E0100DB
:109F1000F49E0100FC9E01000138022808B503D917
:109F2000C4212F20F7F76AF813290A4B05D8112905
:109F30000CD8102907D0D221F3E71529FBD103EB68
:109F40004003D88801E033F8100008BD03EB40035C
:109F50009889FAE7CA1205002C4A38B50346948856
:109F600010681C43402B948004D10421BDE8384084
:109F7000FEF742BF802B01D10521F7E703F0030470
:109F8000032C04D140F6A4313120F7F737F8DD0770
:109F900006D50C6891602478062C1AD00B2C22D0A0
:109FA0009C0711D50C6821780729117329D00B293A
:109FB00022D0052908D1C17B182905D1002400250C
:109FC0000121C0E91E4501759B0644BF0823537358
:109FD00038BDC47B1C2CE3D100240025C0E91C45FE
:109FE0000124C474DCE7C47B122C01BF0024C474B8
:109FF000012480F85240D3E7C17B1129E4D100212C
:10A00000E1E7617880F8A010DEE700BF4817002084
:10A010000C4A0346517B89B910683BB9B0F810115E
:10A02000B0F8F420914209D8FEF762BE93881B076E
:10A0300006D5007C083818BF012070470020704703
:10A04000012070474817002073B5044600680D468C
:10A05000036813F0300F49D1B1F805101A2904D95B
:10A06000B5F80730B3F5A47F06D22978204602B0B0
:10A07000BDE870400BF07BB9B5F801201A2AF4D97D
:10A08000B5F80360B6F5A47FEFD3E83000960AF088
:10A0900089FF174B9A8892070DD51B7B142B0AD189
:10A0A0002268136843F01003136020460BF01DF97B
:10A0B000002002B070BD23689A7B212AF0D093F86B
:10A0C0002F31002BECD1236893F82E31002BE7D1F0
:10A0D00023681A6803F1E801B3F8AA0042F02002ED
:10A0E0001A6003F5B472FDF739F8DEE70120E0E706
:10A0F000481700202DE9F843894D06462C680028B2
:10A1000040F0CC80AB8819074FD594F89E302A2BAD
:10A1100016D00CD81C2B13D0222B18D094F89E30BC
:10A12000FE2B20D140F2FB513120F6F767FF3C2B8C
:10A13000F4D17C4B1B68002BF0D028469847EDE704
:10A14000002384F8413176480BF0C7F8E6E784F83D
:10A150004201754B1B68002BF5D004F5A17104F189
:10A16000A4009847EFE7FE2384F89E30E37B1E2B84
:10A1700006D100276A4884F851700BF0C8F8E773DD
:10A18000A37B372B33D0432B39D0242B06D1E37B51
:10A19000243B072B94BF2B232523A373237C082B5D
:10A1A00002BF0223AB7384F89E30AB88DA074ED52A
:10A1B000D5F80080A96898F80F30D1F80090113BCD
:10A1C00099F800700F2B0BD8BB1EDBB2092B00F2E5
:10A1D000A58040F2333222FA03F3DB0740F19E8080
:10A1E00009793846FCF7ACFD80B939467FE0012398
:10A1F00084F8CD320023A37384F84A30CEE70023DD
:10A2000084F8503146480BF068F8C7E7012F01D9B0
:10A21000162F4ED198F80E000BF099F840B198F82F
:10A220000E30242B04D0252B34D12B2388F80E306C
:10A230003846FDF70DFB0346002849D1FF2FD4D146
:10A240002B69002B51D02B68012283F8CE22AB88DA
:10A25000580704D5227C072A04BF0122AA73990754
:10A260004CD5287B01222B680D2883F89F2042D0F3
:10A2700011284CD007284CD0FDF7FEFA03460028E1
:10A280003AD12A7BFF2A46D12A68372182F8CC02AC
:10A29000917333E0162F14BF022620266B7B1B0719
:10A2A00004D5E37B113B0F2B98BF08263046BDE851
:10A2B000F883112F15D005D8072F14D00D2FB7D143
:10A2C0001A4B05E0142FB3D1194B1B68002B8CD00F
:10A2D000AA6849461248127998470028B7D006461E
:10A2E000DCE7144BF4E7144BF2E799F800100C4844
:10A2F0000BF03DF8F1E7114B09489847AB88DA06B7
:10A30000CCD5E37B0A2BC9D10B23E373C6E70C4BF7
:10A31000F2E70C4BF0E740F2EE5105E70826BDE707
:10A32000481700209C2100206021002035A4010056
:10A3300040210020276802008DA4010087660200EA
:10A34000D3660200416702000029034608BF1F21AF
:10A35000252870B514461AD8222846D81D2812D8A8
:10A360000D2801D8002070BDA0F10E060125F6B21F
:10A37000B54040F2512635401CD116281FD01D286B
:10A38000F0D1254A32E02028ECD1244A2EE02628BC
:10A3900036D0A0F12E02D2B2102AE3D8012040F22A
:10A3A00095159040284233D10D2A33D0102AD9D1A7
:10A3B0001B4B26E00021BDE870400CF0E8B91668A0
:10A3C000B37B252B09D12046FCF722F886F83851BB
:10A3D0000023B37386F84A30C4E72B2BC2D1F37B3A
:10A3E000243B072BF4D92A21EDE70E4A1568002DEE
:10A3F000B8D00A46204619462B46BDE8704018479B
:10A40000094B1B68002BADD02046BDE870401847B3
:10A41000064AEBE7064BF4E75021002058210020C4
:10A420008821002044210020642100207021002088
:10A43000A4210020024600684978837B212B17D095
:10A440000ED8042B16D00F2B16D0C07B272817D080
:10A45000333BDBB21C2B15D80B48C05CFFF774BF35
:10A460002B2B03D02D2B09D0252BEED11620F5E771
:10A470001420F3E70E20F1E71220EFE72320EDE7A9
:10A480001720EBE7FE20E9E7DC12050013B54C7856
:10A4900002683E2C937B6DD8222C07D8A4F10E02C3
:10A4A000D1B20F2940D9002002B010BD233C1B2C93
:10A4B000F9D801A252F824F0DFA50100A7A40100F9
:10A4C000A7A40100FDA50100A7A40100A7A4010005
:10A4D000A7A40100A7A401006FA60100A7A4010082
:10A4E000A7A4010005A60100A7A4010033A601004E
:10A4F000A7A4010047A60100A7A40100A7A401008A
:10A500005BA601001FA60100A7A40100A7A40100EB
:10A51000A7A40100A7A4010073A60100A7A401003D
:10A52000A7A4010001A601000F2ABCD801A151F87F
:10A5300022F000BF89A50100A7A40100A7A4010083
:10A54000A7A4010089A50100A7A4010089A5010015
:10A55000A7A4010099A5010089A50100A7A40100F5
:10A56000A7A40100A7A40100A7A40100A7A40100BB
:10A57000F3A50100FF2C96D13F4B1B69002B92D015
:10A58000012382F8CE328EE702460121204602B036
:10A59000BDE810400CF0FBB8252B01D02B2B82D14D
:10A5A00001900AF09AFE01980368DA7B262A3FF4AC
:10A5B0007AAF93F863201A2122F0010283F8632016
:10A5C000026892F8633023F0080382F86330FBF7E7
:10A5D0001FFF01980022036883F8382163E72D2BC1
:10A5E0007FF461AF254B1B68002B3FF45CAF9847AD
:10A5F00059E7362B7FF457AF214BF4E7214BF2E7B5
:10A60000214BF0E7382B02D04F2B7FF44CAF1F4B80
:10A610001B68002B3FF447AF2E21984743E7392BA7
:10A620007FF441AF194B1B68002B3FF43CAF362140
:10A63000F3E73A2B7FF437AF144B1B68002B3FF442
:10A6400032AF3021E9E73E2B7FF42DAF0F4B1B6873
:10A65000002B3FF428AF3221DFE7442B7FF423AFF8
:10A660000A4B1B68002B3FF41EAF3521D5E7084B82
:10A67000B9E7084BB7E700BF481700204821002082
:10A6800054210020682100208C210020742100200A
:10A6900094210020A82100202DE9F34790F8DA82C8
:10A6A00004460D4690F8DB62B8F1000F3BD190F8FC
:10A6B0002071002E39D194F821A184F8207184F8FA
:10A6C00021A1FF2384F822311A4B04F1A8091B6849
:10A6D00013B1394648469847174B1B6823B13A4691
:10A6E000514601A80194984794F83831012B02D0C3
:10A6F00058EA060603D0237B43F001032373484640
:10A700000AF06FFC18B1237B43F002032373062188
:10A710002046FEF771FB002384F838313DB1A37366
:10A7200002B0BDE8F0874746C3E7B246C5E7E57328
:10A73000F6E700BF4C21002098210020024B0020AA
:10A74000C3E90400704700BF4817002008B5002285
:10A75000044BC3E90422FCF7EFFDBDE80840FDF718
:10A7600053B900BF4817002073B5514D0026044669
:10A770002860AE806E73AE73FF2380F84C30B0F863
:10A78000E231002B00F0828090F89E30FE2B7DD1CC
:10A7900090F82C31002B79D0037C073B012B75D925
:10A7A00090F82D310221A0F84460012280F8A030F9
:10A7B0000BF076FF0221284684F8EA61FCF778FE68
:10A7C000B4F8E6112046B4F8DE300139B4F8E821D7
:10A7D00089B2B1FBF3F31344A4F8E831B4F8403084
:10A7E0000B44A4F840300BF089FF10B1636B0B44AD
:10A7F0006363B4F8E2310026012B9CBF0133A4F857
:10A80000E23109B184F8EE61E37B84F8EA610A3B46
:10A81000012B0FD8E388B4F8D8229B1A190409D465
:10A8200004F2DA2104F1170009F06EFFE673FF234A
:10A8300084F84B30B4F8E62104F1A801204609F071
:10A84000AAFFE37B1B49113B1B4A0F2B8CBF002344
:10A8500001230093194B2868F8F720F8696911B1B2
:10A8600000200CF02FFA2C68237BDA0703D5002197
:10A870000F48FBF7CDFD237B9B0703D504F25F1048
:10A88000FCF766FC0023237302B070BD94F89E10A1
:10A89000FE2901D0064891E7094B1E68002E8FD093
:10A8A0000CF055FB02460B460148B04788E700BF55
:10A8B00048170020599F010011A00100D5A80100F0
:10A8C000AC210020024B1869003818BF01207047E6
:10A8D000481700202DE9F04FDFF8B0850F4687B00C
:10A8E0008146B8F80410D8F800408D05204655BFC1
:10A8F000B4F8402000230132A4F840304CBF84F863
:10A90000EE31A4F840200BF0F9FE38B10B4604F507
:10A91000AB7204F1A8012046FDF726FAB8F804301E
:10A9200003F4C06333B1A37C002B00F0A080032BA1
:10A9300000F0A380A27CB8F80430012A03D11805E6
:10A9400044BF0222A274B9F1000F40F00181590600
:10A9500057BFB4F808224A46013292B2A4F808223E
:10A9600003F00A020A2A0FD198F80C20022A0BD110
:10A9700023F008033846A8F80430FFF7BBFB384340
:10A980000823C7B2A8F804303846FFF7B3FBD8F85D
:10A9900010303843C7B2002B50D01422002101A838
:10A9A0000CF083FE94F8210103F0E4FA054694F8D4
:10A9B000210103F0D7FA05F5FA754FF47A7394F88C
:10A9C0002911B5FBF3F5B4F8AA300544D4F8C80052
:10A9D000ADF80430E388ADF80A50ADF8083009F05E
:10A9E0009EFD94F8CE32ADF8060033B1D8F80830A9
:10A9F0001A689B8804928DF8143094F8CD2201A82F
:10AA00009DF80C3062F300038DF80C30D8F810304C
:10AA100098470023049A84F8CE3284F8CD326AB184
:10AA200094F8CC3253B9A37B372B07D09DF8143060
:10AA300023B11178FF2924D11B2B29D9D8F8006024
:10AA400096F89E30FE2B49D1002F47D1337C073B2F
:10AA5000012B43D996F82C3113B396F82D310122EE
:10AA60000221A6F8447086F8A03030467EE101212C
:10AA7000A1742046FEF7C0F95CE702230121A3740C
:10AA8000F7E70729DAD1022BD8D15178FF29D5D1A0
:10AA90000121C4F8D02284F8CF3284F8CC12CDE75B
:10AAA00096F80FA0AAF1100A5FFA8AFABAF1100F0D
:10AAB00040F219813368DA0702D53A460921D4E712
:10AAC0009D0740F1A3803A460C2130460BF0E8FD8B
:10AAD00096F8533043F0010386F85330B4F8E83168
:10AAE00094F8EB510133A4F8E831002D00F02283F3
:10AAF000F7F7E2FF10B10023A4F8E831B4F8AA0098
:10AB00000CF081F8A37C8246012B40F25483237C15
:10AB1000082B40F02783B4F84030022B40F24B83DF
:10AB2000B4F842500135ADB2E38801A920462B4468
:10AB3000A4F8E0310123ADF8043008F087FA0028CA
:10AB400000F03D83BDF80430E2881344A4F8E431FA
:10AB5000B8F80430D8F800505E0657BFB5F8F431A5
:10AB60000023B5F8E6219B1858BF9BB2A5F8F43135
:10AB700095F82C311BB92B7C073B012B06D8B5F877
:10AB80004430B5F8E6211344A5F8443095F84A104E
:10AB900031B1B5F84630B5F8E6211344A5F8463092
:10ABA00095F95020002AC1BFB5F84E30B5F8E6013E
:10ABB0001B18A5F84E3095F831306BB9B9F1000F7C
:10ABC00040F0A48398F80E30022B40F05B8395F898
:10ABD000A030062B18BF162395F8302022B9AB48B9
:10ABE00085F83130FCF7AAFE28460BF054FEA84B3E
:10ABF0001B681BB1A74A204611689847002384F8B8
:10AC00004C3007B0BDE8F04FFBF750BD580702D5F8
:10AC10003A46132129E7190706D596F898303A469F
:10AC200086F8A030072120E71A0602D500221B2152
:10AC30001BE713F0300138D096F82F31002B72D17A
:10AC400096F82E31C3B1F37B06F1A80006F5977193
:10AC500006F2DA22292B26D0B37BA3F129056B4219
:10AC60006B410AF073F9336823F0200343F01003BB
:10AC70003360002386F82E313368DA0653D506F1A7
:10AC8000A8000AF0AEF918B106F25F10FCF760FAFE
:10AC9000B6F80A3100221521A6F8A030B6F80E3118
:10ACA000A6F8A230E1E60123DBE713F0400202D070
:10ACB0000A462421D9E613F4807101D01E21D4E67E
:10ACC00013F4007202D00A462F21CEE613F400518D
:10ACD000FAD113F4806202D00A463121C5E6DB04C2
:10ACE00021D52C21C1E6D8F80050EB7B182B49D098
:10ACF00014D8112B37D0162B3BD0B37B002B40F050
:10AD00008880F37B103B102B40F28B8096F83E300E
:10AD1000002B00F0868001221221A6E6202BECD128
:10AD20003A46062121E0D8F80050EB7B3D2B64D059
:10AD30000CD82F2B67D0352B53D0262BDDD195F88F
:10AD40003831022B50D1002217210EE0452B57D06D
:10AD50004E2B5BD0402BD0D14F4B4C481B689847B3
:10AD60000022332101E03A460B2128460BF098FCE3
:10AD7000B4E62846FCF756FE00283FF4AFAE0022AA
:10AD80000421F2E795F8C832012B07D13A46052194
:10AD900028460BF085FC85F8C8729FE695F8C83206
:10ADA000022BD9B27FF49AAE95F8523053B10623F4
:10ADB0003A4685F8A03028460BF072FC002385F84F
:10ADC000C832EAE7D8F8003040F20632A3F89A20F9
:10ADD0003A4695F8623013F0040F0CBF0D21112193
:10ADE000E9E700221121C0E795F83831012B84D121
:10ADF00095F83931002BA6D07FE700222D21B4E74A
:10AE000000223A21B1E700222021AEE700223C21B6
:10AE1000ABE7092B05D196F89930012286F8A030CE
:10AE200000E7BAF1100F7FF659AED8F8005095F848
:10AE30000EA0BAF1000F40F0C28095F83F313BB14F
:10AE400001220E2128460BF02BFC85F83FA1A4E738
:10AE500095F83E3183B195F853A01AF0030B0BD14E
:10AE60004AF0010A01220C2128460BF019FC85F852
:10AE700053A085F83EB190E795F84031B3B195F80D
:10AE80006930DB090AD001222B216EE74817002028
:10AE90005C21002098000020842100209D4B1B682D
:10AEA000002B00F08C809C48984788E095F82E3164
:10AEB0002BB395F82F3113BBEB7B05F1A80005F5FB
:10AEC000977105F2DA22292B17D0AB7BA3F1290663
:10AED000734273410AF03AF8002385F82E310122BB
:10AEE000142128460BF0DCFBB5F80A31A5F8A03098
:10AEF000B5F80E31A5F8A230F0E50123EAE795F8A0
:10AF00003831012B6FD195F83931002B6BD1E87BAB
:10AF1000A0F12403072B66D995F820114B1EDBB254
:10AF2000032B0AD8DFF808C2634493F81DE095F8B4
:10AF30002131013BDBB2032B04D94FF43F710620D2
:10AF4000F6F75CF8BEF1020F95F83A2114D0BEF185
:10AF5000030F13D0BEF1010F04D1012A14BF002248
:10AF600001226AB9A0F14703012B28D90A38042825
:10AF700025D901221621F8E6022AEFE7042AF1D1A9
:10AF800063445A7F95F83B31022A24D0032A24D007
:10AF9000012AE7D1012B14BF00230123002BE1D0AC
:10AFA000EB8805F53672B5F83C0109F07AF882466F
:10AFB000B0B901465848FBF72BFA85F838A1B37BA6
:10AFC000002B7FF48BAD96F8CC32002B3FF486AD8E
:10AFD0000122FF2149E5022BDDE7042BE0D0C1E788
:10AFE0002C23AB737AE595F8423113B1012222216B
:10AFF000BBE695F8413143B1484B47481B68984739
:10B00000FE280146DBD00122AFE695F84A3113B1A4
:10B0100001221D21A9E695F84B316BB195F86730F7
:10B02000DB0902D001222E219FE63D4B01220C219B
:10B0300039481B68984751E595F84C3113B1012206
:10B04000362192E695F84D3113B1012230218CE67C
:10B0500095F8503113B10122382186E695F84E312A
:10B0600033B1304B2C481B689847012232217CE6D3
:10B0700095F84F3113B10122352176E695F851311B
:10B0800013B10122262170E695F8D43213B10122C2
:10B090003E216AE695F85231B3B1DFF87CA0122167
:10B0A000DAF80030B3F8AA00F6F7F4FB03699B075F
:10B0B00006D51D4B50461B68984701223B2154E69C
:10B0C0001A4B50461B68EFE695F854318BB195F852
:10B0D000393173B9EB7BA3F12402072A09D9AA7B82
:10B0E0003E3A042A05D93E3B042B02D901222321F2
:10B0F0003BE695F85331012B05D1002385F85331F8
:10B100000122252131E695F85331022B7FF457AF08
:10B11000F3E700BF94210020481700203C210020C5
:10B120007821002080210020A0210020A8210020DB
:10B13000DC120500F7F7ACFC08B1A4F8E851F7F70A
:10B14000C3FC00283FF4DAAC94F8EE310133DBB2F3
:10B15000022B84F8EE3182BF0023A4F8E83184F892
:10B16000EE31CBE494F83E3013B1A37B0F2B22D108
:10B17000B4F842502046B4F840200135B4F8DE302F
:10B18000AD1A9900A5EB83050BF0B8FAA8B1A36B33
:10B19000626B01339B1A5B1A9D42A8BF1D46BAF130
:10B1A000000F05D0BAF80E30043B9D42B8BF1D46D3
:10B1B000012D3FF7B8AC0125B6E42B46ECE7DFF8EC
:10B1C0005CB1B4F8DE60DBF8003073B1012E0CD94D
:10B1D000F7F764FCDBF800300246E1882046984728
:10B1E000BDF804301844ADF8040094F8EC31002B9D
:10B1F0003CD1012D3AD9E37B0BB10B2B36D1A37B8C
:10B20000A3BB237C93BBA37C022B2FD194F8EE31FC
:10B2100063BBD4F8C00006F017FE38B394F89E3034
:10B22000FE2B23D1B4F8E231012B1FD9B4F8E82169
:10B23000B4F8D0309A4219D2BAF1000F02D0BAF85D
:10B240000E1099B9013D9B1AADB29BB2B5FBF6F554
:10B250009D4228BF1D46BDF8043005FB0633003D66
:10B2600018BF0125ADF8043084F8EA512A4B1B6859
:10B27000002B3FF467ACBDF8041020469847ADF8AA
:10B2800004005FE4012B08D16B7C002B7FF4A4AC9D
:10B2900000212846FDF7B0FDA9E45FB1F80633D4DC
:10B2A000390733D4BA0633D4BB0733D14FF43161F5
:10B2B000312045E639B1B5F84610B5F84830994225
:10B2C00001D3222388E4002A05DDB5F84E20B5F825
:10B2D00048309A42F5D2B5F84420B5F842309A4247
:10B2E00009D2AA7CB5F8403052B1B5F842209A4252
:10B2F000CED8082370E495F82C31002BE1D1F0E78B
:10B30000052BC5D93E2367E41E2365E43D2363E492
:10B31000232361E42A235FE47C2100206C210020A8
:10B3200073B504460190D0F8E002D4F8C8309842D2
:10B3300014D1D4F8E462D4F8D030F61A18BF01263C
:10B3400094F8EC32002B3ED0B4F8AA000BF05BFC72
:10B3500030B940F668513120F5F750FE0126EFE78D
:10B36000B4F8E822B4F8DE309A421AD1B4F8EA32DE
:10B3700082899B1A18BF0123A57B472D15D0E27B3C
:10B38000472A10D00025B4F8E62201A8D4F8E0122C
:10B39000FBF77AFC8DB30023A3730323A37402B0DD
:10B3A00070BD0123E8E73343ECD0154B1B6813B99C
:10B3B00040F67351CFE7A5F14702002101A855429D
:10B3C00055419847DFE7002EDCD0B4F8AA3094F856
:10B3D0002911A4F8A73109F0A2F8B4F8E432A4F8CE
:10B3E000A90104F29D10A4F8AB31B4F8E632054986
:10B3F000A4F8AD3109F022FDC4E7E573CDE700BF45
:10B40000902100201D55020008B5FCF70DF8024BF5
:10B41000024A1A6008BD00BF4021002049A0010077
:10B4200038B50D4B0D4653F82040084602F0A2FDFA
:10B430004FF47A7304F58564033D0444012DB4FB95
:10B44000F3F404F1B4048CBF002528250AF057FB5F
:10B450002044284438BD00BF501405002DE9F74FA3
:10B4600099466C4B05460C46C3601646437D23F057
:10B47000070343F0010343750023036191F80EA015
:10B48000AAF14703012B19D991F80F80A8F14708B9
:10B49000B8F1010F8CBF4FF000084FF00108B9F16F
:10B4A000000F04D000220121204601F0E1FB637B64
:10B4B000032B7ED8DFE803F0057970794FF001089F
:10B4C000EDE726B940F217213520F5F797FD002763
:10B4D000012304F1A800BB4663730BF019FA4E4B2D
:10B4E0001A6822B149462046904707FB00BBD4E9C1
:10B4F00078211BEB020241F10001C4E97821C5E982
:10B500000021A17BA1F10B02D2B21E2A54D8434ED6
:10B51000D64006F00106E27B472A08BF46F0010646
:10B5200020460BF00CFB28B1002E4BD1607B01288C
:10B5300018BF022004F1E80328751846019309F0AA
:10B54000FCFCA860B9F1000F61D0AAF10D0ABAF1B4
:10B55000010F8CBF424648F00102002A57D13946FC
:10B56000284608F05FFF1FFA80F920460BF0E7FA43
:10B57000804686BB81452ED30BFB00F02E75D4E9A7
:10B580007821121841F10001C5E90021BBF1000F3B
:10B590001AD140F29D2197E7D4F830720322D4F8F3
:10B5A0004832627307EB030B99E7D4F8C8B05F46E3
:10B5B00095E74FF4147187E7472901D00026AAE7E1
:10B5C0000126ADE70020B5E73946284608F02AFFF6
:10B5D00080441FFA88F901224946204601F048FBC1
:10B5E0000D4B1B6853B10121204698477843D5E99C
:10B5F00000321B1842F10002C5E9003204F1E800F4
:10B6000009F09BFCA860D5E90023C4E9782303B0C6
:10B61000BDE8F08F69B60100B021002005000040B0
:10B62000F7B501230F4E33700023CDE90033684690
:10B63000F6F76AF9044618B10023337003B0F0BD81
:10B64000009D6B7B002BF2D005F5027738460BF09E
:10B65000F7FB38460BF000FC05F5F0706C73FCF757
:10B660009DFCE4E7601700202DE9F041804688B09A
:10B670000D46A0F50274052900F29780DFE801F07D
:10B68000038F7195958A637B13B9EA2135201BE0FE
:10B69000204601F05BFA002879D0454B1B680BB1BE
:10B6A00020469847A8F5B07613217088F6F7F2F88F
:10B6B000034696F87800002B51D002284DD005D8CB
:10B6C000012808D0DC21B420F5F798FCC21E012A1D
:10B6D000F8D81E3300E00A339C8896F87910354F6D
:10B6E000CB1E012B98BF2825FFF79AFE16307A78DB
:10B6F00079358442EDB28CBF231A0023346AE41AF0
:10B700001AB9336C9C4228BF1C46A8F5907009F00A
:10B7100014FC00F116080220A4EB08040BF0BFFB98
:10B72000022124EAE474844228BF044620460BF038
:10B73000E0FB10B1A0440BF062FB00232A46414617
:10B74000304609F006FD7860306A0BF056FB1A4867
:10B7500008B0BDE8F04104F017BB1433BCE79624F1
:10B76000BBE7214602A801230022FFF777FE02A9CA
:10B7700040460BF04EFB10B94FF4347186E7E18878
:10B7800001A80194013189B2E18007F061FC08B0A1
:10B79000BDE8F08108B0BDE8F04106F0E0BD637B94
:10B7A000042BF4D04FF4837170E74FF485716DE78B
:10B7B000B4210020601700202DDE0100024B002282
:10B7C000C3E90022FFF72CBF60170020014B58701F
:10B7D000704700BF6017002008B501F07BFF044BE5
:10B7E0005A6882422ABF1878002080F0010008BD04
:10B7F0006017002030B5044689B0042900F2A88003
:10B80000DFE801F0032A272EA000534B1A7802F03C
:10B81000FF03F2B90146012202A8FFF71FFE02A9A9
:10B8200004F5027003F0E8FC20B94FF435713520BF
:10B83000F5F7E4FBE18801A80194013189B2E180C8
:10B8400007F006FC02F04EF909B0BDE8304003F005
:10B85000FBBC04236373F5E70323637309B030BDB6
:10B86000D0F8C83090F82951C0F830323DB1D0F846
:10B870004C5241F64B5295428CBF0025012540F2B7
:10B88000E242ADF80C2094F8582242B9D4F84C2288
:10B8900093421DD0B4F8AA000BF0B8F918E0B4F840
:10B8A000AA000BF0B0F910B94FF44471BFE7B4F837
:10B8B00054320025A4F8DE30B4F856328381B4F84F
:10B8C0004432C5814381013B03827D23ADF80C30B6
:10B8D00094F82A3113BB15BBD4F8483204F5F07044
:10B8E000D4F84C22C4F8D830B4F84632C4F8C82092
:10B8F000A4F8DC30D4F8503284F82A51C4F8D0309F
:10B90000B4F8DE305343039A19460293FCF728FB40
:10B9100004F1A8000AF0FCFF02239EE75DB14FF09E
:10B920004D13C4F8E0300023A4F8E4304FF47A73E8
:10B93000ADF80C30D0E74FF09613A4F8E450C4F8FB
:10B94000E030C9E7A83009B0BDE830400AF0E0BFF8
:10B9500040F265316BE700BF601700200D4A0146D9
:10B96000107890B90129536807D1B3F81021B3F8C2
:10B97000F4309A420CD8FFF72FBF1289520706D530
:10B98000187C073818BF012070470020704701203D
:10B99000704700BF6817002038B5174B1C895A68DC
:10B9A00004431C8100F00304032C04D140F6DF2182
:10B9B0003620F5F723FBC50748BFD960840706D5B5
:10B9C000096809780629197406D00B290ED0820659
:10B9D00044BF08221A7038BD917B1D29F7D100247D
:10B9E00000250121C2E91E451175F0E7917B13295D
:10B9F000EDD10021F8E700BF681700202DE9F743DB
:10BA0000837B04460090A3F14702012A20D9C27B20
:10BA1000A3F10D01473A0129D2B216D8012A8CBFF1
:10BA200000220122E188B4F84402013189B288423F
:10BA300040F0A78094F85852002D00F081804AB958
:10BA400040F25E213620F5F7D9FA012A00F29980FA
:10BA50000122E7E7524B1B6813B940F25F21F1E77F
:10BA6000002168469847002584F85A52B4F85222BB
:10BA70006846D4F84C12FBF707F903212046FFF77C
:10BA8000B9FEA37BA3F14702012A03D9A3F10D025A
:10BA9000012A71D80023A373E27B292A77D1A3F16D
:10BAA0002C0255425541E388B4F8402201339B1AD9
:10BAB0001B046ED494F8428294F8203194F84362C7
:10BAC000B8F1000F08BF98460EB994F82161984567
:10BAD00062D194F821319B1B18BF012343EA050969
:10BAE00084F8208184F82161FF2384F822312D4BD2
:10BAF00004F1A8071B6813B14146384698472A4B02
:10BB00001B6823B14246314601A801949847B9F118
:10BB1000000F03D0237B43F001032373384609F061
:10BB200060FA18B1237B43F00203237304212046FB
:10BB3000FFF760FE002384F838317DB3A37328E05B
:10BB4000B4F8AA3094F82911A4F8A731D4F84C021B
:10BB500008F0E5FCB4F85032A4F8A90104F29D10F5
:10BB6000A4F8AB31B4F852321049A4F8AD3184F8DE
:10BB7000A65109F063F976E7E27B473A012A98BFBC
:10BB8000E573A3F12902012A86D801258BE72C2B26
:10BB9000FBD003B0BDE8F08301239FE7E573F8E72E
:10BBA00000220020C42100200C2200201D5502008C
:10BBB00010B54C780268162C937B0FD8112C01D845
:10BBC000002010BD4FF4A803E340DB07F8D5024680
:10BBD00001212046BDE810400AF022BF1D3CE1B221
:10BBE0002229EDD8222CEBD801A151F824F000BF76
:10BBF00089BC0100C1BB010091BC0100C1BB0100B7
:10BC0000C1BB0100C1BB01007DBC0100C1BB010083
:10BC1000C1BB0100C1BB0100C1BB0100C1BB010030
:10BC2000C1BB0100C1BB01001FBD0100C1BB0100C0
:10BC3000C1BB0100A3BC0100C1BB0100CBBC010022
:10BC4000C1BB0100F3BC0100C1BB0100C1BB0100CD
:10BC500007BD0100B9BC0100C1BB0100C1BB0100AF
:10BC6000DFBC0100C1BB010023BD0100C1BB01005D
:10BC7000C1BB0100C1BB01001BBD01002D2B9FD129
:10BC8000294B1B685BB99BE7362B99D1274BF8E70B
:10BC9000312B95D1264B1B68002B91D0104698472D
:10BCA0008EE7382B01D04F2B8AD1224B1B68002BFB
:10BCB00086D02E21984783E7392B81D11D4B1B68F5
:10BCC000002B3FF47DAF3621F4E73A2B7FF478AFB9
:10BCD000184B1B68002B3FF473AF3021EAE73B2B76
:10BCE0007FF46EAF134B1B68002B3FF469AF392113
:10BCF000E0E73E2B7FF464AF0E4B1B68002B3FF454
:10BD00005FAF3221D6E7442B7FF45AAF094B1B6853
:10BD1000002B3FF455AF3521CCE7074BB1E7074B7C
:10BD2000AFE7074BADE700BFC0210020CC210020CA
:10BD3000D4210020F021002004220020082200202D
:10BD40001C220020034610460A1E08BF1F221F2B7C
:10BD500070B529D8112B03D8032B4AD0002040E01E
:10BD6000A3F112010D29F9D801A454F821F000BF64
:10BD7000E5BD01005DBD0100E5BD01005DBD010047
:10BD8000E5BD01005DBD01005DBD01005DBD0100BF
:10BD90005DBD01005DBD01005DBD010057BE01003C
:10BDA0005DBD010069BE01003B2B15D8222BD5D902
:10BDB000A3F123040121E4B2A140314C21425BD123
:10BDC000490741D13B2BC9D12E4B1B68002BC5D055
:10BDD0001146BDE870401847A3F1FE02534253419B
:10BDE000580070BD024600211846BDE870400AF0B8
:10BDF00017BE0468A37B1A2B01D0142B3ED194F8F4
:10BE00005230002B3AD184F8513084F84A3094F8FB
:10BE1000B73103F0FF0523B14FF481613620F5F708
:10BE2000EDF8B4F8AA3084F8B821A4F8B93184F850
:10BE3000BB51C4F8BC5184F88A52134904F2AF10C4
:10BE400008F0F3FFA57389E710490C68002C85D032
:10BE50001946234605E00E4B1B68002B3FF47EAFCE
:10BE60001D21BDE8704018470A4B1B68002B3FF4AA
:10BE700075AF1F210068F4E70749E6E70220B0E745
:10BE800000A84C0018220020C1560200BC2100204E
:10BE9000C8210020D0210020EC21002003680246A8
:10BEA00049789B7B053BDBB24A2B96BF0248FE20BC
:10BEB000C05CFFF747BF00BF041305002DE9F3473F
:10BEC0009B4F80460E467C68002284F84C203989BE
:10BED00020468D055EBFB4F84020013292B2A4F82E
:10BEE00040200AF01CFC38B10B4604F5AB7204F19B
:10BEF000A8012046FBF738FF3B8903F4C06333B148
:10BF0000A37C23B901212046A174FFF773FCB8F18B
:10BF1000000F40F0DF81002E40F0DC813B897D681E
:10BF20005C0705D52A7C072A02BF01222E747A7489
:10BF3000980713D5387C0123072885F89F300AD04D
:10BF4000112824D0FBF78EFC034628B94FF4C361B7
:10BF50003620F5F753F8774B774898473B89190710
:10BF600040F1B2807C6894F89E302A2B36D81B2B87
:10BF70000FD8012B56D0032B5DD0002B42D094F864
:10BF80009E30FE2B40F0898040F22561E0E76B4B4C
:10BF9000E2E71C3B0E2BF2D801A252F823F000BFBF
:10BFA00055C001007FBF01007FBF01007FBF0100BE
:10BFB0007FBF01005DC001006BC001007FBF0100B9
:10BFC0007FBF01007FBF01007FBF010089C001006A
:10BFD0007FBF01007FBF010055C001003C2B5AD03C
:10BFE0003F2BCCD1E388B4F844229B1A1B0402D423
:10BFF000002384F85A32A37B472B0CD1002384F80A
:10C000004A30BCE7E288B4F84412521A1204B6D49B
:10C0100084F85A32B3E7E37B472BB0D1464809F0A6
:10C0200076F9ACE7E388B4F83E229B1A1804A6D44C
:10C030000023A373A3E7A37B143BDBB2092B05D832
:10C0400040F2412222FA03F3D90798D4002384F85E
:10C050008A32DFE7002384F84131D0E7384B1B6890
:10C06000002B8CD02046984789E7002384F8423182
:10C07000344B1B6823B104F5A17104F1A400984767
:10C080002D4809F02AF97AE72F4B1B68002B3FF463
:10C0900076AF2948E7E72D4BF7E7FE2384F89E307B
:10C0A000A37B292B3AD02ED80B2B32D00D2B33D09B
:10C0B000E37B472B04BF4823E373237C082B01BF9A
:10C0C00002237B74002323743B89DA0754D5FA6872
:10C0D0007B681668997B93F8520034780AF08DFCDF
:10C0E00028B1112C73D81A4BE340DB076FD51179B7
:10C0F0002046FAF725FE68BBFB6831460E481A79E0
:10C1000009F046F937E0432B0AD0472BD0D148231A
:10C1100000E00C23A373CBE70E23FBE72A23F9E708
:10C12000002384F85031044809F0D7F8C0E700BF75
:10C1300068170020E56902006C170020CD69020035
:10C14000D8210020DC210020E02100201022002046
:10C15000742802000D2C34D0112C34D0072C34D08C
:10C160002046FBF76BFB03460028C5D0FA68314632
:10C17000C0481279984706463B781C0707D5A97B2B
:10C1800095F852000AF039FC002818BF0826284606
:10C19000FFF734FC7D6895F89E30FE2B40F09A80C6
:10C1A0002B7C073B012B40F2958095F82C3103F056
:10C1B000FF0273B10023A5F844300223A5F89E3096
:10C1C00088E0AD4BD2E7AD4BD0E7AD4BCEE70826CC
:10C1D000D2E7AB7B43B995F83E2022B31222A5F8F3
:10C1E0009E20A5F8463072E0282B00F0B08010D8D1
:10C1F000132B67D009D8032B00F0A380122B00F07B
:10C200009780103B102B65D90DE01D2BF9D106232B
:10C2100059E0352B00F0A3804CD8322B00F09D80E4
:10C22000342B00F0A680EB7B362B00F2E780212B2D
:10C2300000F2A180013BDAB2052A40F2CD8095F8E8
:10C240009E30FE2B46D17C6894F89E30FE2B40F049
:10C250002882A37B002B40F0248294F85A32002BD2
:10C2600000F0AF8194F85832002B40F0A581E07BBC
:10C2700009F06DF88246002840F0A381E37B342B5F
:10C2800000F09F8194F858328BB11221B4F8AA00C3
:10C29000F5F700FB036913F4007900F09E81472352
:10C2A000A4F846A0A373012384F84A303F23A4F8DE
:10C2B0009E30F6E1412BB6D1724B6E481B68984711
:10C2C00034237BE70B23A5F89E30A5F846200123F5
:10C2D00085F84A307C6894F82C311BB9237C073BE5
:10C2E000012B04D8B4F844300133A4F8443094F856
:10C2F0004A1021B1B4F846300133A4F8463094F91D
:10C30000502022B1B4F84E300133A4F84E30B8F1C9
:10C31000000F40F015847B7C022B00F00D84012B74
:10C3200040F0A783637C002B40F0B8830021BEE37C
:10C33000D5F85C32C5F890300323A5F89E30002371
:10C340004FE795F8993085F8A030072336E7182392
:10C35000A5F84620A5F89E30BCE72123B3E71123BA
:10C36000A5F84620AA73A5F89E30012385F8A030D1
:10C37000B0E7272322E7223B142B3FF660AF01A250
:10C3800052F823F0C7C40100C7C401003FC2010036
:10C390003FC201003FC501003FC201003FC2010092
:10C3A0003FC201003FC201003FC201003FC2010085
:10C3B00089C501003FC201003FC201003FC2010028
:10C3C0003FC201003FC201003FC20100A9C50100F8
:10C3D00073C501008DC50100052B3FF630AF01A2EA
:10C3E00052F823F09BC40100B7C4010089C40100C6
:10C3F00081C501003FC2010085C50100383BDAB2AA
:10C40000172A3FF61CAF172B3FF619AF01A252F8BF
:10C4100023F000BF91C501003FC2010095C5010096
:10C420003FC201003FC201003FC201003FC2010004
:10C430003FC2010099C501003FC201003FC2010097
:10C440003FC201003FC20100A5C501003FC201007B
:10C45000ADC501003FC201003FC201003FC2010063
:10C46000B1C501003FC201003FC20100B5C50100D6
:10C4700091C501006C1700209DBE0100AD6A02004D
:10C48000B1BB0100FC21002095F8983085F8A03060
:10C490000723A5F89E30002313E00C230022A5F803
:10C4A0009E3095F85330A5F84E2043F00103EA730F
:10C4B00085F85330C3E61323A5F89E300023A5F872
:10C4C0004E30EB73BBE695F82F31002B7FF4B7AEFF
:10C4D00095F82E31ABB1EB7B05F1A80005F597710E
:10C4E00005F24222292B28D0AB7B293B012B8CBFA4
:10C4F0000023012308F02AFD2323EB73002385F892
:10C500002E31EB7B232B7FF49AAE05F1A80008F0C7
:10C5100068FD18B105F25F10FAF71AFEB5F80A3196
:10C52000A5F8A030B5F80E31A5F8A2301523A5F86E
:10C530009E300023A5F84E3081E60123DAE795F816
:10C540003831012B10D095F83831022B7FF477AEBB
:10C550000023D5F81821D5F83A11A74807F0BDFDFA
:10C560001823A5F89E306AE695F83931002BEAD1F8
:10C57000EEE71123A5F89E30002385F8A0309EE752
:10C580000923EEE71B2384E72423EAE71E2380E741
:10C590002F237EE731237CE7984B97481B68984709
:10C5A0003423DEE73A23DCE72723DAE73F23D8E723
:10C5B0002C23D6E73C23D4E794F84031002B3FF4FA
:10C5C00056AE94F88A3203F0FF01F3B1E37CA3B1D5
:10C5D000237D73B940F21771BAE4894B1B6813B914
:10C5E0004FF4E161B4E41A218348984784F85A92E1
:10C5F00057E00A23A4F89E304AE1D4F85C22C4F83C
:10C6000090200322A4F89E2043E194F83F3103F0E8
:10C61000FF022BB10823A4F89E30A4F846100DE0C9
:10C6200094F8403103F0FF018BB194F86930DB09D5
:10C6300008D02B23A4F89E30A4F84620012384F8C8
:10C640004A302EE06F4B1B685BB36B4861E0D4F857
:10C650008C32002B5FD01F22E07BFAF7E9FD002827
:10C6600059D1D4F88C3233B113F8512C012A05D0AA
:10C6700040F247716CE440F2437169E413F8283CDE
:10C6800003F0FF0113B14FF4E96161E494F8653000
:10C6900098063BD51F23A4F8461084F84A20A4F836
:10C6A0009E3095F89E30FE2B7FF414AEAB7B002BB2
:10C6B0007FF410AE95F83D32002B3FF40BAEE87BD3
:10C6C00008F045FE044600287FF404AEEB880A2BF0
:10C6D0007FF600AE6846FAF703FB00283FF4FAAD98
:10C6E000052205F1180168460AF0B8FF002800F09D
:10C6F000BD819DF80430009885F83C320123C5F8CF
:10C700003802A5F89E3085F83D42E3E53E4B2046D1
:10C710001B689847C5E794F83E3173B194F85330DD
:10C7200013F00302BDD10C2143F00103A4F89E10C5
:10C7300084F8533084F83E215AE794F82E3113B32D
:10C7400094F82F31FBB9E37B04F1A80004F597714D
:10C7500004F24222292B14D0A37B293B012B8CBF4E
:10C760000023012308F0F2FB002384F82E31B4F8F3
:10C770000A21A4F8A020B4F80E21A4F8A2201422C3
:10C7800040E70123EEE794F83831012B64D194F8A7
:10C790003931002B60D1E07B08F0D9FD00285BD156
:10C7A00094F820114B1EDBB2032B09D81748034421
:10C7B00093F84BC094F82131013BDBB2032B04D931
:10C7C0004FF43F710620FFF7C4BBBCF1020F94F891
:10C7D0003A210CD0BCF1030F0BD0BCF1010F04D1F6
:10C7E000012A14BF0022012292B9162302E7022A6D
:10C7F000F7E7042AF5E700BF6C170020FC210020B2
:10C800000022002008220020D4210020041305006B
:10C81000034493F84B2094F83B31022A15D0032AA5
:10C8200015D0012AE1D1012BDFD1E38804F5107284
:10C83000B4F83C0107F035FC814650B90146A048E8
:10C84000F9F7E6FD84F838912BE7022BECE7042B8F
:10C85000EAE72C23A37324E794F8413103F0FF02A5
:10C860008BB3984B96481B689847FE283FF419AF46
:10C8700000231E2884F89E0084F89F300CD92438A9
:10C88000C0B21B2804D8904BC340D9073FF509AF6D
:10C890000023A4F84630D1E601228C4B824013409D
:10C8A000002B7FF4FEAE15280AD01128F0D194F8A1
:10C8B000A02012B1A4F84630F3E6A4F84E20F0E62A
:10C8C000A4F84E30EDE694F84A3103F0FF090BB1BD
:10C8D0001D23AFE694F8423103F0FF026BB3092148
:10C8E000B4F84401F4F7D6FF10B984F842017FE6AA
:10C8F00090F8F03103F0FF0213B984F8422177E693
:10C9000090F8C831032B14D8DFE803F00202050DBC
:10C9100084F842916CE694F8483180F8F1310023B4
:10C9200084F8423164E62223A4F89E30A4F84690AD
:10C9300084E640F2DB61FFF70BBB94F84B3103F068
:10C94000FF0163B194F86730DB0901D02E2371E653
:10C950005F4B01220C215A481B689847A1E694F8C6
:10C960004C3103F0FF020BB1362354E694F84D31FD
:10C970000BB130235EE694F891325BB10D21B4F82F
:10C98000AA00F4F787FF08B9392333E690F862323A
:10C99000002BF9D094F8503103F0FF090BB1382384
:10C9A00028E694F84E3103F0FF022BB1494B44487E
:10C9B0001B6898473223B7E794F84F310BB1352302
:10C9C00038E694F851318BB194F85A3273B994F82F
:10C9D00066305A0608D5404B1B68002B3FF461AE09
:10C9E00037489847272362E43C4B2CE694F85231B1
:10C9F000BBB13B220021E07BFAF71AFC814680B9EB
:10CA00001221B4F8AA00F4F745FF03699B0705D586
:10CA1000334B2B481B6898473B2385E7314B1B68FA
:10CA200013E694F8543193B194F8393103F0FF01CF
:10CA30006BB9E37BA3F12402072A08D9A27B3E3A13
:10CA4000042A04D93E3B042B01D92323E3E594F8BF
:10CA50005331012B04D1002384F853312522D1E531
:10CA600094F85331022B7FF41CAEF4E785F83D02B5
:10CA70004BE65EB1F00661D4310761D4B20761D1F3
:10CA8000B30661D440F66331FFF762BA61B3B4F81C
:10CA90004610B4F84830994226D9222384F8313020
:10CAA0000748FAF74BFF00230221E381A3742046D5
:10CAB000FEF7A0FE02B0BDE8F047F9F7F7BD00BFF2
:10CAC0006C170020B821002009294909871208495C
:10CAD000F4210020F8210020E4210020E82100209A
:10CAE000142200201C2200202AB1B4F84E20B4F8F1
:10CAF00048309A42D1D8B4F84420B4F842309A422F
:10CB00000ED2B4F84420B4F848309A42C5D2A27C80
:10CB1000B4F840304AB9052B7FF608AC3E23BDE798
:10CB200094F82C31002BB8D1EBE7B4F842209A42AC
:10CB30003FF6FCAB0823B1E71623AFE71E23ADE7B2
:10CB40003D23ABE72A23A9E72323A7E773B5424D8B
:10CB50000026044668602E812E706E74FF2380F8D4
:10CB60004C30837B0B3B012B11D8C388B0F83E229D
:10CB70009B1A19040BD400F50E71173007F0C4FD91
:10CB8000A37B0C2B08BFA673FF2384F84B30B4F8AB
:10CB9000282204F1A8012046013292B207F0FBFDE1
:10CBA0000023A4F8283294F84A302BB1B4F8462078
:10CBB000B4F848309A4214D294F950302BB1B4F8FA
:10CBC0004E20B4F848309A420BD2B4F84220B4F860
:10CBD0004430934205D2A17CB4F8403039B9052BDA
:10CBE00007D900210846FFF769F9002027E09A429B
:10CBF000F7D994F89E10FE2923D01848FAF758FC6C
:10CC00006C68174AA17B94F8520009F0F6FE154BA8
:10CC1000009020461449F5F741FE6C68237BDA0743
:10CC200003D500210D48F9F7F3FB237B9B0703D5C0
:10CC300004F25F10FAF78CFA00230120237302B08C
:10CC400070BD0A4B1C68002CDAD00AF080F902464D
:10CC50000B460248A047D3E7681700206C17002056
:10CC60005DB90100BDBE010099B90100202200207C
:10CC7000B0F828320B4470B5A0F828320446B0F85A
:10CC800040300D4616460B44A0F8403009F047FDF1
:10CC900090B1636B20460B4404F1A801636308F074
:10CCA0008EFED4E90D239A4206D30023144904F5DD
:10CCB000AB70636308F0C2F894F84A3023B1B4F85B
:10CCC00046302B44A4F8463094F9503023B1B4F8E0
:10CCD0004E302B44A4F84E3094F82C311BB9237CF1
:10CCE000073B012B04D8B4F844302B44A4F844305B
:10CCF0002046FEF783FE16B1E3881D44E58070BD33
:10CD000029590200014B1874704700BFF01700202A
:10CD1000074B93F900301844142804DC10F17F0FFE
:10CD200003DB40B27047142070476FF07E007047FD
:10CD30005E180020084B1B785B425BB21844142835
:10CD400004DC10F17F0F03DB40B270471420704702
:10CD50006FF07E00704700BF5E1800207F2307B58C
:10CD60000DF107008DF8073001F002F803469DF938
:10CD7000070053B1094B5B785B425BB2184414283F
:10CD800006DC10F17F0F05DB40B203B05DF804FB59
:10CD90001420FAE76FF07E00F7E700BF5E1800206E
:10CDA000024B00221A705A70704700BF5E180020B4
:10CDB000014B1870704700BF60180020064BD3F875
:10CDC000000138B1D3F8040120B1D3F80801B0FA5A
:10CDD00080F04009704700BF00600450034B002200
:10CDE0001A705A7010229A70704700BF64180020A1
:10CDF000F8B50646022014460D4600F0E1F8114B46
:10CE0000114A01275C60191D9A6002F18072033497
:10CE10002D011F70DC601D83C3E90426002224332A
:10CE200003F80A2C0D2203F8092C084AC2F8301521
:10CE3000074903C983E80300C2F80875C2F838350A
:10CE4000F8BD00BF641800200300000B0060045010
:10CE5000A013050008B5022000F0B2F80D4B012226
:10CE60001A7000220C4BC3F80021C3F80421C3F848
:10CE700008210A4AC3F8802003F57433C3F88C20D4
:10CE8000A3F58023C3F88C21A3F580530822C3F8AF
:10CE9000042508BD641800200060045003000080D1
:10CEA000154A08B51378FBB100231449C1F8803046
:10CEB00001F57431C1F88C30A1F58021C1F88C31B5
:10CEC00008210F4BC3F80815FFF778FF88B101233D
:10CED0005370938EFF2B03D9BC213B20F4F78EF8BF
:10CEE000DBB29370002313700020BDE8084000F00F
:10CEF00067B810235070F4E76418002000600450F5
:10CF00000020045008B5022000F05AF80121064B19
:10CF100000221970054BC3F80021C3F80421C3F89F
:10CF20000821196008BD00BF64180020006004508B
:10CF3000094B1A7862B1094BD3F8002152B1D3F8EA
:10CF4000040140B1D3F80801B0FA80F040097047FD
:10CF50005878704702207047641800200060045021
:10CF6000064A08B513782BB1FFF728FF20B192F8D5
:10CF7000340008BD9078FCE71020FAE76418002020
:10CF800038B5084C0025D4F80035032B04BF012325
:10CF90006360C4F80055C4F8005501F057FAC4F8AE
:10CFA000805038BD00600450044B4022C3F88820F4
:10CFB000BFF34F8FBFF36F8FFFF7E2BF00E100E0D9
:10CFC00010B50446FFF7DCFF012C06D0022C09D077
:10CFD0003CB18C213D20F4F711F8074B0222C3F835
:10CFE000002510BD044B0322C3F8002502F10042C6
:10CFF000C3F88020F5E700BF00600450024BD3F86F
:10D00000A00300F00100704700C0FF00084BD3F8F8
:10D01000A423D3F8A833511C9BB203D14FF6FF7160
:10D020008B4203D00260838001207047002070474C
:10D0300000C0FF000B4B30B5D3F89053D3F89443A6
:10D04000D3F89813D3F89C2305EA04030B4013404C
:10D05000013317BF05600020446081601CBFC260BF
:10D06000012030BD00C0FF000B4B30B5D3F880531A
:10D07000D3F88443D3F88813D3F88C2305EA040348
:10D080000B401340013317BF0560002044608160EE
:10D090001CBFC260012030BD00C0FF00074B002252
:10D0A000C3F80022C3F81822C3F82022C3F80C22C8
:10D0B000C3F81422C3F81C22704700BF00A0085018
:10D0C00010B50D4C01F03F01D4F8203E41F40C3175
:10D0D00023F4702341F4207143EA0243074AC4F861
:10D0E000203E536823F0030318435060C4F8000D3A
:10D0F000C4F8101D10BD00BF00A00850A0180020EB
:10D10000064B10B50024C3F8704322462146204642
:10D11000FFF7D6FF024B83F83C4010BD00A008503B
:10D12000A0180020094B0022C3F84825C3F8442565
:10D13000C3F84025C3F84C25C3F85025C3F8502147
:10D140004FF48012C3F80823704700BF0050085006
:10D15000EFF3108272B60D4B93F83D1021B15B785E
:10D16000012B04D0022B0ED002B962B6704710F02A
:10D17000040FF9D1064B0021C3F8401503F5A04375
:10D1800001211961F0E710F0020FF2E7A01800206A
:10D190000050085008B5104B187201380F4B072883
:10D1A00015D8DFE800F004080C0A140E1012032250
:10D1B000C3F8002508BD0422FAE70622F8E7052295
:10D1C000F6E70022F4E70122F2E70F22F0E740F64B
:10D1D00045513E20F3F712FFA018002000A0085090
:10D1E000002814BF0223042307B58DF80430002360
:10D1F0008DF8063009F0AFFE01284FF0FF3088BFF0
:10D2000000208DF8050001A803F09CFD20B140F638
:10D210005C313E20F3F7F2FE03F0ACFD58B157232A
:10D22000ADF80230BDF802309BB25A1E92B2ADF892
:10D230000220002BF6D1034B012283F83D2003B0DE
:10D240005DF804FBA018002070B5134D0346084696
:10D250006E7F26B940F6C1013E20F3F7CFFE63B9D9
:10D26000012EAC69297F05D100F03AFF20442B69DB
:10D27000C01A70BD09F02DFDF8E7012B09D1012E70
:10D28000AC69297F02D100F015FFEFE709F02CFD12
:10D29000ECE70020EBE700BFA0180020124B93F84A
:10D2A0002900F8B193F82820EAB193F82A200F4B0F
:10D2B00052B10F4AC3F80821A3F5A043D3F84001A7
:10D2C000B0FA80F040097047D3F8002442F0010220
:10D2D000C3F80024D3F8200500F0F600023818BF88
:10D2E0000120704701207047A018002000A00850BE
:10D2F0000B00008013B50B4C01AB94F9092001F031
:10D30000F1F89DF8050001F075F920B140F2E35104
:10D310003E20F3F773FE21469DF9040000F066FEFF
:10D3200002B010BDA018002008B5134BDB89952B67
:10D3300021D970B9114B28311846D960104901F034
:10D3400041F90130012816D940F2C2613E20F3F7BD
:10D3500055FE01280CD1094B29311846D9600849DE
:10D3600001F036F90130012805D940F2CC61EDE732
:10D370004FF4DA61EAE708BDA0180020A4000020FD
:10D38000A8130500074BD3F8502110B532B1002285
:10D39000054CC3F85021D4F8203203B110BD0AF077
:10D3A000C5F8F8E70050085000A0085008B50E4B2B
:10D3B000DA89952A16D95B78012B09D101F00EF98B
:10D3C000013001280ED940F611113E20F3F716FE68
:10D3D000022B07D101F008F90130012802D940F6EB
:10D3E0001711F2E708BD00BFA01800200A4B40F457
:10D3F00009000A4A9B8940F04000B3F5166F36BF1A
:10D40000A3F63813A3F5166343F48073C2F8083704
:10D41000C2F84005704700BFA018002000A00850C7
:10D4200010B50C46FFF7B6FE2046FFF7DFFF0D4BA9
:10D43000D3F8002442F01002C3F800240A4A127AFA
:10D44000082A0BBF40F2022240F20312C3F8442E16
:10D45000C3F8442E14BF40F25B62044AC3F8482E5E
:10D4600010BD00BF00A00850A0180020211001002E
:10D4700007B50DF1070003F071FC20B140F69F31B4
:10D480003E20F3F7BBFD0D4A9DF807305278012A84
:10D4900004D0022A0ED003B05DF804FB13F0040F91
:10D4A000F9D1074B0022C3F8402503F5A043012220
:10D4B0001A61F0E713F0020FF2E700BFA018002096
:10D4C0000050085038B50C460546FFF763FE20466D
:10D4D0002146FFF78BFF2846FFF70CFF094B1B7A0D
:10D4E000082B094B0BBF40F2022240F20312C3F893
:10D4F000442EC3F8442E14BF40F25B62034AC3F8C3
:10D50000482E38BDA018002000A0085021100100AE
:10D510002DE9F04106460C461746FFF761FE09F07B
:10D5200076FC0028FBD0524D002E56D14FF001085A
:10D5300095F8283085F80180002B3BD1A97A384630
:10D54000FFF7C0FF95F82A30002B37D0494BC3F8BE
:10D550000080494B4FF47A7233F8173003F5FA73B1
:10D56000B3FBF2F3E41A012385F828302B691C443D
:10D57000424BC3F8404595F83E302BB1032B57D0B2
:10D58000022B51D1002E53D03D4B3C49C1F8C03144
:10D59000FFF784FE0546002865D00123CB64D1F84F
:10D5A0004C35A3425FDA21463046FFF7BDFEFFF758
:10D5B0005FFF59E095F82A30002BCAD1314B4FF468
:10D5C0007A7253F8273003F5FA73B3FBF2F32C4A5F
:10D5D000E41A284BC3F80021C5E7012E1FD102230E
:10D5E0006B7095F8283083B9A97A3846FFF718FF91
:10D5F00095F82A306BB11F4B5E601E4AD2F800349A
:10D6000043F01003C2F80034ADE795F82A30002B40
:10D61000F3D1184B293C1A4AC3F80421A3E740F67A
:10D6200034013E20F3F7EAFC012BADD1002EABD044
:10D630002F6C4FF48013114D4FF00008E71B124878
:10D64000C5F85081C5F85075C5F8043302F0AAFB3F
:10D650000123EB64D5F84C359F4295D80720C5F8D7
:10D660005085F9F745FD00252846BDE8F08100BF4B
:10D67000A018002000A008507414050000500850A5
:10D680000B0000805014050085D3010048220021C2
:10D6900001480AF00AB800BFA0180020014BD88149
:10D6A000704700BFA0180020024B012283F82A20F7
:10D6B000704700BFA0180020024B0344187D00F5FE
:10D6C00016607047A8130500014B187F704700BF14
:10D6D000A0180020024B98691B69C01A704700BF50
:10D6E000A01800200A4B1A7FD3E90430C01A094B56
:10D6F00003EB8203DB6BC01A074B53F822304FF465
:10D700007A7203F2F313B3FBF2F3C01A704700BF4F
:10D71000A0180020A81305003C140500FF2810B530
:10D7200004D940F2CB213E20F3F768FC01390729E8
:10D730002AD8DFE801F02C310404292C2C22002403
:10D74000032201214FF0C743234340EA024043EA4A
:10D75000015340F0007043EA0123134943F00803EA
:10D76000C1F8203EC1F8280ED1F8203503F0F703A8
:10D77000032B17D140F25631D5E700224FF08064D9
:10D780004FF000731146DFE74FF44F71CBE70024F1
:10D79000032201212346D7E70024032201214FF071
:10D7A0008073D1E710BD00BF00A0085008B50A463D
:10D7B00003460C490C48C1F870031878032804D0BC
:10D7C00040F2AB313E20F3F719FC012A59780CBF27
:10D7D00008220022FFF774FC044B012283F83C204E
:10D7E00008BD00BF00A0085006000080A01800205F
:10D7F000F8B5284E4FF48067C6F89070BFF34F8F8E
:10D80000BFF36F8F09F0FDFA0546234C09F09FFB2B
:10D810000121401B214D2061C5F8A410FFF73EFCFB
:10D820004FF40023C5F8401EC5F800341C4B187C8B
:10D8300000F0F2FE03F0D6F91A4B1B4AC5F8383354
:10D840001A4BC3F8C820013AC3F8C42040F6FE7250
:10D85000174BC5F81433174BC3F804250023962241
:10D86000A383A361238584F82A30E281D5F8002DB3
:10D8700084F83C304FF480736260C6F89071C5F84C
:10D880008834A36C376103B19847BDE8F84000F0D5
:10D890008DBE00BF00E100E0A018002000A00850ED
:10D8A000A400002003000080060000800050085003
:10D8B0000100008000200850014B5872704700BFE3
:10D8C000A0180020020E034B0002C3F8342EC3F848
:10D8D0002C0E704700A00850044B054A0344907278
:10D8E0001B7D03F516639381704700BFA8130500E5
:10D8F000A018002008B5FFF70BFE58B9064B01220F
:10D90000C3F8400503F5A04302201A61BDE80840B2
:10D91000F9F7EEBB08BD00BF00500850F8B53F4F07
:10D9200005460E4697F8293023B940F206713E208D
:10D93000F3F764FB97F83E40FCB109F068FA002861
:10D94000FBD0374B0122DA64D3F84C459DB9354BF7
:10D950004FF47A72323453F8263003F5FA73B3FB7E
:10D96000F2F31C443B6932462846E41A2146FFF78D
:10D97000C1FF2046F8BD5B34F4E7FFF731FC01231B
:10D98000294A87F82830D2F8003443F00103C2F85E
:10D99000003487F82A4009F03AFA0028FBD03DBB52
:10D9A0000123B97A30467B70FFF78CFD7B78012B21
:10D9B00002D04FF4E961BAE7194AD36402F5A042F4
:10D9C0001360174B2846D3F84C452146FFF7ACFCB3
:10D9D000FFF74EFD3B69E41AF5B9124B4FF47A722A
:10D9E00053F8263003F5FA73B3FBF2F31C44C0E797
:10D9F000012DE6D10223B97A30467B70FFF710FD86
:10DA00007B78022B02D040F2517190E7044BDD6429
:10DA100003F5A0435D60D4E72934AAE7A0180020ED
:10DA2000005008505014050000A0085073B5294B51
:10DA30004FF48061284A4FF0FF30D3F88854C3F880
:10DA40009004C2F890114FF40022244C05F4807524
:10DA5000C3F8002400222249228584F82A20C1F834
:10DA60004025C3F80821C3F80021C3F80421D3F8E6
:10DA70002015C9B2D1B18DF80700C3F820220122C8
:10DA80001A619DF8072012B1D3F820223AB19DF80F
:10DA900007305BB940F6FF013E20F3F7AFFA9DF87F
:10DAA0000720013AD2B28DF80720EAE7FFF77EFCA3
:10DAB000084E0023C6F82032238094F83C300BB186
:10DAC000FFF71EFB1DB14FF48073C6F8883402B017
:10DAD00070BD00BF00A0085000E100E0A0180020C9
:10DAE00000500850F8B52A4FFFF71CFBFFF79EFFC8
:10DAF00000F062FD97F83D304BB103F029F920B1F9
:10DB000040F2AE413E20F3F779FA87F83D0000205D
:10DB100003F02AF9044610B140F2B141F2E71D4D7D
:10DB20001D4EC5F8C401C6F80801C6F80001C6F8C4
:10DB30000401C5F8C800C5F8C400C6F80401C6F859
:10DB4000000103F067F8154B40F6FE72C6F8384343
:10DB5000C6F81443C5F8C041C3F80825FC70C7E9EE
:10DB60000544FFF7DFFA0E4B4FF48062C5F84841D9
:10DB7000C5F84441C5F84041C5F84C41C3F8902070
:10DB8000BFF34F8FBFF36F8FC3F89021F8BD00BF75
:10DB9000A01800200050085000A008500020085095
:10DBA00000E100E070B5174C0646257865B994F899
:10DBB0002A206570E5701AB1134AC2F8405170BD51
:10DBC000228584F82A20FAE718B1BDE87040FFF7F3
:10DBD0002DBF013DE189A27818BF01252846FFF736
:10DBE00033FB94F82A300146268043B1064BC3F834
:10DBF0004061A2782846BDE87040FFF77BBE84F8FC
:10DC00002830F6E7A018002000500850014BC3F858
:10DC10004C0E704700A0085038B50446074803F082
:10DC2000A3F820B140F668113E20F3F7E7F9044D60
:10DC300094E80F0085E80F0038BD00BF51D1010006
:10DC4000EC1800200A490B4B10B50124C1F8D00E86
:10DC5000586283F82940FFF721FB40B9064BC3F80F
:10DC6000400503200C61BDE81040F9F741BA10BD32
:10DC700000A00850A018002000500850084B0122B6
:10DC800010B5C3F8D00E074B83F829205862FFF770
:10DC900005FB044608B9FFF7C9FE204610BD00BFCA
:10DCA00000A00850A0180020144A13691844936972
:10DCB000834210B5124C09D30220F9F719FA002358
:10DCC0000122C4F840350F4B1A6110BD0123D370F7
:10DCD0006364D4F844250532824206D3094AD2F857
:10DCE0000C120029F1D11361EFE70023C4F844318D
:10DCF000054BC4F84405C4F8C431E6E7A018002079
:10DD00000050085000A008500900008038B50A4CA7
:10DD10000346657F217F012D227AE08909D100F039
:10DD2000EDF9A36922699B1A1844BDE83840FFF752
:10DD3000BBBF00F0FDF9F4E7A0180020044BC3F8C6
:10DD4000940ED3F8002442F04002C3F80024704738
:10DD500000A00850054BD3F8002422F04002C3F87D
:10DD600000240022C3F8942E704700BF00A0085082
:10DD7000044BD3F8183703F07F035B420370012094
:10DD8000704700BF00A00850094B93F82A206AB1E1
:10DD90000128084A084902D1C2F804117047C2F8A4
:10DDA000001118B9997A187AFFF7A4BA704700BF22
:10DDB000A018002000A0085007000080002808B527
:10DDC00018BF02220A4B08BF012299701A7093F8FB
:10DDD0002A205AB11B7A8B4204D040F6C7213E203C
:10DDE000F3F70CF9BDE80840FFF7CEBF08BD00BF50
:10DDF000A0180020054B0022C3F84025044AD2F8A1
:10DE00002035DBB20BB1012313617047005008507D
:10DE100000A00850044B30B5D3E90C459B6BC0E91A
:10DE200000450B6030BD00BFA01800202DE9F04177
:10DE300008F0E1FF484C494D0123C4E90C01EB64B3
:10DE4000D5F84C35A363FFF7B1FA454B0022C3F870
:10DE50000821C3F80021C3F80421C3F80421C3F842
:10DE60000021D3F8001421F01D01C3F8001494F828
:10DE70003C3084F829200BB1FFF742F9D5F848353A
:10DE8000A361D5F84435636163786377344BD3F885
:10DE90001872D3F82002FFF701F96678022E40D1FC
:10DEA000E3784BB1D5F8443133B10120FFF77AFE66
:10DEB000E36CBDE8F0411847002F45D0237A23B921
:10DEC00040F24D213E20F3F799F8DA1E012A24D8BA
:10DED000234BD3F81C3E13F006031DD0022B1ED09B
:10DEE0000323002500202377FFF75CFE1C4B85F001
:10DEF0000101D3F80C2ED2074CBFD3F81C0E012021
:10DF0000236D44BF00F00100084300F0010080F0E1
:10DF10000100BDE8F041184703230125E2E704238F
:10DF2000FBE7012E10D1237A237737B10020FFF7CA
:10DF300039FE636D31460020EBE758B13046FFF7FC
:10DF400031FE636D3946F6E720B10120FFF72AFE66
:10DF5000A36DAEE7BDE8F081A01800200050085086
:10DF600000A00850024B03EB8003D86B704700BF42
:10DF7000A8130500024B03EB8003186D704700BF28
:10DF8000A8130500F7B501230D46477801464370F5
:10DF900004462846164600F069F94FF47A73124A8F
:10DFA000ADF80630BDF806309BB243B9BDF8063077
:10DFB0009BB27BB940F65F513E20F3F71FF8D2F8D1
:10DFC0000431002BF2D1BDF80630013B9BB2ADF815
:10DFD0000630E7E7677016B9EB78A370AB707B1E6D
:10DFE0005842584103B0F0BD006004502E3008B5CF
:10DFF000362854D8DFE800F05053535353534D5351
:10E00000535353535353535353534B5353535353E8
:10E01000585358534953475345534353413F3D3B4E
:10E0200039373533312F2D2B29272523215A1C0031
:10E030003F231F4AC2F8103708BD3323F9E72D23C9
:10E04000F7E72823F5E72323F3E71F23F1E71B2353
:10E05000EFE71823EDE71523EBE71323E9E7112397
:10E06000E7E70F23E5E70D23E3E70B23E1E70A23C7
:10E07000DFE70923DDE70823DBE70723D9E70623EA
:10E08000D7E70523D5E70423D3E70323D1E701230B
:10E09000CFE74FF49873CCE74FF48873C9E74FF498
:10E0A0008E713F20F2F7AAFF0223C2E73923C0E7AF
:10E0B00000A008504FF47A73033A5843012A10B570
:10E0C000064C00F2E73034F911100844B0FBF3F0CD
:10E0D0008CBF02230A23C01A10BD00BF28140500FC
:10E0E0004FF47A73044A00FB033032F911201044D4
:10E0F000B0FBF3F0704700BF2814050038B51D468B
:10E100000A4B33F9114003EB820305355B691C446C
:10E110004FF47A7304F6B73403FB00441046B4FBA3
:10E12000F3F42544FFF71EFF284438BD28140500EA
:10E1300070B5064608461546FFF71CFF094B03EB72
:10E1400085035C694FF47A7304F6B73403FB064425
:10E15000241A2846B4FBF3F4FFF704FF05302044EB
:10E1600070BD00BF28140500024B00221A705A70BF
:10E170009A707047FC1800202DE9F04707460120EF
:10E1800015469DF834400E469846DDF824A09DF8CB
:10E190003090FEF715FF314AD47014B93B1F5C4232
:10E1A0005C4107F00303002143EA04632C4CC4F8EC
:10E1B00004352C4BC4F88010C3F88410A3F58023D9
:10E1C000C3F88411A3F580530221C3F80815BDF8E4
:10E1D000283031689380F36809BA93FA83FCB368F6
:10E1E00018BA7368C4F810C51BBAC4F81405C4F88B
:10E1F00018352B0AC4F81C152D069DF8206043EA3B
:10E200000863DAF804102DBA003E23F00043DAF870
:10E21000000009BA18BF0126B9F1020F00BAC4F80C
:10E22000201543EAC673C4F824051BBAC4F8283580
:10E23000C4F82C550CD80C4B022F13F80930C4F835
:10E2400048354FF00103537000D11370BDE8F087DB
:10E250004FF49B716C20F2F7D1FE00BFFC18002038
:10E260000060045000300850881405002DE9F84F74
:10E27000334B04460D465A7822B94FF4A8716C20EE
:10E28000F2F7BCFE4A7893F803801A81B8F1000FC8
:10E2900051D14A7803F1060B42702A4A4FF0000C24
:10E2A000294E4FF00E09DFF8ACA006F1080706F181
:10E2B000300EC3F844B006F1400BDD61C3F820A076
:10E2C00083F82AC083F82B9092E80300C3E90BCCB3
:10E2D00086E80300D2E90201C3E9154A87E8030092
:10E2E000E91C1F8959621F85D2E904018EE80300E9
:10E2F00016499964D2E90601E21CDA6507EB0802C7
:10E30000A3F86020C2F307428BE8030083F8622081
:10E31000012183F86390C3E919CCAA78A2700C4A52
:10E32000C2F83065C2F838E599701970C2F804C1B6
:10E330001160BDE8F88F00F1010B4FF00408ACE765
:10E34000FC1800208C140500081900200100000CA6
:10E35000006004500100000D334B5A782DE9F04164
:10E3600005460E4622B94FF4BD716C20F2F746FE09
:10E370002E4A03F13C0C03F14C0403F10C07DFF8C7
:10E38000C480DFF8C4E0C3F848805E65C3F858E095
:10E3900092E80300C3E9095E8CE80300711C59642C
:10E3A000D2E9080184E80300F11C0024D965204962
:10E3B0009C6683F83240C3E91814D2E9040187E867
:10E3C0000300691CC3E90518D2E90601EA1C03F140
:10E3D0001C08DA629A881A860E2288E8030083F8FD
:10E3E00033200121C3E90D44B278AA70114AC2F862
:10E3F00030C5C2F8387599701B780BB9A921B4E7FC
:10E400000D4BC2F80441C2F80841C2F880300B4AF3
:10E41000C2F88430A2F58022C2F884310222084B6F
:10E42000C3F80425BDE8F081FC1800208C14050019
:10E43000E803000E00600450010000800030085026
:10E44000002004500100000C0100000D0C4B1A7854
:10E450008AB100220B490220C1F8802001F57431F5
:10E46000C1F88420A1F58021C1F88421A1F5805153
:10E47000C1F808051A7000225A709A70704700BFE0
:10E48000FC1800200060045008B50B4BD3F808219D
:10E4900022B10420F8F72CFE022008BDD3F8042195
:10E4A00022B90520F8F724FE0320F6E7D3F800048C
:10E4B000003818BF0120F0E700600450014B012232
:10E4C0005A60704700600450014B1860704700BFED
:10E4D0006C190020024B1868003818BF01207047E3
:10E4E0006C1900202DE9F04F254C85B00546984663
:10E4F0000F46164600F0CEF823788146AB4211D184
:10E500006378BB420ED194F90230B3420AD1E3786A
:10E51000834207D1A388A8F8003094F9060005B01B
:10E52000BDE8F08F082D1CD18DF80F6028469DF9AD
:10E530000FB008F0EEFB82463846FFF7BDF8002228
:10E540000346414600925846524600F059F8B8F842
:10E550000030A071A38025706770A67084F80390C6
:10E56000DBE7284608F0D5FB0DF10F0332463946AC
:10E5700000F096F80028D9D04621A920F2F73EFDF8
:10E58000BA000020014B1860998070479019002054
:10E59000024BD86019745A82704700BFBC19002022
:10E5A000014B1B681B68184710010020014B1B68BA
:10E5B0005B68184710010020014B1B689B681847D7
:10E5C00010010020014B1B681B6918471001002037
:10E5D000014B1B685B69184710010020014B1B6849
:10E5E0009B69184710010020014B1B68DB69184725
:10E5F00010010020014B1B689B6A18471001002086
:10E6000030B4044C9DF8085024680295E468A44690
:10E6100030BC60471001002000220D49134610B5A0
:10E6200040FA02F4E40744BFCA545C1C02F1010240
:10E6300048BFE3B2042AF3D1054AFF24D118032BC3
:10E6400001D9107110BD013301F8014BDBB2F6E7BF
:10E6500030220020696D02006F6D0200716D0200B2
:10E66000976D0200756D0200A16D02007B6D0200C6
:10E67000AB6D0200816D0200B76D02008D6D02006E
:10E68000916D0200836D0200896D0200A76D02008A
:10E69000B16D0200014B187D704700BF201A0020A9
:10E6A000042810B511D883B104280CBF10242824E5
:10E6B000A1420AD2064C54F8200018B141568A42B1
:10E6C000A8BF0A4600201A7010BD6FF01500FBE7C6
:10E6D000201A00200728034611DC10F12D0F10DB53
:10E6E000094A101890F82E0002EBC00292F93C2063
:10E6F0009A4207D0002918BF0130C0B270471B20D2
:10E7000070470020704700BF0C150500072808B5AA
:10E7100007DCFFF7DFFF044B03EBC00393F93C007A
:10E7200008BD0820FCE700BF0C150500C0B208B505
:10E7300020B9044B01229A601A6008BD4D21B52012
:10E7400002F07EF800E0105010F0FF0008B513D181
:10E750000B4B01225A60DA600A4AC3F800011070BC
:10E76000D3F8082412F0010205D1C3F81021C3F830
:10E770001821C3F8142108BD7C21B52002F060F8EF
:10E7800000E01050351A0020014B01221A7070472A
:10E79000351A002008B540B9064BD3F8103113B92B
:10E7A000054B187808BD0120FCE7C221B52002F016
:10E7B00047F800BF00E01050351A0020024BD3F894
:10E7C000080400F00100704700E01050024BD3F83D
:10E7D000480400F00100704700E01050024BD3F8ED
:10E7E0004004C0B2704700BF00E010500749024625
:10E7F000D1F84C04D1F84C1410F4803005D0D0B2CC
:10E8000001F003031B1A58425841704700E01050B2
:10E8100038B51A4BD3F80C34DA0304D440F279112A
:10E820006D2002F00DF8164A0124164B106A53664B
:10E8300020F03F0094645464136CDB03FCD4136A2F
:10E84000116C03F03F03C1F30A01C1F5806181EA55
:10E85000E1750B29A5EBE17509DD3F2B04D00133F0
:10E8600003431362172DE6DC0023936438BD0B319C
:10E87000F8DA002BF8D0013BF2E700BF00E01050BF
:10E88000000812500100008038B50B4C23781BB1F2
:10E8900000232370FFF7BCFFEFF3108572B6637897
:10E8A00003F0FF000BB9FFF74FFF05B962B6034B4A
:10E8B00000225A6638BD00BF381A002000081250E6
:10E8C000F8B5104E012704460D463318DF7008F0E6
:10E8D00074FA60B934B90C4B11227771B560C3F882
:10E8E0000423F8BD40F225116D2001F0A9FF002D91
:10E8F000F7D01CB90220A847B460F2E74FF4A0712A
:10E90000F2E700BF381A002000E01050044B00224C
:10E91000191803EB80034A719A60CA70704700BFF0
:10E92000381A0020014B1882704700BF381A0020A7
:10E93000014B588A704700BF381A0020014B188AD3
:10E94000704700BF381A002010B5EFF3108472B67C
:10E95000064B03445A780132D2B25A705B78012BCD
:10E9600001D1FFF7E3FE04B962B610BD381A0020EA
:10E97000034610B5EFF3108472B611490B445A7870
:10E9800022B940F257216D2001F05AFF5A78013A1E
:10E99000D2B25A705B7883B90B7D43B1094BD3F87F
:10E9A0000C34DB0306D44B7803F0FF002BB9FFF7E0
:10E9B000CBFE02E0487D02F0D5F804B962B610BD86
:10E9C000381A002000E0105010B508F0F9F90C4C8E
:10E9D00008F0F3F960B1A37D3BB90A4B01229A61BB
:10E9E0000423E3750023237610BD08F0ECF9F9E762
:10E9F00003230122E375034BC3F80423F2E700BFAE
:10EA0000381A002000E01050014B01221A627047B2
:10EA100000E01050044B587E28B1044BD3F810018D
:10EA2000B0FA80F040097047381A002000E010501A
:10EA300038B50C4B5D7E5DB901245C7608F0C0F9F9
:10EA4000094B1022C3F81051C3F80423DC6138BD10
:10EA5000FFF7E0FF0028FAD040F293216D2001F08B
:10EA6000EFFE00BF381A002000E01050024BD87DA6
:10EA7000003818BF01207047381A002038B5174CED
:10EA8000237D23B940F206316D2001F0D9FE012328
:10EA90002370A37DC3B9A37EB3B1227E013B9A420A
:10EAA00012DA08F08AF9054601F0F6FFA37E012B81
:10EAB00082BF237E0133237655B1E369C31A013344
:10EAC000022B09D935B1E061BDE83840FFF77CBFC2
:10EAD000236AF3E72062F7E738BD00BF381A002049
:10EAE00037B5184CA37D63B9606A00F00300FFF7E7
:10EAF0007DFE30B1EFF3108372B6E27D1AB103B937
:10EB000062B603B030BD0122E27503B962B60823D4
:10EB10000D4DC5F808334FF42073ADF80630BDF83D
:10EB200006309BB25A1E92B2ADF80620002BF6D1E9
:10EB3000C5F80C3184F82830FFF746FF0823C5F8E4
:10EB40000433DEE7381A002000E010502DE9F74FBB
:10EB50004E4C237D002B00F096800323ADF804304B
:10EB60004B4BD3F80051D3F80891D3F8142112B9C4
:10EB7000D3F818216AB10026C3F81461C3F81861EC
:10EB8000C3F81061637E0BB108F01DF9667608F0DA
:10EB900082FA3F4BD3F81031002B59D0637E1BB162
:10EBA00008F011F900236376637913B102238DF81D
:10EBB0000430003D18BF012545F01005354E0DF11C
:10EBC000040A334B4FF00008F71EC3F808531AF835
:10EBD000010B03280AD03B7843B14FF0000B336898
:10EBE00087F800B013B19847C6F800B008F10103E8
:10EBF000043601374FF00108022BE8D1B9F1000FBC
:10EC000008D0234B0022C3F808210422C3F80823AC
:10EC1000FFF766FF94F82860EA071D4BF6B2D3F8B9
:10EC20000C7108D5E27D032A05D1A27DA2B9042288
:10EC3000E27501229A61C7B1154B0022C3F80C217D
:10EC4000E37D042B0DD040F269316D2001F0F8FD19
:10EC5000002DD3D00125B1E708F0B5F80223E37504
:10EC6000E9E70223E37508F0AEF866B1002384F803
:10EC70002830E37D022B01D1FFF7A6FE03B0BDE8EB
:10EC8000F04F08F0A0B803B0BDE8F08F381A0020AC
:10EC900000E01050401A002010B5054C606A00F0EA
:10ECA0000300FFF7A3FD0028F8D0002010BD00BF2F
:10ECB000381A0020F8B5054650B10278022A07D864
:10ECC000437842B9013B1F2B02D88378212B07D907
:10ECD0006FF0150088E0002BFAD18378002BF7D174
:10ECE000634B2022C3F8A020BFF34F8FBFF36F8F79
:10ECF000604EC3F8A0217D235F4CC6F80833002383
:10ED0000C6F80031C6F80831C6F80C316370A3703C
:10ED1000AB886382FFF752FD10B10123E37063708B
:10ED2000D6F80C0440F2563310F4803023821BD006
:10ED3000FFF72AFD514801F0EBFE4E4E602360754F
:10ED40000022C6F804332B78A978012B6276626220
:10ED5000A375A176227620D0022B17D0F3B140F212
:10ED60001E516D2001F06CFDC6F81001FFF7DEFCAE
:10ED7000404AD2F81031002BFBD0FFF749FD0020AC
:10ED8000FFF7E2FC3E4B00225A66D3E708F018F882
:10ED9000D6F80C34D903FBD502236362FFF716FDC6
:10EDA00040B3FFF71BFD636A03F00303984221D1D0
:10EDB000AB79D3B9FFF770FFA37E63B12B7853B95A
:10EDC00007F0FBFF054601F067FE6FF00043002DE2
:10EDD0004BD0C4E907030123202200202375244BD4
:10EDE000E075C3F8A0211A62F8BD224B0422C3F8D3
:10EDF0000423E1E71F4B012200215A61C3F80811E7
:10EE000094F82410C3F840141A610422C3F80423B0
:10EE1000AA79002AD0D1D3F80423520702D440F2B1
:10EE2000D1419EE7174A1769116907F0100741F0B1
:10EE300010011161D3F808310BB908F079FB0D4EC0
:10EE4000D6F8083173B1FFF727FF27B90D4A1369C8
:10EE500023F0100313610423C6F808330023C6F817
:10EE60000831A9E708F062FBEAE7C4E90730B2E736
:10EE700000E100E000E01050381A002089E80100AD
:10EE80000008125000ED00E038B5164C0023E07881
:10EE9000237508B9FFF758FCE37D042B0BD1124D05
:10EEA0000020FFF7A3FC18B1D5F80C31002BF7D0E8
:10EEB0000023C5F80C31002320226370E375A37092
:10EEC0000A4BC3F8A020BFF34F8FBFF36F8FC3F877
:10EED000A0217D22044BC3F80823607DBDE83840A3
:10EEE00001F030BE381A002000E0105000E100E0D0
:10EEF00038B50C4B0C46197919B183216F2001F0FC
:10EF00009FFC60B95D790DB1002038BD01225A71B6
:10EF1000FFF71AFD21462846FFF7D2FCF4E76FF011
:10EF20001500F2E7641A002038B50B4D04462B7922
:10EF30001BB19A216F2001F083FC50B96B790BB99A
:10EF4000002038BDFFF7E2FC20466C71FFF710FD92
:10EF5000F6E76FF01500F4E7641A002010B501B36E
:10EF6000F0B14FF0FF33104A1C46E0FB01349442ED
:10EF700003D9DB216F2001F063FC1A0DC3F30F10DE
:10EF80000A4B42EA04324FF22444B2FBF4F100EBA4
:10EF9000024003FB1100B0FBF4F040EA01400130F5
:10EFA00010BD0846FCE700BF3F420F00000024F4FC
:10EFB000014B9B68184700BF641A0020014BDB68B7
:10EFC000184700BF641A0020014B1B69184700BF97
:10EFD000641A002008B5064B1B7923B140F23711A3
:10EFE0006F2001F02DFCBDE80840FFF747BD00BFD2
:10EFF000641A0020034B1A790AB9FFF799BC988D5F
:10F00000704700BF641A0020034B1A790AB9FFF752
:10F0100095BC988A704700BF641A0020024B1B7988
:10F020000BB9FFF75DBD7047641A0020014B9B6967
:10F03000184700BF641A002038B51D4C237933B33C
:10F04000FFF7C2FF50B91B4DC5F81001FFF7B0FF25
:10F05000D5F81031002BFBD0FFF7B0FF154B602225
:10F06000C3F80423636A9847002806DB94F82E301F
:10F0700023B10123002084F8303038BDFFF7D6FFDC
:10F080000028F6DA40F28D116F2001F0D9FB0A4B0F
:10F09000A3610A4BE3610A4B23620A4BA3600A4B4C
:10F0A000E3600A4B2361FFF705FE0028E1D0E4E7A7
:10F0B000641A002000E0105099EC0100D36D0200AA
:10F0C0006DEA0100C16D0200C76D0200CD6D020046
:10F0D00010B50A4C23795BB194F8303053B1A36A70
:10F0E0009847002806DA4FF4E2716F2001F0A8FB80
:10F0F000FFF7CAFE002384F8303010BD641A0020E8
:10F1000038B5084B04461D7925B140F2E1116F2056
:10F1100001F096FB00F0EEFD2046FFF703FC2846C9
:10F1200038BD00BF641A002008B5074800F0D0FDC4
:10F13000054800F019F801F007F901F011F800F0A6
:10F14000E5F9012008BD00BF981A002008B5054B5D
:10F150001A781AB12721032001F072FB5860197048
:10F1600008BD00BFA01A0020024B986000221A7050
:10F170005A607047A01A0020F7B51E4C2378012B67
:10F18000DAB204D0022A2ED0012003B0F0BD0DF176
:10F190000701606800F0E4F965686B7DDB071CD54A
:10F1A000AB7F042B19D000F027FE0646A8B100F073
:10F1B00029FE2B69D5E900279A18B36847F10007A3
:10F1C0000A332CBF012500251B1845EB010593428E
:10F1D000BD4102D3606800F0C9FA00236360237068
:10F1E0009DF80700D1E70DF10701606800F0C4F950
:10F1F000F3E700BFA01A002073B505460C4600F0E7
:10F20000FBFD0646AB7F012B1AD021462B4604F1AD
:10F21000180251F8040B914243F8040BF9D1012371
:10F220000DF107012846AB7700F09AF916B10120DD
:10F2300002B070BD034B0421986808F0E5F8F6E7CA
:10F240000020F5E7A01A0020024B0621986808F07C
:10F25000DBB800BFA01A0020174B1868F0B560B1EA
:10F2600050F8102C50E9063418380A3344F10004E1
:10F270009B18826944F1000402B9F0BD52E90615F9
:10F28000994275EB0406F8D2077D12F8046CB74278
:10F290000BD00FD90A3152F8103CA2F1180045F1F9
:10F2A00000055B1845F1000404E09688878BF61B87
:10F2B0003604EFD41268DFE7AC1A0020F8B5244C0E
:10F2C000002323716371A371E371EFF3108272B6AF
:10F2D000A168E3606160A36002B962B600261D4DBB
:10F2E000636803B9F8BD9A79A3F11800032A07D11E
:10F2F0001A6801219E7153F80C3C62609847EFE751
:10F300001B6863B1183B07462A46997F04290ED033
:10F310009B7F032B04D063219F2001F091FA2A46A2
:10F32000136802211B681360C3688677E6E7B0F8AC
:10F330001CC0998BA1EB0C010904996944BF07F12A
:10F34000180218460029EBD01F46A1F11803DCE78C
:10F35000AC1A0020B01A0020042300F118028377B1
:10F360000023037643768376C376044B996811B9FC
:10F370009A60DA607047D9680A60FAE7AC1A002030
:10F380002DE9F041134C06460F460020236833B99F
:10F39000E8B1114BBDE8F041187801F0E3BB53E947
:10F3A000061553F8082CD3F80080521845F10005D3
:10F3B000B242BD4109D22268A3F11800126822604E
:10F3C000FFF7CAFF01204346E1E71C46FBE7BDE823
:10F3D000F08100BFAC1A002014010020494B1B68CB
:10F3E0002DE9F74F044682838B46D0E9002003B114
:10F3F000183B94F815C0DFF80CE10CF0010C002B61
:10F400003BD0D3E90056AA4270EB060135D3BCF1DC
:10F41000000F2CD0277D197D8F4228D399684D1974
:10F4200046F1000615F10A0846F1000E424570EB60
:10F430000E0119D22169891840F1000788457EEB39
:10F44000070901D241467746A942B7410FD220466B
:10F45000FFF782FF2C4B187801F084FB00238BF818
:10F46000003003B0BDE8F08F11460746ECE703F12A
:10F47000180E9B690BB1183BC3E7BCF1000F34D0E9
:10F48000A168891840F10009019173B30199D3E98A
:10F49000007611F10A0549F10001AF4276EB010156
:10F4A00023D2257D197D8D4218D39D68ED1946F133
:10F4B000000615F10A0A46F10008524570EB0801F2
:10F4C00010D22169891840F100078A4578EB070CB2
:10F4D00001D251464746A942B741B8D39B6923B1EF
:10F4E000183BD3E711460746F5E7DEF80020234630
:10F4F00043F8182FCEF80030FFF7AEFE8442ADD1AE
:10F500000123ACE7AC1A00201401002010B50B4C0D
:10F510002378FF2B04D04FF48D719F2001F090F9D8
:10F52000074801F0F5FA074B002220701A705A7054
:10F530009A70DA709A60DA601A8210BD14010020A5
:10F54000BDF20100AC1A002010B5044C2078FF2851
:10F5500003D001F0F7FAFF23237010BD140100203F
:10F56000044B1A8A10B4541C1C825DF8044BFFF73C
:10F5700035BF00BFAC1A002038B504460D46FFF772
:10F580006BFE231A04F118015842584128700448B0
:10F5900007F060FF10B100230120A37738BD00BF42
:10F5A000AC1A002038B5114B044600F118019A68D6
:10F5B000B2B19A6800209AB191420ED108B1A56902
:10F5C00005609D68A94204BF12689A60DA6891429A
:10F5D00000D1D8600023A37707E010461268EAE75D
:10F5E000034807F037FF0028F4D138BDAC1A0020DB
:10F5F000B01A00202DE9F041264E04460D46FFF7D3
:10F60000BFFE3068002843D0A0F1180C50E9063145
:10F61000A34271EB050250F8102C3CBF234629464B
:10F620000A322CBF012700279B1841EB070207680D
:10F63000604627B900F118037361BDE8F08157E90E
:10F6400006EC9E457CEB0201F4D290F8148017F88A
:10F65000041C884513D019D9744523462A46A7F1BE
:10F66000180075EB0C0157F8101C3CBF734662463E
:10F670005B1842F100020A3342F1000206E0B98849
:10F68000B0F81C80A1EB08010904E5D43F68D0E77D
:10F690000346D1E7AC1A002010B5054C616920463D
:10F6A00007F0D8FE18B1606900231838636110BDF7
:10F6B000AC1A00209C46144BF0B51D68FDB115F83E
:10F6C000043C183D834218D812F10A04D5E90036EB
:10F6D0004CF10001A34276EB01070BD22F69FF1812
:10F6E00046F10006A7428E4107D3B4F10A0041F16A
:10F6F000FF31F0BD1C463146F7E7AD69DEE74FF05C
:10F70000FF300146F5E700BFAC1A002008B5837F43
:10F71000022B1CD1437D13F0020302D00023837718
:10F7200008BD0322037643768376C3760D4B82773A
:10F7300000F11802996839B99A60DA600A4B1878B2
:10F74000BDE8084001F00EBAD9680A60F5E7837F8A
:10F75000012BE5D0837F042BE2D04FF4FF719F2073
:10F7600001F06EF8AC1A00201401002010B500F171
:10F7700018010446084807F06DFE20B94FF40271E5
:10F780009F2001F05DF82046FFF7E6FD034BBDE842
:10F790001040187801F0E6B9AC1A002014010020DE
:10F7A0002DE9F74FD0F810E0BEF1000F04D040F281
:10F7B00027219F2001F044F8836890F8148001937A
:10F7C000D0E90014EFF3108972B6274BB3F810C0DC
:10F7D0001B686BB1019D183B0A35D3E900264EF139
:10F7E000000A6D1844EB0A0A95427AEB060707D225
:10F7F000B9F1000F35D0C0E9001403B0BDE8F08FB7
:10F800008A4276EB04070CD31F69BF1846F1000B40
:10F81000AF427BEB0A0B34BF0125002575B99B690C
:10F82000D7E712F10A0A9D6846F1000715EB0A05B1
:10F8300047F10007A94274EB0707ECE71D7DA845D7
:10F8400009D0ECD912F10A019D6846F1000469184B
:10F8500044F10004E3E79D8BA5EB0C052D04DED5F8
:10F86000F0E762B6C7E700BFAC1A0020024B0521E3
:10F87000186807F0C9BD00BFC81A0020064B5868B9
:10F8800010B520B94FF41B71B02000F0D9FFC36848
:10F890000521BDE810401847C81A00202DE9F84F8F
:10F8A000274C8146237BA668A3BB94F80D8018F0F3
:10F8B000010803D0E3899E4238BF1E4600F082FD56
:10F8C00010EB060B05460F4641F1000A584651461B
:10F8D000FFF790FE08B3D0E900329B457AEB0201B6
:10F8E00004D29D1B9B46924662F100070023154AF5
:10F8F000284639462362C4E904BAC4E9065700F031
:10F9000035FDB8F1000F02D0E3899E4216D00223E4
:10F910000D4A0DE04FF00008D0E7237B2BB1637B4D
:10F920009B0702D5636A012098470023074A237387
:10F9300084F82830C9F80020BDE8F88F0123E7E7F4
:10F94000C81A00206DF801005DFA01001B7002006A
:10F950002DE9F04717463D4C002B67D0E289D3E9EB
:10F9600000656432864275EB01034FF000033CBF33
:10F9700006460D462362B6EB000A65EB01095245C7
:10F980001A4672EB0902C4E9046527DA237B3BB10E
:10F99000637B9A0702D5636A01209847002323738B
:10F9A00094F80D8008F00108A36803F5E1739A4507
:10F9B00079F100011DDAB8F1000F11D0E089244A75
:10F9C000301A65F10001C4E9060100F0CFFC0623FE
:10F9D000204A84F828303A60BDE8F0879846E3E78B
:10F9E0001B4A30462946C4E9066500F0BFFC0523E2
:10F9F000EEE7FFF7E3FAE089A368B8F1000F0BD058
:10FA0000984209D9301A124A65F10001C4E9060189
:10FA100000F0ACFC0123DBE7F01A0D4A65F10001B0
:10FA2000C4E9060100F0A2FC0223D1E7237B2BB13D
:10FA3000637B9B0702D5636A0120984700252573E5
:10FA4000FFF7BCFA2B46044AC3E700BFC81A0020E0
:10FA50006DF801005DFA01001B700200023970B5FB
:10FA60000546032900F2D480DFE801F006020840D1
:10FA7000694B002283F82920002024E0664C94F88A
:10FA80002830042B09D8022B28D8013B012B1BD985
:10FA90004FF4CD71B02000F0D3FE053B012BF7D819
:10FAA000FFF76AFB0028E7D000F07CFC00F08AFC3E
:10FAB00006460C46FFF79EFD2A4603462146304681
:10FAC000FFF746FF022070BDFFF756FB0028D3D09A
:10FAD00000F068FC2846FFF7E1FEF3E7FFF74CFB78
:10FAE0000028C9D0012384F82930C5E74A4C94F88E
:10FAF00028301A1F012A2AD8042B94F829600CD127
:10FB000000F090FB48B900200021FFF773FD08B119
:10FB1000FFF72CFEFFF752FADCE7002EC6D1FFF705
:10FB2000BBFD0028C2D06060C4E90B6600F04AFB50
:10FB30006068022331468377C3689847D4E904019B
:10FB400007F069FA354B84F828602B60BAE700F0BB
:10FB500039FCA369C01A236A9842ACBF20622362B1
:10FB600094F82830022B19D1FFF722FA94F82830A4
:10FB7000022BD4E904012CD1637BDB071BD5237B4B
:10FB8000CBB9E389264AC01A61F10001C4E9060134
:10FB900000F0ECFB032384F828306DE7637BDA0781
:10FBA00001D5207B10B140F2B31173E7636A984727
:10FBB00001232373DAE73238236A194A41F1FF310E
:10FBC000C01841EBE371C4E9060100F0CFFB042348
:10FBD000E1E7012B0AD1A368114AC01A61F10001C3
:10FBE000C4E9060100F0C2FB0223D4E7236A3238DD
:10FBF0000B4A41F1FF31181841EBE371C4E90601EA
:10FC000000F0B4FB94F82830062BE0D10523C2E7BE
:10FC100040F2F1113EE700BFC81A002025FC0100A8
:10FC20006DF8010002392DE9F041064604292ED86D
:10FC3000DFE801F003090B2D0E00174A537B003B50
:10FC400018BF0123137300201FE0FFF795FAFAE7AE
:10FC5000DFF8448000F0C6FA00F0B4FB0C4605461D
:10FC6000FFF7C8FC0746D8F80400FFF74FFD002354
:10FC700000222846C8F8043000232146C8E904239E
:10FC80003B463246FFF764FE0220BDE8F08140F2B9
:10FC90001721B02000F0D4FDC81A002010B5EFF3F2
:10FCA000108472B6084B1A681168084A914208D14C
:10FCB00093F82830033B012B03D8FFF77FF900F0BE
:10FCC00071FB04B962B610BDC81A00205DFA0100CC
:10FCD000064A002310B5064C0260206084F82830E4
:10FCE0006373FFF791F93230A06010BD1B70020002
:10FCF000C81A002008B5074B1A681168064A9142D5
:10FD000004D040F25121B02000F09AFD32309860CA
:10FD100008BD00BFC81A00201B70020010B5EFF329
:10FD2000108472B6034B0421186807F06DFB04B908
:10FD300062B610BDC81A002008B5094B5A6822B92E
:10FD400040F27221B02000F07BFDD3E90421BDE830
:10FD500008408018034A41F1000100F007BB00BFD2
:10FD6000C81A00207DF8010008B5064B5B6823B96E
:10FD70004FF41E71B02000F063FDBDE8084000F0B4
:10FD800011BB00BFC81A002008B5054B5A6822B93C
:10FD900040F27E21B02000F053FDD86208BD00BFC4
:10FDA000C81A002008B5054B5A6822B94FF42171D2
:10FDB000B02000F045FD186308BD00BFC81A002040
:10FDC000054B1B6B10B523B940F28A21B02000F01F
:10FDD00037FDBDE810401847C81A0020054BDB6A04
:10FDE00010B523B94FF42471B02000F029FDBDE80F
:10FDF00010401847C81A0020014B5868704700BFD0
:10FE0000C81A002008B5054B5A6822B940F29B2158
:10FE1000B02000F015FDD3E9040108BDC81A002088
:10FE2000034B587B10F0010018BFD889704700BF02
:10FE3000C81A00200028ADBF00F1604000F00F009C
:10FE4000044B00F56140B4BF185C90F80003400912
:10FE5000704700BF14ED00E02DE9F04105460E4665
:10FE6000E1B9114F3B681BB18621452000F0E8FC49
:10FE700038600E48FFF788FF0D48FFF793FF07F043
:10FE800066F86B7D04465B0708D506F0BAFF0A34B6
:10FE9000241A7C6000F0A8FA0028FBD02B6A3146B7
:10FEA000686ABDE8F0411847001B0020D5FE01003C
:10FEB000B5FE0100064B1B6810B51BB97221452029
:10FEC00000F0BEFC1A6A0421586ABDE810401047D1
:10FED000001B0020064B1B6810B51BB96C21452088
:10FEE00000F0AEFC1A6A0321586ABDE810401047C2
:10FEF000001B0020024B00221A601A81704700BFCD
:10FF0000001B002008B5074B1A681AB9B921452013
:10FF100000F096FC0449D16000221A60BDE8084058
:10FF2000FFF792B9001B002059FE010030B587B0E1
:10FF30000C46182200210546684607F0B6FB637A96
:10FF40004FF000026168C3F38003029183F0010364
:10FF500063F38202237A8DF81430224B8DF815203A
:10FF6000039323785BBB9DF81500D4E90432400766
:10FF7000CDE9003207D50A3B01F10A0142F1FF3217
:10FF80000291CDE90032637A69469DF81520C3F3EA
:10FF9000400322F003025B0043F0010313438DF89A
:10FFA0001530114B5868C0F30800B8B11038FFF78E
:10FFB00041FF98B92846FFF71FF907B030BD236904
:10FFC000049306F018FF9DF815305B0744BF029BB1
:10FFD0000A33CDE9000148BF0293D4E7284606F072
:10FFE00018FFEAE759FE010000ED00E008B50A4BF2
:10FFF0001B6823B94FF4EE71452000F021FC5B7DB6
:020000040002F8
:100000005B0703D4BDE8084006F0A1BF06F09FFFE0
:100010000A3041F1000108BD001B002070B50B78CB
:1000200086B023B140F21F21452000F009FC4C7A34
:100030004FF000060593C4F380034D6883F001037D
:10004000029563F382060B7A8DF814300F4B8DF80E
:10005000156076070393D1E90431CDE9003107D566
:100060000A3B05F10A0541F1FF310295CDE9003166
:100070009DF81530C4F340046946049264F34103CB
:100080008DF8153006F0C5FE06B070BD59FE0100B2
:100090007FB506F0B0FE002305930B4B039340F2AF
:1000A0001E2302934FF0FF33CDE900016946074854
:1000B0000493FFF7A1F818B99B21432000F0C0FB7F
:1000C00007B05DF804FB00BFF5000200381B0020FC
:1000D00010B5074C94F820304BB9FEF775FF30B9D6
:1000E000012384F82030BDE81040FFF7D1BF10BDD8
:1000F000381B002008B505292DD8DFE801F0032EB4
:10010000282C2C0D06F068FE144806F022FF1E383D
:10011000BDE8084006F071BEFEF756FF38B10F4B40
:10012000002283F82020BDE80840FFF78DB806F0D4
:1001300055FE08B906F050FE00214FF4007006F09D
:10014000D8FE0028E0D1B921432000F079FBBDE8BA
:100150000840FFF79DBFC521F6E708BD381B00200A
:100160004FF000430B4A0021C2F88030A2F58022F4
:10017000C2F88031012302F57832C2F80435A2F5C5
:100180008022C2F804352022034B184683F8201041
:1001900007F08BBA00400C50381B00200023084A9F
:1001A000C2F88030A2F58022C2F88031012302F526
:1001B0007832C2F80835A2F58022C2F808357047B7
:1001C00000400C5008B51DF039FF054AD2F85837E9
:1001D00043F00103C2F85837BDE80840FFF778BF85
:1001E00000200E5008B51DF039FF0B4AD2F85837E1
:1001F00023F00103C2F858370122084B5A604FF030
:10020000FF32C3F808232022054BC3F89021BDE834
:10021000084000F0C7B800BF00200E500050085042
:1002200000E100E008B5FEF7CFFEB0B90D4BD3F802
:1002300000314BB90C4A536A0133312B53620BD94D
:100240006C21432000F0FCFA06F0C8FD08B17021D3
:10025000F7E706F0BFFD012008BD034B00225A62FC
:10026000F9E700BF00E01050381B002040F20251B7
:10027000014808B500F0DAFA198C05001848202268
:1002800008B5C0F89020BFF34F8FBFF36F8F154BA9
:10029000C0F89021D3F8041521F00301C3F8041528
:1002A000D3F8081541F00301C3F8081592FAA2F13A
:1002B000B1FA81F1092904DD40F29F310A4800F0CA
:1002C000B5FAC3F8101501215960D9604FF000410B
:1002D000C3F880104FF0FF31C3F80813026108BD66
:1002E00000E100E000500850198C0500134A4FF45B
:1002F000E0632021C2F838330023C2F8AC35C2F8DD
:10030000BC35C2F8CC35C2F82031C2F82431C2F86D
:1003100028310B4AC2F89C11C2F89C10BFF34F8FD2
:10032000BFF36F8FC2F89010BFF34F8FBFF36F8F83
:10033000C2F89011034A1360704700BF00200E50AE
:1003400000E100E0601B002008B5FFF7CFFF054B80
:100350004FF4A062C3F834232022034BC3F89C213E
:10036000DA6108BD00200E5000E100E00B4B10B533
:100370001C681CB14C21042000F062FAB1F5801F0A
:100380001A6001D3FFF772FF054B0122C3F8A005E5
:10039000C3F8A415C3F8AC2510BD00BF601B002036
:1003A00000200E50054A136833B100230449C1F8F8
:1003B000AC35C1F820311360704700BF601B0020CE
:1003C00000200E5030B54FF0FF30064C6FF040412A
:1003D000D4E90023904271EB0305F9D31046C3F32F
:1003E000130130BD40270E5008B5FFF7EBFF044B5B
:1003F000D3E90223904299412CBF0120002008BD7F
:10040000601B002008B5FFF739FF024B01221A607C
:1004100008BD00BF0050085010B5FFF72FFF0F4C6C
:100420000023C4F8BC35C4F82431FFF7CBFF0A30F1
:1004300041F10001B1F5801F01D1FFF717FF4FF027
:100440000043C4F8B005C4F8B415C4F8A4310123BE
:10045000C4F8BC35024BC3E9020110BD00200E50A8
:10046000601B0020144BD3F8342312F4A06F10B596
:1004700003D1FB21042000F0E3F9D3F8202162B17D
:1004800000220E49C3F8AC25C3F820210B6813B92C
:1004900040F20311EEE70A609847074BD3F8282192
:1004A0004AB10022C3F8CC25C3F82821034BBDE88C
:1004B00010401B69184710BD00200E50601B002023
:1004C000034610B3007888B91A79012A1ED85A79E0
:1004D000012A1BD89A680E49643A8A4216D8D8680D
:1004E0000C4B98422CBF00200120704701280CD1F2
:1004F0001A79012A09D85A79012A06D8DA680449F2
:10050000643A8A4201D89868EAE70020704700BF41
:100510003C8601000040420F70B5044606F06BFCBB
:1005200040F2F966656AD4E90632963342F1000278
:100530005B1905F5DF6542F10002B5FBF6F55B19C5
:1005400042F1000283428A410ED294F82A30052BF0
:1005500003D0B3216A2000F073F90A21236A94F8CA
:1005600058009847B621F5E7044C236813B1984723
:1005700000232360BDE87040FFF7C4BC741B00205B
:1005800070B504460D4639B9012380F85930FFF79C
:10059000C3FF0226304670BD0E78032E70D801A32B
:1005A00053F826F093050200B50502001F0602006D
:1005B000D70502004868C72801D80026EAE70421C9
:1005C00006F097FC0028F8D006F019FC6968204670
:1005D00006F085FDDEE790F8286006BB4D682846EA
:1005E000FFF76EFF00284BD02B78D3B90121217083
:1005F0002B796A79003B18BF0123002A14BF04221B
:10060000022243F004032272AA68A5326260EA68FB
:1006100063720323226184F82A3084F8291020466B
:10062000B5E794F82A30052B04D040F293116A20E4
:1006300000F006F9267004F130002B796A79003B4E
:1006400018BF0123002A14BF0422022243F004032E
:100650002272EA686372A532A9686260D4E9063240
:100660005B1842EBE1722146C4E90432042384F8AA
:100670002A30FFF75BFC0028D1D140F29511D6E774
:10068000012384F85930CAE72DE9F8438846074624
:1006900058B300F037F84FF0000904465FFA89F6C6
:1006A000B44203D86FF00B00BDE8F883304609F17F
:1006B000010900F02DF890F82A50002DEED13046B7
:1006C00000F026F80A490446058580F82A500246BB
:1006D00080F85860303006F0B8FC012327622846C5
:1006E00084F82A3088F80060DEE76FF01500DBE759
:1006F000ED700200024B00221A601A71704700BFB1
:10070000781B0020014B1879704700BF781B002030
:10071000044B1A79824283BF1B68602202FB0030BF
:1007200000207047781B00200A4610F0030110B526
:100730000AD1074C2271206008B9002010BD602347
:100740005A4306F0B2FFF8E76FF00D00F6E700BF7E
:10075000781B0020BFF34F8F0549064BCA6802F48F
:10076000E0621343CB60BFF34F8F00BFFDE700BFD4
:1007700000ED00E00400FA05084B01225A604FF03A
:10078000FF32C3F808238022054BC3F88820BFF34B
:100790004F8FBFF36F8FC3F88821704700700450EC
:1007A00000E100E038B51D4C2378ABB306F018FB30
:1007B000EFF3108572B60023636006F045FCFEF788
:1007C00087FC0121164B1748C3F8A4104FF480632F
:1007D000C0F89030BFF34F8FBFF36F8FC0F89031E8
:1007E000FFF7CAFFB4F90830002B0BDB5A0903F0FE
:1007F0001F03994002F1200340F82310BFF34F8FED
:10080000BFF36F8FFFF776FF074B0122C3F8082570
:1008100005B962B60023237038BD00BF801B0020DD
:1008200000A0085000E100E00020085008B572B6B2
:10083000024B5B6803B19847FFF78CFF801B0020D9
:100840001FB572B6144B5C6894B9FFF783FFB2FB17
:10085000F6F22B465D1C002AF9D1DBB203F110053C
:100860006D4405F80C2C0A2233B901A8A047ECE727
:10087000024600230A26EDE7013BDBB203F1100537
:100880000DEB0506B0FBF2F502FB1500303006F863
:100890000C0C2846E8E700BF801B0020F8B5234F6A
:1008A00005460C4616463B78002B3CD106F084FAF0
:1008B0007E601F4B01263C814FF48062C3F8A46028
:1008C0001C4BC3F89020BFF34F8FBFF36F8FC3F85B
:1008D0009021FFF751FF184B002D14BF28461846F2
:1008E000FEF7AAFB0546E0B9FFF704FBFEF796FB0F
:1008F00006F0D9FCFEF718FC18B9B8211120FFF753
:100900009FFF002C0BDB04F01F036409A4009E4032
:1009100004F1604404F56144C4F880612660012359
:100920003B702846F8BD4FF0FF35FAE7801B0020EA
:1009300000A0085000E100E024160500074BB3F9C1
:100940000830002B09DB5A09012103F01F039940ED
:1009500002F14003024A42F823107047801B002036
:1009600000E100E0014B1878704700BF801B0020B9
:1009700050B1074B03F1140253F8041B934240F8A3
:10098000041BF9D1002070476FF01500704700BFBD
:10099000478C05002DE9F84F07468946934698464F
:1009A000374CDFF8F0A0374D2E780136F6B2D5E897
:1009B0004F3F0133DBB2C5E8403F0028F7D10121AA
:1009C0006160C4F80001C4F80401EFF3108072B64E
:1009D0002D4BC5F80490AB60C5E905B33B68C4F87E
:1009E00010357B68C4F81435BB68C4F81835FB684B
:1009F000C4F81C35254BC4F830351033C4F83835ED
:100A0000216000B962B6D4F800312BB9D4F80431B2
:100A100013B92B789E421CD0B8F1000F09D00A9B65
:100A20003BB1D4F840350A9AC8F80030D4F83C35C8
:100A30001360D4F80431002BB5D12978B142B2D17A
:100A4000C4F80031C4F804310323C4F80833BDE806
:100A5000F88FDAF81030DB06D5D503238021C4F8EF
:100A600004330B4BC3F88811D4F80031002BCAD1E2
:100A7000D4F80431002BC6D106F058FDC3E700BFFF
:100A8000007004508C1B00201000000B901B0020F5
:100A900000E100E000ED00E01A4B4FF4000270B5F9
:100AA000C3F89820BFF34F8FBFF36F8F164C002110
:100AB000164DC4F80011C3F898212E692B6906F071
:100AC000100643F010032B610123C4F804332360A4
:100AD000D4F800319BB11EB92B6923F010032B61B0
:100AE0000123D4F808054FF400026360C4F808330A
:100AF0000023C4F80031034BC3F8982170BD06F001
:100B000015FDE5E700E100E000700D5000ED00E0AC
:100B100038B50B49042301EBC302157905F0FF0436
:100B20002DB1013BF7D240216920FFF789FE41F842
:100B3000330001215471D8B29471117138BD00BFD6
:100B4000B01B0020042808B503D947216920FFF70E
:100B500077FE034B002203EBC0031A7108BD00BFF0
:100B6000B01B0020042808B503D950216920FFF7E5
:100B700067FE094B03EBC0000379012B01D0512123
:100B8000F4E7437982790133DBB29A4218BF4371AB
:100B9000BDE80840FFF7D2BEB01B002038B50524E1
:100BA0000F4D95F8281005EBC1031A79012A09D1D8
:100BB00058799A79904205D05A79D2B29A7155F8FB
:100BC0003130984795F82830013C0133DBB2052BD2
:100BD00028BF002314F0FF0485F82830E1D138BD88
:100BE000B01B0020094B0A4AC3F800230132C3F8A6
:100BF0000C230132C3F818230132C3F82023013239
:100C0000C3F81C230132C3F81021704700A008501C
:100C100004000080074B0022C3F80023C3F80C2314
:100C2000C3F81823C3F82023C3F81C23C3F81021EA
:100C3000704700BF00A00850844641EA000313F04B
:100C4000030359D1403A33D3F0B4F0C9F0C0F0C92E
:100C5000F0C0F0C9F0C0F0C9F0C0403AF5D2F0BC25
:100C600026E0403A24D300BF0B6803604B68436022
:100C70008B688360CB68C3600B6903614B69436118
:100C80008B698361CB69C3610B6A03624B6A436200
:100C90008B6A8362CB6AC3620B6B03634B6B4363E8
:100CA0008B6B8363CB6BC36340304031403ADBD204
:100CB00030320BD30B6803604B6843608B688360F2
:100CC000CB68C36010301031103AF3D20C3205D328
:100CD00051F8043B40F8043B043AF9D2043208D0FE
:100CE000D2071CBF11F8013B00F8013B01D30B8870
:100CF00003806046704700BF082A13D38B07B0D02B
:100D000010F00303ADD0C3F10403D21ADB071CBFFC
:100D100011F8013B00F8013BA3D331F8023B20F866
:100D2000023B9EE7043AD9D3013A11F8013B00F89F
:100D3000013BF9D20B7803704B7843708B7883704A
:100D400060467047014B1B681B681847180100205C
:100D5000014B1B685B68184718010020014B1B689A
:100D60009B68184718010020014B1B681B69184736
:100D700018010020034B1868034BC01A18BF01204C
:100D8000704700BF180100208C0D0200F1760200B0
:100D9000FD76020001770200097702000D7702005C
:100DA00081F0004102E000BF83F0004330B54FEA1C
:100DB00041044FEA430594EA050F08BF90EA020F89
:100DC0001FBF54EA000C55EA020C7FEA645C7FEA1C
:100DD000655C00F0E2804FEA5454D4EB5555B8BF3F
:100DE0006D420CDD2C4480EA020281EA030382EAB0
:100DF000000083EA010180EA020281EA0303362D42
:100E000088BF30BD11F0004F4FEA01314FF4801C14
:100E10004CEA113102D0404261EB410113F0004F26
:100E20004FEA03334CEA133302D0524263EB4303DD
:100E300094EA050F00F0A780A4F10104D5F1200E7B
:100E40000DDB02FA0EFC22FA05F2801841F10001D6
:100E500003FA0EF2801843FA05F359410EE0A5F1AA
:100E600020050EF1200E012A03FA0EFC28BF4CF0DB
:100E7000020C43FA05F3C01851EBE37101F0004591
:100E800007D54FF0000EDCF1000C7EEB00006EEB9E
:100E90000101B1F5801F1BD3B1F5001F0CD3490828
:100EA0005FEA30004FEA3C0C04F101044FEA44527F
:100EB00012F5800F80F09A80BCF1004F08BF5FEA06
:100EC000500C50F1000041EB045141EA050130BDE6
:100ED0005FEA4C0C404141EB0101013C28BFB1F5F8
:100EE000801FE9D291F0000F04BF01460020B1FA43
:100EF00081F308BF2033A3F10B03B3F120020CDA16
:100F00000C3208DD02F1140CC2F10C0201FA0CF0F3
:100F100021FA02F10CE002F11402D8BFC2F1200C58
:100F200001FA02F120FA0CFCDCBF41EA0C0190400E
:100F3000E41AA2BF01EB0451294330BD6FEA040457
:100F40001F3C1CDA0C340EDC04F11404C4F1200242
:100F500020FA04F001FA02F340EA030021FA04F354
:100F600045EA030130BDC4F10C04C4F1200220FAAB
:100F700002F001FA04F340EA0300294630BD21FAE9
:100F800004F0294630BD94F0000F83F4801306BFAF
:100F900081F480110134013D4EE77FEA645C18BFA3
:100FA0007FEA655C29D094EA050F08BF90EA020F3A
:100FB00005D054EA000C04BF1946104630BD91EA32
:100FC000030F1EBF0021002030BD5FEA545C05D135
:100FD0004000494128BF41F0004130BD14F5800474
:100FE0003CBF01F5801130BD01F0004545F0FE41E8
:100FF00041F470014FF0000030BD7FEA645C1ABF1D
:10100000194610467FEA655C1CBF0B46024650EA53
:10101000013406BF52EA033591EA030F41F400217F
:1010200030BD00BF90F0000F04BF0021704730B505
:101030004FF4806404F132044FF000054FF00001DA
:1010400050E700BF90F0000F04BF0021704730B59B
:101050004FF4806404F1320410F0004548BF404270
:101060004FF000013EE700BF42004FEAE2014FEAC5
:1010700031014FEA02701FBF12F07F4393F07F4FA0
:1010800081F06051704732F07F4208BF704793F0A3
:101090007F4F04BF41F40021704730B54FF46074B6
:1010A00001F0004521F000411CE700BF50EA0102B9
:1010B00008BF704730B54FF000050AE050EA010262
:1010C00008BF704730B511F0004502D5404261EBD2
:1010D00041014FF4806404F132045FEA915C3FF413
:1010E000D8AE4FF003025FEADC0C18BF03325FEAB0
:1010F000DC0C18BF033202EBDC02C2F1200300FA61
:1011000003FC20FA02F001FA03FE40EA0E0021FA85
:1011100002F11444BDE600BF70B54FF0FF0C4CF473
:10112000E06C1CEA11541DBF1CEA135594EA0C0F25
:1011300095EA0C0F00F0DEF82C4481EA030621EA60
:101140004C5123EA4C5350EA013518BF52EA03359B
:1011500041F4801143F4801338D0A0FB02CE4FF04D
:101160000005E1FB02E506F00042E0FB03E54FF07D
:101170000006E1FB03569CF0000F18BF4EF0010E75
:10118000A4F1FF04B6F5007F64F5407404D25FEA71
:101190004E0E6D4146EB060642EAC62141EA555124
:1011A0004FEAC52040EA5E504FEACE2EB4F1FD0C66
:1011B00088BFBCF5E06F1ED8BEF1004F08BF5FEAE4
:1011C000500E50F1000041EB045170BD06F0004696
:1011D00046EA010140EA020081EA0301B4EB5C0443
:1011E000C2BFD4EB0C0541EA045170BD41F480113B
:1011F0004FF0000E013C00F3AB8014F1360FDEBF60
:10120000002001F0004170BDC4F10004203C35DA3B
:101210000C341BDC04F11404C4F1200500FA05F3BE
:1012200020FA04F001FA05F240EA020001F000425F
:1012300021F0004110EBD37021FA04F642EB0601D5
:101240005EEA430E08BF20EAD37070BDC4F10C04FF
:10125000C4F1200500FA04F320FA05F001FA04F2C3
:1012600040EA020001F0004110EBD37041F10001AF
:101270005EEA430E08BF20EAD37070BDC4F12005BA
:1012800000FA05F24EEA020E20FA04F301FA05F222
:1012900043EA020321FA04F001F0004121FA04F2CA
:1012A00020EA020000EBD3705EEA430E08BF20EA9A
:1012B000D37070BD94F0000F0FD101F000464000D4
:1012C00041EB010111F4801F08BF013CF7D041EA56
:1012D000060195F0000F18BF704703F0004652005A
:1012E00043EB030313F4801F08BF013DF7D043EA2B
:1012F0000603704794EA0C0F0CEA135518BF95EAE1
:101300000C0F0CD050EA410618BF52EA4306D1D167
:1013100081EA030101F000414FF0000070BD50EA86
:10132000410606BF1046194652EA430619D094EA10
:101330000C0F02D150EA013613D195EA0C0F05D1FA
:1013400052EA03361CBF104619460AD181EA03014E
:1013500001F0004141F0FE4141F470014FF0000006
:1013600070BD41F0FE4141F4780170BD70B54FF0A1
:10137000FF0C4CF4E06C1CEA11541DBF1CEA135521
:1013800094EA0C0F95EA0C0F00F0A7F8A4EB050403
:1013900081EA030E52EA03354FEA013100F08880FA
:1013A0004FEA03334FF0805545EA131343EA1263C3
:1013B0004FEA022245EA111545EA10654FEA002678
:1013C0000EF000419D4208BF964244F1FD0404F531
:1013D000407402D25B084FEA3202B61A65EB03058D
:1013E0005B084FEA32024FF480104FF4002CB6EB4A
:1013F000020E75EB030E22BFB61A754640EA0C00CA
:101400005B084FEA3202B6EB020E75EB030E22BF09
:10141000B61A754640EA5C005B084FEA3202B6EB4A
:10142000020E75EB030E22BFB61A754640EA9C0009
:101430005B084FEA3202B6EB020E75EB030E22BFD9
:10144000B61A754640EADC0055EA060E18D04FEA97
:10145000051545EA16754FEA06164FEAC30343EA37
:1014600052734FEAC2025FEA1C1CC0D111F4801F04
:101470000BD141EA00014FF000004FF0004CB6E7FD
:1014800011F4801F04BF01430020B4F1FD0C88BF9C
:10149000BCF5E06F3FF6AFAEB5EB030C04BFB6EBA7
:1014A000020C5FEA500C50F1000041EB045170BD9A
:1014B0000EF0004E4EEA113114EB5C04C2BFD4EBC7
:1014C0000C0541EA045170BD41F480114FF0000E4B
:1014D000013C90E645EA060E8DE60CEA135594EAC7
:1014E0000C0F08BF95EA0C0F3FF43BAF94EA0C0FCA
:1014F0000AD150EA01347FF434AF95EA0C0F7FF43F
:1015000025AF104619462CE795EA0C0F06D152EA92
:1015100003353FF4FDAE1046194622E750EA410676
:1015200018BF52EA43067FF4C5AE50EA41047FF487
:101530000DAF52EA43057FF4EBAE12E74FF0FF3CEC
:1015400006E000BF4FF0010C02E000BF4FF0010CBD
:101550004DF804CD4FEA410C7FEA6C5C4FEA430C36
:1015600018BF7FEA6C5C1BD001B050EA410C0CBF85
:1015700052EA430C91EA030F02BF90EA020F0020E7
:10158000704710F1000F91EA030F58BF994208BF4E
:1015900090422CBFD8176FEAE37040F0010070470B
:1015A0004FEA410C7FEA6C5C02D150EA013C07D162
:1015B0004FEA430C7FEA6C5CD6D152EA033CD3D0AD
:1015C0005DF8040B704700BF8446104662468C46A7
:1015D0001946634600E000BF01B5FFF7B7FF0028DA
:1015E00048BF10F1000F01BD4DF808EDFFF7F4FF03
:1015F0000CBF012000205DF808FB00BF4DF808ED8E
:10160000FFF7EAFF34BF012000205DF808FB00BFB0
:101610004DF808EDFFF7E0FF94BF012000205DF8D2
:1016200008FB00BF4DF808EDFFF7CEFF94BF012087
:1016300000205DF808FB00BF4DF808EDFFF7C4FF80
:1016400034BF012000205DF808FB00BF4FEA4102D3
:1016500012F5001215D211D56FF47873B3EB625204
:1016600012D94FEAC12343F0004343EA505311F02B
:10167000004F23FA02F018BF404270474FF00000BD
:10168000704750EA013005D111F0004008BF6FF0FB
:10169000004070474FF00000704700BF4A0011D271
:1016A00012F5001211D20DD56FF47873B3EB6252BC
:1016B0000ED44FEAC12343F0004343EA505323FAC8
:1016C00002F070474FF00000704750EA013002D13D
:1016D0004FF0FF3070474FF0000070474FEA410273
:1016E000B2F1E04324BFB3F5001CDCF1FE5C0DD980
:1016F00001F0004C4FEAC0024CEA5070B2F1004FCA
:1017000040EB830008BF20F00100704711F0804FCC
:1017100021D113F13872BCBF01F00040704741F491
:1017200080114FEA5252C2F11802C2F1200C10FA95
:101730000CF320FA02F018BF40F001004FEAC12379
:101740004FEAD32303FA0CFC40EA0C0023FA02F31D
:101750004FEA4303CCE77FEA625307D150EA0133F3
:101760001EBF4FF0FE4040F44000704701F00040C3
:1017700040F0FE4040F40000704700BF7BB972B9F2
:101780000029BEBF00204FF0004106E008BF00283E
:101790001CBF6FF000414FF0FF3000F057B8ADF1C3
:1017A000080C6DE904CE002909DB002B1ADB05F0DB
:1017B000DCFFDDF804E0DDE9022304B070474042BD
:1017C00061EB4101002B1BDB05F0CFFFDDF804E0EE
:1017D000DDE9022304B0404261EB4101524263EB78
:1017E00043037047524263EB430305F0BEFFDDF84D
:1017F00004E0DDE9022304B0404261EB410170479F
:10180000524263EB430305F0B0FFDDF804E0DDE98D
:10181000022304B0524263EB4303704753B94AB901
:10182000002908BF00281CBF4FF0FF314FF0FF30E8
:1018300000F00CB8ADF1080C6DE904CE05F095FF91
:10184000DDF804E0DDE9022304B07047704700BF13
:1018500008B5EFF711FEF4F7C1FCEFF70BFC002021
:1018600008BDFFF785B8F4F72FBCF4F71FBC02F0F2
:1018700057BA02F058BA02F058BA10B586B004460A
:1018800001A8FFF775F8022300202370052360707C
:10189000A3709DF80430E0706371BDF805302071CD
:1018A000E380DDF80730A36006B010BD01F0BCBED8
:1018B00070B50446FBF7A2FB012805461AD1601C4F
:1018C000FBF7A4FBB0B1A3790020E61D63F03F0352
:1018D000A371F4F735FF38B110220021304605F02E
:1018E000E4FE0020257070BD3046FBF7A3FB002806
:1018F000F2D0F6E70025F4E710B5044610220021E7
:1019000005F0D3FE04F1100310220021184605F063
:10191000CCFEFBF7A9FB0020F4F712FF20B1204614
:10192000FBF788FB002010BDFBF768FB0028F6D012
:10193000F8E710B50446FFF7AFF8B0F5007F09DA15
:1019400010F5007F08DD031EB8BF03339B10002095
:10195000237010BD7F23FAE76FF07E03F7E78178ED
:10196000008802F099B90078003818BF012001F012
:1019700038BE37B505460C4600880DF1060101F06A
:1019800036FF2B882380BDF80630638003B030BD5E
:1019900038B505460C46EFF783FD30B13E2D04D136
:1019A0002046BDE83840EFF7BFBD38BD37B5044627
:1019B0002046F5F7ADFA022805460FD004280DD1D0
:1019C00023788A2B0DD0942B21D0204600F038F8B4
:1019D000A1782078FFF7DCFF0028E9D0284603B083
:1019E00030BD05213E20FFF7D3FF0028EDD1E3787D
:1019F00001A92279684643EA0223ADF8003002F0DB
:101A0000D7F80028D4D053210820EFF7F7FA1A218D
:101A10003E20FFF7BDFF0028D7D163796946A27940
:101A200001A843EA0223ADF8043011238DF80630F3
:101A3000F4F734FB0028BBD06521E5E703F09CB93F
:101A400010B503780446813B1B2B43D8DFE813F025
:101A5000430049005500590063007B0081001C00D1
:101A600075004F008F0095006F00850089009B0076
:101A7000A900C300CE00DC00E200010107010D0156
:101A800013014200FB00F5002920EFF74DFD30B1B6
:101A90003E232370222363702923A3701AE00A20B7
:101AA000EFF742FD3E23237018B11F2363700A2312
:101AB000F3E70123A37013236370E37903F00103B9
:101AC000E371D4F81A30C4F80E30E38B638294F8D3
:101AD0002030237510BD3E2303700423437014236C
:101AE000DBE73E2303700A2343700323D5E73E233D
:101AF00003700D2343700523CFE7052323700423D0
:101B000007E05A20EFF7CCFC08230028F6D05A2231
:101B100022706370DEE75B20EFF7C2FC18B15B2335
:101B200023700623F5E7302323700323F1E73E23D8
:101B300003700B2343700723AFE73E230370062394
:101B400043700C23A9E71323037083789B000133B0
:101B5000DFE7572303700223DBE73E2303700D23E7
:101B60009BE73E23037001234370112395E73E2337
:101B700003700623437012238FE73E23037009236B
:101B80004370132389E73E2303702420EFF7CCFC36
:101B900018B12423A3701423BBE70E23A3701023D2
:101BA000B7E73E2303702520EFF7BEFC227B20B170
:101BB00025230B32A37062708CE70F2304F10B0115
:101BC00004F10800A37002F1080302326370BDE85B
:101BD000104005F053BD3E2303702620EFF7A4FC10
:101BE00018230028D6D02622A27092E73E23037045
:101BF0002A20EFF799FC18B12B2363702A234CE7B6
:101C00001D236370192348E73E23037007234370A5
:101C10001A2342E73E2303703820EFF785FC18B102
:101C20003823A370262374E72C23A370202363702A
:101C3000E38A03F00F03E3824CE7FF2303700D23D5
:101C40004370802329E7FF230370292343708123F6
:101C500023E73E2303700C23437023231DE73E2319
:101C600003700E234370372317E73E2303700A23C4
:101C70004370352311E73E230370FE2343702B236B
:101C80000BE708B510B96FF0150008BDFFF7D6FED9
:101C90000028F8D00020F8E710B50C4648B141B153
:101CA000FFF784FE002820700CBF6FF02200002098
:101CB00010BD6FF01500FBE7F8B5941C0E46054605
:101CC00017460C446343B3F5004FA8BF4FF0FF33F2
:101CD00010F003019CB203D0B0211420EFF78EF96D
:101CE000B4F5004F01D9B121F7E71422043005F013
:101CF000DCFCEF746C802E80F8BD38B50388C48896
:101D00008B420589C4F30E0203D2D1211420EFF7D0
:101D100075F984EA0503C3F30E030BB9AC4206D18F
:101D200002F118030122C1528274184438BD1846CA
:101D3000FCE7023101444A43B2F5004FA8BF4FF01F
:101D4000FF3290B21B3020F00300B0F5004F34BFDB
:101D500000B24FF0FF30704740881B3020F0030086
:101D6000B0F5004F34BF00B24FF0FF3080B2704783
:101D700038B503888B4203D2F7211420EFF73EF9E0
:101D8000857C65B1C388C3F30E031833C25A8A42F7
:101D900007D3C152811DEFF7D7FB00238374284678
:101DA00038BD0025FBE703461830F0B59E88DD8876
:101DB000B4B2C6F30E06A54214D05F89DD7C845B05
:101DC0003D44E41B0235A4B2354428440D88A542A5
:101DD00084BF0C8025465989B1FA81F149091170F7
:101DE000DD81F0BD00252846FAE7F8B58288002697
:101DF000C38904460D4692B20E60CBB14189C2F34D
:101E00000E020B4418329BB28718825A43819342C8
:101E100004D94FF4A2711420EFF7F0F804D1011D9A
:101E2000EFF792FB46812F6000230120E381F8BD8C
:101E30001846FCE78388014602899BB29A4202D089
:101E40000831EFF781BB70478388C0889BB2C31A03
:101E5000584258417047828873B595B2C488C2F31E
:101E60000E02AC4202F1180212D04189C689835A8F
:101E7000314499420EDB0DF10601ADF80650EFF743
:101E800063FBBDF80600001B18BF012002B070BD47
:101E90000020FBE70120F9E770B5C48803460689F6
:101EA0001830C4F30E0584EA0602C2F30E020AB922
:101EB000B4420FD19C891A880CB1465B921B9142A7
:101EC00007DCDA7C2C440232224410440A461A828F
:101ED00070BD00221046FAE7F8B5038A002B38D00F
:101EE0008B4236D3C48800F118038589C4F30E04ED
:101EF0001E1995B91D55757085891E5B0D443144B9
:101F0000ADB285811953D2B1811DEFF71DFB0023BE
:101F10008381002303820120F8BD1E5BAE4204D002
:101F20004FF4F6711420EFF769F8C57C2644878AD0
:101F3000023535445E195F53857DB570DCE7C27CA0
:101F4000254402322A4499189B5A83828B788375E0
:101F5000DFE70020E0E78388C2889BB29A4206D080
:101F6000428922B9C3F30E03183318447047002086
:101F70007047C37C0233C8187047C37C0233C81A49
:101F800070470230704738B58388C2889BB29A4246
:101F900007D045892DB9011DEFF7D6FAC58101207B
:101FA00038BD0020FCE703881380C388C3F30E0309
:101FB0001833034480890B6070470368002223B9FB
:101FC000C0E90132031D0360704759681B680A4469
:101FD000F5E70729034670B504D84FF4EC711520D6
:101FE000EFF70CF80068C0B1446806461A688C42E6
:101FF00010D0106860B901F10805AC420DD35468E7
:1020000050501868651A541800686560505002E016
:102010001346E9E7146830461C6070BD0023C1E92F
:10202000003203680B600160704730B590B184786E
:10203000B1FBF4F304FB131300EB430252898A4211
:1020400001D1D8B230BDC27822B900F10803D0B2B4
:10205000844201D8FF20F5E733F8025F01328D4258
:10206000F5D1EFE78278038805324B4303EB420357
:102070001844704737B500240546CDE900448DF873
:1020800006006846ADF80440EFF73EFCBDF804409A
:1020900008B103B030BD29462046EFF711FC0028F7
:1020A000EFD040F235211720EEF7A8FF70B51E469D
:1020B0000D460921FFF73DFE044632460921284618
:1020C000FFF737FE40EA04031B0454BF00194FF02A
:1020D000FF3070BDD31D23F0070370B5083390B1F6
:1020E00010F0070403D058212220EEF787FF046088
:1020F0004FF6FF75C28000F108040A468180013A5C
:1021000092B2AA4203D103FB01F0083070BD066809
:10211000266004601C44F2E718B1C2888188FFF78A
:10212000D9BF70470346EFF3108272B6006830B132
:10213000016819600023037043708370C37002B993
:1021400062B67047EFF3108372B602680A600160EE
:1021500003B962B67047012303707047F8B50C46A7
:10216000054611461E4684F001046400E4B2FF23D4
:10217000837003191B7D012B05D00134E4B20319D0
:102180001B7D012B0AD105EB44073B8B3A8C981938
:10219000904205DD00232C443B8323750020F8BDCD
:1021A00005EB8404324660681844FEF745FD3B8B1E
:1021B0001E443E830023AB700120F0E781F0010153
:1021C000490010B5C9B2FF23837043181C7D012C50
:1021D00007D10C3120F8112002221A7500238370D8
:1021E00010BD0131C9B243181C7D012CF1D04FF450
:1021F00099710920EEF702FF024630B5837803F0AB
:10220000FF00F3B9137D022B19D0537D022B15D19A
:102210000346012089B10024D5180C332C7522F80F
:102220001340131803241C7502EB80035B680B60DA
:1022300000F10C0332F813308B80012030BD0123F4
:10224000E8E70020FAE7034630B5827802F0FF00A5
:10225000E2B99A7D022A17D0DC7D022C13D1032229
:1022600081B11D1900200C34287523F8140098182A
:102270000324047503EB82000C32406833F81230FB
:1022800008608B80012030BD0324E9E70020FAE7D5
:10229000037D012B01D1008B7047437D012B0CBFC7
:1022A000408B00207047837D012B01D1808B7047CC
:1022B000C37D012B0CBFC08B00207047838B23B9DB
:1022C000C08B003818BF0120704701207047027D85
:1022D000022A01D1008B7047437D022B01D1408B34
:1022E0007047032AF6D0032BF9D000207047827D77
:1022F000022A01D1808B7047C37D022B01D1C08B94
:102300007047032AF6D0032BF9D0002070472DE93F
:10231000F0410646069898460D46430711469DF83B
:102320001C7002D010F0030003D025214C20EEF7E2
:1023300065FE4FF48B72FFF7CDFE002F06AB04460F
:1023400000FB08F114BF00201846EFF71FF917B97A
:10235000069B33602C60BDE8F081EFF7BBBCEFF764
:1023600015BD012807D1487900F0C000A0F1400355
:10237000584258417047002070470B46812203F8AD
:10238000032BB0F80920A1F80320C27A9A70704795
:1023900040F2BD21322008B5EEF730FE13B50346FA
:1023A0000C4690F8DE2002F0FF0032B1A3F13600B7
:1023B00000F0F6FB8F230420237002B010BDF8B5A7
:1023C0000E46044620B940F206313220EEF716FEE2
:1023D000437A4789002B46D1036DD0F80E20C3F80D
:1023E000AD20428AA3F8B120437B026D03F0FD03C8
:1023F000003B18BF012382F8AC3094F8545094F895
:10240000A6302BB194F8A7301D43002384F8A630E2
:10241000204600F0C5FBAA0708D025F004050022DD
:102420002046114684F8545000F0C2FD88223346FD
:1024300004F1290103F8032B04F1090252F8040BFB
:102440008A4243F8040BF9D112781A700023B37151
:10245000637AD3B9F3F72AFF4B0416D53846BDE8A3
:10246000F84000F0D3BD00213846EFF713FA10B959
:1024700040F21231A9E70021B0F8AA00EFF720FAE4
:102480000028BAD040F215319FE7F8BD38B50446B0
:102490000D4600F0CCFB94F87030012B03D094F87B
:1024A0007030002BF7D13F220021204605F0FDF8C7
:1024B0000722002384F8585084F8492040F2011282
:1024C00084F8543084F8A530A4F84A20636684F870
:1024D0009430C4F8903084F8A63038BD0023A0F8BA
:1024E000793180F87B3180F87030704708B5F0F7AB
:1024F0001DFBFBF79BFABDE80840F0F72FBD08B5C0
:10250000F0F714FBF0F7A2FCFBF790FABDE80840E7
:10251000F0F724BD08B5F0F709FBFBF787FA0320B5
:1025200008BD08B5F0F702FBF0F790FCFBF77EFA68
:10253000032008BD90F83E00003818BF0120704706
:10254000007A003818BF0120704710B501210446F9
:102550000020EFF79FF910B12146FFF797FF012107
:102560000846EFF797F910B12146FFF78FFFBDE856
:102570001040F1F781BDF1F7A9BA80F84910704712
:1025800011F0010318BF012210B518BF80F87C219B
:102590008C0705D55A1C0224034483F87C41D3B22E
:1025A0004A0742BFC018032380F87C3110BD80F871
:1025B0005710704710B504460846194694F8403045
:1025C000023B012B0AD994F8400000F0FD000038CE
:1025D000BDE8104018BF0120F4F7B2B80028F2D1CE
:1025E00002F0FD02101E18BF012001F0C3FE0828F2
:1025F000E9D0012010BD90F8400000F0FD00003847
:1026000018BF0120F4F79CB838B504460D4690F881
:10261000A63003F0FF00F3B994F85430013B012BCE
:1026200018D8042916D1D4F8103123B140F6F81186
:102630003220EEF7E3FC216D11B940F6F911F7E70E
:1026400004F1E80000F04FFB84F8A750FF2384F862
:10265000A630012038BD0020FCE780F8401070470C
:1026600001F0FD0380F85510B3FA83F35B0980F89D
:102670004A30704710B504460846194600280CBF7A
:102680000123002384F8560084F84B304FF00803F0
:1026900084F84C3008D102F0FD02101E18BF012052
:1026A00001F068FE84F84C0010BD08B522B940F670
:1026B0003F213220EEF7A2FC80F85A101368C0F8D0
:1026C0005B30938890F84120A0F85F30036D83F869
:1026D000B320D0F84220C3F8B420B0F84620A3F8C5
:1026E000B82008BD2DE9F041D0F8C8509DF8184039
:1026F000954233D190F840208A422FD1002690F89D
:1027000045C104F0020E32463146F5B2AC4506D260
:1027100004F00500431A58425841BDE8F0814719BA
:1027200097F87C71A7F10308B8F1010F11D841F0B7
:102730000401BEF1000F0ED100EB850553F82270A5
:102740000136D5F8CC501635BD4207D10132D2B290
:10275000DBE73943F0E70132D2B2EDE70020DCE7F6
:10276000012938B5044601D1F0F770FB94F85430D4
:1027700004F16C0513F0030F02D02846F1F724FD95
:102780002846F1F7CFFC2046BDE83840FFF7A6BE4B
:10279000A03001F05BBB10B5012104460020EFF72B
:1027A00079F820B940F6CB213220EEF727FC637888
:1027B00080F85430227812F001031CBF012180F808
:1027C0007C11520742BF1B18032283F87C21A37897
:1027D00080F84030E178FFF743FF237980F84930F3
:1027E000637980F8573010BD10B504466C30F1F7AE
:1027F000EBFC2046BDE81040FFF770BE082970B51D
:102800000646154608461C460CD01946F4F7D8F87B
:1028100018B9C3213320EEF7F1FB237843F002030C
:10282000237070BD737C237073681A682A609B885C
:10283000AB80F6E7036863B1EFF3108272B603680A
:102840001968016002B962B600221A705A709A7053
:10285000DA707047333070471FB5002403949DF938
:10286000204002949DF81C4001949DF8184000946B
:10287000F1F7DEF904B010BD1FB503939DF91830D0
:10288000CDE90123FF23042200930023F1F7D0F9BF
:1028900005B05DF804FB18B1407BFF3818BF01207C
:1028A000704770B5037816460C460546C3F380138F
:1028B0004B7401F0E3FF062EA07407D8012303FA3E
:1028C00006F212F0550F06D19E4212D0002363701B
:1028D000C4E9013313E06370EB1C63600023A36061
:1028E0006B78063B13F0FF030AD009352374E560CB
:1028F00070BD03236370EB1809356360A560002386
:102900001D46F3E738B50D46C178044611F03F0186
:1029100005D128462822BDE8384004F0C6BE037819
:10292000C3F380136B7401F0A9FFA87423796B7053
:10293000E078830900F03F002B70227912F001014A
:102940001ABF611D0B230523696012F002011CBF31
:10295000E1180633A96018BFDBB2510744BF013349
:10296000DBB212F008011CBFE1180233696118BF25
:10297000DBB212F010011CBFE1180333A96118BFCC
:10298000DBB212F020011EBFE1181233DBB212F0ED
:102990004002E96100F104011EBFE2180133DBB21D
:1029A0002A62C91A11F0FF0114BFE2180A466A62CE
:1029B0006278013A121AD2B22A741AB10B441C443A
:1029C000EC6038BDEA60FCE7027802F00F02072AEB
:1029D00001D1FFF797BFFFF764BF08B5D0F8E83023
:1029E000D21A04D540F28A312120EEF707FBD0F845
:1029F000C800B2FBF0F008BD022808B511D006D817
:102A0000012810D040F217119E20EEF7F7FAC31EEE
:102A1000012BF7D8032840F2BE2008BF4FF4D26044
:102A200008BD6020FCE74FF4BC70F9E770B50D46B7
:102A300006460846FFF7E0FF04462846FBF79AFAE9
:102A400000F522434FF47A728C34B133A4B2B3FB55
:102A5000F2F31819D6F8103113B1012D08BF400058
:102A600070BD002110B50B4690F84541CAB29442A2
:102A700005D2D0F8C800C31A5842584110BD00EB27
:102A8000820216330131D2F8CC201344EEE72DE94F
:102A9000F0411E46D0F81031804617462BB1FFF7A3
:102AA000E0FF0130C0B2BDE8F081D0F8C840072592
:102AB000A4FB0545FFF7D5FF50B1D8E92C23A41896
:102AC00045EB0303A74276EB03030AD20320EAE7B0
:102AD000D8E93032E41845EB0205A74276EB05054C
:102AE00001D20220DFE70120DDE72DE9F0410446B5
:102AF00004F081F9074688462046D4E92C23FFF7E5
:102B0000C6FF064604F0CBF91828034603D8002672
:102B10003046BDE8F081421CD4E9361513D0421886
:102B2000AA42D4E92A2028BF6B1AD21B60EB080006
:102B3000012A70F100054FF000052FDB934285411B
:102B400000DB13465D186D1A41F288339D4228BFA1
:102B50001D4604F050F9C7F1320303449D42D6D319
:102B60003146284604F0C5F906460028CFD004F0C7
:102B700046F9D4F8E020D4F8D830A818D4F8DC20EE
:102B80002B44C4F8E0009342C4F8D83004BFD4E921
:102B90003A23C4E9302304F030F9B9E72B46D1E7F2
:102BA00038B5044690F8143103F0FF0083B3FF23D7
:102BB00084F8153104F58C75284604F041F928464F
:102BC00004F5A47504F048F9284604F039F92846BC
:102BD00004F042F900212046FFF7C2FD94F81631B7
:102BE00004F1E805ABB1D4F80831E3B12846F5F7B4
:102BF00045FA002384F8153194F8160110F0FF000F
:102C000018BF0C2084F81631C4F8103184F8143140
:102C100038BDD4F8100130B1D4F808311BB900F533
:102C2000F070F5F7BBF92846F5F7B8F9E1E790F849
:102C300014310BB1FFF7B4BF7047FFF7F8BF90F83E
:102C40006C00003818BF01207047D0F810310BB16C
:102C5000FFF7A6BF0C207047F8B506460F4690F860
:102C6000153103F0FF04002B39D104F0C4F80546F8
:102C700096F87801062F2AD8DFE807F004333322CC
:102C80002E333300FFF7B8FE00F19804A4B2D6F853
:102C9000B020D6F8D830AD1A8C3B2544AB428CBF5F
:102CA000012400240AD83046FFF71FFF30B1D6F8C0
:102CB000D8408C3CA5422CBF002401242046F8BDFE
:102CC0000338012898BF282404F55774DFE74FF430
:102CD0004B712120EEF792F940F20124D7E700244E
:102CE000ECE70124EAE7F8B50D46064601F5F07772
:102CF0000021D5F8E801F5F7A7F9B042044606D15E
:102D00008268D5F8E8319A4213D2816989B12146A7
:102D10003846F5F761F9002333622CB194E80E00D0
:102D20005B1842F1000201E000231A46C5E978323F
:102D3000F8BD9A422CBFB260B360F2693762002AD4
:102D4000F2D00ECAECE72DE9F041044688B005291F
:102D500000F2C980DFE801F0035B716CC79090F866
:102D6000153103F0FF064BB10121FFF7F9FCFAF72B
:102D7000B9FE08B0BDE8F041FDF7C4B804F0E7F8CB
:102D800002460B4607468846C4E92C012046FFF759
:102D900024FE94F8451102940596E1B1D4F8E85068
:102DA000D4F8C8207B1BB3FBF2F302FB0355334678
:102DB0007D1BDAB2013304EB8202D2F8CC2002F19F
:102DC000160CAC459EBF163D0136AD1ADAB298BF5F
:102DD000F6B29142EDD2B4F87A3184F84461C3F38B
:102DE0000C038DF81860ABB1D4F840310020039388
:102DF00003238DF810308DF8190002A8F0F752FE69
:102E0000D4F8D8008238C4F8E00003F0F6FF08B028
:102E1000BDE8F081B0FA80F03A46434640098DF8AB
:102E200010002046FFF7D9FD003818BF0120E2E767
:102E300008B0BDE8F041FAF7F9BFB0F87A31C3F352
:102E40000C030BB1FFF7D0FC0022012302A920469E
:102E50000092F1F749FA58B102A904F58C70FDF718
:102E600065F80028D3D140F273712120EEF7C6F83F
:102E70002046F0F76BFECAE790F8153123B108B091
:102E8000BDE8F041F0F722BEB0F87A31C3F30C038D
:102E900023B390F87831033B012BF0D890F87031D0
:102EA000002BECD1012180F8701144F2365004F06F
:102EB00020F80028E3D003F0A2FFD4F8D83044F281
:102EC00036500344C4F8D830D4F8E0301844C4F87D
:102ED000E00008B0BDE8F04103F08FBFFFF705FE4A
:102EE000002894D1CBE74FF4E571BEE730B5044636
:102EF00089B00D4690F8142102F0FF0322B140F290
:102F000067212120EEF77AF8FF2280F8142180F85B
:102F1000153180F84431FFF7A4FDD0B994F845117C
:102F20000346C2B291420CD2C4F8F0300122002311
:102F300002A920460095F1F7D7F968B94FF41F713F
:102F4000DFE704EB820216330130D2F8CC201344C1
:102F5000E7E741F28833E7E702A904F58C70FCF754
:102F6000E5FF10B940F27D21CBE709B030BD38B59F
:102F700004460D4690F8143123B14FF423712120FB
:102F8000EEF73CF811B940F28D21F8E7F1F750F96E
:102F9000C4F810516B7B03F0FF0113B140F2932191
:102FA000EDE784F816112046BDE83840FFF79EBFD4
:102FB00038B504460D46F1F73BF929462046BDE8F1
:102FC0003840FFF793BF10B5044688B090F815213C
:102FD00002F0FF039AB91A4602A90093F1F784F9A7
:102FE00050B102A904F58C70FCF7A0FF38B940F28B
:102FF0005A712120EEF702F82046F0F7A7FDFAF704
:1030000071FD08B0BDE81040FCF77CBF10B50E2183
:10301000EEF704FC044618B95E215320EDF7EEFFED
:103020004FF4BA72002104F040FB0123142284F80B
:10303000F33084F8F42084F8173110BD0020704775
:10304000002070477047012070477047002070478C
:103050007047002070477047704700EA400000EA60
:10306000400000EA400000EA400000EA400000EAB8
:103070004000B0FA80F04009704708B5034610469A
:103080008B4209D03AB183EA010002F085F80128A9
:103090008CBF0020012008BD0120FCE737B50023CC
:1030A00004460D46CDE900336846EEF72DFC30B1FD
:1030B0000023CDE9003302238DF8063014E0009B95
:1030C0002A462046D3F8CC10FFF7D7FF0028EBD0D4
:1030D000012003B030BD009B2A462046D3F8CC1017
:1030E000FFF7CBFF0028F3D16846EEF70DFC002870
:1030F000F1D00023CDE9003304238DF8063007E03A
:10310000009B2A4620461968FFF7B7FF0028DFD149
:103110006846EEF7F9FB0028F2D00023CDE9003332
:1031200005238DF8063007E0009B2A4620461968E3
:10313000FFF7A3FF0028CBD16846EEF7E5FB002898
:10314000F2D00023CDE9003309238DF8063008E0E2
:10315000009B2A462046D3F8BC11FFF78EFF0028BB
:10316000B6D16846EEF7D0FB0028F1D00023CDE9B8
:1031700000330B238DF8063008E0009B2A462046DA
:10318000D3F8E410FFF779FF0028A1D16846EEF7E5
:10319000BBFB0028F1D000224FF44023CDE90023EF
:1031A0006846EEF7B1FB58B10023CDE900330A239E
:1031B0008DF806306846EEF7A7FB58B1002088E787
:1031C000009B2A462046D3F8E410FFF756FF00285C
:1031D000E6D07DE7009B2A462046D3F83C11FFF756
:1031E0004CFF0028E6D074E770B523260025F3F7DE
:1031F000EDFF0446F1F7F2FB20B100212046FFF776
:103200004DFF50B10020013E01D00028EFD04DB954
:1032100040F215210F20EDF7F1FE20462546F1F78B
:1032200013FCF0E7284670BD00F0FD00003818BF21
:10323000012070478207034607D410F0010005D132
:1032400013F0040018BF0320704702207047820764
:10325000034607D410F0010005D113F0040018BF95
:1032600003207047022070476FF45063C318062B89
:103270008EBF40F2E243A0F550604FF47A7358439A
:10328000704720B190F86202003818BF01207047E3
:103290002DE9F0411646B0F86A70B0F86C5071B381
:1032A00003F04AFB0446022101F0E7F880460221C0
:1032B000204601F0E2F8474528BF4746BFB21B2F22
:1032C00038BF1B27FB2F28BFFB27854228BF054699
:1032D0007780ADB21B2D38BF1B25FB2D28BFFB25EA
:1032E000B4F5A47F38BF4FF4A474F580B4F5296F0A
:1032F00028BF4FF42964B4803481BDE8F08102F026
:1033000077FDCFE7002307B5CDE9003303238DF820
:1033100006306846EEF7F8FA08B1002004E000989D
:1033200002F01DFE0028F4D003B05DF804FB1FB5C9
:10333000002240F6881303A90092FBF761F905B05B
:103340005DF804FB10B5044638B1F2F7B9FF24EA82
:103350000000B0FA80F0400910BD0120FCE738B54C
:10336000044602F07AFFD8B1204602F0F8FD08B911
:10337000002038BD204602F00BFD0546204602F035
:103380000AFD78B9002DF3D00221B5F8AA00EEF7B6
:1033900097FA0028ECD041F6D6213920EDF72EFE21
:1033A0004220E6E70C20E4E7F0B587B00546008848
:1033B00002A901F0C8F8044600287CD1029B93F8CA
:1033C0007021029ED11E4A424A418DF8062096F88D
:1033D000A820002A72D1DA7B222A72D19DF8062019
:1033E00082F0010293F862308DF807209B0603D427
:1033F0009DF80730002B68D0EB881B3B9BB2E02B7D
:1034000065D8298944F24810A1F5A4739BB2834280
:103410005DD86B881B3B9BB2E02B58D8AA88A2F5DD
:10342000A4739BB2834252D8B1F5296F51D8B2F53B
:10343000296F4ED8FF2786F82F719DF80630002B94
:1034400041D1029B03AA06F1A80093F8A810B1FA93
:1034500081F14909FFF71CFF6A88BDF8123040F678
:103460004800BDF814109342B5F806C028BF1346B3
:103470008142AA88A6F8343128BF0146BDF80E3033
:10348000634528BF6346A6F83031BDF8103083424B
:1034900028BF03462889834228BF03468A42A6F8EC
:1034A0003231134628BF0B46A6F8363186F82E7106
:1034B000002386F82F31204607B0F0BD1A68920627
:1034C0008CD422468EE73A24F2E71A24F3E712243A
:1034D000F1E71124EFE710B50446FFF713FF58B9E1
:1034E00001210020EEF7D6F9D0B901210846EEF708
:1034F000D1F9D8B9012009E0F2F79AFE68B1F1F7E5
:1035000019FD044602F0DDFF08B1002010BD204681
:1035100002F0D3FF0028E3D0F7E7002CE0D1F4E776
:10352000A830FFF78CFB0028DFD0EEE7A830FFF7CC
:1035300086FB80F00100C0B2E8E7006890F8A83090
:103540003BB190F8EA3123B1002380F8EA31F5F776
:10355000DDBB7047112243F239030270C270592259
:10356000A0F801308280C38000207047082108B590
:10357000EEF7E0FB002008BD73B5064600880C4658
:10358000088001A980B200F0DEFF054640B9B3789B
:103590004BB9019B93F92801A070F9F7B9FBA07012
:1035A000284602B070BD7F20FFF7C1FEF4E710B5DA
:1035B00004466FF07F00FFF7BAFEF9F7A9FB207011
:1035C0007F20FFF7B4FEF9F7A3FB6070002010BD69
:1035D0000A4600F1100108B5072303F09DFF002003
:1035E00008BD012138B505460846EEF753F920B964
:1035F00040F2EF713920EDF701FDA830FFF71FFB16
:10360000044620B92846F1F753F9204638BD0C206E
:10361000FCE710B5014604460020F3F777F808B937
:103620002060A080002010BD10B50446F2F7D0FD48
:1036300028B900202146F3F751F8002010BD0020E2
:10364000FFF749FF0028F4D10C20F7E710B5044636
:103650000120FFF740FF28B101202146F3F73EF893
:10366000002010BD0C20FCE7FFF79EBE1FB50288AE
:103670000A8044F2902183888B4215D8B3F5296FD4
:10368000ADF80420428801A828BF4FF42963ADF8A3
:103690000620ADF80830ADF80A20ADF80C30FFF781
:1036A00083FE05B05DF804FB1220FAE737B5088009
:1036B0000D4601A900F047FF044640B901982A468B
:1036C00010F8A81FB1FA81F14909FFF7E1FD204682
:1036D00003B030BD03466FF06F0100200A2210B521
:1036E0006FF00404587099701C70DA701C71587176
:1036F0009971DA7110BD73B500880D46088001A973
:1037000080B200F020FF044680B9019E86F8224175
:1037100096F82001F1F7F6F8A87096F82101F1F774
:10372000F1F8E87096F82231002BEFD1204602B074
:1037300070BD1FB5044603A9008800F004FF38B926
:10374000A388022B14D8E078FFF7FCFD10B91120F4
:1037500004B010BDA078FFF7F5FD0028F7D00123D5
:1037600003A80093A388E278A178F2F7D7FDEFE7EA
:103770001220EDE737B58378C17803F001040279B0
:1037800003F0020351EA04051DD052EA03051AD0E2
:10379000002C18BF0021002B037818BF00228DF8E1
:1037A00002108DF80320427843EA0223ADF800307E
:1037B00043798279684643EA0223ADF80430FFF783
:1037C000B8FF03B030BD1120FBE707B503788DF8D3
:1037D0000030437868468DF801300023ADF80230A0
:1037E000ADF80430F1F756FF03B05DF804FB13B5F4
:1037F0000C4601A900F0A7FE28B9019B93F8A82068
:10380000DB8812B9238002B010BD0133FAE72DE93D
:10381000F04186B00446008805A900F0B6FE0646D1
:1038200020B9059D95F8A83023B11126304606B081
:10383000BDE8F08106230DF1130105A805F1A806E6
:103840008DF81330FFF708FCA2889DF8131010467E
:10385000FFF70AFDD5F8C83067899842A0890CBFE8
:10386000B5F8DE300123874201D91226DEE7CDE923
:103870000131238930460093E3886188F1F716F916
:103880008046002844D095F85A3203F0FF06002BFA
:1038900040D1A088FFF7E8FC074605F1E80001F0F9
:1038A0004CFB16308742C0D30D21B5F8AA00EDF7C6
:1038B000F1FFFFF7E6FC78BBA3886FF45062134476
:1038C000062B8ABF40F2E2436423B046BB42CCD20F
:1038D000B8F1000F05D0B5F8201140F20222914254
:1038E0001AD1A5F84632C5F84C72E279A37943EAB9
:1038F0000223A5F85032237A627A43EA0223A5F81C
:103900005232002385F85832FF2385F85A328DE76A
:1039100030268BE73A2689E70C2687E713B504465D
:1039200000F03CFD00284DD02046FF24F3F7E8F9D5
:103930000023CDE900336846EDF7E6FF48B30024E5
:103940004FF44033CDE90043FF246846EDF7DCFF38
:1039500018B300204FF48023FF24CDE9000368460C
:10396000EDF7D2FFE8B100214FF4C023FF24CDE9E9
:1039700000136846EDF7C8FFB8B100224FF42023CA
:10398000CDE900236846EDF7BFFF90B1002002B0FB
:1039900010BD009B83F83D42CDE7009B83F88A4031
:1039A000D3E7009B83F83440D9E7009B83F8344089
:1039B000DFE7009B93F83820032AE3D1FF2283F846
:1039C0002220DFE71220E2E707B5008801A900F016
:1039D000DCFD30B9019B93F83F2112B9FF2283F837
:1039E0003F2103B05DF804FB10B50446F2F75EFC1E
:1039F00020600020616010BD73B5054601A90088F4
:103A000000F0C3FD064620B9019C94F8A8301BB114
:103A10000C26304602B070BD94F88A3203F0FF06DF
:103A200033BB94F86230DB0724D5D4F8A430002BE4
:103A3000EED1D5F8023004F51C72C4F88032D5F806
:103A40000630C4F884326B89A4F8883205F10C037F
:103A50001C3553F8041BAB4242F8041BF9D10C216E
:103A600004F51770EEF766F9FF2384F88A32D0E781
:103A70003A26CEE71A26CCE730B589B0034600F1E6
:103A800018056A461868083353F8041C1446AB42FC
:103A900003C42246F6D11868022320606846ADF8B8
:103AA0001C30FFF7A9FF04461E220021684603F0E0
:103AB0001DFE204609B030BD37B50446F1F73AFA8D
:103AC000054623781F2B18D8C16C04226846EEF7F0
:103AD00033F822460021E86C12F8013BFEF73EFB6A
:103AE00068B1EC6C2046FEF7DEFB00210246204662
:103AF000FEF764FB002003B030BD1220FBE7072077
:103B0000F9E737B50446F1F715FA054623781F2B78
:103B100018D8C16C00226846EEF70EF82246012143
:103B2000E86C12F8013BFEF719FB68B1EC6C20461B
:103B3000FEF7AEFB012102462046FEF73FFB0020C8
:103B400003B030BD1220FBE70720F9E773B5054647
:103B50000026F1F7EFF904468DF8046002F0B5FC99
:103B60002B78C0018DF80760012BADF8050005D159
:103B700001A92046F1F7FCFA02B070BD2BB920462E
:103B800002B0BDE87040FFF7EABB1220F4E710B5C1
:103B9000044634F8020B0880022180B2EDF77AFE69
:103BA00020B12146BDE8104002F080BE022010BDC9
:103BB000008808B50880022180B2EDF76BFE20B1C5
:103BC0000021BDE8084002F071BE022008BD37B5F3
:103BD000044600880D460880092180B2EDF75AFEA0
:103BE00010B10C2003B030BD0B212088EDF752FE40
:103BF0000028F6D10C212088EDF74CFE0028F0D1EA
:103C000001A9208800F09FFC0028EBD1019B9B8F2D
:103C10006B80E7E737B5044600880880092180B249
:103C2000EDF738FE10B10C2003B030BD0B21208819
:103C3000EDF730FE0028F6D10C212088EDF72AFEA2
:103C40000028F0D163880BB91220EDE701A9208884
:103C500000F079FC0028E7D1658842F21072019BE0
:103C6000A9B2D3F8C8405143B3F8DE206243B3F899
:103C7000D04004FB02229142E6D3D3F8C820D3F807
:103C8000C8409442F9D100229D875A63621E0A44BB
:103C9000B2FBF4F29A63C7E710B50C460221EDF7C8
:103CA000F9FD90B1022C12D804F00102C4F34004D3
:103CB00080F8EC2180F8EB4112B190F8EA310BB9B1
:103CC000002010BDF5F722F8FAE70220F9E71220EC
:103CD000F7E710B504460078FF280AD00321EDF776
:103CE000D9FD58B16378A27843EA0223C384002047
:103CF00010BDB4F80100F5F735F9F8E74220F7E711
:103D000010B504460078003818BF0120F7F75EFDB3
:103D10002078003818BF0120F4F7E4FF002010BD20
:103D20000820F2F78BBA02F008BF02F0EFBD10B521
:103D3000044604B910BD236898476468F9E703682E
:103D40000BB9016070471A465B6813B18A42FAD119
:103D500070478A4218BF5160704708B502F0E7FD0E
:103D6000F1F7C2FAFEF7F1FBBDE80840F4F7E4B85A
:103D700008B5F4F7DBF8F7F721FDF1F7B5FABDE880
:103D80000840EFF751BE08B5F4F76EFFF5F784FE73
:103D900020B140F263119320EDF730F90320BDE824
:103DA0000840FEF767B908B50220FEF763F9002066
:103DB000FEF760F9EDF732FEF2F744FCEEF744FD52
:103DC00020B140F243119320EDF718F908BDFFF739
:103DD000EABF08B5FFF7D7FFF6F7B0FC20B14FF404
:103DE000BC719320EDF70AF908BD08B5FFF7B5FFE0
:103DF00002F09DFE20B14FF4E8719320EDF7FEF83C
:103E000008BDFFF7D0BF08B5F5F76EFEF4F75EFF0B
:103E1000BDE80840F5F750BE08B500F07DFAEEF7B2
:103E200023FD0220FEF726F90020BDE80840FEF73A
:103E300021B908B5EFF72EFEFFF79AFFFFF7ECFF69
:103E400002F077FEBDE80840F3F752B80123038083
:103E500040F2011343807047FBF7CCB80B46892230
:103E600003F8032BD0F80920C1F80320427B1A7114
:103E70007047012804D1012914BF00200120704798
:103E8000022801D10229F7E7042908BF04280CBF42
:103E900001200020704738B50D460446F2F710FAAD
:103EA0002B78002B08BF034684F874306B78002B06
:103EB00008BF034684F875306B88A4F8763038BDA7
:103EC00037B58B780546046803F0070384F8193189
:103ED0004B7803F0070384F818312623E37394F832
:103EE000393113BB94F83831012B1ED094F82131AD
:103EF00094F81821D91E012998BF04239A42B4F8D6
:103F00001E3118D194F8202194F81901D11E0129ED
:103F1000B4F81C1198BF042290420CD10222A4F8DC
:103F20003A11A4F83C3184F83821284603B0BDE8A2
:103F3000304001F0DAB9022094F81D2194F81C11E8
:103F400000902846F2F7EAF90028EED04FF46671A7
:103F5000AE20EDF753F838B5036804460D4693F8E4
:103F60003831012B02D11E21F2F752FA23680020CA
:103F700083F8380165B1182283F8992009229A73D1
:103F800093F84A3093B940F25B41AE20EDF736F832
:103F9000DA7B243A072A03D82046DD7301F0B7F90B
:103FA00020461821BDE8384001F0E1B938BD08B518
:103FB00003689A7B22B14FF4E671AE20EDF71EF84C
:103FC00024229A7308BD034610F0010007D19A0716
:103FD00004D413F0040018BF032070470220704778
:103FE0002DE9F34B1646054610461F4646EA0104E6
:103FF000FFF7E9FF83460846FFF7E5FF89464BEAEE
:104000000404DDF8288001900443E4B2003C18BFAA
:104010000124F2F755F9064018BF5E46F2F750F951
:1040200095F8202110EA0901019B18BF1946B242F8
:1040300014BF3346002388F8003095F821218A42C6
:1040400008BF00210B4388F801100AD1EB88013F1B
:10405000FF1A47F6FD73BFB29F428CBF002404F0E5
:104060000104C6B995F82001F0F75CFC03280ED1D5
:1040700095F83831012B0AD1B5F83C2195F820315B
:10408000012A0AD1042B0AD0042388F800302046E4
:1040900002B0BDE8F08B032EE9E7032BF7D0032332
:1040A000F3E7032906D101280AD104210120518018
:1040B00013807047042903D1012801D00321F5E7BB
:1040C00000207047012807D0022805D003380128B6
:1040D0008CBF00200120800070477FB50B4604682C
:1040E000CDE9002118461146F2F7B0F994F82061A5
:1040F00094F82151C3B2C0F30720B34208BF002394
:10410000854208BF002084F8423284F8430204B09C
:1041100070BD2DE9F0410C6805460F4694F8422227
:10412000D31E012B2DD894F82031D91E012928D86F
:10413000D31A18BF012394F84302FFF7C3FF0646C2
:104140000BBB1046FFF7BEFF804694F89F306BB95B
:1041500048EA060313F0FF0306D0204601F027F9D2
:104160003B68DB8803449BB2A4F84032B4F8403289
:104170000520AE70EB701B0A85F801802B71BDE83D
:10418000F0810023D7E74FF00008DEE7F7B50468B9
:104190000E4605461746E17B71BBA37B283B022BED
:1041A0002CD901A8F2F774FA014628B1019B0DF150
:1041B0000301DB788DF80330A07B1622F3F738F883
:1041C000044630B102461621284601F0B4F80446F0
:1041D00009E073785A0709D0B3785B0706D03146F7
:1041E0002846FFF76DFE204603B0F0BD3A46314643
:1041F000284601F0CDF8EAE70124F4E72024F2E7AD
:1042000070B5056802460B46EC7BA4F12406072E28
:1042100015D994B9AD7B292D11D04D786E0706D0F4
:104220008D786D0703D0FFF74BFE204670BD1978DF
:104230001046BDE8704001F09AB80124F5E720244B
:10424000F3E737B50468A37B242B21D14B7813F017
:10425000070519D08B7813F0070215D000238DF8CD
:1042600004508DF80520ADF80630019AD4F83A11C3
:10427000FFF733FF0123002084F84A302823A4F8F5
:104280004600A37303B030BD0023A4F84232F1E727
:104290000120F7E738B503680546DA7BB3F84242F8
:1042A000262A14D184B9DC7393F83831012B02D15A
:1042B0002146F2F7ADF82B68002283F83821284612
:1042C000BDE8384001F023B82922DA73F7E79A7B7A
:1042D000282A0ED154B99C732146F2F799F82B681D
:1042E00083F83841002283F84A2038BD29229A7386
:1042F000F8E740F2CC51AE20ECF780FE08B5036839
:10430000DA7B262A05D022B140F2D351AE20ECF759
:1043100075FE2722DA7308BDF2F794B9704730B5FD
:1043200042401C7808785D7860404C786C409D78FD
:1043300020448C786C40DD782044CC786C401D792A
:104340005B7920440C7949796C404B4020441844F7
:104350001044B0FA80F0400930BD02460020013917
:10436000C9B2FF2900D17047535C83F001030344B5
:10437000D8B2F4E708B5F2F7EFF9082803D0BDE8A2
:104380000840F2F70BBA08BD08B502F072FC18B18C
:10439000BDE80840F8F7E4BD082008BD70B5037912
:1043A0001F2B0FD8461E051D002416F8010F00F024
:1043B00028FF0444AE42E4B2F7D1012C94BF0020A0
:1043C000012070BD0020FCE7F8B505460C46D0E999
:1043D000047602F040FE18B952212920ECF70EFEB7
:1043E000E4B1D5E90423D21B63EB0603012A73F180
:1043F00000014FF0000113DB6FF001009042994182
:1044000001DA5C21E9E7631E1344B3FBF4F35C4378
:10441000E41946F10006C5E904461C462046F8BDED
:104420000C46FBE7F8B50C460546D0E9007602F0ED
:104430009DFDF4B1D5E90023D21B63EB0603012AED
:1044400073F100014FF0000115DB6FF001009042A5
:10445000994103DA76212920ECF7D0FD631E13443D
:10446000B3FBF4F35C43E41946F10006C5E90046EA
:104470001C462046F8BD0C46FBE7022905D13C2826
:104480001AD980100F3880B27047CB1E012B0ED87E
:1044900004290BBF96234FF416731022402203F514
:1044A000BC73984208D9C01A90FBF2F0EBE7702871
:1044B00002D9C0100E38E6E700207047022908B57F
:1044C000034614D005D8012909D0E7212920ECF7AB
:1044D00095FD03390129F8D840F6A66008BD40F6DD
:1044E000C41040F2E242002B08BF1046F6E740F647
:1044F000C410F3E7801A723810B58842029C94BF4A
:10450000091A491A2268012902EB510294BF0020BE
:10451000012022601A68A2EB51021A6010BD69B135
:10452000A0F57A7241F270739A4207D84FF47A7309
:10453000B0FBF3F000F5506080B2704740F2E24308
:10454000B0FBF3F0F8E738B50C4600210546EDF76F
:10455000A1F9206048B902212846EDF79BF92060B7
:10456000B0FA80F04009400038BD0020FCE7036845
:10457000587BC0B293F830302BB900F0FB00003804
:1045800018BF012070470020704710B50C46FFF798
:10459000DAFF38B92046FFF7EAFF80F0010040005B
:1045A000C0B210BD0220FCE738B54FF426720D46AC
:1045B0000021044603F079F86FF036020123A4F8D5
:1045C000AA5084F863200422E37584F864206FF015
:1045D0003B0284F86A3084F865206F2284F86620F4
:1045E000032284F86720002284F868206FF07F029D
:1045F00084F869202B2284F86220FE2284F89E2011
:104600007F22E27238BD40F6B83307B5B0F8D22049
:10461000D0F8C8100190838701A8F2F735FB03B0EA
:104620005DF804FB38B54FF444720D460021044692
:1046300003F03BF86FF036020123A4F8AA5084F887
:1046400063200422E37584F864206FF03B0284F851
:104650006A3084F865206F2284F8A83084F86620D8
:10466000032284F86720002284F868206FF07F021C
:1046700084F869202B2284F86220FE2284F89E2090
:104680007F22E27238BD40F6B83307B5B0F8D220C9
:10469000D0F8C8100190838701A8F2F7F5FA03B0AB
:1046A0005DF804FBC2B292FAA2F2030A93FAA3F3F2
:1046B0001B0E100E40EA0320704701310530002226
:1046C000C9B270B510F8013F8B4216D310F8054CF3
:1046D0000023012505FA03F626421CBF01F1FF3134
:1046E000C9B269B10133082BF4D10132D2B2052A23
:1046F000E8D19B214620ECF781FCC91AC9B2F4E746
:1047000003EBC200C0B270BD0B6870B5C0F80130D9
:1047100004460B790546461D03F01F034371002331
:10472000C37215F8010F00F06CFD6871B542E37AB1
:104730001844E072F5D170BD81EA114170B58CB2B8
:104740000546C17A032682EA0400FFF7ABFF013E6B
:1047500000EB001016F0FF0604EB000290B2F4D15B
:1047600044402522B4FBF2F302FB1343C3F3C4021B
:10477000D8B203F007032A445678012202FA03F361
:104780001E4207D161432846C1F30741BDE870408E
:10479000FFF793BF70BDF8B590F8225004466B1E2A
:1047A000242B03D9E1214620ECF728FCDAB1C07DA7
:1047B000002843D194F8243094F8231002FB0132EE
:1047C0002523B2FBF3F103FB1123DBB204EBD3028D
:1047D00003F0070684F82430117E0122B240114212
:1047E00002D084F82530F8BDB3FBF5F205FB123397
:1047F00004F11C01013303F0FF0311F8012F9A4269
:1048000019D311F8055C0022012606FA02F72F429F
:1048100008D0013B13F0FF0304D102EBC00284F87F
:104820002520E0E70132082AEFD10130C0B2052887
:10483000E3D1D721B7E79B1ADBB2F6E7E28804F1B0
:104840001700496AFFF778FF84F82500CBE7D0F816
:1048500003300B60B0F807308B8070470378890114
:1048600023F0400301F040010B43037070470378CD
:1048700003F07F0343EAC113037070470078C00957
:1048800070471F2A38B50546144603D9A8212A20A7
:10489000ECF7B4FB06340930FCF7CEF96C7038BD88
:1048A0001F2A38B50546144603D9CA212A20ECF739
:1048B000A5FB06340930FCF7BFF96C7038BD0378EE
:1048C000024603F00F03032B3ED0052B42D1C37FDA
:1048D00090F82000034392F82100034392F822004D
:1048E000034392F8230000F01F00184333D053789D
:1048F000222B2FD1B2F81930B1B1B3F5506F13D9C3
:1049000040F607518B4225D8B2F81B30B3F5FA7F39
:1049100020D2B2F81D0040F676430A3880B29842A1
:104920008CBF002001207047991F40F67A4089B261
:1049300081420FD8917D481E07280BD8994209D291
:10494000B2F817109942DEE74078A0F10C03584204
:104950005841704700207047C37813F03F035DD083
:1049600007295BD8DFE801F0040B1E29343F4A55C4
:10497000037913F0010F0CBF002005207047027966
:1049800012F002004BD0052002F00102072902EBD1
:10499000420200EB4200C0B241D1021F9A42C8BF9E
:1049A00000207047027912F0040038D0052012F080
:1049B000020F1CBF0630C0B2E6E7027912F0080011
:1049C0002DD0052012F0040F1CBF0130C0B2EEE75D
:1049D000027912F0100022D0052012F0080F1CBF3F
:1049E0000230C0B2EEE7027912F0200017D008467C
:1049F00012F0100F1CBF0330C0B2EEE7027912F0C4
:104A000040000CD0052012F0200F1CBF1230C0B2A5
:104A1000EEE702795006F5D50620F4E7002070474E
:104A200070B50C46064611461D4624B94FF41F7159
:104A30002A20ECF7E3FAFFF78FFF10B940F27D214F
:104A4000F6E7031F2B443F2B02DD40F27E21EFE708
:104A50002A4621463044BDE87040FCF7EDB810B559
:104A60000446FFF779FF00B1204410BD30B5C1F313
:104A70008003C1F38014C1F340052344C1F3001443
:104A800004EB44042344C1F3401404EBC40403EBDB
:104A90004403C1F300042C44C1F3C005134404EBE8
:104AA00044042C4403EB440313F0FF031CBF013305
:104AB0000171C17818BFDBB221F03F0103F03F0460
:104AC0002143C170591C41701AB104339B1A013A39
:104AD000C25430BD4378C278013B02F03F02981ABD
:104AE000C0B27047F8B50D46194617460646FFF79F
:104AF000F1FF441AE4B2BC4228BF3C464DB1F27803
:104B0000284602F03F020432114422463144FCF7A9
:104B100093F82046F8BDC378024613F03F0022D038
:104B2000137913F0200FC3F3C001C3F3400014BF87
:104B30000922002213F0100F114403F00102024475
:104B4000C3F3800002EB42020A44C3F3801114BF96
:104B5000032300230844184400EB420010F0FF0038
:104B60001CBF0130C0B2704738B5C5780446AB09E8
:104B7000032B1ED005F03F054378AB4219D9FFF750
:104B8000CAFFA84215D895B12379DB060FD50421B9
:104B90002046FFF764FF48B1037803F03F03242B5E
:104BA00007D880785F288CBF0020012038BD012005
:104BB000FCE70020FAE70278437802F00F02072AA8
:104BC00012D8DFE802F0080408111111080E0C3B9E
:104BD000584258417047063B1F2B8CBF00200120D4
:104BE00070470BB1FFF7C0BF00207047027802F09A
:104BF0000F02072A0AD0082A0AD0042A0ED14078C8
:104C000006381F288CBF002001207047FFF7ACBF7B
:104C10004078A0F10E035842584170470020704779
:104C20001B2A08B504D940F299312A20ECF7E6F99D
:104C3000BDE80840FCF700B88388A1B1B3F5506F18
:104C400011D940F6075293421BD8C388B3F5FA7FB7
:104C500017D2008940F676430A3880B298428CBF5A
:104C60000020012070479A420BD8B3F5486F08D84E
:104C70004278511E072904D89A4202D242889A42A9
:104C8000E2E700207047013001F1200351F8042BC6
:104C9000994240F8042BF9D10B880380704738B54E
:104CA00015460446FFF7EFFF2B68C4F823306B6806
:104CB000C4F8273038BD2DE9F04F85B08846154639
:104CC00003A99DF838400193FFF73DFC814618B9D0
:104CD000039E2DB901237375012005B0BDE8F08F47
:104CE000D6F8C0A029465046FDF707F8074608B990
:104CF0000020F2E7F0F738F98542F9D839465046F6
:104D0000FDF737F9727D8346A0F80190002A18BF9D
:104D10004FF0020880F800803846FDF732F9074668
:104D2000DCB1B6F8E640C4B102F065F840F2712299
:104D30005443241841F1000179602A4601990BF18E
:104D400003003C60FBF778FF29465046FDF710F85A
:104D500028B983212B20ECF751F92146ECE7039B7E
:104D600093F8A83033B103A8FEF7E7FB039B0022BA
:104D7000A3F8E2210023AEE7437837B5C3F301126D
:104D80000446032A03D8DFE802F0050E1D050020C3
:104D900003B030BD057803F00F000023009302211B
:104DA000231D628807E0057803F00F00002301212E
:104DB0000093231D628845EA0020FFF77CFF60B165
:104DC0000120E5E7F1F778FA03685B05DFD5607845
:104DD0000123257800F00F00E0E7F2F77BF9EFE719
:104DE0001A230B7001234B708B707047F2F730B8A9
:104DF00010B521B940F2A9211020ECF7FFF84A6064
:104E00000B72EFF3108472B6031D0B6042681AB187
:104E1000127A012A08BF036003681960016004B9AF
:104E200062B6BDE81040F2F75DB80222F2F740B971
:104E30000322F2F73DB90422F2F73AB90222F2F75F
:104E40007BB90322F2F778B98D230B7030F8B53CAB
:104E5000A1F8033030F86B3CA1F8053030F8673C1E
:104E6000A1F8073030F8693CA1F8093030F8653C0A
:104E7000A1F80B30704708B5CB1E012B04D8800178
:104E800000F5747080B208BD012902D10E30C00057
:104E9000F8E7022902D10F308000F3E74FF40C71DC
:104EA0000620ECF7ABF830B587B004460D46F0F7B6
:104EB00061F880B334F8BE4C69462046FEF7F6FB35
:104EC00018B1FB212C20ECF799F8BDF8063003A8A7
:104ED000ADF80C40ADF80E30BDF80830ADF810302C
:104EE000BDF80230ADF81230BDF80430ADF8143022
:104EF000FEF7BAFB10B14FF48271E3E7ADF80C0096
:104F00009DF80C30002063F307009DF80D3063F32B
:104F10000F2007B030BD2B469A2203F8032BD4F89C
:104F20000920C5F80320D4F80D205A60B4F81120E8
:104F30001A810423ADF80C30E2E74068704703396A
:104F400001298CBFC08A4FF42960704770B590F872
:104F500078608D88033E0C89012E04D943B1167800
:104F6000033E012E04D8B5F5296F38BF4FF42965EB
:104F700090F87960033E012E04D943B15378033B86
:104F8000012B04D8B4F5296F38BF4FF42964CB88BE
:104F90004A88A0F86430A0F86020A0F86250A0F819
:104FA000664070BD8383BDF8003001834283C383B4
:104FB00070471B2200294FF01B110CBF4FF4A47344
:104FC0004FF4296382840284028502F1A472C160D5
:104FD000C3844384C383838343820382C0E905215E
:104FE00070470346B3F85810B3F86420F0B5914207
:104FF00093F87940B3F85C5028BF1146033CB3F8EE
:105000006620E4B2B0F84E70AA42B0F85200A3F89D
:105010004E1028BF2A46012CB3F8544087BFB3F87E
:10502000566015464FF429664FF429658C42A3F863
:10503000525038BF0C46B24238BF32468F42A3F8B6
:105040005440A3F8562026D1401B18BF0120B3F8C6
:105050006020B3F85A10B3F84C509142B3F8504066
:1050600028BF114693F87820033A012A15D9B3F8DE
:105070005E20B3F86260B24228BF32468D42A3F888
:105080004C10A3F850200BD1944218BF40F00100FF
:1050900000F00100F0BD0120D9E74FF42962EDE7EF
:1050A0000120F5E738B5CB1E0446012B10D9C58B7E
:1050B000438C9D4228BF1D46207AFFF7DCFE6389A2
:1050C000AB4228BF2B46984238BF184680B238BD45
:1050D0004FF42965F0E72DE9F843994607460D4658
:1050E000808919461446FFF7C6FE06469DF82080C3
:1050F00049463846FFF7D6FF86424146A8F10308E5
:1051000028BF0646B88AFFF7B6FEB8F1010F03467E
:10511000B6B28CBFFA8A4FF42962904204F10600BD
:1051200028BF134628449BB233441844BDE8F88393
:105130000346828F13B5403049B9598F93F87940AF
:10514000009493F87830FFF7C6FF02B010BD198FB6
:10515000F4E770B50C46154619464BB9068FFFF7B4
:10516000E7FF28443044A04294BF201A002070BDBD
:10517000468FF4E738B50D4611460446FFF7D8FFD1
:105180002844606438BD01F19C0383423DBF9C38D4
:10519000401A40080020704700F05533400800F0E6
:1051A0005530034403F033329B0803F033331A4481
:1051B00002F00F33120902F00F32134403F0FF1014
:1051C0001B0A03F0FF13184400EB1040C0B27047F5
:1051D00045F2555200EA020302EA5002981843F2DF
:1051E000333300EA030203EA90031A4440F60F73D4
:1051F00002EA030003EA1213184400EB1020C0B2C5
:10520000704700F05503400800F05500034403F0D8
:1052100033009B0803F03303034403F00F0000EB5B
:105220001310704780EA6000FFF7B6BF40F34E03EB
:105230009BB25840FFF7CCBF32280CD006D81628B6
:1052400018BF012894BF012000207047A0F13E0341
:105250005842584170470120704708B50246FFF791
:10526000EBFF40B10846FFF7E7FF20B18A420CBFD1
:1052700023202A2008BD8A420AD1A2F13003DBB2E2
:105280000B2B0FD840F6210020FA03F3DB071ED4C6
:10529000322901D1262A03D0322A03D1262918D156
:1052A0002A20E7E73E2907D1262AF9D03E2A12D044
:1052B0003B2A10D11F2902E03E2A04D126290CBF27
:1052C0002A200020D6E73B29F2D11F2AF7E7232026
:1052D000D0E73E29F7D10020CCE7036800229A737B
:1052E00083F84A20A3F846207047026892F8A83055
:1052F0002BB9A2F84E30012382F8503070470023BA
:10530000A2F84E3092F8503001335BB2F4E70268F5
:1053100008B592F8A83013B982F8503008BD92F859
:105320005030013B5BB2002B82F85030F6DA52214C
:105330004A20EBF763FE08B5036883F89B1083F8F7
:105340009A203522DA73FFF7D0FF002008BDA0F1C4
:105350000A03042B09D9A0F14703012B05D92438EE
:1053600007288CBF00200120704701207047026889
:10537000136810B513F0080408D143F0080382F84D
:1053800098101360FFF7B1FF204610BD0120FCE725
:10539000036810B5DC7B44B90A7883F898200322AF
:1053A000DA73FFF7A2FF204610BD0124FBE7D0F817
:1053B000C82041F64B539A4296BF4AF6C87306235B
:1053C000B3FBF2F3B0F8D020B0F8DE00134458433A
:1053D00080B27047036800201A7C073A012A81BF17
:1053E0004A785A7407221A7470470268137C073B84
:1053F000012B84BF082313747047026870B5D57BF6
:10540000E5B9CB88D688A2F8D832013B9B1B47F67A
:10541000FD769BB2B34206D9282382F83130F2F7E9
:105420008DFA284670BDD1F80130C2F8DA324B79D6
:1054300082F8DE320A220368DA73F2E70125F0E728
:1054400008B503689A7B1AB13B215520EBF7D6FDCE
:105450000B229A7308BD2DE9F74F06468946904600
:105460000193FFF7A4FFD6F8FC71044657B9002357
:10547000C8F80030F38823449CB2019B1C8003B021
:10548000BDE8F08FF2F764FD0028F0D1D6F8C8C06F
:10549000D6E978320CFB04FE1EEB030ED7E90213AB
:1054A00042F100020B44D7E900155B1845F10005F5
:1054B000734575EB020114D2BEEB03016FF0010BD3
:1054C00062EB050A8B4570EB0A0A03D23D21562098
:1054D000EBF794FD3869471E3944B1FBF0F1E0FB6E
:1054E0000135B3EB0E0365EB02056FF001029A4242
:1054F0004FF00002AA4101D24821E8E7B3FBF9F2DC
:1055000009FB1233B3FBFCF291B20CFB1133C8F868
:105510000030F3881C441444A4B2AEE70B46822248
:1055200003F8032BD0F80920C1F80320D0F80D2090
:105530005A60427C1A720023CB7070470368F7B53B
:10554000DD7B06460C46002D63D193F829710623B6
:105550000DF107018DF80730FDF77EFD9DF807205E
:1055600039462046FFF768FB38B921783046FFF707
:10557000FEFE0546284603B0F0BD32686389D18837
:10558000A2F8D832013B5B1A47F6FD719BB28B4201
:1055900006D92823304682F83130F2F7CFF9E9E70F
:1055A000A3886FF450615918062995BFA3F550637D
:1055B00040F2E2414FF47A7128468CBF4B434B4393
:1055C000C2F8E0326378C0B103EB830303EB8303DB
:1055D0009B00A2F8DA326388C0B164214B43C2F861
:1055E000DC32E388A2F8E4322389A2F8E632002311
:1055F00082F8EC320D23D373BCE7C3EB431103EB0A
:10560000810303EB83035B009BB2E2E740F2E241DC
:10561000E4E70125AEE708B503689A7B1AB1A22139
:105620005620EBF7EBFC0D229A7308BDF8B50D6818
:1056300004460F46D5F84C0295F82911FEF76FFF86
:105640006FF45062B5F8463282182071000A92B2A7
:105650006071062A8BBF40F2E242642200260126D6
:105660008CBFB3FBF2F3B3FBF2F36370B5F85032C7
:10567000A3711B0AE371B5F8523223721B0A6372DD
:10568000386890F89F303BB905F5117305F5127233
:10569000D5F84C12FFF7DFFEB5F84432A3721B0AAF
:1056A000E372D5F8483246B164220C20B3FBF2F322
:1056B000A370C3F30723E370F8BD40F2E242F4E7BE
:1056C0000B46842203F8022BD0F80920C1F80220EF
:1056D000D0F80D205A6070470B46852203F8022B44
:1056E000D0F80920C1F80220B0F80D209A80704748
:1056F00010B504460068837B1A2B12D100F180029A
:1057000000F51871052300F51C7001F005FF2368F2
:10571000012200200021DA741D22C3E91C019A73C2
:1057200010BD0220FCE703689A7B142A10D1D1F83F
:105730000120C3F86822D1F80520C3F86C22036861
:105740000020D1F80920C3F894201A229A737047D8
:105750000220704703689A7B102A05BF002013229D
:105760000220D87408BF9A73704708B503689A7B03
:10577000132A04D040F277111F20EBF73FFC0122DF
:1057800083F8522012229A7308BD38B50368054683
:10579000DC7B34B1113C0F2C8CBF01240824204643
:1057A00038BD1A7D002AFAD0D3F8A4302BB9FFF700
:1057B0009CFD2B681122DA73F1E70C220A21BDE867
:1057C0003840FFF7B8BD08B50368DA7B162A04D065
:1057D00040F253211F20EBF711FC012283F85120E6
:1057E0001822DA7308BD0368DA7B122A05BF132278
:1057F00000200220DA737047036810B5DB7B044693
:105800001C2B06D1FFF783FD236820220020DA73CA
:1058100010BD0220FCE708B50368DA7B112A04D02A
:1058200040F27E211F20EBF7E9FB012283F8512093
:105830001222DA7308BD08B50368DA7B182A04D08F
:1058400040F28A211F20EBF7D9FB1C22DA7308BD36
:1058500008B503689A7B1D2A04D040F2FE211F2060
:10586000EBF7CCFB1F229A7308BD08B503689A7B3F
:1058700022B14FF441711F20EBF7C0FB012283F8E6
:10588000512010229A7308BD10B50468A37B3BB168
:1058900094F8523023B940F20B311F20EBF7AEFBE6
:1058A000012384F851301423A373002384F8BE31FC
:1058B000FDF7C9FB84F86A0010BD3E230B700C2372
:1058C0004B7004238B70D0F80930C1F80330D0F846
:1058D0000D30C1F80730B0F81130A1F80B30C37C9F
:1058E0004B73704708B503689A7B1AB1CF211C200F
:1058F000EBF784FB04229A7308BD08B5036893F89C
:10590000A82032B9DA73A3F84E20BDE80840FFF7AB
:10591000FEBC1A68D10703D4DD211C20EBF76EFB17
:1059200022F001021A60F0E787230B7030F8AC3CDC
:105930004B807047036893F8A8109A7B59B9052AE1
:1059400008BF00224FF0000002BF83F83E2083F81A
:105950004A209A7370470F2AF2E738B5046894F822
:10596000A85045B9E37B4BB9FFF7BFFC45B902230B
:10597000E373002038BD23685B07F5D50120F9E704
:10598000236843F004032360F3E7036893F8A82037
:105990001AB11A6822F004021A60FFF7B8BC08B501
:1059A00003689A7B1AB172214B20EBF727FB93F81F
:1059B000A820002A14BF0F2205229A7308BD10B533
:1059C000D0E90D42A24206D30B8D121BC98E0533BE
:1059D0004B43934202D3012380F83E3010BD0C2389
:1059E0000B7008234B7000238B70B0F85630A1F871
:1059F0000330437A4B714389CB8083890B81704795
:105A000010B5046894F853309A070CD4A37B1BB1EB
:105A100077214020EBF7F2FA0122A4F84630A27376
:105A200084F84A2010BD94F8A8303BB9E37B0BB949
:105A3000FFF76DFC002384F83E31F3E723689B07F2
:105A4000F8D5FFF764FC236823F002032360F1E735
:105A500010B50B7901284C790A6843EA04211046F5
:105A600008BF41F4803110BD07B5FFF7F1FF0DF11C
:105A70000702F2F701FA03B05DF804FB90F8383042
:105A80000BB90020704790F83830012BF9D090F80E
:105A90003800073818BF0120704790F83830012BC4
:105AA000DAB201D0FFF7EABF1046704730B585B0D3
:105AB0001546089BC01A099B61EB0304002C214684
:105AC00002DA404264EB440103AB2A46009302AB86
:105AD00001F06FFD002C039801DA00B1281A05B01F
:105AE00030BD002307B501A80193F8F759FD0198CF
:105AF00010F0030018BF012003B05DF804FB10B5DF
:105B0000FFF7EFFF002814BF14240024FBF732F93D
:105B1000404200F01400204410BD73B50C46B1F8AB
:105B2000051005461A2921D9B4F80730B3F5A47F2A
:105B30001CD3B4F801201A2A18D9B4F80340B4F5DC
:105B4000A47F13D30068009400F1A806E830FFF7A3
:105B500029FA2C683046FFF744FA10B9012002B048
:105B600070BD04F25F10F1F7F3FAF7E70020F6E7F3
:105B700008B503689A7B1AB12621A320EBF73EFAF9
:105B800021229A7308BD38B505680446AB7B213BDA
:105B9000022B0BD8FFF7C1FF18B104212068F5F7DD
:105BA00029FE002085F84A00A87338BD0120FCE7D3
:105BB000F7B504460068C57B002D40D1B1F80560FB
:105BC0001A2E04D9B1F80730B3F5A47F05D22046C8
:105BD00003B0BDE8F040FFF7DBBBB1F801701A2F4E
:105BE000F5D9B1F803C0BCF5A47FF0D33A463146ED
:105BF000E830CDF800C0FFF7D5F923689A7B212A59
:105C000008D123682322DA732046FFF76EFB28466B
:105C100003B0F0BD93F82F31002BF2D1236893F835
:105C20002E31002BEDD12368222203F1E801DA7333
:105C3000B3F8AA0003F5B472F1F790FAE4E701258E
:105C4000E5E70368002210B50446DA73A3F84E2096
:105C5000FFF75DFB20680421BDE81040F5F7CABDE1
:105C600038B505680446AB7B213B022B0BD8FFF708
:105C700054FF18B106212068F3F7BEF8002085F81C
:105C80004A00A87338BD0120FCE702681368D906F2
:105C900010B5044603D4B821A320EBF7AFF9990659
:105CA00001D5B921F8E723F010031360FFF72FFBAC
:105CB00020680621BDE81040F3F79EB838B50546C8
:105CC000F8F758F900F544434FF47A72033D49332D
:105CD000B3FBF2F4FFF713FF012D00F1A4038CBF17
:105CE000002028202344184438BD10B5044690F8FD
:105CF0007900FFF7E3FF012201462046BDE810408E
:105D0000FFF738BA002313B51A464373A0F8903250
:105D1000194600930446F2F79DFA20B140F2E711CC
:105D20003020EBF76BF90123C4F81802C4F8100215
:105D30006373A4F82E02A4F82C0284F83102E388DD
:105D4000A4F89202013BE38002B010BDF8B50D4605
:105D50000023D0F81011044680F81431D0E95067C0
:105D600081F8ED2180F85031D0F81001FEF78BFC5E
:105D7000D4F81001C0E99E67C0F89452C0E9A26748
:105D8000FFF7C0FFF7F7AEFEBDE8F840FAF7BAB884
:105D9000D0F81001704738B5044690F850319BB1E7
:105DA000FF2380F85831012100F0D4FB94F85031E2
:105DB00053B104F1E805284601F042F8284601F005
:105DC0004BF8002384F85031002038BD08B590F816
:105DD000582142B990F8142142B1D0E94631994294
:105DE00002D9F4F75BF80022104608BD0122FBE758
:105DF00010B50446FFF783FE00F25911226A236CA6
:105E00009A4228BF1A461046FFF7BDF9B0F5296F30
:105E100028BF4FF4296080B210BD012A70B5064634
:105E20000D4614460BD0022A0ED08AB9F7F752FC61
:105E3000224601462846BDE87040FFF787BFF7F7C6
:105E400049FCC6F8940270BD0122D0F89412F1E723
:105E500040F2C3713020EBF7D1F870B5044621B1A0
:105E6000012978D040F2D37172E000F021FA94F861
:105E7000513105460E46DBB150EA010318D0D4E992
:105E80004832D4E95001C01A334661EB02012A4678
:105E900001F09BFB05FB01F300FB0633A5FB0002B1
:105EA0001344D4E94821121843EB0103C4E9482301
:105EB000E08C30B1F1F772F9E38CB0FBF3F202FB46
:105EC0001300D4E94832ED184FF0000346EB020608
:105ED0002D1840F2024284F8303146F1000684F871
:105EE0005131A4F83821C4E94856C4E9505694F811
:105EF000583103F0FF01DBB96FF00043D4E95202DF
:105F00009A4208BFB0F1FF3F18D02046D4E950565E
:105F100000F0A8F9AE30D4E952325B1B62EB060206
:105F20001B1A62F10002002A08DA2046F3F7B6FFD6
:105F3000F7F7D8FDBDE87040F9F7E4BF04F59871B4
:105F400004F1E800F9F7F2FF0028F1D14FF4E06125
:105F50003020EBF753F8002380F81431E8E790F88D
:105F60005001003818BF012070470B46812203F80A
:105F7000032BB0F80920A1F80320C27A9A70704769
:105F80000B468C2203F8032BD0F80920C1F803201C
:105F9000D0F80D205A6070478B88F7B513F01805BC
:105FA00006460C461FD1086820B940F2EA312D2080
:105FB000EBF724F800F055FB217CF2F7E5FF677C56
:105FC000A38801463A46304600932B46F2F7FAFF83
:105FD000A430D4E90223824273F100032CBF0120D4
:105FE000002003B0F0BD0120FBE738B588220B4646
:105FF0000C4603F8032B00F10902293052F8041B68
:10600000824243F8041BF9D1127802211A7001234D
:10601000A588A3712846EBF73DFCA0B1E3784BB10E
:1060200002212846EBF74CFC68B140F233212D20C9
:10603000EAF7E4FFF0F73AF94B0404D52846BDE847
:106040003840FCF7E3BF38BD70B504460D46173045
:1060500019461646FEF758FB84F8205184F8215162
:10606000FF2384F82231E91E04F1E80001298CBFE6
:1060700000210121FEF79DFF314604F1A800F0F751
:10608000EBFD94F82A31002B14BF4D239623A4F87E
:10609000E230A4F8E0300023A4F8E43070BD70B51D
:1060A0000D46044691F829111646D5F8C800FEF7AA
:1060B00036FAB5F8D030A4F8AC0004F1A002A4F888
:1060C000AE30B5F8D230A4F8B03095F82B3184F862
:1060D000B230237F73B394F86830012B2AD194F83F
:1060E0006E3003F0C003402B24D1D4F86930C4F8DB
:1060F000A030B4F86D309380082E236A04F1A60115
:1061000093F8AC2003F1AD0084F8992004F19A02D1
:10611000D3F8AD3019D0C4F8A630838830468B80D0
:1061200004F19901F0F74CFC40B940F6E2312D2022
:10613000EAF764FF0023C4F8A030DCE794F8993054
:1061400043F0020384F8993070BDC4F89A30838814
:1061500093800023C4F8A6308B80F5E70B468B2292
:1061600010B503F8032BD0F80920C1F80320427BB7
:106170001A71CB78A3B130F8B43C1B0710D4B1F836
:10618000054002212046EBF785FB48B1022120465D
:10619000EBF796FB20B140F276212D20EAF72EFF97
:1061A00010BD0121F3F772BBFFF7FBBF08B590F8F4
:1061B00094300BB1012008BD90F8CC30002BF9D100
:1061C00090F8BE3003F0FF00002BF4D0F0F730F869
:1061D00080F00100C0B2EEE730B54FF4B07285B088
:1061E0000D460021044601F060FAFF2323701323BB
:1061F000638042F21073E384EBF758FC00220146FF
:10620000E0646846EBF798FC00220121E06CFBF7A4
:10621000D5FF0422E16C6846EBF78EFC0022E06CAF
:106220001146FBF7CBFF04F13000A57400F0C9F96B
:1062300002A8F0F755FD20B94FF449712D20EAF777
:10624000DDFE02A904F13600FEF75EFA05B030BDAE
:10625000FF23C86C0B70FBF77EBF0078FF3818BFB8
:1062600001207047F7B5044630300E4600F0F9F9CA
:1062700061880746CA0605D52822F3F74DFE6D3022
:1062800003B0F0BD8B07E06C0FD5FCF730F8217937
:1062900005463846F2F778FE6388014628460093A3
:1062A00033466279F2F78EFEE9E7FCF710F8EEE785
:1062B000D0E9020170472DE9F04F07469DB00C462A
:1062C000054610AE0DF120080FCF0FC60FCF0FC639
:1062D00097E80F0086E80F0040466E7900F071F9EC
:1062E000A37A277D039323787A1E0493022A637886
:1062F00003F07F0AD14600F28380D90603D4A67D3D
:10630000731E022B7CD8637E03F0FD03012B02D1A8
:10631000032F08BF0427A37E03F0FD03012B02D146
:10632000032E08BF0426617A404600F051F9237D10
:10633000227F4046022B02F101020CBF617D012148
:10634000D2B204BF0131C9B200F044F91AF0080F0B
:106350006CD1404600F085F963788346DA0654D460
:10636000EBF7D2FB824639465846F2F70DFE012381
:10637000014632465046CDF80090F2F723FE40F237
:106380007122217900F28620E378B0FBF2F043EA33
:1063900001236179504343EA01435343984239D87A
:1063A0004FF0000B94F818A00793A37CE86C0593BA
:1063B0000AF1FF33D3F1000A4AEB030AFBF787FF28
:1063C0000690E86CFBF793FF0699079B814238BF64
:1063D000014688B268B308A90C9306930A910AA9EA
:1063E000ADF82C90CDF834B08DF838708DF8396058
:1063F000FFF7D2FD069BE0B945201DB0BDE8F08F48
:1064000040F212310620EAF7F9FD28224946F3F757
:1064100083FDB4E7E179A37943EA0123217A43EAD2
:1064200001435343834228BF0346B9E700239B46F9
:10643000B8E7CDE9123B059B049A8DF853308DF8EF
:10644000447010AF039B8DF845602E468DF850A028
:106450008DF854308DF84020ADF842900FCF0FC624
:106460000FCF0FC697E80F0086E80F0098E80300EB
:1064700028630020A986E37A03F0FD03003B18BFE0
:10648000012385F86F30E3682B67238AA5F8743001
:1064900095F84630E27D62F3071385F84630ACE7A5
:1064A0004FF40043A0F8483043881D2B08BF00215B
:1064B0004174704790F912007047408800F0010065
:1064C00070478078C0F3400070478078C0F3C00008
:1064D000704710B54488C06CE30654BFC4F3400451
:1064E0000024FBF7EBFE84F001042043C0B210BD92
:1064F0004079C31E012B05D8B1F81E31012B14BF02
:1065000003200420704710B50446F0F747FEC0F39F
:106510000B00A042F9D010BD10B50446F3F7F8FB0C
:1065200000212046F3F7B2F92046BDE81040F2F70B
:10653000D1BE90F86830016281F8B330D0F869308C
:10654000C1F8B430B0F86D30A1F8B830704770477A
:10655000F2F79CBF80F8881070478278034612F0EB
:10656000010002D0D978C90710D5900702D5D97893
:1065700089070AD512F0040008D0D878C0F380004B
:1065800080F001008000C0B2704702207047C0F365
:106590004002C0F3800300F0010013441844704728
:1065A000022808B507D0042807D0012807D03921D0
:1065B0002E20EAF723FD262008BD2720FCE7252012
:1065C000FAE70023C0F802300123437003707047DC
:1065D0008170704710B54270144601708078FFF7E3
:1065E000D6FF484304FB00F2FE2A03DD5C212E2087
:1065F000EAF704FD10BD0023C370437103717047B7
:1066000010B50446FFF7A9FF637962780133DBB266
:106610009A4263710CD1E3780022A178034362713E
:10662000DBB29942E37001BF2379E2700133237139
:10663000BDE81040FFF7B4BF38B504468078FFF7D7
:10664000A6FF0146E078FFF7A2FF2378227965785C
:106650009B1A6B4359436379C91A00FB1510C0B2EA
:1066600038BD014608B58078FFF791FF4A780B786E
:1066700053435843C0B208BD40F2EE20704740F289
:106680005A335843704708B50368DA7B182A04D098
:1066900040F27E513120EAF7B1FC1E22DA7308BDC8
:1066A00008B590F89E30FE2B04D040F66F113120D3
:1066B000EAF7A4FC002380F89E1080F89F3012B9FE
:1066C000A0F84E2008BDA0F84630012380F84A30DB
:1066D000F8E708B50368DA7B352A05D10022DA73BA
:1066E000BDE80840FEF713BE182A02D11E22DA7355
:1066F00008BD40F293513120EAF780FC037D63B975
:10670000C37BA3F11002032A07D990F8520028B1E5
:10671000202B8CBF00200120704701207047037D93
:1067200063B9837BA3F11002032A07D990F85200C2
:1067300028B1202B8CBF002001207047012070471A
:10674000036810B59A7B93F8A010092A08D193F832
:1067500099208A4204D100229A7383F84A2010BDFE
:106760001A6812F0080406D022F00802BDE81040B2
:106770001A60FEF7CCBDFF2904D1372283F8CC4242
:106780009A73ECE74FF4AF613120EAF737FC38B584
:106790000E38136814460D469A7B09283ED8DFE868
:1067A00000F0053D3D3D0F3D183D3D27042A05D134
:1067B0002046FEF792FD2046F1F78AFA002038BD08
:1067C0000F2AFBD1002220461146BDE83840FFF7D2
:1067D000B1B8212AF2D12046FEF77FFD002DEDD081
:1067E000226892F8623023F0200382F86230E5E7F5
:1067F000DA7B272AE2D100252046DD73FEF787FDEC
:10680000236893F83831012B03D129462046EFF74E
:10681000FFFD2368002283F83821CFE740F2622190
:106820003120EAF7EBFB024600680B4690F8621055
:1068300041F0040180F8621099785878F3F784BD2C
:1068400038B50C460546D1E93001EBF7D3F8637B48
:106850003BB104F50E74204600F0F2FA204600F039
:10686000FBFA0F212846EBF72BF810212846EBF70F
:1068700027F812212846EBF723F811212846EBF7D9
:106880001FF813212846EBF71BF828461421BDE812
:106890003840EBF715B80022C281827490F84C3072
:1068A00013B10221F2F7A8BA0321FBE738B5044679
:1068B0000846E37B162B09D0A3F11802534253413B
:1068C00094F8C82222B10C25284638BD0123F7E7E9
:1068D000002BF8D094F8F83203F0FF05002BF2D12A
:1068E00090B194F8063223B940F66C313120EAF7C2
:1068F00085FB052304F1800204F5FB7100F00CFE1A
:10690000012384F8C832DFE70223FAE7F0F7B8BDC5
:1069100010B5044690F8791090F87800F4F780FDEF
:10692000002201462046BDE81040FEF723BCF4F7E4
:1069300077BEC0F8E811704710B50446FFF7DFF8DE
:1069400000F58A71226A236C9A4228BF1A461046C3
:10695000FEF719FCB0F5296F28BF4FF4296080B20B
:1069600010BD08B520B940F277113520EAF746FB93
:10697000437B03F0FF0113B14FF4BC71F5E7202214
:1069800000F50270BDE8084000F08FBE10B5044667
:1069900086B020B94FF4BF713520EAF72FFB427B58
:1069A00002F0FF0312B140F27F11F5E70146012228
:1069B0006846F4F753FD694604F50270F8F71CFCCD
:1069C00010B940F28311E7E706B010BD036893F8F1
:1069D000A02022B100229A7383F84A207047DA730C
:1069E000FEF795BC03689A7B032A04D1002283F842
:1069F0004A209A737047FEF78ABCA1F11203012B5B
:106A00000AD910B9192902D87047122906D91F29A5
:106A10008CBF002001207047012070470020704784
:106A200038B5142813680D4614469B7B0CD01628E5
:106A30001AD0122835D1052B14D100222046114638
:106A4000BDE83840FEF776BF213B022B0AD810463E
:106A5000FEF743FC35B1226892F8623023F0200340
:106A600082F86230002038BD242BFBD11046FEF79F
:106A700034FC6DB1226892F8633023F0010382F890
:106A80006330226892F8633023F0080382F86330A1
:106A90001A212046EFF7BCFC2368002283F8382136
:106AA000E0E740F2AE413620EAF7A8FA0246006875
:106AB0000B4690F8621041F0040180F8621099785A
:106AC0005878F5F73FB970B50C460546D1E9300165
:106AD000EAF790FF637B3BB104F50276304600F0A5
:106AE000AFF9304600F0B8F904F5F0742046F1F73C
:106AF00047FA10B12046F1F751FA0F212846EAF77C
:106B0000DFFE10212846EAF7DBFE12212846EAF7CD
:106B1000D7FE11212846EAF7D3FE13212846EAF7CB
:106B2000CFFE28461421BDE87040EAF7C9BE002018
:106B30007047F0F7A1BBF0F75FBCF0F789BC70B508
:106B4000B0F8DE600146827CB600B0F840300ABB87
:106B5000C3F106039D1B91F83E3013B18B7B052BCF
:106B60001DD10846FFF7DBFDD8B1D1E90D34E41A99
:106B7000A41BAC42B1F8AA00A8BF2C4600F043F811
:106B800020B1C389043B9C42B8BF1C4624EAE47090
:106B900080B270BDB0F84250ED1AAD1BDBE70024A7
:106BA000E7E72C46E5E770B50D4604210646EAF70F
:106BB00071FE044648B906213046EAF76BFE20B163
:106BC00015B190F8E53003B90446204670BD1D2389
:106BD00010B504460370EFF799FB6070022010BDFA
:106BE0001E2310B504460370EFF790FB607002207F
:106BF00010BD01234380038000238380C3804FF4B2
:106C00004863038170471021EAF744BE73B501A9B8
:106C10000546FDF798FC044618B121215420EAF7F7
:106C2000EDF92846019EFFF7EEFF30B10123A6F8EB
:106C3000DE30848144810482C48102B070BD3C2373
:106C400003804FF4FA4343800123C38083800023F1
:106C5000038143814FF448638381704708B5F6F799
:106C600015FDF6F7A1F9F6F7B9F8BDE80840F7F712
:106C70007BBA10B5C824F6F75BF9022808D1013CAD
:106C800014F0FF04F7D10620F0F732FA204610BDC9
:106C9000431E58425841FAE710B5F6F723FD044663
:106CA00000F055F9201841F1000110BD38B5044637
:106CB0001546F6F7C9FA01462A462046BDE838408F
:106CC000F6F718BE704719B943780BB1C3788370D3
:106CD000704710B504460846F7F74CF94FF47A733D
:106CE000B0FBF3F0201A10BD38B50446084615462F
:106CF000F7F740F94FF47A7300F2E730033DB0FB49
:106D0000F3F0012DA4EB00048CBF02200A20201A0E
:106D100038BD013808B507280BD8DFE800F00F119F
:106D200006040A0F0F08032008BD0220FCE7042018
:106D3000FAE740F289410620EAF760F90020F3E71C
:106D40000120F1E700F038B8801A00F3070038B5E9
:106D50000D46144659B240B2F7F7D8FC002328700C
:106D600020446B7040B238BD002303607047704709
:106D7000002070474FF0FF3070474FF0FF307047F2
:106D800070474FF0FF307047002070470020704779
:106D90000023037070479DF800300022FFF7D4BF36
:106DA0004FF0FF307047002070474FF0FF307047C2
:106DB0004FF0FF307047704770470020F7F7EABC8C
:106DC0000020F7F7C1BD0020F7F7D2BD0020F7F78C
:106DD000E1BC7047F7F718BEF7F72ABEF7F71ABEFF
:106DE00008B5F8F75BFFF9F781FAF9F7D7F9BDE8CD
:106DF0000840F8F7A9BBF9F7E5BAF8F79DBFF8F72F
:106E0000B3BFF9F709BB00F048B9F9F7FBBAF9F7D6
:106E1000EBBA10B5837F8BB9034601F1180251F824
:106E2000044B914243F8044BF9D101248477214665
:106E3000F8F78CF9F8F772FF204610BD0020FCE748
:106E400010B504460221F8F781F9F8F767FFA07F33
:106E5000B0FA80F0400910BD38B50446A37F03B9ED
:106E600038BDA37F032B02D0A37F042B0ED1EFF3F9
:106E7000108572B62046F8F795FB05B962B6A37F78
:106E8000002BEDD0FF210320F9F7DAFCA37F012BC3
:106E900002D14FF48271F6E700F048FBDEE7F8B567
:106EA0000746F8F7A9FF044620B940F2291103204C
:106EB000F9F7C6FCF8F7A6FFA468002524183846A1
:106EC00041F1000622463346F8F7F4FBA04271EB8D
:106ED000060309D3001B6FF0010361EB0601834237
:106EE00075EB010102D3F8BD2846FCE74FF0FF30F7
:106EF000F9E72DE9F04104460F46F8F77DFF064615
:106F000020B94FF4A3710320F9F79AFC8568002398
:106F100062195B4113B10020BDE8F081F8F772FF00
:106F20002A18384641F1000314EB020843F100052A
:106F3000F8F7C0FB4045A941EDD3F9F743FA00F05B
:106F40006AF8B368012037752344B360E4E7F8F7C3
:106F500059BF8068704708B5F8F74EFF20B940F276
:106F60009B110320F9F76CFC007D08BDF8B503699F
:106F7000044623B14FF4D1710320F9F761FCF9F70E
:106F800021FA05460E46F8F71FF870B36435D4E9C8
:106F9000003246F10001AB4272EB010001D22B46F8
:106FA0000A46C4E90032EFF3108572B6F8F724FF01
:106FB000064698B1F8F726FFB3680B332CBF0122C1
:106FC00000221B18D4E9006042EB0101B34271EBCF
:106FD00000023CBF33460146C4E9003105B962B640
:106FE0002046BDE8F840F8F7DBBBF8F70DF8074698
:106FF000F8F716FFB84238BF3846963546F100021A
:107000004319D4E9000142F10002834272EB010509
:10701000C7D20346C4E7F8F7B3B9032910B504464D
:1070200006D801290ED840F25D11B020F9F708FC0E
:107030000429F8D1F8F7A0F820B12046F8F72EFC83
:10704000022010BD0020FCE77047C0E90812202292
:10705000002100F02ABB10B5037886B0044623B1A6
:107060004FF4AB714520F9F7EBFB0593CDE9033302
:10707000D0E90423CDE9002343680293037A6846EC
:107080008DF81430FFF772FF0120DDE90023C4E919
:10709000042306B010BDF9F71BB810B5029C2418E4
:1070A00041F10001A01A61EB0301B0F1004F71F151
:1070B000000103DBAA210420F9F7C2FB10BD08B5CB
:1070C00000230B8581F82A300B6A0921984728B1E3
:1070D00003781BB1E9216A20F9F7B2FB08BD436AC6
:1070E00019444162A1F19600FFF787BEF8B5044646
:1070F00020B940F2AD116A20F9F7A2FB90F8585080
:10710000052900F2C780DFE801F0038043656F794D
:1071100090F82A30033B012B02D94FF4DC71EAE7E7
:10712000052380F82A30002380F859300378EBB12A
:107130002378012B24D1F8F759FF636894F828606D
:107140006362C4E90601F6B9FFF75FFE31462046E7
:10715000FFF7C5FF236A3146284698470146204677
:10716000F9F70EFA022840F09880F8BDFFF743FEC9
:1071700007460E46F8F73AFF87428E41F6D3D7E727
:10718000D4E90401D9E72046BDE8F840F9F7C4B9CD
:1071900090F82A30DA1E012A02D940F2ED11AAE74E
:1071A00090F828202AB121462846BDE8F840FFF78C
:1071B00086BF042B036A18BF012180F82A1005211D
:1071C000284698470028D0D00378002BCDD04FF424
:1071D000007190E790F82A30052B02D040F206218A
:1071E00089E7036A0221B7E790F82A30052B02D01D
:1071F0004FF403717FE7036A0121ADE790F82A306D
:10720000052BC0D040F2122175E790F82A30052BEB
:1072100007D090F829200AB1032B02D040F21721A1
:1072200069E794F82820002ABDD194F8593083B139
:1072300002230821284684F8592084F82A30236A3A
:107240009847002891D00378002B8ED040F223215C
:1072500051E794F8292062B1214604F1300084F806
:107260002930F8F763FE00287FF47FAF4FF40A71EE
:1072700041E702230721284684F82A30236A9847E9
:1072800000283FF472AF0378002B3FF46EAF40F25A
:107290002F2130E74FF40D712DE70128236A0CBF31
:1072A0000421032158E770B50024F9F72BFA0546AD
:1072B0002646E0B2854200D870BDF9F729FA0134BC
:1072C000068580F82A60F4E7F8B504460D460027E5
:1072D000F9F718FA0646F8B2864204D8082D0CD9F8
:1072E0006FF0150008E0F9F713FA90F82A3001372B
:1072F000002BF0D04FF0FF30F8BD2CB129462046CE
:10730000BDE8F840F9F710BA21462046F8E710B575
:107310000446F9F7FDF9014688B190F828308BB999
:1073200090F82A3073B1013B012B04D82046FFF7B7
:10733000C6FE002010BD012380F82830F9E76FF069
:107340000100F7E76FF02200F4E770B50D46F9F79A
:10735000DFF9044600284CD090F82A60731E012BF8
:107360004DD8002D48D02846F9F7AAF8002843D078
:107370002B780BBB012323702B796A79003B18BF54
:107380000123002A14BF0422022243F004032272C4
:10739000AA68A5326260EA6863720323226121460B
:1073A00004F1300084F82A30F8F7C0FD50BB40F2F9
:1073B000C1216A20F9F744FA022E20D1002323705C
:1073C0002B796A79003B18BF0123002A18BF0426D5
:1073D00043F004032672EA686372A532A96862600A
:1073E000D4E906325B1842EBE172C4E904320423AB
:1073F000D5E76FF0010070BD6FF01500FBE76FF08F
:107400002200F8E70020F6E7F8B5037904461BB13F
:107410001B219D20F9F714FA4679017126B9012341
:107420004371217909B96171F8BD27682046267139
:10743000B84702280546F4D103212046B84708B1D1
:107440002F21E6E723682946204698470028E8D000
:107450003021DEE70346006800B970478842F9D161
:1074600002681A60704701F11003013813F8012D0A
:107470008B4200F8012FF9D170472DE9F04713F046
:10748000010F8EB004460D4617469A46DDE916896F
:1074900024D006A8FFF7E7FFA30735D002AA04F11E
:1074A00010052068083454F8041C1346AC4203C38A
:1074B0001A46F6D106AD02AC1AF0020F4346CDF8DB
:1074C000009023D0294620460AAAF9F763FA0AA9B0
:1074D0003846FFF7C8FF0EB0BDE8F08713F0040F81
:1074E0000DD106AB0E4601F1100C1D463068083672
:1074F00056F8041C1A46664503C21346F6D12146C7
:1075000002A8FFF7B0FFD6E706ADD5E73A46294611
:107510002046F9F73FFADEE713B50024CDE9004431
:10752000FFF7ABFF02B010BDF9F738BB20BF7047C3
:1075300020BF70479142F8B503D373219620F9F725
:107540007FF9B2FA82F33BB1C3F1200499409A402B
:1075500020FA04F4984021434FEA124C93B2040CF1
:1075600087B2B1FBFCF50CFB151E05FB03F64FEAD9
:107570000E4E0EEB1040864205D9361A964294BF45
:1075800001260226AD1B04EB0141280405FB121164
:10759000B1FBFCF40CFB1411634307EB0147BB4246
:1075A00005D9DB1B934294BF01230223E41A204335
:1075B000F8BD70B5044615461E46FFF7BBFF049B99
:1075C00000FB154430601C6070BD2DE9F0411D4684
:1075D00007460C46164652EA050303D1A62196201B
:1075E000F9F72EF985B9914204D2FFF7A3FF294696
:1075F000BDE8F08108462946FFF79CFF0546324664
:10760000384606FB1541F0E7B5FA85F80123400836
:1076100003FA08F3C8F11F0840EAC470A3FB021282
:10762000610803FB0522FFF785FF30FA08F04FF0F1
:10763000000102D0013861EB010100FB05F3A0FB62
:10764000062C06FB0133BF1A634464EB0304B74204
:10765000AC41CDD3013041F10001C9E762B101393C
:1076600010B5841810F8012B11F8013FA04201D089
:107670009A42F7D0D01A10BD10467047431A934271
:1076800000EB020310B508D3013902469A420BD031
:1076900011F8014F02F8014BF8E70A4412F8014DC6
:1076A0008A4203F8014DF9D110BDF0B5C9B20446C4
:1076B000A30726460ED14FF0013522F003034D43B8
:1076C000E718BC420CD1334402F003021A4493423F
:1076D00009D1F0BD002AFCD0013A04F8011BE7E70C
:1076E00044F8045BEDE703F8011BF0E7FFF7DDBFAB
:1076F00000280CBF6FF01500002070470020704775
:107700000723037000207047002070470020704757
:1077100010F8012B11F8013B012A28BF9A42F7D03B
:10772000D01A7047034611F8012B03F8012B002AE9
:10773000F9D17047034613F8012B002AFBD1181A20
:1077400001387047430803F05533C01A00F0333353
:10775000800800F0333018444FF0013300EB101074
:1077600000F00F305843000E70472DE9F0478C466B
:107770008E46089E154604461946002B40F0D080E0
:10778000724547D9B2FA82F74FB1C7F120030EFA1A
:1077900007FCBD40BC4020FA03F343EA0C0C4FEA5F
:1077A000154EA8B2230CBCFBFEF80EFB18CC08FB50
:1077B00000F943EA0C43994528D9EB1808F1FF3248
:1077C00004D2994502D9A8F102022B44A3EB090384
:1077D000A4B2B3FBFEFC0EFB1C330CFB00F044EA2E
:1077E0000344A04214D92C190CF1FF3304D2A04257
:1077F00002D9ACF102032C44241A43EA02401EB120
:10780000FC40002334607360BDE8F0874246DDE74A
:107810006346F1E7002A79D0B2FA82F3002B3FD019
:107820001946C1F1200302FA01F500FA01F42EFA1B
:1078300003F20EFA01FE20FA03F3AFB243EA0E039D
:107840004FEA154EB2FBFEFC0EFB1C201A0C0CFB83
:1078500007F842EA004290455AD9AA180CF1FF30C5
:1078600004D2904502D9ACF102002A44A2EB0802EE
:107870009BB2B2FBFEFC0EFB1C220CFB07F743EA9B
:1078800002439F4246D9EB180CF1FF3204D29F42CB
:1078900002D9ACF102022B44DB1B42EA004202E0B7
:1078A000AEEB020301224FEA154EAFB2200CB3FB40
:1078B000FEFC0EFB1C330CFB07F840EA0343984523
:1078C0002AD9EB180CF1FF3004D2984502D9ACF15B
:1078D00002002B44A3EB0803A4B2B3FBFEFC0EFB97
:1078E0001C330CFB07F744EA0344A74216D92C19B2
:1078F0000CF1FF3304D2A74202D9ACF102032C44AD
:10790000E41B43EA00400F46114678E71F2188E751
:107910006046ABE76246BFE76046DBE76346EFE7FA
:10792000734506D916B9002108466DE7C6E9000E71
:10793000F9E7B3FA83F787B9734501D3824207D8D1
:10794000841A6EEB030301209C461EB900215BE7FD
:107950003846FAE7C6E9004CF8E7C7F1200CBB400F
:1079600000FA07F422FA0CF520FA0CF1BA401D4394
:107970002EFA0CF30EFA07FE4FEA154941EA0E0102
:107980001FFA85FEB3FBF9F809FB18300B0C08FB56
:107990000EFA43EA00439A4540D9EB1808F1FF304C
:1079A00004D29A4502D9A8F102002B44A3EB0A03A2
:1079B00089B2B3FBF9F809FB183308FB0EFE41EA64
:1079C00003418E452CD9691808F1FF3304D28E4546
:1079D00002D9A8F10203294443EA0040A1EB0E01B9
:1079E000A0FB02984145CE46434602D306D14C4502
:1079F00004D20138B9EB020E68EB0503002EA5D0C6
:107A0000B4EB0E0261EB030101FA0CFC22FA07F35E
:107A1000F9404CEA0303C6E9003197E74046C5E761
:107A20004346D9E70000000008B501F0C5FC20B1CD
:107A3000BDE80840002101F07BB99FED010B08BDB6
:107A400000000000000000002DE9F0472DED048B40
:107A50009EB005F0B9FB05F0ABFB1EF0A4FD0023C2
:107A60000546089308A814F083FC044614F0B8FCFB
:107A7000002C00F037822146C1481FF028FA05F09B
:107A800097FB2A460146BF481FF021FA1EF00AFE66
:107A900004461EF007FE064602F0F4FD074605F018
:107AA00087FBB94B3246214601900093B7483B46CD
:107AB0001FF00DFA02F002FE04F0A0FF05F05EF9DF
:107AC000B34826F0B0F903F0A1FEB24802F016FD6B
:107AD00006F000FB06F09EFD05F06AFB05F0F2FCE7
:107AE00010B1AD481FF0F3F9284603F093FA03F004
:107AF0009DFAAA4803F0CCFAA94C204625F099FC3F
:107B000030B32669A56833684FF4803223F480339C
:107B10003360102120462B689847AF6967B13368FE
:107B20004FF0A07213F4803F14BF4FF000734FF07A
:107B3000806310212046B8479A4B9B4A53604FF40C
:107B400080339360EB691BB10122974994489847B1
:107B500003F0FCF804F048FB05F0FEFE05F0D8F950
:107B600005F078FF10B191481FF0B1F904F0B2FAB6
:107B700005F03CFC00F0F8FD02F0DEFC02F0D2FC67
:107B800008B101F075FE8A4805F062F949F64040F7
:107B900001F042FD01F0B0FB002304461A461946ED
:107BA00084481EF0A2FD4FF4FA6003F077FA02F069
:107BB000B3FC814B814A002818BF1A46104603F0D7
:107BC0002FFE04F053F944B903F072FC01F060FE9B
:107BD00022F060FF08B922F079FF01F037FC9FED39
:107BE000668B04F0BDFF05F05BF905F025F901F0A7
:107BF000B9FB00221F218DED008B654826F023F98B
:107C0000044605F04DF96248214626F018F905F0C2
:107C100013F904F083FAE6060BD500F0A5FD02F097
:107C20008BFC02F07FFC10B9654819F0CDF924F007
:107C30001004A50718D500F05BFD624D012085ED0D
:107C4000000B02F079FC01F013FE5F4BD888F9F7C6
:107C5000F9F900225D4BF9F789FBD5E90023F9F723
:107C6000EBFC18B124F00204002CC2D0504805F0FF
:107C7000EFF84FF47A70DFF85081B8F810305843BD
:107C800001F0CAFC01F038FB0646200716D502F0C9
:107C900043FC05464E4A1821136808A801331360B7
:107CA0004C4A1CF0D7FD002D00F03D8143494A4865
:107CB000414A08AB1EF019FD01F0C4FCA1070AD52A
:107CC000404B93ED009B02F027FCB0EE490AF0EE2A
:107CD000690A00F061F9620735D5DFF80491DFF831
:107CE00004A1EFF3118C402383F31288BFF36F8F4D
:107CF00099F800209AF80030934200F01F810E217D
:107D0000364B08AD01FB023303F1080E2F4618680D
:107D10005968083303C773453D46F7D118680132E7
:107D200038609B8802F00702BB80012389F800209D
:107D30008CF31188BFF36F8F002B40F0F88002F0B6
:107D4000EBFB00F065F9E30740F1BC804FF4FA600B
:107D500003F0A4F901F076FC02F0DEFB164B174AA3
:107D6000002818BF1A46104603F05AFD04F07EF8AA
:107D700008A806F02BFA37E0FFFFFFFFFFFFFFFF29
:107D8000083005008E30050078290500C130050057
:107D90005068002011660400FB300500FD970200CA
:107DA00034030500176604004068002033310500E5
:107DB000E093040077310500E3270500EB27050079
:107DC000200C002038220020B4A2002000408F4068
:107DD0004C6800207C310500D62F05005A79002020
:107DE000587900205979002005A805F0CBF804F057
:107DF00089F9044605F0DCF9054625F05DFF4FF4EE
:107E00007A77A0FB070C47F6122207FB01C100237B
:107E1000F9F704FD4FF47A720023F9F7AFFC4D4BEC
:107E20004D4A0F46002E14BF9A469246814602F0F4
:107E300073FBD8F80820D8F80C302946002818BF62
:107E400013464A46CDE900A344483B461FF03FF89D
:107E50009DF82030002B73D1DFF83081DFF80891D6
:107E60009DF81F50002D70D09DF81E50BDF814A035
:107E700014F5004F6BD00A23002C94FBF3F7B8BF26
:107E80006442A4B2B4FBF3F203FB12443FB205F028
:107E90008FFF2B464A464146CDE90240CDE900A777
:107EA0002F481FF014F803F09BF902F035FB00F0A7
:107EB000AFF800F059FC02F03FFB02F033FB08B1D1
:107EC00001F0D6FC1EB903F0F3FA01F0E1FC01F079
:107ED000BDFA04F045FE04F0E3FF04F0ADFF01F04D
:107EE00041FA86E6089919B91E481EF0F0FFC6E56A
:107EF0001D4C11F0100F1D4A08BF224611F0020F51
:107F00001B4B1C4E08BF234611F0200F1A4808BF18
:107F1000204611F0010F18BF3446CDE90004174880
:107F20001EF0D5FFABE516491648174AC1E602F028
:107F3000F3FA014608A803F0E9FED2E60023F7E6CB
:107F4000DFF84C800DF148098AE7AA4690E7002740
:107F50003C469CE7F42F0500ED2F05008431050019
:107F6000B131050027300500EF470500B62F0500A9
:107F7000C02F0500D12F0500CA2F0500773005005E
:107F8000E3270500E22F0500EB270500013005007F
:107F9000FC2F05000000000010B52DED028BB0EEA7
:107FA000408AF0EE608A82B030B1002251EC100BB2
:107FB000114BF9F737FB98B99FED0B1B0F4C104B8A
:107FC000B0EE480AF0EE680A0093002220460D4BFE
:107FD0000D4904F029F8204602B0BDEC028B10BD1B
:107FE0009FED031B094CEAE7000000000000104071
:107FF000000000000000204000002040793D050006
:10800000D5750500AA270500CD3A0500723D05008B
:108010002DE9F047804600269F4CA6B002F032FBC7
:10802000B04227DC10A804F0ADFF002840F0118218
:108030009DF84B30002B00F00C829DF8494034B184
:10804000BDF94640142CD4BF002401242046934D92
:10805000934E2B78002B00F0BD813378A34200F0C3
:10806000B981002840F02382002B40F0AD818D497A
:108070008D48F3E1304602F00DFB0578304602F002
:1080800009FB132D00F2948090F8019004A9284672
:1080900003F06CF80746002800F08A802B464A4619
:1080A0000AA818211EF044FB0A236B439DF81A000E
:1080B000E2180F2894BF4FF0010A4FF0000AE35C6A
:1080C00021D80BB1D3796BB9F8F7ACFF774B41EC02
:1080D000100B00939FED6A1B754B764976480AAAF0
:1080E00003F0A2FF0A2303FB054209F1FF3982F8DE
:1080F00007A0B9F1040F57D8DFE819F00E005E00B1
:108100003901F8009600002BECD0D379002BE9D090
:10811000F8F788FF694BDAE710A806F057F8DDE9B1
:1081200016010022664BF9F787FA90B1BDF91D00E0
:10813000B0F5487F0DDBF8F785FF5C4B41EC100B89
:1081400000939FED511B5F4B5F4960480AAA03F003
:108150006BFF40F2B532BDF91B3093422ADCB3F518
:108160002F7FACBF592747270A236B43E218E35CF4
:10817000B3B19379BB4213D08DF8083000239DF83A
:108180001720534801929DF8162002A9009203AAD5
:108190008DF809308DF80C708DF80D301EF0ACFAAA
:1081A0000A2303FB05439F710A2301226B43E25418
:1081B000013633E75227D7E7BDF91B005E280DDDF6
:1081C000F8F740FF394B41EC100B00939FED301B4B
:1081D000374B404940480AAA03F026FF0A236B4365
:1081E000E218E35CABB1BDF91B30B2F904209B1A75
:1081F000002BB8BF5B42132B0BDD9DF817303748BF
:1082000001939DF81630009300231A4619461EF07C
:1082100073FA0A2303FB05439DF81B209DF81C10ED
:1082200042EA01229A80BFE70A226A439DF8193088
:10823000A018A25C03F00401C3F38007C2B1427826
:10824000BA4215D0B8F1000F12D1002940F02981AF
:10825000234812B923490A4601E02349214A9DF8DF
:10826000173001939DF81630009300231EF044FA56
:108270000A2303FB05435F7096E71A491A4AEEE7A3
:108280000000000000002E400000000000008940B7
:108290000000000000C0574032780020719E00208E
:1082A000729E00203B450500E43D0500D5750500A4
:1082B000F03D0500F23D0500F73D05004F3B050090
:1082C00000002E40083E05002E6F05000C3E050004
:1082D000173E0500CD3A0500233E05002C3E050063
:1082E000803D05008B3D05009C3D05006B439DF8DE
:1082F0001920E118D007E35C1DD512071BD40BB180
:108300000B7A9BB9BDF91B00F8F79CFE0022704B5D
:10831000F9F72CF86F4B41EC100B00939FED681BA5
:108320006D4B6E496E480AAA03F07EFE0A2303FBDA
:1083300005431F7238E7C3B10A2303FB05431B7AC9
:108340009BB1BDF91B00F8F77DFE0022604BF9F7E9
:108350000DF8644B41EC100B00939FED591B5E4BE5
:108360005E495F480AAA03F05FFE0027DEE70A23A2
:108370006B43BDF91B20E118E35C171E18BF0127F2
:10838000EBB18B78BB421AD0B8F1000F17D1002A9D
:1083900040F082801BB154495448554A06E0544984
:1083A00052480A4602E0524952484F4A9DF8173057
:1083B00001939DF81630009300231EF09DF90A23C7
:1083C00003FB05439F70EFE64B494C484C4A0023A2
:1083D0001EF08BF901232B70002304A88DF81030B8
:1083E000347004F0EFFA9DF81030002B38D0454C73
:1083F000454B002808BF1C46444D2B7853B12946F5
:108400002046FFF785F928B1002322462946404837
:108410001EF06BF9002623889DF84A002B80A37874
:10842000EE70AB703B4D0A2894BF012737462C787D
:1084300025D86CB9F8F7F6FD9FED231B41EC100B26
:108440002246244B0093344B2449344803F0ECFD7E
:108450002F7026B0BDE8F087274931480A46B6E7B5
:108460009DF849304BB940F6C462BDF84010264C27
:10847000244B914288BF1C46BEE7224CBCE7002C2F
:10848000E6D0F8F7CFFD174B9FED0F1B009341ECA3
:10849000100B3246204BD7E7002B84D012491548E9
:1084A0007FE72048002A3FF4E8AE1F49D3E6002BBF
:1084B000D2D113491A48104A89E700BFAFF30080B0
:1084C0000000000000004E400000000000002440BA
:1084D00000002440D5750500486D0500CD3A050023
:1084E000A63A05004F3B0500A13D0500BB3D050038
:1084F000CE3D0500A93D050015370500E43D05000A
:108500003B450500F7360500F33605006D9E00205B
:10851000383E05006C9E0020F03D0500FC3D050046
:10852000D73D0500923D05009C3D05000000000080
:108530002DE9F04F804685B08946634824F079FFE5
:10854000002800F0B68004F03DFB05201EF0C6F9BF
:10855000FD235E4E0DF1060031788DF8063005F0F2
:108560008DF90446C8B90A201EF0B8F9317802A87E
:1085700005F09CF9044680B902A81EF08EF99DF81A
:108580000A30834207D10DF10B001EF086F99DF8E9
:108590000D30834231D06FF0040400274FF0FD0B03
:1085A000DFF848A11AF8015B33788DF807B0AB42C9
:1085B0007AD029460DF1070005F060F9002873D143
:1085C0000A201EF08BF9294602A805F06FF9002851
:1085D0006AD102A81EF061F99DF80A30834263D186
:1085E0000DF10B001EF059F99DF80D3083425BD15F
:1085F0002946374835701EF06AFCBDF8080040BABD
:1086000080B2F8F71FFD2CA3D3E90023F8F784FD0F
:108610002BA3D3E90023F8F7A9FE00222D4BF8F78E
:10862000C3FB0646BDF80B000F4640BA80B2F8F710
:1086300009FD0022284BF8F76FFD21A3D3E90023A1
:10864000F8F794FE0022254BF8F7AEFB002200233A
:1086500004460D46F8F7D2FF18BB002220462946F3
:108660001F4BF8F7E9FF08B100241D4D00221D4BF8
:1086700030463946F8F750FDF8F7E8FF00221A4B6C
:10868000A8F8000029462046F8F790FBF9F706F80D
:10869000002489F800001EF0DAF8204605B0BDE895
:1086A000F08F00240025E1E70137032F7FF47AAF34
:1086B000F1E74FF0FF34F0E70000000000E0654014
:1086C00000000000E0FFEF4054040500860B00208E
:1086D000F74705000080464000405F40000018401A
:1086E00000005940000024400000E03FDE8C0500FF
:1086F00030B587B0684604AA02A91EF001F940BB54
:10870000DDE9002310461946F8F706FDDDE90223EE
:1087100004460D4610461946F8F7FEFC02460B4685
:1087200020462946F8F742FBDDE9042304460D46BE
:1087300010461946F8F7F0FC02460B46204629463B
:10874000F8F734FB41EC100B07B0BDE830401DF0EA
:1087500013BE9FED030B07B030BD00BFAFF3008029
:1087600000000000000000002DE9F04F002400256B
:108770004FF0100A4FF0000B26462F4687B0684690
:1087800004AA02A91EF0BCF800283FD1DDE90023AD
:1087900010461946F8F7C0FCDDE9022380468946F9
:1087A00010461946F8F7B8FC02460B4640464946C3
:1087B000F8F7FCFADDE9042380468946104619469D
:1087C000F8F7AAFC02460B4640464946F8F7EEFA8F
:1087D00041EC100B1DF0D0FD59EC108B3046424699
:1087E0004B463946F8F7E2FA42464B4606460F46F4
:1087F00040464946F8F790FC02460B46204629467B
:10880000F8F7D4FA04460D460BF1010B9D20002128
:1088100025F062F9BAF1010AB1D1BBF1030F2BDDEA
:108820005846F8F70FFC02460B468046894630460C
:108830003946F8F79BFD424606460F464B46204612
:108840002946F8F793FD324604460D463B4630462E
:108850003946F8F761FC02460B4620462946F8F7F0
:10886000A3FA07A3D3E90023F8F7E6FE003818BF00
:10887000012007B0BDE8F08F5046FAE7AFF3008063
:1088800092CB7F48BF7D4D3F2DE9F04DA64CB6B051
:108890004FF0FF324FF0FF33A44817F03DFB0122A9
:1088A000A3480DF11F011EF0F7FE0128F0D19DF83D
:1088B0001F20A04F242A02D138602270EFE73B68C6
:1088C000002BECDB0D2A02D00A2A40F09281002511
:1088D000052BE55440F31281E378522B34D0E37832
:1088E000472B40F00B812379472B40F03B81637984
:1088F000412B40F0378105F059FB002800F02C8116
:1089000010211EA805F036FB082840F3F7804FF031
:10891000FF324FF0FF33884817F0D6F9249827F03C
:10892000ABF8864D85F85000259827F0A5F885F816
:108930005100269827F09DF851EC100BF8F7CEFE69
:10894000686505F07BFBD9E023794D2B40F0D6809C
:108950006379432B40F0D28005F028FB8046002845
:1089600000F0D38018211EA805F004FB092840F36D
:10897000C5805822294608A827F073F8209B1B7849
:10898000A3F14102534253418DF8203025F094F970
:108990004FF47A75A0FB0506002347F6122205FB6B
:1089A0000161F8F73BFF9DF82030CDE91A0113B3C0
:1089B000DDE9210105F0A2FADDE923018DED0A0BC5
:1089C00005F09CFA8DED0C0B25980378002B74D0E4
:1089D00027F04FF851EC100B4FA3D3E90023F8F721
:1089E0009BFBCDE90E0126980378002B68D027F079
:1089F00040F88DED100B00231F9E8DF84830304657
:108A0000FEF798FE05283AD9279D2846FEF792FEE4
:108A1000052834D90A2296F804C07179ACF1300CDB
:108A2000303902FB0C1128796B79049196F802C059
:108A3000F178ACF1300C303902FB0C11039196F84F
:108A400000C07178ACF1300C303902FB0C1102918E
:108A50002E786978303E303902FB06110191AE78EC
:108A6000E978303E303902FB06113038303B02FBEA
:108A700000330091324A202112A81BF0EBFE9DF832
:108A8000203003B3DDE90EAB4FF0FF334FF0FF3280
:108A900029482C4D17F018F95822284808A926F023
:108AA000BAFF2B7800229BB950465946264BF8F75F
:108AB000C3FDB0B905F0C2FA1AE0002000218BE72F
:108AC0009FED170B95E74FF0000A4FF0000BDBE727
:108AD000504659461D4BF8F791FD0028EAD04FF05B
:108AE000000885F8008005F0A9FA194B1B684BB9FE
:108AF0009DF8203013B1174817F0DAF94FF0FF3323
:108B00003B60CCE640469847F2E73B68052B3FF7D1
:108B1000E6AEF3E7AFF300806F1283C0CAA1FD3F5A
:108B20000000000000000000D3A20020A00D0020E3
:108B3000A4060020A0060020A06A002040250020F6
:108B4000B04A050053A30020000008400000F83F91
:108B50009C6A0020700D00203B68052BCEDDE37879
:108B6000472BCBD12379532BC8D16379562BC5D151
:108B70006278A378472A0AD1502B18D04C2B2FD0DB
:108B8000412B30D0422B07D10325082311E0422A84
:108B900009D1442BB2D1F7E7512B27D0492BADD1C6
:108BA0000525202305E0492AA8D1522BF7E7002507
:108BB0000123134A11780B43137025F07DF84FF40D
:108BC0007A76A0FB060C0F4B47F6122203EBC50585
:108BD00006FB01C10023F8F721FEC5E900018DE77E
:108BE00001250223E5E702250423E2E704251023FB
:108BF000DFE77E2B82DC591C3960E2544FE600BF70
:108C0000D2A200201025002013B500246FF0090324
:108C10004FF4806214491548009417F053FB14492F
:108C2000124824F099FE1349134824F0D8FD224637
:108C300004211C2009F03EFB0122104BD3E8EF1F5A
:108C4000C3E8E02F0028F9D105A3D3E900230C499C
:108C5000064817F077FB204602B010BDAFF3008046
:108C6000389C1C0000000000E0E50020B8630020F4
:108C7000CA89050059BE0400E47200207C720020FD
:108C8000C80500200000000010B50B4BD3E8AF3F33
:108C900053B1F6F79FF906A3D3E90023BDE81040CE
:108CA0000649074817F04EBB10BD00BFAFF3008068
:108CB000389C1C00000000007C720020C8050020C9
:108CC000B86300200000000070B4174E0C46B0429C
:108CD000154608D00136B0420FD0023EB04210D047
:108CE00070BC1AF085BD0AA3D3E90023C5E90023AF
:108CF0000E4B0020236070BC704707A3D3E900230C
:108D0000F4E707A3D3E90023F0E700BFAFF3008047
:108D100002C0FF7F0000000003C0FF7F00000000D2
:108D200001C0FF7F0000000002C0FF7F03004E80F3
:108D30002DE9F84F8146884600232DED028B19F866
:108D400003705A1C202F00F09E81A7F1090104290D
:108D500040F299812B2F144631D02D2F34D0042589
:108D600047F02003692B31D06E2B68D000224FF0E2
:108D70000A0B924694461346114615F4006073D0D0
:108D800047F02006A6F1610EBEF1050F6CD8573EE4
:108D9000F6B25E456DD347F0200705F08006782FC8
:108DA00040F0AC80002E5BD053EA010640F0A88072
:108DB00045F4006E4FF0100B1FFA8EFE8CE0042578
:108DC00019F802709C1CCBE74425F9E79FEDB08BA6
:108DD000B54B13F8011B49B119F80420601C42F08F
:108DE00020028A422FD0B14A934239D1B0EE480ACC
:108DF000F0EE680A27F0FDF848B119F80430282B86
:108E000005D1013419F804300134292B1DD16B062A
:108E100007D518EE901A18EE102A01F1004343EC22
:108E2000182BB8F1000F02D04C44C8F80040B0EE47
:108E3000480AF0EE680ABDEC028BBDE8F88F9FEDA2
:108E4000968B9B4BC5E70446C3E723F02002413ACB
:108E5000192AD7D9A3F13002092AD3D95F2BD1D04F
:108E600000249FED8F8BDCE7A7F13006F6B25E455C
:108E700039D245F0800E15F480701FFA8EFE23D192
:108E8000BBF10A0F14BF0F271027BA450EDCAF0540
:108E900027D4ABFB0335F3180BFB015545F100015B
:108EA00053EA010018D00AF1010A15E045F4C07E2A
:108EB000BBF10A0F1FFA8EFE06D1042E04D9052E2F
:108EC0004FF0020C08BF0646002E18BF4CF0010CF4
:108ED0001EF4007F00D1013219F804707546013488
:108EE0004BE7013AD5E7FE2E7FF455AFAE053FF5CF
:108EF00052AF45F4007E1FFA8EFEEDE7002EAFD094
:108F0000002876D092007020B84217D119F80400DA
:108F1000661C2B2804D02D286DD145F48065ADB298
:108F200019F80670A61C04463846A0F13007092F30
:108F300064D901340CBF06F1FF34B41E53EA0100BA
:108F400004F1FF3400F09C8028057CD53632B1F561
:108F5000800F6AD3574FB1F5000F6BD2BA4269DB6D
:108F60004CEA0303084603F00306032E03D003F084
:108F70000606062E09D1043341F10000B0F5000FBA
:108F800022BF013201234FF48000B2F5806F74DA02
:108F9000B0F5800F4FEA90064FEA930326BF02F226
:108FA000FF3226F48016002243EA807346EA02511B
:108FB000184641EC180BB0EE480AF0EE680A1DF0B6
:108FC00099FA0138022804D83B4B222209F0CCFA46
:108FD0001A50B0EE480AF0EE680A1DF08BFA01381C
:108FE00002283FF614AF344B222209F0BDFA1A5082
:108FF0000DE7652088E74FF0FF3496E7002440F244
:10900000D34E4FF00A0B7445DCBF30380BFB040421
:1090100019F806000136A0F13007092FF3D96F05C2
:1090200048BF64422244344688E7DB1802F1FF322D
:1090300049418CE75E0803F00103013246EAC1763C
:109040004908334387E792441AF5A27F12DDBAF547
:109050009B7F12DA03F0010040EA0C000130800827
:10906000181841F1000100F02BF8B0EE408AF0EE44
:10907000608AAEE79FED0A8BABE79FED058BA8E713
:109080009FED078BC3E6134659E600BFAFF30080A0
:10909000000000000000F07F000000000000F87FEA
:1090A00000000000000000007C8E05007F8E05009F
:1090B000798E050002FCFFFF0C000000000000009C
:1090C0002DE9FF47804616460F46002900F0A38091
:1090D000B1FA81F4341B002E04F10A04C0F2A3801B
:1090E00030461DF02DF8044430461DF02FF8A4EB57
:1090F00006090546694630461DF050F8A9EB050300
:109100006A4640467D33394626F092FDA6428246A5
:109110000D4600F38480B9F13F0F00F382804FF0D9
:10912000FF33A9F12000C9F1200103FA00F003FA8E
:1091300009F223FA01F103FA09F3024328EA0303CF
:109140000A4327EA020213430CBF01200020002D2E
:1091500000F08B80B5FA85F3E31A40F2FE7203F259
:109160003E43934200F38780002B23EAE371D4BF90
:1091700001220A46121BA2F23344A2F2344EA2F29A
:109180005343C4F120072AFA04F625FA03F3CEF17B
:10919000200C05FA07F725FA04F405FA0CFCCEF1C9
:1091A00020083E43A2F25447A2F254421E432AFA38
:1091B0000EF325FA07F743EA0C033B4313F00103D0
:1091C00018D04FF0FF3707FA02F307FA0EFC4CEA0B
:1091D000030C27FA08F307FA0EF74CEA030C2AEA05
:1091E000070A25EA0C055AEA050A42D1002840D0B0
:1091F00006F001039A1944F100041646C4F313045F
:1092000052EA040008BFC91844EA015747EC106B42
:1092100004B0BDE8F087B0FA80F420345AE70120AA
:1092200095E7002093E7C6F1000948461CF08EFF41
:10923000241A48461CF08AFFA61B05466946484684
:109240002E441DF01DF86A46404606F17C0339465F
:1092500026F0EEFC82460D46404639461CF086FF5D
:1092600081458CBF0020012071E7BAFA8AF32033D0
:1092700072E70123BEE79FED020BC9E7AFF3008061
:10928000000000000000F07F08B526F0B2FE9FED60
:10929000020B08BDAFF30080000000000000F87F63
:1092A00070B5EFF31185402383F31288BFF36F8FFE
:1092B0000E490F4B0C781B78621C02F00702934298
:1092C0000ED00E260B4B06FB043300F10C0450F8B5
:1092D000046BA04243F8046BF9D1008818800A702F
:1092E00085F31188BFF36F8F70BD00BF59790020DF
:1092F000587900205A79002030B5ABB003F070FCEB
:1093000006F0FAF8044608BB03F052FF054603F0E6
:1093100087FF60210F4B104ACDE9005012A81BF0C7
:1093200099FA02F027F9402103460C4A02A81BF0E3
:1093300091FA02A912A81DF043FC05F0B5F910B18D
:1093400007481DF0C4FD20462BB030BD4FF0FF3460
:10935000F9E700BF7225050080250500902505006E
:10936000A825050013B501F0D7F84FF47A74104B17
:10937000E0B19B6847F6122C40F2E73000215C43D5
:109380004FF47A720023E4FB0C01F8F747FA024627
:109390000B4600210020CDE90001064817F0DCFD56
:1093A000204602B0BDE8104003F052BDDB68E1E7A3
:1093B000B4A20020580C002070B58AB00B46194AA0
:1093C0002821054668461BF045FA6846FEF7B2F9C3
:1093D00069460446284626F0B2FB134E00B3011935
:1093E0000A4611F8015BA5F10903DBB2172B08D877
:1093F00026FA03F3DA07F3D46946013026F09FFB1F
:10940000ECE73A2DF8D10132104603780132093BDE
:10941000DBB2172B04D8044921FA03F3DB07F3D49A
:109420000AB070BD565205001300800010B51446F6
:10943000FFF7C2FF30B10422034926F045FBB0FA22
:1094400080F46409204610BD0326050010B5AAB0BB
:1094500006F072F8C0B103F0ABFE044603F0E0FE84
:1094600060210E4B0E4ACDE9004012A81BF0F2F924
:1094700002F080F8402103460A4A02A81BF0EAF9EC
:1094800002A912A81DF09CFB05F0F8FA03F014FCE9
:109490002AB0BDE8104006F029B800BF72250500CB
:1094A000802505007E5705002DE9F04F4FF000099B
:1094B0004D46CB468FB0CDE9030198469DF860300C
:1094C000BDF9644002939DF81030BDF968600693C1
:1094D0009DF80C300592079301F0D4F8484506DC5E
:1094E0001B9B03B11D6058460FB0BDE8F08F484686
:1094F00001F0D0F80778132F37D8059B2BB9039BC1
:10950000002B02DB079BBB422FD1384608A901F094
:109510002DFE50B39DF826A0BAF1000F25D0049B74
:10952000002B02DB069B53451FD1B8F1010F2FD151
:109530000AF1FF33DBB2042B1DD8314A32F9132074
:1095400094420ADB2F4931F913309C4205DC002E8E
:1095500003DB9B1A012B0BD16EB1234652463946D1
:10956000294800961DF0B3FC013509F10109B3E764
:10957000A31B9A42F1DC424651463846CDE90046EB
:10958000029B01F025FC0028EFD10BF1010BECE769
:10959000B8F10B0F0CD1214602981CF0DCFF00281B
:1095A000E9D123463946029A18481DF090FCDBE7C2
:1095B000B8F10A0F13D1A4F5FA639BB2B3F5FA6FB1
:1095C00008D8A6F5FA639BB2B3F5FA6F02D8A31BCD
:1095D000632BD0DC3346224639460D48E5E7B8F127
:1095E000020FC8D143F68C42A4F5FA739BB29342A2
:1095F000C1D92246394607481DF069FCB4E700BFCF
:10960000C2240500B82405000826050046260500EA
:109610007B260500B226050010B5084B04469B7C4E
:1096200053B103F06FFA204604F034FD20B1BDE8D9
:10963000104003481DF04BBC10BD00BFB4A2002079
:10964000E326050070B586B000F066FF044660B9F9
:10965000014614221C4826F004FA142221461B4815
:1096600006B0BDE8704026F0FCB90024164E174D38
:1096700016F8013B7BB16946E0B201F077FD50B1CD
:109680009DF80630052B06D19DF8093013F0040330
:1096900008BF06F8013C2B7873B16946E0B201F0CF
:1096A00065FD48B19DF80630012B05D19DF80930C4
:1096B00013F0200308BF2B700134142C05F10105B1
:1096C000D6D106B070BD00BF4479002030790020AB
:1096D00010B519490446FEF71BF808B32046174990
:1096E000FEF716F8E8B120461549FEF711F8D0B19B
:1096F00020461449FEF70CF8B8B120461249FEF78F
:1097000007F8A0B120461149FEF702F888B12046BB
:109710000F49FDF7FDFF00280CBF06204FF0FF307A
:1097200010BD0120FCE70220FAE70320F8E704203F
:10973000F6E70520F4E700BF102705002027050005
:109740003427050043270500522705005F27050041
:109750007027050010B50378044673B31C49FDF764
:10976000D7FF50B320461B49FDF7D2FF28B3204650
:109770001949FDF7CDFF00B320461849FDF7C8FF92
:10978000D8B120461649FDF7C3FFC0B120461549A0
:10979000FDF7BEFFA8B120461349FDF7B9FF90B110
:1097A00020461249FDF7B4FF78B12046FFF790FF3D
:1097B000431C14BF0B20002010BD0120FCE7022039
:1097C000FAE70320F8E70820F6E70A20F4E700BFED
:1097D00080270500882705009727050090270500AA
:1097E000A3270500AC270500B6270500BE27050006
:1097F0000146014824F01CBB5068002038B5037AAC
:109800000446D90706D5FFF74BFDBDE838400420D4
:10981000FFF7EEBF4279052A13D15A0723D5837982
:10982000132B20D800F078FE58B1A3790E4AD15CF2
:1098300039B901212046D154FFF732FD0420FFF74A
:10984000D7FF6579012D0ED1237A9B060BD5A3791D
:10985000132B08D800F060FE28B1A379034AD15C2D
:1098600009B9D554D1E738BD4479002030790020BA
:1098700007B50023044A0548CDE9002317F06CFB27
:1098800003B05DF804FB00BF1C4E0E00200C00204E
:109890002DE9F04FADF2644D40F2DC524FF400710F
:1098A00098A805F089F8012805D002F085FD0DF291
:1098B000644DBDE8F08F00242022002120A826F06E
:1098C000D0F81822002114A826F0CBF82023A049B4
:1098D00020AA98A81CF0A2FE11AD18239D4914AA35
:1098E00098A81CF09BFE9C4998A80C232A46C5E921
:1098F0000044AC601CF092FE28469849FDF708FF32
:1099000048B128469649FDF703FF20B128469549FE
:10991000FDF7FEFE30B9944998A81CF061FE0028BE
:1099200040D101242A78914B9148002A18BF2B4638
:1099300014A920AA1DF0CBFA8E4914A8FDF7E8FE61
:109940000546002840F04081A02201460DEB0200B0
:1099500026F087F8182229461AA826F082F8A023B4
:1099600085490DEB030298A81CF058FE1823834983
:109970001AAA98A81CF052FE814998A81CF037FE3C
:109980008049074698A81CF02BFE38B30022744982
:1099900098A8FFF74BFD044600285BD07A4B009354
:1099A0007A4B19E0704998A81CF021FE04461CF07F
:1099B00079FE84420646B4D050AD03466021744A15
:1099C000284600941AF046FF33462246714814A9EF
:1099D0001DF07DFA704B0095704AB0E0704998A870
:1099E0001CF0FEFD02460028D0D15D4998A8FFF783
:1099F0001DFD06460028C9D1DCB16A491AA8FDF749
:109A000087FEB0B103F0D4FB1CF0CDFD664B0546DC
:109A1000664A009314A9334620A802F0C3FA4FF413
:109A20007A716348B5FBF1F11DF051FA28461CF03C
:109A30000EFE3A461AA928A802F01AFC054650AEB6
:109A40005021304602F0D0FC15F1780F6ED1594B01
:109A5000009360E0524998A81CF0C2FD08B3504939
:109A600098A8FDF7E1FF51EC100BF7F717FE4FF048
:109A70000108C6B200F006FE854204DB4CBB4E4B2B
:109A800000934E4BA8E7284600F004FE4378B3420B
:109A900005D10378132B9CBF08FA03F31C4301354F
:109AA000E8E7384998A8FDF7BFFF51EC100BF7F72E
:109AB000CDFD1328054601D9414BE1E750AC2146C5
:109AC000C0B201F053FB0028F6D001249DF8466196
:109AD000AC403A461AA92346009628A802F078FD21
:109AE000054650AFA021384602F0F4FEB5B94FF05C
:109AF0000108A94608FA05F3234208D04FF4E163B0
:109B000004223146CDF80090E8B21CF0D3FD0135B7
:109B1000142DEFD100970023244A10E0294B1B4A53
:109B2000009715F1100F18BF134655E71CB11DB96A
:109B300002F042FCB0E63DB1184A224B009614A94F
:109B400020A802F02FFAF3E72346184AF6E700BFF1
:109B5000FD270500A553050001280500072805007D
:109B60000D28050011280500FB290500C627050062
:109B70008E280500AC280500B62805006E87050074
:109B8000C45F0500792F0500BA280500D627050017
:109B900016280500382805007D2805009D7D050054
:109BA0008E870500782905007E290500E02705003D
:109BB00094290500BA29050027290500F327050087
:109BC0005E290500D12705009C4914A8FDF7A0FDDA
:109BD00030B950AD6021284602F006FC00959AE7A6
:109BE000974914A8FDF794FD58B900F095FC954BE2
:109BF000954A002818BF1A46104601F011FE934BF3
:109C000026E7934914A8FDF783FD044658BB054693
:109C100006464FF0010850AF3946E8B201F0A6FA07
:109C200018B108FA05F31E4301340135132DF3D1A1
:109C30000EB9884B24E7304603F012FB05461CF0B2
:109C40002EFD7021CDE90040834A334638461AF094
:109C500001FE2246314681481DF039F9002D7ED1A2
:109C60002B467F4A79E07F4914A8FDF751FD58BB88
:109C70007D4998A81CF0B4FC0446A8B900247B498F
:109C800098A81CF0ADFCD8B1784998A81CF0AFFC9E
:109C9000774BA0F13C029A4212D8764BD86003F081
:109CA00061FBFFF75FFBAAE76F4998A81CF09FFCD8
:109CB000714BA0F11E029A42E0D86E4B9860DEE72D
:109CC000002CECD16D4B6AE66D4914A8FDF720FD20
:109CD0000146002840F0AC81182228A825F0C1FEDA
:109CE000684998A8182328AA1CF098FC664998A8E7
:109CF0001CF076FC002862D1644998A81CF070FC26
:109D000000285CD1624998A81CF06AFC002856D152
:109D1000604928A8FDF7FCFC20BB5F4998A81CF00F
:109D20005FFCF8B15C4998A81CF061FC03F098FA5C
:109D300004461CF0B7FC05461CF0B1FC064600F0DA
:109D4000A1FC50AFCDE900602B4660213846534A54
:109D50001AF080FD1CB92346414A0097EFE6504AAD
:109D6000504BFAE7504928A8FDF7D2FC38BB4A49C6
:109D700098A81CF035FC10B3474998A8FDF754FE8D
:109D800055EC104B002220462946484BF7F754FC6F
:109D9000002897D0002220462946454BF7F738FC8B
:109DA00000288FD0434B002220462946F7F7B4F90C
:109DB000F7F774FC2F4BD88003F0D4FA1FE734492F
:109DC00098A81CF00DFC00287AD0334998A81CF004
:109DD00007FC00287BD0304998A8FDF725FE3649BE
:109DE00098A859EC108B1CF0FBFB044640B132499B
:109DF00098A8FDF719FE51EC100BF7F727FC04B2F9
:109E0000224998A81CF0ECFB002800F0A5801F490F
:109E100098A8FDF709FE51EC100BF7F717FC064662
:109E200000221B4998A8FFF701FB824628A8FFF7EC
:109E300091FC002840F09380204BB0E5CE2905002E
:109E4000D9290500E3270500EB270500E4290500D3
:109E5000F5290500032A0500342A0500592A0500C2
:109E6000E0270500852A0500922A05009B2A0500A7
:109E7000443A0900B4A2002062510100A22A050060
:109E8000A52A0500B32A0500792F05008E87050055
:109E90000D280500FB290500B92A0500BF2A050089
:109EA0009D7D0500D6270500A32705000000E03FA3
:109EB0000000304000408F40E42A0500E92A0500F8
:109EC0008A4998A81CF08CFB00287FF47EAF884953
:109ED00098A81CF085FB00283FF4F4AE854998A8AB
:109EE0001CF07EFB00283FF4EDAE814998A8FDF7F9
:109EF0009BFD51EC100BF7F7A9FB7E49064698A88D
:109F0000FDF792FD7C4998A859EC108B1CF068FB7A
:109F1000054640B1784998A8FDF786FD51EC100B35
:109F2000F7F794FB05B25FFA86FA50AF3946504610
:109F300001F01CF9044608B19DF84641132E3FF686
:109F4000C1AE28A8FFF706FC074600283FF4BAAECA
:109F5000002C34D1694B93E54FF0FF3660E70C904D
:109F600028A8FFF7B5FB4FF0000B054649464046D1
:109F70001AAFCDE90247CDF868B0F7F767FB25EADD
:109F8000E57500B2EDB2314652460C9B019000954A
:109F90004FF0FF30FFF788FA05461A9E50AC034693
:109FA00090212046564A00961AF054FC0094002D49
:109FB0007FF4B1AD002E7FF764AD524B0CE5404607
:109FC0004946F7F743FB0FFA80F828A8FFF780FB14
:109FD0000B2F20EAE076F6B207D1414630461CF05E
:109FE000BAFAB0B9484B0093E7E70A2F11D1A8F5A8
:109FF000FA639BB2B3F5FA6F09D8A5F5FA639BB281
:10A00000B3F5FA6F03D8A8EB0503632B01DC3F4BD4
:10A01000E9E733463A4621465046CDE9008500F04F
:10A02000D7FE034600287FF44DAE394A009273E50F
:10A03000384914A8FDF76CFB0446002878D136494E
:10A0400098A81CF0CDFA40B1334998A8FDF7ECFC74
:10A0500051EC100BF7F7FAFA0446244998A81CF0C3
:10A06000BFFA18B3214998A8FDF7DEFC51EC100B9C
:10A07000F7F7ECFA06462949002298A8FFF7D6F927
:10A080001B49074698A81CF0ABFA90B1184998A84C
:10A09000FDF7CAFC51EC100BF7F7D8FAB4F5616F75
:10A0A00002D8304208D53FB91D4B78E44FF0FF3657
:10A0B000E1E74FF0FF30F1E7002523B23A463146A1
:10A0C000CDE90053CDE902550423FFF7EDF906462B
:10A0D00050AF034660213846124A00941AF0BAFB8A
:10A0E000002E7FF4BDAD104A104B36E68E8705007A
:10A0F000792F0500B92A0500E42A0500A22A0500E7
:10A10000022B0500422B0500542B05007E2B050079
:10A11000AE2B0500D12B0500DD2B05000D28050019
:10A12000E52B05001C2C05009D7D0500F32705008F
:10A130009F4914A8FDF7ECFA00284BD19D4998A837
:10A140001CF04EFA48B19C4C9A49A27C98A8003A5F
:10A1500018BF0122FFF76AF9A074984998A81CF06B
:10A160003FFA50B1954998A81CF041FAA0F10A03B2
:10A17000B3F5917F9CBF904B1882914998A81CF031
:10A180002FFA00283FF418AE1022002150A825F025
:10A1900068FC8B4998A8102350AA1CF03FFA894903
:10A1A00050A8FDF7B5FA88B1874950A8FDF7B0FA75
:10A1B00070B1864950A8FDF7ABFA002814BF002003
:10A1C00003207D4BD87403F0D1FFF5E50120F8E7BB
:10A1D0000220F6E77E4914A8FDF79AFA48B97D49AE
:10A1E00098A81CF004FA00287FF76CAD01F0AEF9D6
:10A1F00005E5794914A8FDF78BFA002835D110221E
:10A20000002128A825F02DFC1023744928AA98A81D
:10A210001CF004FA28A803F047F8044610B1704B6C
:10A22000FFF7BDBB02F0C4FF054602F0C1FF1CF002
:10A23000BAF950AE2B4660216A4A009030461AF0B7
:10A2400009FB14A92346684A009620A801F0AAFE3B
:10A2500002F0AEFF014665481CF039FE4FF4FA707B
:10A260001CF0F5F9012005F0A9FD614914A8FDF7DE
:10A270004FFA002850D15F4998A81CF0B1F910B9E5
:10A280005D4BFFF78CBB5D4998A81CF0A9F900282D
:10A29000F6D0584998A81CF0AAF95849044698A83D
:10A2A0001CF0A5F981B2A0B203F072F850AD0446DB
:10A2B000A8B103F03FF8044603F048F841F2A86360
:10A2C0004FF4FA72CDE90240CDE90032C02140F6E8
:10A2D000B83328464A4A1AF0BDFA00956DE628AF11
:10A2E000384602F04FFE804603F024F8064603F09D
:10A2F0002DF8B8F1000F0DD1BDF8A0309DF8AA409F
:10A30000CDE9013400903346C02128463D4A1AF079
:10A31000A1FA63E42346F3E73B4914A8FDF7F8F9F3
:10A32000034638B9394A14A9009220A82E4A01F0F0
:10A3300039FE93E7364914A8FDF7EAF900286DD1F4
:10A340001D490DF5A0798B680F938B7CD1F80CA07B
:10A35000B1F806B00C93CB7C0D93098A0E9100F0F6
:10A3600091F905461CF09EF9064602F021FF0746CA
:10A3700002F0E0FF804602F0E9FF0D9B0E99254AAE
:10A3800003930C9BCDE90902CDE901B30491484642
:10A390004FF49071CDE90778CDE905560F9B1E4A21
:10A3A000CDF800A01AF056FACDF80090FFF7B3BB35
:10A3B000572C0500602C0500B4A20020672C050076
:10A3C000752C0500832C05008F2C0500892C0500B9
:10A3D000932C05009D2C0500A32C0500F6450500D7
:10A3E000AD2C0500D72C0500E0270500002D050049
:10A3F000282D0500312D0500392D05005E2D0500A5
:10A40000672D0500CD2D05000F2E0500A22A0500A1
:10A41000162E050078290500212E05002B4914A8C9
:10A42000FDF776F90546E0B903F0C2FC2849044679
:10A4300098A81CF0DCF850AE03468021254A30462F
:10A4400000941AF007FA2B46234A009614A920A874
:10A4500001F0A8FD002C7FF76BAB01F029F8FFF7A6
:10A4600067BB1E4914A8FDF753F9044608BB014613
:10A4700000F04EFE002802DB00F004F9044650AD67
:10A48000234660212846164A1AF0E4F90023124AAE
:10A4900014A9009520A801F085FD00F03DF8114BAE
:10A4A000114A002818BF1A46104601F0B9F9FFF703
:10A4B0003FBB0E4914A8FDF72BF920B90C4B0093B4
:10A4C0000C4BFFF789BA0C4BF9E700BFD42E0500FF
:10A4D000E02E0500E92E0500E02705004D2F0500C0
:10A4E000572F0500E3270500EB2705006F2F050018
:10A4F0008A2F05007E2F0500A22A0500034B044A7F
:10A50000186000231370034A137070475C680020C2
:10A51000CC790020CB790020014B1878704700BF20
:10A52000CC790020024B187808B9024B1878704794
:10A53000CC790020CB7900202DE9F0410446204E53
:10A5400023F0BAFB33781F4DA34235D04FF47A770E
:10A55000A0FB070C47F6122207FB01C10023F7F707
:10A560005DF9074603462878DFF86CC0164A18B133
:10A570009CF80000A04207D00123C2E900712B70B3
:10A580008CF80040BDE8F081104F114C002818BF36
:10A590003C46D2E90072DB1B61EB0201A34271F180
:10A5A0000001EFDB00232B700A4B30701B68002B7F
:10A5B000E8D0BDE8F041184700232B70E2E700BF68
:10A5C000CC790020CB79002040220020C0D40100AB
:10A5D000E09304005C680020CA79002012289ABF2A
:10A5E000024B53F820000248704700BFF8180500DE
:10A5F000EF4705002DE9F84F1CF054F81C4F0446B6
:10A600003B68002B1B4B02DB1A68824229D00022D8
:10A610001C60114613464FF0010ADFF86490164D96
:10A62000164E3A600AFA02F0204215D05FFA82F81C
:10A6300040461CF01EF8112A834614D0122A14D06A
:10A640004046FFF7CBFF09EBC10383F801B0586028
:10A65000012309F8318001310132132AE2D103B11B
:10A660003960BDE8F88F2846EDE73046EBE700BFDC
:10A670008806002060680020EC310500E831050004
:10A680006468002008B5FFF7B5FF014B186808BDE6
:10A690008806002010B50446FFF7ACFF002C07DB4E
:10A6A000044B1B68A34203DD034800EBC40010BD4C
:10A6B0000020FCE7880600206468002007B5112010
:10A6C0001BF0D7FF10F0FB0F034607D04FF4C0225A
:10A6D000112100920A4804221CF0F9FB12201BF001
:10A6E000C8FF10F0FB0F034607D04FF4C022122121
:10A6F0000092034804221CF0EAFB03B05DF804FB5F
:10A70000F0310500F7B50C461546144901AA074675
:10A710001E461DF0CFFF88B1019B7BB9502C03D0A2
:10A720006FF0150003B0F0BD22460D493046A84732
:10A730000028CCBF00206FF00400F3E73846094939
:10A7400001AA1DF0B7FF30B1019B23B9042CE7D15A
:10A7500022460549EAE76FF00100E3E7013305000F
:10A76000586900202A330500186900207FB51C4E67
:10A77000ADF80A30BDF920308DF808108DF80920A9
:10A7800018493278ADF80C30174B0446174D02A823
:10A7900001EBC20153F8223049780090144801952A
:10A7A0000088013302F086FF40B1317811481CF077
:10A7B0008EFB132120461EF0D4FD0EE00E490F4BF8
:10A7C000C8800B600E4B20461B888D608B80152344
:10A7D0008B8110F001FB0028EBD104B070BD00BFED
:10A7E000BA7A00209077002058690020A57A0020CE
:10A7F0008E770020DE3205001C69002049AA020085
:10A800008C77002050220249024806F015BF00BF95
:10A8100058690020FB3205002DE9F047B6B00DF174
:10A820001009C62200210646484625F01AF9304F85
:10A83000304B38681C680DF11601241AC02C28BF53
:10A84000C024A5B22A4601F0DDFF396848B12A4884
:10A850001CF03DFB132130461EF083FD36B0BDE8F1
:10A86000F087DFF8BCA004912449DAF800300A68C8
:10A87000581CADF81450904205F10605ADB2CAF867
:10A88000000006D303F2014304221D480B6006F0CA
:10A89000D3FE1C4BDFF88C801A781B4B1B4803EB54
:10A8A000C2035978CDE90158CDF80090DAF80030AC
:10A8B000008802F069FF18B115481CF008FBC9E7D1
:10A8C0003B68144923443B60134BC8800B60134B17
:10A8D00030461B88C1F808808B80D7238B8110F00D
:10A8E0007BFA0028BAD03B681B1B3B60B2E700BF75
:10A8F000106900200C690020053305001469002050
:10A9000024330500BA7A0020907700208E7700204B
:10A910002E330500FC68002049AA02008A77002037
:10A9200018690020CD7900202DE9FF4104460D462D
:10A9300049B9384B384819781CF0C9FA1321204618
:10A940001EF00FFD20E0137C032B60D1334E344FFB
:10A950003378EBB9DFF8BC8098F8000001F02AFFEB
:10A96000B0B928461FF063FE98F8003038802D48B3
:10A9700000EBC300B0F90430C2788178B0F906006A
:10A9800000902046FFF7F2FE002004B0BDE8F08101
:10A990003B882846ABB91FF04AFE234A234B388038
:10A9A0001360234B11465360012313814FF6FF734D
:10A9B000D3810323204613740FF056FD0028E3D003
:10A9C000BCE71FF034FE1B4B1B4F18800023114DBA
:10A9D00003933946194A287803AB01F0F9FE0028A1
:10A9E000ACD1174B039A1A603B6832B90121317020
:10A9F000191400911BB20521C3E7297811481CF0F6
:10AA000066FA022320463370FFF706FFBCE70120F9
:10AA1000BBE700BFBA7A002045330500A47A0020C6
:10AA20008C770020907700202C6900207B8C05001B
:10AA300029A902008A7700200C690020887700206D
:10AA4000106900207133050073B5354D04460A4680
:10AA50002B7859B13349344809781CF038FA13215E
:10AA6000204602B0BDE870401EF07BBC032B42D8EC
:10AA7000DFE803F002152D432A4D2C4829781CF0FD
:10AA800026FA00212B782A4A02F83310294951F876
:10AA90002320013241F82320FFF7B4FEDFE7214EE7
:10AAA000244A317852F82130013342F82130FFF73F
:10AAB000A9FE214B31781A6820481CF008FA0223BD
:10AAC0002B70204602B0BDE87040FFF7A5BE1C4EBB
:10AAD000306801F0BDFE184B32681B689A42F0D313
:10AAE000032300222B70174B009206212046B3F956
:10AAF0000030FFF73BFE02B070BD0A4D12482978C6
:10AB00001CF0E5F929780B4A52F82130013342F85C
:10AB10002130FFF777FE012001F0AEFE9FE700BF76
:10AB2000A47A0020BA7A002098330500D0330500BB
:10AB300090770020586900200C690020EF33050051
:10AB400010690020887700200B3405001328F8B521
:10AB500004460F4615460ED8124E16F830305BB13B
:10AB60000122114BD3E8EF1F002903D1C3E8E02FE6
:10AB70000028F7D105D0F8BD01F01CFE0028EFD168
:10AB8000F9E70A4B2A681C70094B06EBC4061A60E9
:10AB9000AA8877709A80AA7906489A71BDE8F84029
:10ABA00015F08ABB9077002054690020BA7A002003
:10ABB000BB7A00208C060020F7B52B4B04461B689F
:10ABC0000A4683424DD151B1284B294819781CF0CF
:10ABD0007EF9284803B0BDE8F04015F069B900F0EF
:10ABE000E9FA20460DF106011EF052FA0746C8B9EF
:10ABF000002000210AF0ACF9054698B104210C3080
:10AC00001DF02CFF02230370BDF806300646A0F8A5
:10AC1000013002F089FB3A46F07029464FF60E40AB
:10AC20000AF0FAFA0023144A20461380134A1380CC
:10AC3000134A1370134A144B11461360134B53609D
:10AC4000012313814FF6FF73D381032313740FF095
:10AC50000BFC30B11321204603B0BDE8F0401EF0DC
:10AC600080BB03B0F0BD00BF50690020BA7A00205D
:10AC700041340500406900208C7700208A7700204D
:10AC8000A47A00202C6900208C8C050029A90200E0
:10AC9000034B1B68834202D1024815F009B9704783
:10ACA000506900204069002030B585B01BF00CFDD4
:10ACB0001C4815F057F91C4D1C4B0FCB8DE80F00AD
:10ACC00069462B461A4A1B480CF016FF014670B124
:10ACD00019481CF0FCF800F06DFA0022174BD3E87D
:10ACE000EF1FC3E8E02F0028F9D105B030BD0023E5
:10ACF000134A0C4815F010F970B1124B124819782C
:10AD00001CF0E5F8132128681EF02BFB47F61222F1
:10AD10000023044815F000F928680CF03DF90023E1
:10AD20002B60D8E74069002050690020F010050032
:10AD3000CC240500BB7A002069340500546900204A
:10AD400090D00300BA7A00208934050038B501227A
:10AD50000021194822F0BBFC06F0DAFD08B91DF00D
:10AD6000A6FC02F025FA0446FCF7E4FC41F22105BA
:10AD700022464FF6FF73204482420DD10F4A1048FD
:10AD80001380104B1A68104B1A6000F049F90F48F5
:10AD90001CF09DF8002038BD082412F8011B83EA3E
:10ADA000012319B20029B5BF85EA41015B008BB2CE
:10ADB0009BB2013CF5D1DFE7406900208E7700208F
:10ADC0004DAB02001869002014690020A034050072
:10ADD000F8B5132816461D46BDF91820BDF91C30DC
:10ADE00010D80A4F07EBC0046170012107F830103A
:10ADF00001460748A670E570A280E3801CF067F862
:10AE00000020F8BD6FF01500FBE700BF9077002031
:10AE1000B934050007B58DF8001001906A46184650
:10AE2000024909F09BFB03B05DF804FB3DAE020054
:10AE3000014814F0BBBF00BF006A002040F2FF438E
:10AE4000F0B502880C469A4291B00FD14FF6FF72CE
:10AE500043681988914206D1624A15681DB162683B
:10AE6000D9789878A847002011B0F0BD0378FF2B5F
:10AE700040F0B5804378142B40F2B18043680AAAB1
:10AE800003F11006154618685968083303C5B34224
:10AE90002A46F7D1186828601B792B714FF6FF738B
:10AEA000BDF828209A4240F09A809DF82A30022B63
:10AEB00040F095804C4B1B881BB1BDF82B209A426B
:10AEC000D1D19DF82E30132BCDD806A90AA802F0B7
:10AED0007FFB0028C7D14FF0FF324FF0FF334348CC
:10AEE00014F0F2FE9DF82EC0414BDDF82F1013F840
:10AEF0000C00404A30B152F82C00884202D3FFF7D0
:10AF000097FFB0E742F82C101822012102FB0CF247
:10AF1000394F03F80C10BB18BD5C0B44B9540DF14C
:10AF2000200E06AA164603CE7645186059603246B2
:10AF300003F10803F6D130681860B2889A801822AD
:10AF400002FB0C7794F90030FB7322F0B5FE4FF44E
:10AF50007A76A0FB060C47F61222002306FB01C1FD
:10AF6000F6F75CFCC7E90401FFF762FF234B2449B5
:10AF70009DF82E20002D08BF19469DF81D30013B7D
:10AF8000DBB2052B96BF1F481F4B50F8233094F9B6
:10AF9000000004909DF8200003909DF8210002908D
:10AFA000BDF924000190BDF92200009017481BF064
:10AFB0008EFF9DF82030DA0707D49DF81D20052A62
:10AFC0007FF451AF5B077FF54EAF114B1B68002B31
:10AFD0003FF449AF94F9001006A8984743E70120D1
:10AFE00042E700BFA869002030780020006A0020F6
:10AFF000C27A0020AC69002048220020E834050015
:10B00000EE34050058190500F4340500F834050045
:10B01000FC690020014B1880704700BF3078002089
:10B02000014B1860704700BFA86900201FB5134886
:10B0300022F0A4FA00200AF015FF044630B10146C0
:10B040000F481BF044FF204604B010BD4FF4C873F6
:10B050000194ADF806304FF4A07301A80949C0E986
:10B060000144ADF808300BF051FD044610B1014623
:10B070000548E6E705481BF02AFFE4E7006A0020E0
:10B080003F35050015AE0200583505007535050041
:10B09000014B1860704700BFFC690020002310B509
:10B0A00086B0CDE90033CDE90333602202930593E6
:10B0B0004FF4C873ADF80220ADF80E3050224FF4B3
:10B0C000A073ADF80420ADF8103004460BF06EFD0F
:10B0D0000E4968460BF01AFD014670B947F6122C6E
:10B0E00040F2E73024EAE4744FF47A720023E4FB80
:10B0F0000C01F6F793FB22F0EFFC0BF057FD034930
:10B1000003A80BF003FD06B010BD00BF15AE020092
:10B110002DE9F8438146884600274FF0FF324FF073
:10B12000FF33104814F0D0FD3E464FF0180EDFF804
:10B1300038C0B04511DD9CF800304BB165460EFBC0
:10B1400006940FCD0FC495E8030084E80300013690
:10B150000137142F0CF1180CEBD1FFF769FE3046C4
:10B16000BDE8F883006A002048220020132870B54B
:10B1700005460C4617D84FF0FF324FF0FF330B480F
:10B1800014F0A2FD182202FB05F0094B1E5C1D18ED
:10B190002EB10FCD0FC495E8030084E80300FFF73C
:10B1A00047FE304670BD0026FBE700BF006A002066
:10B1B000482200201FB50023CDE9013303934FF44B
:10B1C000C873ADF806304FF4A073044901A8ADF878
:10B1D00008300BF09BFC05B05DF804FB15AE0200D7
:10B1E0002DE9F04F91B022F067FD4FF47A74A0FB87
:10B1F000040547F61222002304FB0151F6F70EFB6B
:10B20000CDE90D01FFF73EFA0026444B02461946F0
:10B2100043481BF05CFEB146DFF82CA1FFF732FA81
:10B22000B0420BDCFFF72EFA3C4B024649463D4844
:10B2300000931BF04CFE11B0BDE8F08F3046FFF7D5
:10B2400029FA05464FF0FF324FF0FF33364814F02D
:10B250003BFD18232A785A430AEB0203597AD3E9B3
:10B2600004780B91997A0A91B3F90B100991B3F90B
:10B270000D10089193F90F101AF802300C910F93EA
:10B28000FFF7D6FD6C780F9B013C95F800B0E4B257
:10B2900083B9052C98BF254B594698BF53F82420F5
:10B2A0001E4B88BF224A00936B6822481BF00FFE9A
:10B2B0000136B3E70D9B4FF47A72DF1B0E9B3846C5
:10B2C00063EB080841460023F6F758FA1A4B134976
:10B2D000BB424FF0000307910B9973EB08030691F3
:10B2E0000A99B8BF154B05910899A8BF144B049152
:10B2F0000999052C03910C9998BF0C4ACDE90101DD
:10B300000093594694BF52F82420094A6B680D48AF
:10B3100009F101091BF0DBFDCAE700BFEE4705009C
:10B320009D3505004C360500006A002058190500BF
:10B33000F4340500DD350500C0D401009735050063
:10B34000E0270500F8350500482200200B4B30B5FA
:10B35000196800230A4A994201DC0A480AE012F8F7
:10B36000335002EBC304854205D16068054B0028C9
:10B3700008BF184630BD0133EDE700BF4419050092
:10B3800048190500EF47050013B51C46013AD2B233
:10B39000052A96BF044B054B53F822300094044A0B
:10B3A00019F058FA02B010BD701905007B3605007F
:10B3B0007F36050070B505460C4600F0A9FE28B39F
:10B3C0002846174924F0BBFB38BB2846154924F012
:10B3D000B6FB051E18BF01252046FCF7ABF92A462F
:10B3E0000146204602F010FC064660B12046FCF7FC
:10B3F000A1F90D490D4B0246002D08BF0B460C4824
:10B4000031461BF064FD4FF0FF3005E02146284631
:10B410001BF0D3FB0028D3D170BD0125DCE700BFB2
:10B420009F360500A6360500953605008C360500CA
:10B43000AD3605007FB50E46044601F0B9FE05465F
:10B4400001F0EEFE6021CDE90106044B2046044ADE
:10B45000009519F0FFF904B070BD00BF722505001A
:10B46000E4360500002313B504460DF107008DF8FE
:10B47000073001F0A7FA9DF80730024633B10A4BB6
:10B480000A48002A18BF184602B010BD637A43B9B3
:10B4900040F6C46221880448044B914298BF184684
:10B4A000F2E70148F0E700BFF7360500F336050084
:10B4B00030B5A1B002F07CFC002801DC21B030BD29
:10B4C0004FF440611D4802F093FC0028F6DD46F27F
:10B4D000682300241A491948CDE90534079424F05B
:10B4E0002EFB05AD70B129462346053010F8012F1B
:10B4F0001AB1222A01D00B2B1BD1002280336B44BE
:10B5000003F86C2C01F054FE044601F089FE602122
:10B51000CDE901050B4B0C4A009408A819F09AF9E3
:10B52000064908A81BF049FB0028C7D102F0CAFC55
:10B53000C0E701F8012B0133D8E700BF5692002085
:10B54000FB36050072250500E4360500002208B52B
:10B55000054B5A6018601BF0B9F80122034BC3E990
:10B560000001034B1A7008BD30240020282400205D
:10B570006A9E002030B5A1B00AA802F027FE09ABF0
:10B58000039308AB029307AB019306AB00933449D6
:10B5900005AB04AA14A819F087F9062849D1DDE9FA
:10B5A00004300228D8BF013B002BB8BF6FF4C7722C
:10B5B0004FF4C874BABF9A1892FBF4F493FBF4F4F6
:10B5C000069A2849032801FB043102F1FF3340F2B7
:10B5D0006D1202FB01334FF06402B4BF09256FF016
:10B5E000020503EB9103B1FBF2F199222844504389
:10B5F00005220230B0FBF2F05B1A1B4A034402FB47
:10B6000004334FF46162079CA3F52F235443174A78
:10B61000A3F66C2302FB03443C22089B02FB034479
:10B62000099BE41805D02046FFF790FF204621B083
:10B6300030BD0F4B1C78002CF8D00E4B1C681BF053
:10B6400045F80D4AD2E90035C01A4FF47A724FF02E
:10B65000000361EB0501F6F791F80444E6E700BF4B
:10B660000237050070FEFFFFB13A02008051010071
:10B670006A9E002030240020282400202DE9F04F6D
:10B680002DED048BD1B0064610AC22A80F46904693
:10B6900002F09CFD204601F075FC00284DD1637A34
:10B6A000002B48D0B4F90620264D274B002AC8BFEE
:10B6B0001D462046FFF7D6FE0195A27A034600926A
:10B6C0006021224A38A819F0C5F84821204602F026
:10B6D00093FD01F011FE1E4B0546186001F0A0FD20
:10B6E000814601F065FD8246FFF744FF834622A8AC
:10B6F0009DED248B9DED269B1BF066F938AB0E93D8
:10B70000DDE92823CDE90C230123CDE90A040093C8
:10B710008DED089B8DED068B434639463046CDE9CD
:10B7200003ABCDE901590B4A19F094F851B0BDECC7
:10B73000048BBDE8F08F084DBBE7084938A8FBF73C
:10B74000F1FFC2E71E370500153705002637050053
:10B75000146A00208F3705003B4505005837050067
:10B760002DE9F047DFF898A0A4B080460D461646B4
:10B770004FF4007150461F4A1F46DDF8B090FFF7A6
:10B780007DFF04465044C4F5007125B31A4B2EB317
:10B79000194AB9F1000F24D0174C37B3DFF858C05D
:10B7A000CDE90A7CCDE9084CCDE90232CDE904624D
:10B7B000CDE90035114A4346CDE9064919F04AF86A
:10B7C0000CA80C49FFF736FE0D490CA8FFF7F2FD57
:10B7D00024B0BDE8F0870B4D0B4BD8E7094E0A4A61
:10B7E000D7E7DFF82090084CD7E7064FDFF818C0FE
:10B7F000D6E700BF22650500003705000B380500BD
:10B80000D67F00206E390500EF4705000023024A6D
:10B810001360024A13707047146A00206A9E002069
:10B820002DE9F04F2DED048BADF50F7D40AE804638
:10B83000304602F0CBFC00230DF15E050DF15D0AF0
:10B840008A4F51462846ADF85E308DF85D30FCF7E2
:10B850006FFE48212EA802F0CFFC4FF4406138461D
:10B86000834AFFF70BFFC31910930A23BDF95E202B
:10B870000446002A92FBF3FBB8BF524292B2B2FBDD
:10B88000F3F103FB1125327896ED068B96ED089BBC
:10B890009DF85D70C0F54069002A3BD096F85000D5
:10B8A000744A754900280CBF92468A46706DF5F7B8
:10B8B000DBFBCDE90A0196F851204346CDE908A209
:10B8C0002EAACDE906724946CDE904B56B4A8DED45
:10B8D000029B8DED008B109818F0BCFF04441AF009
:10B8E000F5FE0026664BCDE913011F461093654B0C
:10B8F000DFF8B0B11B681193119BB34202DDB4F5C0
:10B90000366F0ADB0025DFF884B1A9462F46A8462A
:10B910002E462DE1DFF890A1C8E797F800A07D78CA
:10B920000DF5AC7953462A4614214846FFF72CFD05
:10B9300050466EA9D7F80480FFF718FC4B4BB8F1BE
:10B94000000F08BFD84604EB030AC4F54063129306
:10B95000002874D0052DBDF9C3214CD19DF8C1310B
:10B96000C3F3800312F5004FDFF840914FD14649F1
:10B970001DA8FBF7D7FE052D54D1BDF9C33113F532
:10B98000004F56D1404921A8FBF7CCFE3F4B013D6B
:10B99000002E08BF5B46EDB2052D129398BF3C4BBD
:10B9A000729898BF53F82550139B88BF394D7399EF
:10B9B000181A149B4FF47A7263EB01010023F5F718
:10B9C000DDFE9DF8C231CDE90801069321ABCDE93A
:10B9D00004931DABCDE9025356AB00935046129B26
:10B9E0002D4ACDF80480C4F5406118F033FF0444BB
:10B9F0000136083780E7012D01D0042D0DD112F555
:10BA0000004F0CD00A2392FBF3F3DFF8A49010212F
:10BA1000224A1DA818F01EFFADE71346A2E7DFF883
:10BA20009090A4E79DF8C1311907ABD4BDF9C53199
:10BA3000A5E71021194A21A818F00CFFA6E7134B1F
:10BA4000013DEDB2002E08BF5B46052D96BF104AA2
:10BA5000104A52F825205046CDE90182CDF80090D9
:10BA60000F4AC4F5406118F0F5FEC0E75686002085
:10BA70005D380500893605005A3805006038050034
:10BA800048190500441905006E3905009339050071
:10BA900088190500F4340500E0380500C789050061
:10BAA00036390500EF470500F58A05009075050059
:10BAB000486D0500109B5B78012B55D1109B93F8C6
:10BAC00000A0504600F07AFB1AF0010F12902ED021
:10BAD0002A2F2CDC0AF1FF30C0B21AF02BFE139093
:10BAE00050461AF027FE139A0346522A21A83844DA
:10BAF000C7F1310100F0CC80522B00F0CA80592AE6
:10BB000000F0C680592B00F0C480472A00F0CC809A
:10BB1000472B00F0BE806D4A6D4BB9F1000F08BF96
:10BB200013466C4A18F096FE074409F10109129B6E
:10BB30006EA8473BDBB2122B3044C6F1790100F20C
:10BB4000B580654A22FA03F3DA0740F1AF80129B11
:10BB5000624A00935D4BB8F1000F18BF5B4618F0C6
:10BB600079FE064408F10108109B01350833109353
:10BB7000119BAB4201DD722E9CDD002506F50E7394
:10BB80000DEB030606F8805C0DF184081AAE304612
:10BB900008F8075001F0F6F919A918A8CDE91855C9
:10BBA00002F00CF9F37A002B00F08980B6F9062038
:10BBB000531D80F284805021B37A52424B431DA81A
:10BBC000B3FBF2F31021464A18F044FE454DC4F58C
:10BBD0004061454A6EAB2819CDF8008018F03AFE56
:10BBE0000444631910933046C4F540631193FFF782
:10BBF00039FC1290307A378896F80AA001F09AFA48
:10BC0000737A8346B488B6F90690002B5CD0374E21
:10BC1000374BB9F1000FC8BF1E4603F089FC05463B
:10BC200003F080FC139002F0C3F8189B8046149335
:10BC3000199B15931AF04AFD2E4B2F4A0E930023A1
:10BC4000F5F79CFD159B2D4A0B93149BCDE90C0138
:10BC5000DDE91001CDE90983139BCDE90349CDE965
:10BC600007531DABCDE90563CDE901AB129B0097EE
:10BC700018F0F0FD56A82249FFF7DCFB194956A839
:10BC8000FFF798FB0DF50F7DBDEC048BBDE8F08F41
:10BC900013460E4A00930E4BB9F1000F08BF13462E
:10BCA0000E4A18F0D7FD3FE74723F2E7074B094A52
:10BCB000B8F1000F18BF5B4618F0CCFD51E71149F1
:10BCC0001DA8FBF72FFD81E70F4EA6E7EF47050004
:10BCD000933905006C390500010804006539050039
:10BCE0002069050056860020733905001E370500BF
:10BCF000153705007829050080EE360095390500D6
:10BD00005D3805006E3905003B4505002DE9F04F13
:10BD10000546C1B012A80DF1340B0C4602F056FADC
:10BD2000AB796A7914215846FFF72EFB6B795A1EBE
:10BD3000042A49D8DFE802F0034A3E4446003A4E5E
:10BD40002C7A14F008075CD00027B5F90C40374E68
:10BD5000DFF81081364BDFF810A14FF42071354A1F
:10BD600050460B93FFF78AFC8146A879FFF7EEFA5D
:10BD70009DED187B8DED087B2F4A0B9B1268C9F552
:10BD80002071CDE90572CDE903432C4A3346CDE954
:10BD900001B0CDF800800AEB090018F05BFD28A87F
:10BDA0002449FFF747FB514628A8FFF703FB41B0A2
:10BDB000BDE8F08F1D4E224A002C18BF1646BFE783
:10BDC000204EBDE7204EBBE7204EB9E7204EB7E737
:10BDD000052B0CD0B5F90A400FD8042B0DD10A233E
:10BDE0003C2794FBF3F4DFF87C801A4BB3E7DFF8D1
:10BDF0007480C4F38004184BADE70027DFF864803B
:10BE0000F9E7012BE4D1B5F90A401449A4F52F73E1
:10BE1000134A9BB2F92B8CBF884690460A235F27B2
:10BE200094FBF3F4E1E700BF7D3A05009F3A05007B
:10BE3000D23A0500A0360500146A0020DC3A05005D
:10BE40008E3A0500A63A0500B43A0500C03A05004E
:10BE5000893A0500486D0500907505002E6F0500B4
:10BE6000D53A0500CD3A0500D68300202DE9F04FE4
:10BE7000C5B01AF02BFC3F4B0546984271F1000308
:10BE8000ACBF012300230F464FF0000907933A4B44
:10BE90003A4E1B68DFF808A10893089B4B4558DD14
:10BEA0003478132C62D8204610A996F801B0FFF719
:10BEB0005DF9002850D0149B3149EA1A159B67EBB5
:10BEC00003038A4273F10003ACBF4FF001084FF047
:10BED00000081AF80430434548D016A802F076F955
:10BEE00023465A4614210BA8FFF74EFA254A4FF471
:10BEF00000712548FFF7C2FB234BC0F5007100EB32
:10BF0000030B20460991FFF721FA9DED1C7B1F4A88
:10BF10008DED047B1E4B0999B8F1000F18BF134635
:10BF20001C4A1268CDE9023278231B4ACDE900038E
:10BF30000BAB584618F08EFC12492CA8FFF77AFA82
:10BF400011492CA8FFF736FA48B1214613481AF0D8
:10BF5000BEFF45B0BDE8F08FDDF81C80B9E70AF8F8
:10BF6000048041F68560002121F0B6FD09F1010948
:10BF7000083692E781A90300441905004819050015
:10BF8000C1D40100A0360500D6810020D57505007A
:10BF90004F3B0500146A0020553B0500D53B0500CA
:10BFA000569E00202DE9F047184E9EB00746884661
:10BFB00091464FF420713046154A1D46DDF898A091
:10BFC000FFF75CFB04463044C4F52071D5B1114B3A
:10BFD000114ACDE90235BAF1000F08BF9246CDE90A
:10BFE00000890E4ACDE9043A3B4618F033FC06A816
:10BFF0000749FFF71FFA054906A8FFF7DBF91EB04E
:10C00000BDE8F087064D074BE2E700BF567D0020F4
:10C01000063C050000370500A22A05000B3C050080
:10C020006E390500EF4705002DE9F04F2DED048B2B
:10C03000214EBDB007460EA888461546B0EE408A90
:10C04000F0EE608A9946B0EE419AF0EE619A02F005
:10C05000BDF84FF420713046184AFFF70FFB044635
:10C060003044C4F5207125B3154ADDE914ABCDE9A0
:10C070000CAB144B1B68CDE902520B934A9BCDE9E4
:10C0800000820A93104A3B468DED089B8DED048B90
:10C09000CDF8189018F0DEFB24A80849FFF7CAF97C
:10C0A000054924A8FFF786F93DB0BDEC048BBDE837
:10C0B000F08F064D064AD8E7D67A0020A036050054
:10C0C00000370500146A0020433C05006E39050066
:10C0D000EF47050008B5084821F0ABF928B9074833
:10C0E0001AF0F5FE6FF0120008BD05484B225521ED
:10C0F0001AF0EDFE0020F7E7D4040500C23C05006D
:10C10000F73C0500014BB3F900007047840B002099
:10C11000014B1878704700BF6B9E002073B5214C0F
:10C12000204621F086F948B1A6684C212046F368E4
:10C1300098471D4D20B14FF400432B8002B070BDD5
:10C140000C216A462046336998470028F3D1174AE4
:10C15000019B0A2493FBF2F3009A04FB0233144A76
:10C160002B80117869B940F251318B42E6DD012113
:10C17000117093FBF4F104FB11320E481AF0A7FE84
:10C18000DCE740F2EE218B42D8DC107083EAE372E8
:10C19000A2EBE372B2FBF4F1074804FB112293FB1C
:10C1A000F4F1EBE7D4040500840B0020A086010025
:10C1B0006B9E0020243D0500553D050013280DD839
:10C1C0000A225043064B1A181B5C3BB19379473B3C
:10C1D000DBB2122B02D8034AD05C70473F20704775
:10C1E000327800209D8C050008B5C8220021074840
:10C1F00023F037FC0023064A06491370064A074815
:10C200001370BDE80840FBF78DBA00BF32780020FC
:10C21000719E0020EF4705006C9E00206D9E00205F
:10C2200038B508461146144611F0C8FC054628B139
:10C2300001460B481AF04BFE284638BD094B1A68D8
:10C24000A1181960084B1A68002AF5DD6420D3177D
:10C2500081FB0001F5F792FA044B1860ECE700BF90
:10C26000433E0500186A00201C6A0020206A002056
:10C270002DE9F84F414D80462B780C46012B164690
:10C2800075D0042B73D0002874D0002972D0002AF6
:10C2900070DD20463A49FBF73BFA40B92146394860
:10C2A0001AF015FE6FF077042046BDE8F88F21469E
:10C2B0001722354823F01AFC00234FF0010B324AB5
:10C2C000DFF8ECA0DFF8EC90304FD3752E49324602
:10C2D0002F48C9F800303B60CAF8006085F800B00C
:10C2E0001AF0F5FD4FF400712A4811F035FD0446AF
:10C2F00040B903460146DAF80020584611F034FCF4
:10C30000044630B1214624481AF0E1FD05232B7084
:10C31000CAE702462149404602F0D2FB011ED9F885
:10C32000002000DB52B91E481AF0D1FD002011F0A8
:10C3300051FC05236FF004042B70B5E702230120A4
:10C340002B7011F047FC044610B101461548DBE79D
:10C350001EF090FB044610B101461348D4E7642355
:10C360003B60032311482B701AF0B1FD9CE76FF07E
:10C370000F0499E76FF0150496E700BF8BA000202B
:10C3800078290500663E050073A00020206A002081
:10C390008A3E0500739E0020A53E050021C20200D2
:10C3A000C73E0500EC3E05000E3F0500353F050089
:10C3B0001C6A0020186A002008B5094B1A78032A65
:10C3C0000CD1042207481A701AF081FD42F29F40F6
:10C3D000002121F081FB012003F0F0FC08BD00BF2B
:10C3E0008BA000205F3F050007B5094B1B78042B8D
:10C3F00096BF084A084B52F82330084A0192084A6F
:10C4000012680092074A18F025FA03B05DF804FBA1
:10C410008BA00020A01905002264050073A0002055
:10C42000206A00208C3F05002DE9F0471E4C0E4687
:10C43000208815461EF008FB1C4FDFF87C90DFF8C3
:10C440007C802080002D01DC00242AE03C683146FD
:10C45000C4F5007AAA4528BFAA4609EB0400524653
:10C4600023F0D9FA04EB0A03B3F5007F3B6056448E
:10C47000A5EB0A05E6D10E484A46D8F80010006838
:10C480001BF099FFD8F80030044603F50073C8F894
:10C49000003000233B600028D4D0014605481AF044
:10C4A00016FD2046BDE8F087FA780020246A0020B7
:10C4B0002C6A0020D03F05008CA00020286A0020B4
:10C4C00070B5084C204620F0B4FF48B1A368204660
:10C4D0005D688021AC46BDE870403823024A604761
:10C4E00070BD00BF94040500306A002038B50122F9
:10C4F0000024154B986802FA04F101420FD0002283
:10C500009A6102225C711A71FBF71CF921460246FE
:10C510000E481AF0DCFCBDE83840FFF7D1BF01340B
:10C52000142CE8D11D69D868002D14BF05220422FF
:10C530001A71FBF707F904462846FBF703F9214671
:10C5400002460348E5E700BF306A0020F23F0500DD
:10C550001A400500F8B5184D184E284620F069FF1E
:10C56000174C98B934220021164823F07AFA154B5B
:10C5700043F8046C2379012B15D113481AF0A7FC5A
:10C5800000232371FFF79CFF0020F8BDAB68224613
:10C590001F68802138232846B8470028E2D1236845
:10C5A000B342DFD1E6E7032BEED1D4E9053261795E
:10C5B00006481AF08CFCE7E79404050042544F4EFD
:10C5C000306A0020346A00204F40050078400500A2
:10C5D0002DE9F04F85B09B469DF838308A461646C7
:10C5E000CDE90203002800F0AD80002900F0AA8008
:10C5F000002A40F3A7805F4B0BF1FF329A4200F212
:10C60000A1805D4D2B7903F0FD03012B00F0AE807E
:10C61000DFF89491D9F800306BB94946012004F055
:10C62000ABFE40B155481AF052FC6FF012042046A0
:10C6300005B0BDE8F08FD9F800008268B24206D29A
:10C6400031464F481AF043FC6FF01A04EFE700211F
:10C650001BF0C6FE044628B14A481AF038FC6FF0B9
:10C660000404E4E7484B494F188041F20143DFF8E6
:10C670003C81AB80039B17225146C5E90560C5E9A3
:10C6800002B03860C8F8000028614148AB7123F05F
:10C690002DFA85F83740FFF713FF5846FBF752F89D
:10C6A000039A034651463B48009232461AF00FFC6B
:10C6B00022463949029802F003FA061E08DA31468A
:10C6C00036481AF004FC05232B71FFF7F9FEC6E784
:10C6D000D8F800305BB3D9F800001BF0ADFE8368DA
:10C6E000DB6898470368D8F8000000F1FF3B9B44E3
:10C6F000BBFBF3FB03FB0BFBBBF5007FDFD8DFF8D5
:10C70000B0A0ABEB0002FF21504423F0AAF95B4636
:10C7100052463968D9F800001BF04DFE3B68D8F846
:10C720000020C8F8004013443B600028C7D1396896
:10C730006A698A4209D01A481AF0C9FB05232B718D
:10C74000FFF7BEFE6FF0150471E70F4B1B88AB833C
:10C75000FFF7CCFEFFF7B4FEA868FAF7F3FFAA8B49
:10C76000034669690F481AF0B2FB60E76FF00F04E7
:10C770005DE700BFFEFF0F00306A00209E4005000D
:10C78000BD400500EC400500FA780020286A002032
:10C79000506A00200B41050029C4020040410500F9
:10C7A0005F410500924105002C6A0020246A0020A8
:10C7B0008CA00020054A1379023B012B04D8537941
:10C7C0001B1A58425841704700207047306A0020B9
:10C7D00038B515461C46FFF7EDFF70B111B1084B97
:10C7E0005B690B6015B1064B9B8B2B800CB900204D
:10C7F00038BD034B9B692360F9E76FF00100F7E751
:10C80000306A00202DE9F0410F4E044633680F4690
:10C81000154643B10D4A2B19526993420CD96FF05A
:10C820001500BDE8F0813146012004F0A5FD002887
:10C83000F0D06FF01200F4E72B463A4621463068FC
:10C84000BDE8F0411BF0A2BD2C6A0020306A002038
:10C85000084B9A6982420BD203221A71C0F30D026F
:10C86000BF2A986102D95B69834201D1FFF728BED4
:10C87000704700BF306A002073B5124C06466179DC
:10C880006369132994BF012500250F480F4A0093BF
:10C8900098BF8D40A369002E08BF02460C481AF0CD
:10C8A00016FBA36823EA0503A3603EB1E3682B43AC
:10C8B000E36002B0BDE87040FFF718BE23692B4368
:10C8C0002361F6E7306A0020D7410500CE4105001C
:10C8D000DE410500F0B5114C064623790F46052BC5
:10C8E00096BF0F4A0F4D52F82350626985B03AB196
:10C8F0006420A1690023A1FB0001F4F78FFF024629
:10C90000094B3946CDE90123637930460093074A44
:10C910002B4617F09FFF05B0F0BD00BF306A002026
:10C92000B419050022640500506A0020FD4105008D
:10C9300037B501220421124819F059FF012204469B
:10C940000021104819F053FF0122054605210C482B
:10C9500019F04DFF44EA05020B4902430B4A08BF98
:10C960000A460346009221462A4609481AF0AFFAC1
:10C9700043F6982020F03CFD002003B030BD00BFFE
:10C980001403050054030500EF470500404205006D
:10C990005D42050038B50B7804460D464BB920F0D2
:10C9A00048FD30B120461BF098FB024610B9012328
:10C9B0002B7038BD21680248BDE838401AF087BAAC
:10C9C0008B42050010B50B4B04461B782BB90CB9F4
:10C9D000012010BD00232370FAE70B21064819F04F
:10C9E000D5FE0028F3DB0CB101232370431E58420F
:10C9F0005841EEE78CA2002034030500002238B530
:10CA0000374B38481A701AF062FA374820F011FD97
:10CA100010B1354804F042FC344820F00AFD10B152
:10CA2000324804F03BFC01220021314819F0DFFEBE
:10CA3000012204212F4819F0DAFE012205212D4898
:10CA400019F0D5FE002201212A4819F0D0FE00225B
:10CA50000921294819F0CBFE00220821244819F0A9
:10CA6000C6FE00220E21244819F0C1FE00220D212D
:10CA7000214819F0BCFE002202211E4819F0B7FE21
:10CA800000220D211C4819F0B2FE00220321194892
:10CA900019F0ADFE00220A21174819F0A8FE002166
:10CAA000134819F087FE04210446124819F082FE4B
:10CAB000052105460F4819F07DFE2A46034621460A
:10CAC0000E481AF004FA0F210D4A0B4819F052FED5
:10CAD000BDE838400B210A4A074819F04BBE00BF99
:10CAE0008CA20020AA420500B403050094030500AF
:10CAF0005403050014030500340305000E4305002C
:10CB00001000010008B511491148FFF743FF012249
:10CB10000821104819F06BFE142019F086FE01223E
:10CB200009210D4819F063FE0A2019F07EFE01224A
:10CB30000A48114619F05BFE0A2019F076FEBDE89E
:10CB4000084001220221054819F051BE8DA20020A3
:10CB50009403050054030500340305001403050085
:10CB600010B5124B1A785AB10022114C1A70204697
:10CB70001BF094FA024618B121680E481AF0A7F982
:10CB8000002201210C4819F032FE002209210B4835
:10CB900019F02DFE00220221074819F028FEBDE8F9
:10CBA000104000220821064819F021BE8DA2002065
:10CBB000940305004B4305001403050034030500EE
:10CBC0005403050008B501220521044819F00FFEA1
:10CBD000BDE80840032019F028BE00BF140305007B
:10CBE00008B518491848FFF7D5FE01220821174853
:10CBF00019F0FDFD1E2019F018FE0122092114482C
:10CC000019F0F5FD1E2019F010FE01221148114601
:10CC100019F0EDFD322019F008FE012202210D4825
:10CC200019F0E5FD01220921084819F0E0FD1E2058
:10CC300019F0FBFDBDE8084000220D21044819F061
:10CC4000D6BD00BF8EA20020B4030500540305002A
:10CC5000340305001403050010B50424C82019F09E
:10CC6000E4FD00F0E9F8013CF8D14FF448710F48B9
:10CC70001AF02DF901220E210D4819F0B8FD4FF4DC
:10CC8000167019F0D2FD22460E21094819F0AFFDA9
:10CC90000A244FF4FA6019F0C8FD00F0CDF8013C09
:10CCA000F7D1BDE8104003481AF011B96A430500F6
:10CCB00034030500A743050010B5094B1A786AB183
:10CCC0000022084C1A7020461BF0E8F9024628B1F1
:10CCD00021680548BDE810401AF0F9B810BD00BF42
:10CCE0008EA20020B40305004B4305002DE9F0415E
:10CCF0001A4BD3E8AF3F33B320F0DEFF4FF47A7620
:10CD0000174BA0FB06071C68164B47F61222E418C7
:10CD100006FB01714FF000032CBF01250025F4F73D
:10CD20007DFD114AD2E90032C01A61EB0201844252
:10CD300075EB01010FDB0D4B19680D48BDE8F041A3
:10CD40008368DB6818470B4BD3E8AF3F0A4A11688A
:10CD500013609942EFD1BDE8F08100BF706A0020F6
:10CD60006C6A0020BF270900382400209C060020A0
:10CD7000F4030500746A0020686A0020F0B587B0EB
:10CD8000214D284620F055FB38B920481AF09FF86D
:10CD90006FF01204204607B0F0BD1D4B02AC0FCB64
:10CDA00084E80F00AE6821462846B3689847194FBB
:10CDB00000280146386004DA17481AF088F83C6801
:10CDC000E8E70221284633689847044620B1014627
:10CDD00012481AF07CF8DDE70122114B1A70114B52
:10CDE000D3E8EF2FC3E8E14F0029F9D13968F368A0
:10CDF0002846984700230C4A0C48CDE9002314F03C
:10CE0000ABF80B490B48E4E7F4030500D6430500F3
:10CE1000001105009C060020084405003D44050063
:10CE20008FA20020706A00201C4E0E00E80B00202C
:10CE3000C0D4010070440500044BD3E8EF1F01315A
:10CE4000C3E8E21F002AF8D1704700BF746A0020CF
:10CE500038B50F4B1B78CBB10E4B186020F02CFF70
:10CE60004FF47A74A0FB040547F61222002304FB5A
:10CE70000151F4F7D3FC0122074BC3E90001074B32
:10CE8000D3E8EF1FC3E8E02F0028F9D138BD00BF79
:10CE90008FA200206C6A002038240020706A0020D5
:10CEA000094B1B787BB10022084BD3E8EF1FC3E886
:10CEB000E02F0028F9D1064BD3E8EF1F0131C3E87A
:10CEC000E21F002AF8D170478FA20020706A00206C
:10CED000746A0020012310B586B0019300238DF8F9
:10CEE00008300723CDE9031200908DF8143007486D
:10CEF0009DF81430826843F002038DF81430946872
:10CF00006B2302226946A04706B010BD54040500F9
:10CF100013B5174820F08DFA38B9164819F0D7FF25
:10CF20006FF01204204602B010BD00238DF80630C9
:10CF3000482301220DF106010DF107008DF807309D
:10CF4000FFF7C8FF044628B16B2102460A4819F0D2
:10CF5000BEFFE5E79DF8061001F03803182B02D05C
:10CF60006B220648F3E7064819F0B1FFDAE700BF85
:10CF7000540405008B440500A5440500D544050074
:10CF8000034505002DE9F04F05468BB020F094FED7
:10CF90004FF47A74A0FB0406002304FB016147F6FA
:10CFA0001222F4F73BFC604F81468846D7E9001314
:10CFB00051EA03005D4E15D0B9EB010244F6206141
:10CFC00068EB03038A4273F100030BDA33682B60CA
:10CFD00073686B60B368AB60F37A73B300200BB017
:10CFE000BDE8F08F0023CDE9043306934CF22E0305
:10CFF000ADF80C30022303AC079408938DF824306D
:10D000004B489DF82430826843F002038DF82430A9
:10D01000D2F808A06B23012207A9D04780B104AB46
:10D0200003CB3060186804AA7160B060C7E900984B
:10D0300003CA286018686960A8606FF00400CEE732
:10D04000002140F21B6020F047FD04A93B2019F0AD
:10D05000FFFBB0FA80FB824607A93D204FEA5B1B2D
:10D0600019F0F6FB18B9BDF81C30ADF812303520B8
:10D0700007A919F0EDFB18B9BDF81C30ADF8143054
:10D08000332007A919F0E4FB18B9BDF81C30ADF83E
:10D09000163000238DF80B301C23012220460DF1A1
:10D0A0000B018DF80C30FFF715FF20B99DF80B3000
:10D0B0005B098DF8183040F6D862BDF81430BDF821
:10D0C0001040934294BF002301238DF8193000F0E3
:10D0D00031F9019000F03AF9019B9C421FD2844241
:10D0E0001FD96422241A54431B1AB4FBF3F4E4B28C
:10D0F0008DF81A408DF81BB004AA03CA306010687E
:10D1000004AB7160B06003CB28601068C7E9009879
:10D110006960A860BAF1000F3FF460AF8DE7642446
:10D12000E6E70024E4E700BF40240020FC7800206C
:10D130005404050007289ABF024B53F82000024808
:10D14000704700BFCC190500F4340500F7B514464C
:10D15000134901AA06461D461BF0ACFA60B1019FB7
:10D1600057B9104E0F2231462846A04720EAE070FA
:10D170003754002003B0F0BD30460B4901AA1BF024
:10D1800099FA50B1019B43B9042228460749A047A8
:10D190000028EEDC6FF01500ECE76FF00100E9E726
:10D1A000F6450500A4A20020C6450500786A0020C7
:10D1B000034B044A1878002818BF1A4610467047D7
:10D1C000A4A200203F45050010B504F0A1FB0C48C7
:10D1D00004F064FAFFF7ECFF0A4B014618780A4B9B
:10D1E0000A4C1A680A4B002A08BF2346094C0A4A0F
:10D1F000002808BF2246BDE81040084819F067BE65
:10D200007F450500A4A20020786A0020744505002F
:10D2100069450500574505004B4505008545050056
:10D2200038B5FFF7C5FF094D0446297829B10146F5
:10D230001022E81C22F048FC28B123461421044A9D
:10D24000024817F007FB014838BD00BF90A200203C
:10D25000AA450500014B1868704700BF786A002096
:10D26000B0F5002F10B5044610D20A490422086018
:10D27000094804F0E1F9094B094A0A48002C08BFA3
:10D280001A46214619F023FE002010BD6FF015004C
:10D29000FBE700BF786A0020C0450500B0450500E7
:10D2A000EF470500CA45050010B50446D8B103781C
:10D2B000CBB1FAF73FFA0F2815D8214600240F22E8
:10D2C0000A4822F013FC094B1846DC73FAF732FACD
:10D2D00006490246064804F0AFF90648034919F02A
:10D2E000F6FD204610BD6FF01500FBE7A4A200205C
:10D2F000F0450500FC45050070B5094C6369013334
:10D300006361084D284620F094F838B1AB68542189
:10D310005E682846042304F11402B047606970BDBA
:10D32000B4A2002094040500014B93F91800704743
:10D33000B4A20020044BB3F8190041F27C5300283A
:10D3400008BF1846704700BFB4A20020044BB3F8D2
:10D350001B0040F6D863002808BF1846704700BF7E
:10D36000B4A2002070B5084C204620F062F848B105
:10D37000A36820465D684021AC46BDE870401D238F
:10D38000024A604770BD00BF94040500B4A20020AB
:10D3900038B5A0F6B833B3F52F6F04460D461ED846
:10D3A000A1F6B833B3F52F6F19D8431AB3F5FA7F46
:10D3B00015DB0C4BB3F81920824203D1B3F81B20C4
:10D3C0008A420AD0A3F81940A3F81B50FFF7CAFFFE
:10D3D0002A462146044819F07AFD002038BD6FF036
:10D3E0001500FBE7B4A200201C46050073B52F4DC5
:10D3F0002F4C284620F01DF800283DD147222270EE
:10D40000432262705722A2705322E27009222271D5
:10D410006FF05F020023A2710F226371E2716372E9
:10D420003C22A372E3726373A373E3736374237583
:10D430006375A375E3757C232272637678221523C6
:10D440002273A37628226FF027032274E376012249
:10D450000E23A274237703220823E2742376FFF7B6
:10D4600081FF144819F033FDE268A168124802B048
:10D47000BDE8704019F02BBDAB6822461E68402104
:10D480001D232846B0470028B8D122680B4B9A428A
:10D49000B4D1A388092BB1D1A37C09480093E388B8
:10D4A000E268A16819F013FDDEE700BF94040500EF
:10D4B000B4A200204B4605009E4605004743575343
:10D4C00064460500F0B5ADF5797D064614F088FD9B
:10D4D000014600286AD11A220DF10A0022F0C1FA91
:10D4E0004FF48043344F01ADCDE904374FF49053EE
:10D4F0002022ADF8083031492B4602A814F086FBF3
:10D500000446002855D1334628212D4A10A817F08B
:10D51000A1F9214606464FF45E721AA822F0A1FA3C
:10D5200039461AA814F0BEFC58B16FF002041AA8CC
:10D5300020F0EAFE286814F01DFB20460DF5797DE9
:10D54000F0BD0D2340F202211E4A1AA820F098FFD8
:10D550000028EAD140F201112A681AA820F099FFA8
:10D560000028E2D140F20321334610AA1AA820F085
:10D5700087FF01460028D8D118220AA822F071FAA4
:10D580004FF44072104B1AA9CDE90B234FF41053FE
:10D59000ADF8243080230D4A09A8ADF8263020F0DC
:10D5A000E1FE041E18BF6FF00204C0E74FF0FF3425
:10D5B000C3E76FF00104C0E709010008BE8C050055
:10D5C000F0470500B08C0500000144057C6A00208E
:10D5D000F0B504464FF6FF76D4F807300D46B0F8A4
:10D5E0000310407997B08DF83100180A8DF8340097
:10D5F000180C8DF83500180EADF82C608DF836003B
:10D6000002260020A2798DF82E6000900E0A0EA846
:10D610008DF82F108DF832208DF833308DF8306072
:10D6200019F027F9B4F80F30D4F80B00ADF84C30EE
:10D63000D4F811301290CDF84E3008AB0693082381
:10D64000059309AB04930A23039312AB02930B23B4
:10D65000164801930BAB009315490D2300680EAAE1
:10D6600020F009FEF8B9089B062B1CD127889DF8ED
:10D6700024602F80A7789DF82510AF70B4F8037050
:10D68000BDF92620A5F803706779BDF928306F71C0
:10D69000A779AF71D4F807402E72EC7169726A8174
:10D6A000AB8117B0F0BD4FF0FF30FAE77C6A002085
:10D6B000000144052DE9F04F884695B0010A8DF828
:10D6C0002810190A8DF82C10190C8DF82D10190E30
:10D6D0008DF82E1001214FF6FF7B4FF0020A8DF8D6
:10D6E00027000091064601460CA817461D468DF8F6
:10D6F0002A208DF82B301F9CADF824B08DF826A081
:10D700008DF8298019F0B5F808AB0693102305931E
:10D71000062303931E9B024602930B231848019392
:10D720000DF1400909AB0093CDF810900D23154978
:10D73000006820F057FD4FF0FF320346E8B9089922
:10D740000A291AD16270BDF844201098A4F80F205D
:10D75000DDF8462084F800B084F802A0A4F8036045
:10D7600084F80580A771C4F80750C4F80B00C4F80A
:10D770001120184615B0BDE8F08F1346F9E700BF39
:10D780007C6A0020000144052DE9F04FC7B0BDF8C8
:10D7900044518846691EC529074692461E46529C3A
:10D7A00005D94FF0FF33184647B0BDE8F08F010AA6
:10D7B0008DF83010190A8DF83410190C8DF83510C9
:10D7C000190E4FF002098DF8361000214FF6FF7B3D
:10D7D0008DF82F008DF83810CDF8009001460FA875
:10D7E0008DF832208DF83330ADF82CB08DF82E90B6
:10D7F0008DF831808DF8375019F03BF80AAB06935D
:10D80000CA23059313ABCDE90353509B0BAA029394
:10D810000D2300920246174801931749006820F033
:10D82000E1FC09900028BCD10A992A1D8A42B8D18E
:10D830004FF0FF32A4F80B50627084F800B02A4613
:10D8400084F80290A4F8037084F8058084F806A098
:10D85000C4F8076013A904F10D0022F0DCF805F507
:10D860008C730DEB030555F8CC2C099BC4F8D32021
:10D8700099E700BF7C6A0020000144051FB50B46F4
:10D8800001220221019002928DF80C1006489DF8A9
:10D890000C10846841F002018DF80C10A46801A9F5
:10D8A000A04704B010BD00BF540405001FB50622F8
:10D8B000029203220B4601908DF80C2006489DF839
:10D8C0000C20816842F002028DF80C208C68012245
:10D8D00001A9A04704B010BD5404050010B588B0DC
:10D8E0000DF1070302930123039300238DF81030F9
:10D8F0000723CDE905128DF807008DF81C30074885
:10D900009DF81C30826843F002038DF81C30946847
:10D910001423022202A9A04708B010BD5404050038
:10D920001FB502238DF800008DF80110CDF804D04A
:10D9300002938DF80C3007489DF80C30826843F054
:10D9400002038DF80C3094681423012201A9A0472A
:10D9500004B010BD5404050013B51C481FF069FD48
:10D9600080B3002001220DF107018DF80700FFF7B9
:10D97000B5FF044640B10146154819F0A8FA6FF00A
:10D980001204204602B010BD9DF80710902901D066
:10D990001048F2E7C8211A20FFF7C2FF0221192020
:10D9A000FFF7BEFF00219D2020F096F804212120E2
:10D9B000FFF7B6FF04211F20FFF7B2FF064819F05A
:10D9C00086FADEE74FF0FF34DBE700BF54040500C2
:10D9D0001D4805008D480500BB48050007B58102BC
:10D9E0000E4808236A4600681AF0D0FC90B99DF8EA
:10D9F0000030A62B0ED1BDF8010058B1084A00F145
:10DA000008031268B3EB822F88BF4FF0FF3003B0DA
:10DA10005DF804FB4FF0FF30F9E700BF986A002083
:10DA2000946A002010B4084B1B784BB107480021C2
:10DA30008368074A5C681423A4465DF8044B60477A
:10DA40005DF8044B704700BFD1A20020940405008C
:10DA5000806A00202DE9F04FDFF8A4B18DB059465F
:10DA6000002003F089FC039038B101465A4819F0B0
:10DA70002EFA03980DB0BDE8F08FDBF80030DFF828
:10DA800084919B68554D564E9B0AC9F800302E6014
:10DA9000544C20461FF0CDFC534B1870002837D053
:10DAA000A36820461F680399142307AAB84798B9AA
:10DAB000079BB34210D1D9F80030089A9A420BD292
:10DAC000099A934208D92E4607AC0FCC0FC623689B
:10DAD000E96846483360CAE7454800263446B246FE
:10DAE000B046374619F0F3F90496D9F800309F4252
:10DAF00010D3B8F1000F3FD13E48C5E90288C5F800
:10DB00000480C5F8108019F0E2F9FFF78BFFB0E749
:10DB10003948E2E73846FFF761FF034601330590D5
:10DB200001D10137E1E70423B902DBF8000007AABD
:10DB300019441AF02BFCD0B9079A059B03F207434E
:10DB400007EB9323B8F1000F13D00499924584BFDB
:10DB50003C469246914206D2D9F800100492B3FB9B
:10DB6000F1F601FB16361F4608F10108BDE7002259
:10DB7000E3E73C469246EFE74FF000084746C5E929
:10DB80000164A64203D0D9F8003098450BD3049B1A
:10DB9000EF6001332B6100933946D5E90132174814
:10DBA00019F095F9B1E72046FFF718FF421CD9F8A4
:10DBB000003015BF00F20740013404EB9020B4FBA5
:10DBC000F3F217BFB0FBF3F403FB124403FB14049E
:10DBD000013708F10108D4E7DF480500806A00201A
:10DBE0005047415794040500D1A200200549050083
:10DBF0002A4905009C49050063490500CB490500F9
:10DC0000986A0020946A00202DE9F04FDFF898917F
:10DC100089B0D9F800300F4603900292002B00F033
:10DC2000BA80002940F3BA8001F20743DFF87CB1E3
:10DC30009A0A0192DBF80020B2EB932FC0F0AE807D
:10DC4000584C019963680B449A4204D200236360E4
:10DC5000E36803B9A3604FF0000A524D6E68564462
:10DC6000B2073DD0019B0AF1010A5345F6D1226962
:10DC70006568531C2361A6238DF818303B128DF87C
:10DC80001A30029BAD02003B18BF012307928DF8AA
:10DC90001B3029460823D9F8000006AA8DF8197010
:10DCA0001AF089FB002873D105F108013B46039A5D
:10DCB000D9F800001AF07FFB0546002868D1636898
:10DCC000019A1A441346DBF80020B3FBF2F102FB81
:10DCD00011336360E3680133E360FFF7A3FE2AE0DA
:10DCE000029B33B9EB68A9680093331D0493009B32
:10DCF00013B906F1040839E00846059118F05AFEF8
:10DD0000DDE904319942F4D201EB00084645F0D236
:10DD10004FF0000389028DF81830D9F80000012374
:10DD200006AA03311AF032FB48B99DF81830DB0718
:10DD300005D56FF01B05284609B0BDE8F08FDBF86C
:10DD40000030B8FBF3F103FB1181009B013B009312
:10DD5000CDE71844864211D2DBF80030B0FBF3F275
:10DD600003FB1200EB68A860013BEB60EB682BB192
:10DD7000A86818F01FFEAB684345EAD34FF4805201
:10DD8000D9F80000B1021AF02BFB00283FF46AAF6B
:10DD90006FF00405CFE76FF01205CCE76FF01505C3
:10DDA000C9E700BF806A0020986A0020946A0020BA
:10DDB000014BD868704700BF806A002030B50B4C1B
:10DDC000226902B1013A48B1E36833B15D1E954260
:10DDD0008EBF0023C3F101039B18036021B1E368E8
:10DDE000002B18BF13460B6030BD00BF806A0020B7
:10DDF0002DE9F8432D4D0646EB680F46002B42D027
:10DE0000A868FFF7EBFD421C044623D14FF0000841
:10DE1000DFF8AC902AE0AC684444B4FBF3F203FBB7
:10DE200012442046FFF7DAFD01301DD0B8F1000F93
:10DE30000AD041461E4819F04AF8EB68AC600BB1B5
:10DE4000013BEB60FFF7EEFDA868FFF7C7FD431C41
:10DE5000044606D0BC421BDB3A462146154819F061
:10DE600036F86FF0040410E008F10108D9F800302A
:10DE70009845D0D3104819F02AF86B68AB6000239E
:10DE8000EB60FFF7CFFD4FF0FF342046BDE8F8838D
:10DE9000A9680A48890223463246006808311AF008
:10DEA00075FA0028DDD13055EFE700BF806A002009
:10DEB0000F4A0500744A0500474A0500986A002089
:10DEC000946A002038B50B4DEB6893B1AC682046DE
:10DED00018F070FD084B04441B68B4FBF3F203FB1D
:10DEE0001244EB68AC60013BEB60BDE83840FFF7E3
:10DEF00099BD38BD806A0020946A00202DE9D04386
:10DF00000C4680B3037873B321F0B3FD57EC106B6C
:10DF10000022164B30463946F3F728FAF3F796FB02
:10DF2000F3F790F80022114B80468946F3F7F4F896
:10DF300002460B4630463946F2F736FF00220C4BBC
:10DF4000F3F714FA42464B46F2F730FF3CB1237820
:10DF500003F0FB03532B02D101F10043194641ECBE
:10DF6000100BBDE8D08300200021F8E700005940E5
:10DF700000004E400C4B30B50246036000250120E6
:10DF800013F8014B0CB1884200DB30BD2C2C05D1BD
:10DF900003F8015C42F820300130F1E72A2C08BF79
:10DFA00003F8015CECE700BFD3A2002010B50F4BD3
:10DFB0001A78242A15D119460120002411F8012FBE
:10DFC0008AB12A2A00F1010009D118441022002147
:10DFD00016F08AFCC0B2031B5842584102E054407C
:10DFE000ECE7002010BD0120FCE700BFD3A2002019
:10DFF00003460022F0B5411E93B011F8014F74B9E9
:10E00000009240210B4A02A816F024FC06460A4F53
:10E0100002ADB44201DA402C03D113B0F0BD62402E
:10E02000EBE715F8011BBB6803485B6898470134B0
:10E03000EFE700BFA54A050094030500014811F071
:10E04000B5BE00BFA06A002010B5044690B083683A
:10E05000DB6B6BB1984758B910B010BD40226946D0
:10E0600020469847021E0DDD6946084819F0F4FA6B
:10E07000A368DB6A13B12046984718B1A3681B69EF
:10E08000002BEBD1024811F013FFE5E7A4060020B6
:10E09000A00D002010B504460D4811F063FF47F6AF
:10E0A000122C40F2E730002124EAE4744FF47A7233
:10E0B0000023E4FB0C01F3F7B1FB02460B460448D6
:10E0C00011F02AFF002818BF6FF00A0010BD00BF32
:10E0D000700D002010B588B01B481FF04FFA1B4C84
:10E0E00020461FF0A6F928B9194808B0BDE810402D
:10E0F00018F0EDBEA3682BB11B6C1BB100222046AB
:10E10000144998470121114802F0FCFFA3681B6ADB
:10E110000BB10E48984700220023CDE906230023C7
:10E120000522CDE90133CDE9032300934FF40062CA
:10E13000094B0A490A4812F0A7F90A4908481FF092
:10E140000BFC0948D1E700BFA06A0020940305003A
:10E15000D14A050049E0020089880200E0BD0020A4
:10E16000482400205B2C0500E94A050030B5012851
:10E17000044689B01CD00F4D0F4B022818BF1D4616
:10E180002B4620210D4A684616F064FB6846FFF7CF
:10E190002FFF002140F6A6601FF09EFC0848FFF705
:10E1A00027FF2A462146074818F091FE09B030BDE6
:10E1B000054DE5E70F4B0500274B0500334B0500E8
:10E1C0003E4B0500464B05001B4B050010B50446B1
:10E1D0004FF0FF324FF0FF33054811F075FD204638
:10E1E0005822044921F017FCBDE81040FFF726BF74
:10E1F000A06A0020402500202DE9F04F9BB0064684
:10E2000004A80F46FFF7E2FF9DF81090B9F1000F48
:10E2100007D1394630462D4A1BB0BDE8F04F16F005
:10E2200019BB1FF049FD4FF47A74A0FB040547F6B3
:10E23000122204FB01510023F3F7F0FA244A039061
:10E2400088463046394616F005FB00250446DFF8BF
:10E2500098A0DFF898B09AF8003023FA05F2D207B8
:10E2600014D503985BF835100BEBC502411A47F241
:10E270003150526868EB0202814272F1000211DBF8
:10E280000122AA4023EA02038AF800300135062D54
:10E29000E1D1104A391B301916F0DCFA20441BB0CA
:10E2A000BDE8F08F0C4B0D4A53F82530391B009315
:10E2B0000B4B3019B9F1000F08BF1346094A16F08D
:10E2C000C9FA4FF000090444E0E700BF774B0500AE
:10E2D000DE380500326D0500EC19050093390500A4
:10E2E000EF4705007A4B0500D2A200201025002040
:10E2F000F8B50F4E0D280446336801D00A2809D11D
:10E300003BB100240B4A0C481146D45418F0DFFDF1
:10E310003460F8BDBE2B074D06DD002729460648B0
:10E32000EF5418F0D4FD3B465A1C3260EC54F0E731
:10E33000BC6A002065A500209D4B0500024883684B
:10E340001B6A03B118477047B403050010B50446B3
:10E3500090B08368DB6B8BB1984778B910B010BD73
:10E36000A3681B69002BF9D04022694620469847D4
:10E37000021EF3DD6946064819F06EF9A368DB6AF0
:10E38000002BEDD0204698470028E9D1E6E700BFF2
:10E39000B80600200146024883685B68184700BF42
:10E3A000B403050010B5037804460D2B05D00A2BE5
:10E3B00003D00146054818F08AFD013C14F8010F0E
:10E3C00000B910BDFFF7E6FFF8E700BFA54B050059
:10E3D0000146044883681B6803B118476FF0570073
:10E3E000704700BFB403050001462DE9F04101224A
:10E3F0000446324819F050F9012826D1304F2578CB
:10E400003B78002B34D02F4B0D2D1A6801D00A2DEC
:10E4100022D100242C482D4903783C7001EB432184
:10E420008C5403220133B3FBF2F202EB42029B1A3B
:10E43000274ADBB212789A4216BF03702548264855
:10E4400018F045FD0120BDE8F0812046FFF7C0FF30
:10E450000028D3D00020F6E7B2F5FF7FF2DC1A499E
:10E46000501C09781860194B03EB41239D54E9E7D0
:10E47000DFF87080194CD8F800600E2E16DC731C83
:10E48000C8F80030A5550F2BA8BF0F23002514494D
:10E490001248E55421F053FB0028D3D001233B70F0
:10E4A000084BC8F800501D602570CBE70E222046AF
:10E4B000611C21F0BDFA3346A573E4E7B8060020DD
:10E4C00064A50020B86A002028A8002029A8002000
:10E4D00027A80020B54B0500E34B050054A50020FC
:10E4E000014C0500B46A00202DE9F74F284E0024A6
:10E4F000B2469346814688460AF8014B18F085FAE1
:10E500001BEB000741EBEB7B18F07FFAB84271EB95
:10E510000B0125DB6FF0010003B0BDE8F08F9DF823
:10E520000700FFF7E5FEB4F5007F9DF8075021DAFC
:10E5300035550134B4F5007F23464FF00005A8BFE0
:10E540004FF4007349463046F55421F0F8FAD0B93B
:10E55000B8F1000F04D04146304621F0F0FAA0B9DE
:10E560000DF10700FFF740FF0128D8D0022018F076
:10E5700065FAC9E740F2FF125146054821F058FA02
:10E5800086F8FF51D6E72846C6E74FF0FF30C3E7CD
:10E5900025A6002070B506460C46154618F044FA2C
:10E5A0003046FFF7FFFE0548FFF7FCFE2A462046EF
:10E5B000BDE870400249FFF797BF00BFCC5505008A
:10E5C0000B4C050038B50F4D0F4B2C781B78A34230
:10E5D00015D00E4940F2FF1201EB44210C4821F006
:10E5E00085FA00230A4A013482F8FF310323B4FB81
:10E5F000F3F3012003EB4303E41A2C7038BD002031
:10E60000FCE700BF27A8002028A8002029A8002098
:10E6100054A3002010B50D4C20461EF00AFF20B96F
:10E620000B48BDE8104018F052BC0121204602F012
:10E6300069FDA3682BB11B6C1BB100222046054964
:10E640009847FFF77BFE0448EBE700BFB4030500E3
:10E65000FD4D05004DE30200164E0500F7B518F01C
:10E66000D4F90F4F10F5FA750E4E41F1000418F071
:10E67000CCF9A842A14103DA3A7833789A4205D01E
:10E6800003B0F0BD9DF80700FFF732FE0DF1070063
:10E69000FFF7AAFE0128F5D0022018F0CFF9E6E72F
:10E6A00028A8002027A8002030B540F6B832ABB02B
:10E6B00098499948FFF76EFF40F6B8329549974858
:10E6C000FFF768FF40F6B83292499548FFF762FFBE
:10E6D000FEF76EFD0446FEF7A3FDA021CDE9004044
:10E6E000904B914A02A816F0B5F840F6B832894925
:10E6F00002A8FFF74FFF0024012C55D18B4818F0DA
:10E70000E6FB41F2883283498948FFF743FF18F05E
:10E710008BF98848FFF746FE42F210728649874817
:10E72000FFF7E2FE4FF4FA6018F088F940F25B73ED
:10E73000A021834A009302A8824B16F08BF818F0B0
:10E7400073F902A8FFF72EFE7F48FFF72BFE013476
:10E750007E4A79497E48FFF7C7FE032C61D0002826
:10E76000CAD1FEF75DFD7B4A034601927A4AA02199
:10E77000009202A8794A16F06DF818F055F902A82F
:10E78000FFF710FE7048FFF70DFE47F230526A495E
:10E790007348FFF7A9FE0446002852D0714818F0CC
:10E7A00096FB6FF0010449E0022CBFD16E4818F0CF
:10E7B0008EFB43F6982257496C48FFF7EBFE43F671
:10E7C000982018F03BF914254FF47A7251496848A3
:10E7D000FFF7E0FEF0B94FF4FA624E496548FFF7E3
:10E7E000D9FE42F210724B496348FFF7D3FE634BE8
:10E7F000A021634A02A816F02DF840F6B832454928
:10E8000002A8FFF7C7FE47F2305242495D48FFF7C2
:10E81000C1FE8BE74FF47A7018F010F9013DD3D1A7
:10E82000D9E700289DD0584818F051FB41F28832B2
:10E8300038493948FFF7AEFE4FF0FF3420462BB081
:10E8400030BDFEF7B5FC0546FEF7EAFCA0214F4AB5
:10E85000344BCDE9005002A815F0FCFF18F0E4F8A5
:10E8600002A8FFF79FFD3848FFF79CFD42F21072A7
:10E8700031494748FFF738FE10B1464818F027FBEA
:10E88000A021454A274B02A815F0E4FF18F0CCF868
:10E8900002A8FFF787FD2C48FFF784FD42F21072B3
:10E8A00025493E48FFF720FE10B13D4818F00FFB08
:10E8B000FFF7D4FEFEF77CFC0546FEF7B1FCA02175
:10E8C000384A184BCDE9005002A815F0C3FF18F0E4
:10E8D000ABF802A8FFF766FD1B48FFF763FD41F2A6
:10E8E000883215493048FFF7FFFD58B92F48FFF728
:10E8F00059FD1A20FFF74EFD42F210720E492C48C6
:10E90000FFF7F2FD40F25B720E492A4818F0DFFA79
:10E9100094E700BFB24B0500A6500500B4500500B7
:10E92000CC50050072250500E85005001D5105007A
:10E9300046510500535105000B4C0500635105007D
:10E94000BD510500AF510500CC550500F82401006C
:10E95000D25105005B520500675205003F52050089
:10E96000705205008052050072510500A351050048
:10E97000164C0500114C05006D4C0500AB4E050012
:10E980008B500500354F0500E051050097520500FA
:10E99000B9520500C6520500E352050003530500B5
:10E9A0001053050031530500E76605005553050077
:10E9B0005C530500695305002DE9F74306460F46F1
:10E9C0001446FFF7FFFDB0B918F01FF8DFF8A49068
:10E9D0002518DFF8A48041EBE47418F016F8A8427B
:10E9E000A14105DA99F8002098F800309A4210D039
:10E9F000FFF7E8FD28B17B211B4821F058F80546B8
:10EA000088B9002003B0BDE8F0839DF80700FFF748
:10EA10006FFC0DF10700FFF7E7FC0128F5D002209D
:10EA200018F00CF8D9E77D210F4821F072F8044660
:10EA30000028E6D08542E4D80C490B4821F07FF845
:10EA4000003818BF0120641B0134094BBC4228BFA9
:10EA500007F1FF34187022462946304620F0DBFFCC
:10EA6000002301203355CDE754A300209D5305001A
:10EA700026A8002028A8002027A8002008B542F2D8
:10EA8000107209490948FFF785FD41F288320849AB
:10EA90000848FFF77FFDBDE8084043F69822064985
:10EAA0000648FFF777BD00BFA95305004651050092
:10EAB000B24B0500A6500500B7530500C45305002E
:10EAC0002DE9F04F00234FF0FF350646DDB0CDE9CC
:10EAD0000212714840F6B8327049069307930595C3
:10EAE000FFF758FD40F6B8326C496D48FFF752FD0C
:10EAF00040F6B83269496B48FFF74CFD40F6B83232
:10EB000066496948FFF746FD40F6B83263496748F1
:10EB1000FFF740FD40F6B83260496548FFF73AFD1F
:10EB200040F6B8325D496348FFF734FD3046F8F7E8
:10EB300001FE1CAF034630215F4A384615F08AFEBD
:10EB400017F072FF3846FFF72DFC5C48FFF72AFCF0
:10EB500041F288325A495B480DF1140A0DF1180947
:10EB600007ACFFF7C1FCC8B93046FFF71BFC41F208
:10EB7000883253494948FFF7B7FC98B917F054FF5A
:10EB80005148FFF70FFC4EF6602350224F4808A96A
:10EB900017F066FF48B16FF0020000E028465DB054
:10EBA000BDE8F08F6FF00100F9E74B465246484947
:10EBB000009408A815F078FE022805DDDAF8003088
:10EBC00013B92168002906DC424808A918F07FF92A
:10EBD0006FF00300E3E7D9F80020C82A06D01146F9
:10EBE0003D4818F074F96FF00400D8E73B4818F07E
:10EBF0006EF917F019FF3A48FFF7D4FB42F2107292
:10EC00002F493048FFF770FC0028ECD143F6982AD2
:10EC10002568002D07DC41F2883229493148FFF789
:10EC200063FC2068BBE7B5F5807FAB46A8BF4FF417
:10EC3000807B17F0EAFE4FF0000810EB0A0641F166
:10EC4000000917F0E2FEB04271EB090109DBB8F1EF
:10EC5000000F11DC2448294618F039F96FF005003F
:10EC60009DE72248ABEB080207EB080118F014FD02
:10EC700058B18044C345E4DC4246DDE90230394600
:10EC8000984730B9A5EB0805C3E7022017F0D6FE78
:10EC9000F0E76FF0060082E7CF530500B24B0500A6
:10ECA000E953050008540500215405003D540500B2
:10ECB0005F540500795405009A540500CC550500B1
:10ECC0000B4C0500AC540500B4540500C5540500B8
:10ECD000D0540500E4540500015505009655050083
:10ECE000BD550500F1550500CF550500B8060020BB
:10ECF000024883685B6A03B118477047B403050094
:10ED0000024883681B6A03B118477047B4030500C3
:10ED10000146024883685B68184700BFB4030500DA
:10ED20000146044883681B6803B118476FF0570019
:10ED3000704700BFB403050038B5054600243222F1
:10ED40004FF480710F4817F012FF0F4817F0FFFEC5
:10ED50004FF47A724FF480710A4817F008FF48B1F7
:10ED60000A49084820F0EBFE20B1094818F0AFF836
:10ED7000012038BD0134FEF75FF8A542DFD1002045
:10ED8000F7E700BF49B80020164C0500B24B05005C
:10ED9000FF55050070B504460D4632224FF48071D0
:10EDA000144817F0E4FE204617F0D1FE2A464FF42F
:10EDB0008071104817F0DBFE0E4A0023154620260E
:10EDC00083420ED100220C49EA540A4A0B48002B18
:10EDD00008BF0A46214618F07AF8BDE87040FEF7F1
:10EDE0002BB811780D2901D00A2900D116700133F2
:10EDF0000132E5E7E9AF00200D5605001756050082
:10EE00002DE9F347054617460E4632224FF40071AE
:10EE10002C4817F0ACFE29462B4818F058F8284625
:10EE200017F095FE17F084FE002440F2FF193D18FC
:10EE3000DFF8908041EBE77717F07AFEA842B941FE
:10EE400001DA4C4513D11F4B00221846202594426D
:10EE50002FD100251D4B1B490555AC4208BF194653
:10EE60001B4818F034F8FDF7E7FF284612E00DF1D3
:10EE70000700FFF755FFB8B99DF8073004F1010A04
:10EE800008F80430314608F80A000E4820F057FE12
:10EE900018B1012002B0BDE8F08740460D4920F0CE
:10EEA0004EFE54460028CED1A306C5D1FDF7C4FFBF
:10EEB000C2E719780D2901D00A2900D11D7001324D
:10EEC0000133C4E749B40020295605000D5605005A
:10EED000315605000B4C050010B50220FFF72CFF42
:10EEE0000446B8B90E4817F0F2FFFDF7B5FE4FF42F
:10EEF000007141F288320B4817F039FE014610B11B
:10EF0000094817F0E4FFFDF797FFBDE8104008201F
:10EF1000FFF712BF054817F0DAFF204610BD00BF0B
:10EF20004F56050049B600206C56050039560500BD
:10EF30007FB540F6B832A249A248FFF761FF10B989
:10EF4000A14817F0C4FFFCF715FB0446FEF730F9A3
:10EF50000546FEF765F98021CDE900509B4B9C4AA0
:10EF60009C4815F077FC4FF480719B4A994B9B4865
:10EF7000009415F06FFC40F6B83291499748FFF7BE
:10EF80003FFF68BB4FF48071954A924B93480094C1
:10EF900015F060FC40F6B83289499048FFF730FF21
:10EFA00048BB4FF480718F4A8A4B8C48009415F00F
:10EFB00051FC40F6B83282498848FFF721FFF0B98A
:10EFC000894817F084FF4FF48071884A814B834849
:10EFD00015F040FC4FF4FA6279498048FFF710FFC2
:10EFE00041F2883282498348FFF70AFF48B98248D4
:10EFF00017F06DFFAEE0814817F069FFF0E7804839
:10F00000FAE73C254FF4FA627E497F48FFF7F8FEA5
:10F01000044630B9002147F612201EF05DFDFDF7D1
:10F020000BFF013D78D0002CECD0632332228021ED
:10F030007648039317F09BFD754817F088FD8021F3
:10F040004FF4FA62714817F092FD72496F4820F050
:10F0500076FD002840F08280002100256E4B039A47
:10F060006E48196017F033FF6D4B4FF4FA62544944
:10F070006C481D70FFF7C4FE3222A0216A4817F0C9
:10F0800076FD6A4817F063FDA0214FF4FA626648E6
:10F0900017F06DFD6649644820F051FD08B3222148
:10F0A00020F005FDE8B12221013020F000FDC0B1C3
:10F0B0002221013020F0FBFC044690B1461C2221A5
:10F0C000304620F0F4FC60B1001B012809DD441E2D
:10F0D000172C06DC22463146514820F09CFC504B50
:10F0E0001D5540F6B83253495348FFF789FE0028B2
:10F0F0004BD1C021514A524B524815F0ABFB40F660
:10F10000B8322F494F48FFF77BFE002834D14C49D5
:10F110004D4817F0DCFE1DE0002C86D14B4817F05F
:10F12000D6FE4FF4FA613A48FFF734FE4FF4FA6125
:10F130003048FFF72FFE4FF4FA613C48FFF72AFEF4
:10F140004FF4FA614248FFF725FE40F6B8314148D6
:10F15000FFF720FE0024204604B070BD3E4903AAFC
:10F1600015F0A2FB01287FF477AF03991F293FF622
:10F1700073AF4900713970E74EF660221049374885
:10F18000FFF73EFE08B9364832E740F25B73C02114
:10F19000344A00932B48344B15F05CFB47F2305255
:10F1A00032492848FFF72CFE002867D140F6B832D4
:10F1B0002F493048FFF724FE00285FD12E4817E77B
:10F1C000B24B0500B45005008556050072250500B8
:10F1D00080250500C9B30020E2560500C9B2002011
:10F1E0002157050060570500BA5705001158050062
:10F1F000EE4D0500F44D05005558050097570500E4
:10F20000395805008E4C05006858050049B20020A9
:10F21000A4580500BD580500C06A0020CC58050060
:10F2200049B90020E8580500A9B10020A04C05000C
:10F23000984C0500EF4E0500FB4E05008B50050075
:10F24000AB4E0500E9B00020F358050072580500E8
:10F25000AB580500B4580500C3580500354F0500EC
:10F260000A590500BD510500AF510500D2510500F6
:10F2700025590500315905003D590500FDF7D0FF1E
:10F280000E4A034601920E4AC02100920D480E4AD2
:10F2900015F0E0FA47F230520C490A48FFF7B0FD8A
:10F2A000044608B90A48A3E6FDF7BAFF40F25B72CC
:10F2B00003460849084817F00AFE4CE75B52050070
:10F2C00067520500E9B000203F520500705205006A
:10F2D00057590500AF5105007159050038B5164D55
:10F2E0002B78EBB9FDF77CFCFFF7F6FD20B913484E
:10F2F00017F0EDFD002012E04FF4FA6210491148BA
:10F30000FFF77EFD4FF47A720D490F48FFF778FD45
:10F31000FFF70EFE0028EDD001232B70012038BD31
:10F320000220FFF709FD04460028F7D1074817F02F
:10F33000CEFD2C70D8E700BF61B900208F590500C1
:10F34000B24B0500114C0500E44D0500AC59050019
:10F350002DE9F047064686B00C46154653481EF088
:10F3600068F8002800F09E80002E00F09B80002CA2
:10F3700000F09880FFF7BCFCFFF7B0FF002868D0D2
:10F380004B490B8801339BB2002B5AD01A460A8096
:10F390004848C021CDE90056474A15F05BFA41F2D2
:10F3A000883246494348FFF72BFD054600284BD0DD
:10F3B000013C14F8015F002D55D11A20FFF7A8FC7D
:10F3C00017F0B6FB43F69823DFF8F88010EB03093B
:10F3D00041F1000717F0ACFB4845B9415CDAFF2D5D
:10F3E0004CD00DF10B00FFF79BFC0446002850D1D8
:10F3F0009DF80B3005F1010A08F80530304908F88E
:10F400000A00304820F09BFB054600283AD00A212C
:10F4100020F04DFB002835D005AB009328462A4943
:10F4200004AB03AACDE90344059415F03DFA012885
:10F4300020DD02281BD125493246254817F047FD1B
:10F4400009E001221346A2E7224817F040FD224BB3
:10F450001D704FF0FF34FFF753FCFDF7EDFC204625
:10F4600006B0BDE8F0872846FFF752FCA1E7059BF0
:10F47000002BE0D00599194817F029FD4FF0FF3413
:10F480001749D9E74046174920F059FB0028F5D124
:10F490005546FDF7D1FC9DE7002DEFD1124817F03E
:10F4A00016FDEBE74FF0FF34D9E700BFB4030500CA
:10F4B0000879002029AF0020CC590500E766050037
:10F4C000F859050029AE0020015A0500B24B05008D
:10F4D0005F5A0500E559050061B90020135A05007F
:10F4E000D74105000B4C05003C5A05000022014B9A
:10F4F0001A70704761B9002010B509481DF099FFD6
:10F5000050B1FFF7F5FBFFF7E9FE441EFFF7F8FBEC
:10F51000FDF792FC204610BD4FF0FF34FAE700BF24
:10F52000B4030500014B1868704700BFC06A002093
:10F530000048704749B90020014B1878704700BF58
:10F5400061B900202DE9F84F8A4600AF002974D038
:10F5500004680E1F361BF50826F0070604EB0608A4
:10F56000B8F802B01BF0010B16D1E94688B06A4624
:10F57000334BCDE90531032342F8103F4FF4C2511C
:10F580005B46304801F00AFBCD468BF31188BFF390
:10F590006F8F0423184602DF2946204617F013FB1D
:10F5A000284434F83030C01A854217D0E94688B074
:10F5B0006A46254BCDE9053A032342F8103F002364
:10F5C0004FF4C2511F4801F0E9FA0023CD4683F3FE
:10F5D0001188BFF36F8F0423184602DFB8F802309A
:10F5E000294623F00103A8F80230204617F0EBFA71
:10F5F00005EB000804EBC8035B88DA0708D4414632
:10F60000204617F029FB42462946204617F069FBA1
:10F61000A65BAE1B04EBC6035B88DB0709D431464F
:10F62000204617F019FB2A463146204617F059FBB1
:10F6300035462946204617F0CBFABD46BDE8F88F7F
:10F64000C15A050040100500985A05002DE9F04FF9
:10F6500091B0009302F004030293C2F3C20301339A
:10F66000840705460E46DDF868A00392059340F036
:10F670009C81041D002849D101F00706341DC6F104
:10F680000806009B00274FF004085A1E4FF0FF3376
:10F69000B9460193BB46434604970DB100982060DC
:10F6A0000598002800F3D6808F480099814203D343
:10F6B0008E488142C0F0CE800399601B11F0020C8D
:10F6C00040F0D680B9F10F0F00F2CF80002D00F08E
:10F6D000D68009F140010DEB010E0199C0F38700BE
:10F6E0000EF8200C0EF8101CBCF1000F00F0C380C7
:10F6F00060F07F000EF8200C013709F10109C5F117
:10F7000008014FF6DA7E043406918CE00729B8D858
:10F710006FF01B0011B0BDE8F08F7A285BD84B2842
:10F720000FD8472857D829282ED8252850D052D866
:10F73000202818BF23280CBF4FF0010B4FF0000BFF
:10F7400071E04C382E2846D8DFE800F06D4545457D
:10F750004545454545454545484545454545454556
:10F7600045564548485656566D486A456D451848B1
:10F770001845457F7C48454548457C0000204FF0B2
:10F78000000B4FF0040835E001212A38C0B201FA1D
:10F7900000F010EA0E0F46D110F0625C2CD110EA96
:10F7A000010B40D06046013C4444B4FBF8F408FB34
:10F7B00004F425B1A3EB050CA444B445A8D8002853
:10F7C00070D00598013805905AF8040B009064E752
:10F7D0000199013901914FF0000B24E012F8010C5E
:10F7E0006C2834D1002012F8023C83466C2BC8D11F
:10F7F0004FF008084346D6E70AF1070A2AF0070A3D
:10F800000734BAEC027B24F0070435B10698204493
:10F81000B0423FF67DAF84ED007B4FF0000B083423
:10F820004FF00808434612F8010F002853D0BBF1EF
:10F83000000F7FF472AF2528F5D14FF0010B019B2B
:10F84000013301934FF00408ECE7584697E7002096
:10F850008346A8E7039988077FF551AF4FF0010C65
:10F86000601BB0F5007FFFF42DAF6FF0150051E77E
:10F870004FF0000CF5E70498013004903DE7BCF12F
:10F88000000F01D0013638E70299023600297FF4D3
:10F8900034AF0098CDE90632F7F74CFFDDE90632C8
:10F8A00006442AE7042B08D10AF1040015B1DAF85E
:10F8B0000010216082460434B5E70AF1070323F003
:10F8C000070303F1080A1DB193ED007B84ED007B73
:10F8D00008230834A7E7631BB3F5806FC5D23DB991
:10F8E000A6F10804E01815E7C4010500908E050094
:10F8F000029A9B0828602B709DF81030AAB1EB701B
:10F90000AF702FB1002208A8C5F1010C91450ED1AE
:10F910004FF0000AC5F101030DF1200801930DF12C
:10F92000300BD14512D1601BF4E66B70E8E710F89C
:10F93000013B190608D50CEB040EB64503F07F0316
:10F940003FF6E6AE04F8013B0132DFE71FB198F95C
:10F950000020002A17DB029BD3B11AF80B2004F811
:10F96000012B0022019B18191044B0423FF6D0AE83
:10F9700098F80000009904F8010B2046039220F04B
:10F980004AF8039A14440AF1010A08F10108C8E789
:10F9900098F8002055F822300093029B009845F813
:10F9A0002230F7F7C7FE421CDCE76FF00D00B1E62E
:10F9B0002DE9F04F97B000AF05468A46C7E90A32F5
:10F9C00049B903784678807800EB8300284456458F
:10F9D00024D8A0EB050AD7F8803095F8028003F010
:10F9E0000103D7F88040FB61EB78B8F1000F0CBF42
:10F9F000002404F001047B621BB1D7F880309A0721
:10FA000015D4A4B9FB6A1BB151462846BA6A984777
:10FA1000564630465C37BD46BDE8F08F441C204654
:10FA2000F7F788FE013020440AF1010ACFE7D7F842
:10FA30008030C3F3C0033B622B78BB619B003B610A
:10FA40006B687B61BB6905EB830BFB6A002B77D18D
:10FA50005646D844BCB11C461BF8013B55F8230060
:10FA6000F7F768FED7F88430013043B1D7F8883013
:10FA7000A34282BFD7F8843023F814000134C34571
:10FA80000644E9D1D846D7F880304FF0000913F08A
:10FA9000050F0CBF4FF0020B4FF0010B7B6A99452D
:10FAA000B7D298F8013008F1020855F823A0AE4B00
:10FAB0009A45C0F04D81AD4B3A6A9A452CBF002360
:10FAC00001230AB318F8021C7869FB6217F0DEF90B
:10FAD000FB6AC8B1EA468AB06A46A54B05937B69C2
:10FAE000CDE906314FF40073ADF82030A14B42F858
:10FAF000103F00234FF412519F4801F04FF8D546B4
:10FB0000023E09F10109C9E723B1FB6933B9A6EB4C
:10FB10000B06F6E7D7F880309B07F2D55046F7F78B
:10FB200009FED7F884304BB1D7F888309C423FBFEC
:10FB3000D7F88420431C22F8143001340644E0E74F
:10FB4000002C6AD1B8F1000F6DD0D7F880305E0775
:10FB50006CD5C14607F14800424659461FF05BFF8D
:10FB600000220BEB0803FB600233796A8A425FD301
:10FB7000D7F8802095F801B0F969920704EB0B03E0
:10FB800048BF0022DBB258BF4FEA5902002940F0BB
:10FB9000A780D7F8801011F0040F14BF4946002148
:10FBA0006B70A970EA702846BA6A3969FB6A98478F
:10FBB000061EFFF62EAFBB6949462B707B6ABA6AF8
:10FBC000EB7085F801B0FB6A85F8028007F1480008
:10FBD0009847B0F10009C0F2B7803B697A6A786A49
:10FBE00003EB4201FB68414403EB4000BA6AFB6A45
:10FBF000AAEB010198470028C0F2A8804FF0000B43
:10FC0000B14409EB000607F1380AA3456AD3002185
:10FC1000BA6A0846FB6A9847FBE644464FF000097B
:10FC200007F1380098E74446C14699E7A14697E7AF
:10FC300013F8021C13F8016CB96055F826004A4904
:10FC40008842C0F08B8049498842396A2CBF4FF006
:10FC5000000B4FF0010B41B1B9687869C7E9003278
:10FC600017F014F9D7E90032F0B9BBF1000F1ED03C
:10FC7000F96949B1611C04F1280007F13004041945
:10FC800004F8206CCCB20FE0D7F8801048070BD5F1
:10FC900009F1280007F1300C09F1010100EB0C0912
:10FCA00009F8106C5FFA81F9013202335DE7D7F889
:10FCB00080108907DED409F1280107F1300C8C444B
:10FCC000B96809F101000CF8101C07F1580109F19D
:10FCD000020951FA80F05FFA89F900F8106CE3E745
:10FCE00000215DE71BF80A3055F8239087F837307C
:10FCF000D7F884302BB3D7F888309B4521D2D7F87A
:10FD0000843033F81B800121BA6AFB6A07F137009F
:10FD1000984700281ADB0644B8F1000F06D1484680
:10FD2000F7F708FD00F101081FFA88F84146484638
:10FD3000BA6AFB6A9847002808DB06440BF1010BFE
:10FD400063E74FF00008DEE74E4662E6064660E6EF
:10FD50003B6A002B3FF4DEAE0023B3E6396A00298C
:10FD6000A5D04FF0000B77E7C4010500908E050089
:10FD7000EE5A050004000001580F0500014B186001
:10FD8000704700BFCC06002080B505460E461746DA
:10FD9000984610F0F7FD034602F0E6FB0446DFF854
:10FDA0001890424649F8003039463046A84754F882
:10FDB000090002F053FB00BF08000000044608B52C
:10FDC000EFF31183402383F31288BFF36F8FEFF3B8
:10FDD000108372B60DF0C4F8204602F0E5FF034828
:10FDE00017F075F818F082FDFCE700BFA25B050074
:10FDF0002DE9F047058B0446280717460CD5012945
:10FE00000CBF45F0100545F02005258387F31188C8
:10FE1000BFF36F8FBDE8F087022905F0070540F0BA
:10FE20009480204617F0D9FA052864D801A353F826
:10FE300020F000BF0DFE02004BFF0200F7FE0200A3
:10FE4000B9FE0200D3FE0200E5FE020001F0070346
:10FE50005A1F012A1FD8002221F00701062BD4F8CF
:10FE6000008089B2C4E9002209D1434603E0628BD5
:10FE7000013262831B68002BF9D141F00201204658
:10FE8000218317F0AAFA4FF0000900286DD041F045
:10FE90002001218369E0042B0AD121F0070189B2F6
:10FEA0002046218317F099FA10B141F020012183F7
:10FEB0004FF00008C14658E02369D3F80090238B27
:10FEC00023F0070343F006034FF000082383464660
:10FED0004BE02369D3F80490238B23F0070343F00E
:10FEE0000403F1E72369D3F80890238B23F0070379
:10FEF00043F00503E8E74FF00008C146E7E70122B9
:10FF000043F00803238387F31188BFF36F8F002A20
:10FF10003BD1B8F1000F4AD1B9F1000F02D0204611
:10FF20002C49C847EFF31187402383F31288BFF3AE
:10FF30006F8F238B23F008039BB22383D9063FD511
:10FF400023F01002228303F007056669218B002E3F
:10FF5000BFF67CAF00239946D4F8008021F007015A
:10FF6000C4E9003341F001012183238B03F0070A28
:10FF7000AA4502D0A268002AC1D1B8F1000F02D16F
:10FF8000B9F1000FDAD00022BAE7A1680029C0D089
:10FF90000D680029BDD03346524620464F68B84709
:10FFA0001DB12B6829461D46F3E72B46FAE741466B
:10FFB000334652462046D8F8008017F03AFAA8E7B0
:10FFC0009A067FF523AF23F02002228303F0070572
:10FFD00027E700BF5F74040037B504460821C06AF4
:10FFE00017F08DFC00234FF6FF72104DADF8043072
:10FFF0006368ADF800208DF80620E26819182B40E0
:020000040003F7
:100000001344181A60606846ADF8021017F0CFFB71
:100010006946204617F092FC2046211D17F09FFBF1
:1000200063682B40A36003B030BD00BF0000FFFF3A
:100030002DE9F7430F4681460821C06A17F05FFC9F
:1000400080463C68124D241A3C6004EA0506B4421E
:100050001CD3A0B210B903B0BDE8F08308236A46F0
:100060002146484617F042FB0028F4D16946A0B269
:1000700017F031FC38B1BDF80230BDF804202E4035
:1000800013441E443C60A4EB0804E0E70020E2E7D0
:100090000000FFFF2DE9F04704468AB000F1140785
:1000A00038461DF06BFAA06A8368DB689847E06207
:1000B00050B99F4A01219F4817F05EFB6FF015056C
:1000C00028460AB0BDE8F087A06A8368DB689847D5
:1000D0000368013B1F2B01D9974AEBE7E368B3F5AF
:1000E000803F08D94FF48032012100929148934A11
:1000F00017F0C3FEE2E7A06A216807AA1AF0FFFD25
:1001000008B18F4AD6E7E5682DB1089BB5FBF3F23D
:1001100003FB12550DB18B4ACCE7238A012B01D882
:10012000894AC7E7E36A029593F805804FF0FF33E9
:100130004FF0FF3238460FF0C7FD0821E06A17F094
:10014000DEFBA9460646238A1FFA85FA534544D8A2
:10015000238A4B4500F02D8153450BD1029908238A
:1001600042462046891B17F0CFFA18B9204602A94B
:1001700017F0F5FA204602A9FFF75AFF05460028B6
:1001800040F0B28002994FEA11494FEA0949616093
:10019000C4F80890A3688B420DD80823204603AA10
:1001A00017F0A4FAB8B903AB13F8012B904532D17C
:1001B00001300828F8D1636820466FF30F0302A9C5
:1001C000029317F0CCFA42462046E368029917F0F2
:1001D0009BFA00283CDA054686E0E1682B04891B7F
:1001E00013FA81F1424608232046029117F08CFA57
:1001F00078B1204602A917F0B2FA09F101090823E3
:100200004246204602991FFA89F917F07DFA002824
:100210009ED0013597E7A08803A917F05CFB6268C0
:1002200010B9911B6160B5E7BDF810A0BDF80E10C4
:10023000E06AC4F80890514417F061FB48448242D8
:10024000A060EED1BAF1000FEBD06FF01C054BE0CF
:1002500000F08B804FF6FF79636806EB0308E368D4
:100260001FFA88F29B1B9A42CDF8088023D3032102
:10027000364A304817F080FA6168204617F07EFA57
:10028000014680BB6368324AE06813400344A3EB35
:100290004603636013402046A36017F0F0FB00287C
:1002A00099D1E368A288A3EB46039A421CD1204669
:1002B00017F061FB8FE708234146204605AA17F097
:1002C00015FA002887D105A91FFA88F017F003FB5B
:1002D00038B1BDF814304B4503D1BDF81830002BB0
:1002E0006AD0B044BBE70D4638460FF05FFD002DE5
:1002F0007FF4E6AE0123E268A374238A032100920F
:100300000C48144A17F0B9FD63689AB200920321B1
:10031000114A08481B0C17F0B0FDA3689AB200926E
:1003200003210E4A03481B0C17F0A7FDC8E600BFC7
:10033000EA5B0500B80F05000C5C0500295C0500B0
:10034000525C05006A5C05007E5C0500F05C0500FF
:100350000000FFFFA15C0500B85C0500CA5C050059
:10036000E26AA36812681344A360D4E901318B42A6
:1003700008D9424620465B1A17F0C6F90028FFF656
:100380002AAFEDD16168E36801EB46029A4288D159
:10039000124BA06801EA0302904282D0204617F077
:1003A000EDF900287FF417AF62680C4B1A40A26089
:1003B00077E76FF02C0597E7094A0321094817F002
:1003C000DBF9636820466FF30F0302A9029317F06D
:1003D000C6F92046029917F0D1F960E70000FFFF47
:1003E000DB5C0500B80F05002DE9F04F1E46837C4D
:1003F00004468946904695B053B901216A4A6B4834
:1004000017F0BAF96FF00C05284615B0BDE8F08F6B
:10041000C26A0821104617F072FAB1B20190104674
:1004200017F06DFAE368019A0746A3EB8203834253
:10043000C0F0B6801EB1B8F1000F00F0B180D4F862
:1004400004A0CDF810A0204605AA04A917F0CDFA03
:1004500005460028D8D1BDF814304B4507D0DDF84B
:1004600010A063685345EED1002E39D1CCE705A921
:100470001FFA8AF017F02FFA0028F0D0BDF81830D4
:1004800066B3B3422CD1B3464FEA1A43BDF816A067
:100490001B049A44E36ACDF800801B685B4203F0BA
:1004A00020030293029B51465B4528BF5B462046D2
:1004B0000CAA039317F01AF900284DD1039B00985A
:1004C0001A460CA91FF0E3FA50B9039B009ABBEB44
:1004D000030B1A449A440092E4D195E7002B93D081
:1004E000002F3CD1BA4604F1140B4FF0FF324FF00D
:1004F000FF3358460FF0E8FB238A9D424DD0D4E9E4
:1005000001320AEB02018B422ED39BB263B3FF236D
:100510000021ADF81E200CA818228DF82230ADF86D
:100520001C90ADF820601FF09CFA20460CA9CDE984
:100530000E8617F0EEF9074648B907A817F037F905
:10054000204607A917F0FAF9074600B9374658467A
:100550000FF02CFC3D4657E7C2DC054654E7019BF3
:100560001F441FFA87FABEE72046FFF735FD3DB965
:10057000ADF82490CDF82880ADF82C608DF82E5081
:10058000204609A917F07BFA07460028DFD19DF81D
:100590002E300135002BAFD0D8E76FF01B07D6E720
:1005A0006FF0150530E700BFD65B0500B80F0500FA
:1005B0002DE9FF471E46837C04460F469046BDF852
:1005C00030904BB928480121284A17F0D5F86FF030
:1005D0000C0004B0BDE8F0870821C06A17F08FF95D
:1005E000E368A3EB4003B3423AD34FF0000A6568D7
:1005F0000195204602AA01A917F0F7F90028E8D1D1
:10060000BDF80830BB4206D102A9A8B217F063F9C1
:1006100050441FFA80FA019B62689A4219D0CA4579
:1006200015D9BDF80C30C3B1CA4516D3BDF80A10B0
:10063000B3426FF30F0528BF334642462046294494
:1006400017F054F80028C4D1BDF80C00C1E71D46CE
:10065000CFE7BDF80830BB42E3D06FF00100B8E748
:100660006FF01500B5E700BFB80F0500D65B0500B9
:100670002DE9F047044607464FF00109DFF84C80AA
:1006800094FAA4F5B5FA85F509FA05F32E0108EBFD
:1006900005156FEA030A24EA03042B7B63B158F8BB
:1006A00006301B696BB946447368042228461968F2
:1006B00007EA0A0717F05EFB002CE1D13846BDE8D7
:1006C000F087284698470028F6D1ECE798100500F7
:1006D00010B5002288B00E490E481DF035FB0022EF
:1006E00000230024CDE906230E234FF44072CDE908
:1006F0000334CDE90144084B0849009408480FF041
:10070000C3FE084906481DF027F9204608B010BD71
:100710002907030068460020450A0300E0C50020C1
:10072000982500201E5D050001480FF0C1BB00BFE9
:10073000800D00202DE9F047804621480F4617F034
:10074000FDFA0646002833D000252846BDE8F0878C
:10075000237B83B12368DB680BB12046984763682D
:1007600083F8069023681B69D3B963680422204686
:10077000196817F0FFFA013610345445E8D3B8F180
:10078000000FE2D0002DDFD02846FFF771FF0546AD
:10079000002FF7D0002140F239101DF09DF9F1E74C
:1007A000204698470028E0D009FA06F31D43E2E707
:1007B00005464FF00109034CDFF80CA0DDE700BF50
:1007C000D46A002098100500A8100500014B53F8CA
:1007D00020007047181A050008B5034608462BB1DB
:1007E000044A136000F038FC002008BD6FF01500CB
:1007F000FBE700BFD006002010B5044C237813B9E6
:1008000003480FF055FB0123237010BD62B900208F
:10081000800D002010B50446094817F08FFA3CB14E
:10082000084BD3E8EF1F0139C3E8E21F002AF8D1D3
:10083000054810F0C9FBBDE8104004480FF038BB74
:10084000CC6A0020D06A002068460020800D00207D
:100850000022044BD3E8EF0FC3E8E12F0029F9D1C0
:10086000704700BFCC6A002070B5FFF7F1FF054666
:10087000074C084EB44200D370BD63685B792BB15E
:1008800023685B6813B12946204698471034F1E786
:1008900098100500A810050010B5044C0449204626
:1008A00016F030FC034B1C6010BD00BFA80B0020ED
:1008B000041A0500C46A002000230D4A10B5137005
:1008C0000C4A0D4913600D4A0D481360FFF784FF71
:1008D000FFF7E2FF0B4B0C4918468B4200D310BDCB
:1008E0001A1A5C681211013222711033F5E700BF49
:1008F00063B90020CC6A002040420F00D06A00207B
:10090000397D040098100500A8100500014600225A
:100910000023014816F017BCA80B0020014816F070
:10092000AEBC00BFA80B0020024B0146186816F0B1
:1009300001BD00BFC46A0020014816F036BD00BFEB
:10094000A80B0020F8B5284B1B78002B4AD0FFF7E6
:10095000E5FF0446002842D1244B254D1B68002B9F
:1009600019DD1DF0A9F94FF47A76A0FB060747F6CA
:100970001222002306FB0171F0F750FFD5E9003287
:10098000C01A40F2E93361EB0201984271F10001B3
:1009900001D3FFF769FFD5E9003213F57A7342F10D
:1009A0000002C5E90032ECB1BDE8F840FFF7C4BF72
:1009B0006B685B7923B12B68214628461B689847F2
:1009C0001035B542F4D32046FFF7AEFF094BD3E80C
:1009D000EF1F0139C3E8E21F002ABDD0F7E7064D3B
:1009E000064EEEE70020F8BD62B90020CC6A002078
:1009F00060460020D06A002098100500A81005006D
:100A000070B50D4D297861B90120FFF793FE0B4CAD
:100A10000B4EB44206D3FFF795FF0028FBD101230C
:100A20002B7070BD63685B791BB1236820469B689F
:100A300098471034EDE700BF63B900209810050017
:100A4000A810050000212DE9F8430846FFF772FEC3
:100A5000044648B340F21B684FF0000901F084FDE2
:100A60001A4B1B4A1B58136033B11A4B1B68092BD6
:100A700002DD19480FF01CFA0025184F44B120463A
:100A8000FFF7F6FD044618B94FF0FF384FF0FF3975
:100A9000FFF758FF064628B9B5B90F4842464B46FE
:100AA0000FF03AFA3546E9E74FF0FF384FF0FF39DB
:100AB000D4E72B689B691BB1002228461146984752
:100AC0001035BD42F5D3E8E7054DFAE70800000010
:100AD000C86A0020D06A0020800D0020A810050000
:100AE0009810050013B5184817F028F9174B1B7814
:100AF00073B1EFF31184402383F31288BFF36F8F38
:100B0000FFF720FF84F31188BFF36F8F02B010BD91
:100B10000F4B1B68002BF9D050B9002200230D4861
:100B2000CDE9002347F61222002310F015FAEDE775
:100B30000928EBD1074810F047FA074802B0BDE892
:100B400010400FF0B5B900BFD06A002063B9002093
:100B5000C86A002068460020800D002010B5064BB2
:100B600004461B6898472146A060044816F068FBBD
:100B7000BDE81040FFF7B6BFD0060020A80B00204C
:100B8000044A054B9B1AB1EBD30F34BF52F8310026
:100B900000207047E00E0500981005002DE9F04F89
:100BA0008FB0C1F34A2604AF0D469046B8607B6013
:100BB0000C0D002E61D04FF000090A234FF0040BFA
:100BC00007F1140AFE60C7E90799C7F8249000935B
:100BD000CDF808B0CDF804A007F11C034A46404602
:100BE000F968FEF7E5FEB0F5006F03461CD36C46CE
:100BF0008AB0D8F8041004AB24481A46C3E90501AA
:100C000040F2FF71D9614FF400711984204B42F812
:100C1000103F4FF412514B461E48FFF7BFFFA54649
:100C20002C37BD46BDE8F08FC0F30A0604F117006B
:100C3000184420F0070080083B60FFF767FE66F36A
:100C40005325044680B13B6800F11001C7E908391B
:100C50000A23F961CDE901AB009340460E4AF968D9
:100C600007F11C03FEF7A4FE66F353252A4620462F
:100C70007B68B96817F09EF8D2E704F1170020F0FE
:100C800007008008FFF742FE0446EDE7335D0500EC
:100C900004000001D00F0500877D04002DE9F04F0E
:100CA00087B00546DDE9106BDDE9127A8846144607
:100CB0009946BFB110213B465A460020CDF800A00E
:100CC000CDF814A0FEF7C2FCB0F5006F01460BD3BF
:100CD00040F2FF730221184A184807B0BDE8F04FF0
:100CE00017F0C1B83946384604F0070305F0070489
:100CF000E40044EA831444EA402444EA065406F13A
:100D00001700084420F0070080080391FFF7FEFD5C
:100D1000054640B13FB13B465A460399CDF800A085
:100D20001030FEF793FC4B4622464146284607B05A
:100D3000BDE8F04F17F03EB8725D0500D00F05001A
:100D4000406820B1034BC01A40F3CF0070474FF00A
:100D5000FF307047E00E05000EB403B503AB53F847
:100D6000042B01460448019301F032FE02B05DF805
:100D700004EB03B0704700BFC97E0400CA0605D467
:100D80008B064CBF02490349FFF7E6BF704700BF1F
:100D9000EE470500CC5505002DE9F04F89B0984687
:100DA0009DF85090159B044606930D46DDE916A369
:100DB000189F05920493B9F1000F00F0AE8007F47C
:100DC0008073079316F0D4FF07F0020B0246002849
:100DD00072D020467649FFF7BFFF0646BBF1000FF1
:100DE00008D017F0440F69D12A4620467149FFF711
:100DF000B3FF064407F0010353B16F4B204653F88D
:100E000029206E4B6E49002A08BF1A46FFF7A4FF3F
:100E100007F48073002B07F0080318BF4FF0000899
:100E2000002B77D0674B204653F829206649FFF7FF
:100E300093FF0546059B2BB11A4620466349FFF7F1
:100E40008BFF0544B8F1000F05D0424620466049AB
:100E5000FFF782FF05445F483544069B1BB12246DD
:100E60005D4915F0E2FF049B002B00F08C80049B91
:100E70003946102B28BF1023204698460026FFF73E
:100E80007DFFB54250DC0026334620461AF8032089
:100E90005249FFF761FF0136102E4BD0710703D185
:100EA00020464F49FFF758FF46453346EDD32046CD
:100EB0004C49FFF751FFEEE706468FE74A4B1868AB
:100EC000002896D0494B4FF47A7B1B684FF03C0CBE
:100ED000B5FBF3F5B5FBF0F14FF4616300FB115581
:100EE0000BFB05F5B1FBF3F2B5FBF0FE03FB1211B2
:100EF00000FB1E55B1FBFCF30BFB05F5B5FBF0F554
:100F00000CFB131120460091CDE901E53849FFF7AC
:100F100023FF6EE707F008058CE7B8F1010F4D4697
:100F20000CBF2C48334898E720462D49FFF714FFA3
:100F30000136A6E7002620462F49FFF70DFF33466E
:100F40001AF803202046A2F120035F2B28BF2E228F
:100F50002A49FFF701FF0136102E0DD0720703D189
:100F600020461F49FFF7F8FEB0453346E8D8204633
:100F70001B49FFF7F1FEEEE7049BC244B3EB080305
:100F800004937FF474AFB9F1000F0AD0FB0704D5C6
:100F900020460A4A0A49FFF7DFFE39462046FFF796
:100FA000EDFE204609B0BDE8F04F16F080BF00BF4F
:100FB000AF5D0500B35D0500281A0500AA5D0500B8
:100FC000676D05003C1A0500D85D0500DE5D050073
:100FD000E25D0500C97E0400D1290300E75D05003C
:100FE000F2340500F0340500DC6A0020D86A0020E5
:100FF000BC5D0500F77E0400ED5D0500EF5D0500BA
:1010000042F20F7373B58B4228BF0B460568044646
:10101000052168460D4A13F01DFC06466368284604
:101020000B225B680A4916F034FF63683246694652
:1010300028465B6816F02DFF63681B2228465B6814
:10104000044916F026FF02B070BD00BFC789050035
:10105000FD8C0500E18C050000210123064A904229
:1010600006D8064A01B901231360054B1860704782
:10107000012140085B00F2E740420F00D86A0020DF
:10108000DC6A00202DE9F04143680C481C68656863
:1010900017F023F801232B7525682F68D5E9013651
:1010A000D3E900481CB96B681C60BDE8F08121469B
:1010B00030464246B847241A0644F3E7D4030500F5
:1010C000F8B504460B480D4617F007F8002808DB72
:1010D000084F6619A64206D120220023054817F0C2
:1010E00024F92846F8BD14F8011BBB6801485B6869
:1010F0009847EFE7D4030500014B036000207047D9
:10110000841A050070B5C4690D469CB31E4A237944
:10111000565CB34231D01D4A525C9A4230D1A3682A
:101120009847002810DA022D0CD0032D0BD110F1B6
:10113000860F07D0D4E8EF3F43F00203C4E8E23F54
:10114000002AF6E7267170BD022D267101D000201D
:10115000F9E7D4E8EF3F23F00403C4E8E23F002AB4
:10116000F7D1D4E8EF3F23F00203C4E8E23F002ABE
:10117000EDD0F6E76FF05700E5E76FF07700E2E7B4
:101180006FF08500DFE700BF0D8D0500098D0500BC
:10119000024B187880F00100704700BFBBBD0020F3
:1011A0002DE9F047C46907468A462046052116F016
:1011B0006BFF91469846064618B900252846BDE8BB
:1011C000F087EFF31182402383F31288BFF36F8F10
:1011D000E368012B8ABF03F1FF330026E36082F34B
:1011E0001188BFF36F8F002EE7D1FFF7D1FFE8B969
:1011F0001CF0ACFB421E66F1000304F1180016F06F
:1012000049FF051E42DB5646E3688BB90221214A9D
:10121000214816F01FFE6FF07705FFF7B9FF002891
:10122000CCD104F1180016F037FFC7E73546EBE7DD
:10123000013BE360002BF0D146B102234A46237103
:1012400004F1380043460FF0A7F8E6E73146A368FB
:1012500060699847051E03DAE3680133E360DCE761
:10126000012323710221F86916F00EFF0028D4D063
:10127000FB69186916F012FFFB69D3E8EF1F21F034
:101280000401C3E8E21F002AC7D0F6E76FF00F059C
:1012900094E700BF435E050050100500F8B5C5692E
:1012A0000646002D5ED00521284616F0EDFE0028EA
:1012B0005BD1304616F08CFE0446002857D1082139
:1012C000F06916F0E1FEE0B1F569EFF31187402314
:1012D00083F31288BFF36F8F297931B93046AB6839
:1012E0009847041E07DB01232B712B6843F0200372
:1012F0002B600023EB6087F31188BFF36F8F2046CC
:10130000F8BDFFF745FF38B94FF0FF324FF0FF331C
:1013100005F1180016F0BEFE6B692BB915496E6118
:1013200005F138001CF0C6FA2979C9B9AB686869BB
:101330009847041E0BDB01232B710023EB60D5E8DB
:10134000EF3F43F02003C5E8E23F002AF7D1FFF763
:101350001FFF0028D3D105F1180016F09DFECEE73F
:101360000024EAE76FF08504C9E70024C7E76FF0BF
:101370000F04C4E7B382040070B5104B0D461C681F
:10138000B4B10F4B196800238B4202DB6FF00100F0
:1013900070BD224612F8106B864202D0144601330B
:1013A000F2E7E0681CF045F828B100202C60EFE778
:1013B0006FF00C00ECE76FF01200E9E7DC060020AC
:1013C000841A050010B5436888B0029383680C4600
:1013D000CDE9033200230A68C068CDE90623054938
:1013E00001AA059319F08FFC079808B9059B2360A3
:1013F00008B010BD4B84040010B504460121034A17
:10140000034816F027FD0020606010BD565E050001
:10141000E00E0500F0B58368054687B0002B5ED06E
:10142000D0E90467016A33448B422FD98269934221
:101430004AD8C06803AA394419F061FC044690B147
:101440000346384A0121384816F00DFD002C1DDAFC
:10145000AB6800932346354A0121334816F00DFD51
:10146000204607B0F0BDE868DDE9031283689B6899
:101470002BB19847044628B12D4A2346E2E76FF086
:101480005704F9E72B6A049A13442B626A6AAB6823
:10149000B3FBF2F402FB14343CB12868141B22465F
:1014A00095F8281018441EF0DCFAAB68E8682A6842
:1014B0003E44234481684C683146A047044630B11D
:1014C0001C4A03460096C7E76FF02104C0E7EB69AA
:1014D0005BB92B69AA6813442B610023AB6000241D
:1014E000BEE7135DDB4313550134AB682A68A342A2
:1014F000F7D8E86881680C683146A047044630B1E7
:1015000003460D4A0121084816F0ADFCA8E7324613
:10151000EB69A9682868984704460028D9D0074A8B
:101520000346EFE7765E0500E00E0500B35E0500BA
:10153000975E0500DF5E0500035F0500195F05008B
:101540002DE9F7430D46DDE90A8791461E4604461C
:1015500080B179B172B18B680846DB68984703683F
:10156000B6FBF3F203FB12624AB1204A0121204884
:1015700016F070FC6FF00D0003B0BDE8F083B8FB0F
:10158000F3F203FB12820AB11A4AEFE727B1B7FB65
:10159000F3F103FB117109B1174AE7E718EB070FE5
:1015A00001D3164AE2E7C4E90096C4E90587216140
:1015B000A160E56003686A4663620C9BC4E9073179
:1015C0004379CDE9006128460D4984F8283019F0A7
:1015D0009AFB019A0AB90B4AC8E7D4E905310B44D2
:1015E0009A4201D2084AC1E70020C5E72D5F0500F5
:1015F000E00E0500645F0500785F05008A5F050066
:10160000C1840400AD5F0500C95F050010B54FF44B
:101610002814DFF820C086B0CDE904C40824029461
:1016200004AC0194BDF82040009418F0E4FF06B02B
:1016300010BD00BF180028002DE9F0410C4B0546F5
:101640001C680E4617467CB100F052F963682046CC
:10165000D3F8108032463B462946C047044600F086
:1016600051F92046BDE8F0816FF00104F9E700BFB1
:10167000046B002000230360044B5A6812B9C3E9CD
:101680000000704710605860704700BF086B002072
:10169000014B1860704700BF046B0020002330B579
:1016A00085B0CDE902330546019000F021F9094BE0
:1016B0001C6844B9284600F0BDF8044600F022F941
:1016C000204605B030BD636820461B6801A99847D5
:1016D0002468EEE7086B00200022024BC3E90022D9
:1016E000704700BF086B00200022024BC3E90022B4
:1016F000FFF7F2BF106B00202DE9F74307460C46B9
:1017000009B100230B6000261E4DDFF880904D4587
:101710000FD31D4B1D6885B355F8188C38464146CC
:1017200001AA183D16F0C6FF10B3D6B914BB2E4659
:101730001EE0D5F800803846414601AA16F0BAFFEF
:1017400050B116B954B92E4606E000224046316821
:1017500016F0B0FF0028F5D11835D8E7019B2360BB
:10176000F1E700224046316816F0A4FF0028DDD1E1
:10177000AD69D0E7019B2360D9E7304603B0BDE8EF
:10178000F08300BFA8100500106B0020D8100500E2
:101790002DE9F04784B002AFD7F8289004460D46F3
:1017A000164698467860B9F1000F07D0D9F80010B6
:1017B00031BBD9F804A0BAF1000F28D12046391D59
:1017C000FFF79AFF08B3D0F80C90434632462946FB
:1017D0007868C847C8B16D468AB002AA124BD0617A
:1017E000C2E905344FF400731384104B42F8103FE4
:1017F00000234FF411510E48FFF7D0F9AD4604E035
:101800003A1D16F057FF0028D3D1002007E0D9F881
:10181000083032460093294643467868D047083757
:10182000BD46BDE8F08700BF06600500040000016A
:10183000581005002DE9F04780464FF0004700267C
:10184000DFF8A490DFF8A4A03D46264C4C450DD30C
:10185000DAF80040002C40D0183CB8F1000F24D139
:10186000226952BBA469F5E72F46EDE7B8F1000FF6
:1018700003D122694AB91834E8E7002241462068BA
:1018800016F018FF0028F4D1F5E76368BB4206DDC7
:10189000AF4202D0AB42A8BF2B461D46EBE7EAD1D0
:1018A0009047002E08BF0646E5E700224146206823
:1018B00016F000FF0028D3D1D4E76368BB4206DDF1
:1018C000AF4202D0AB42A8BF2B461D46CAE7C9D1E2
:1018D0009047002E08BF0646C4E7AF42C4D1304649
:1018E000BDE8F087A8100500D8100500106B002097
:1018F0004FF0FF324FF0FF3301480EF0E5B900BF63
:101900005C0D002001480EF051BA00BF5C0D0020B4
:1019100038B5094DFFF7ECFF2B785BB9FFF7E4FE14
:1019200000F068F8044608B901232B70FFF7EAFFBE
:10193000204638BD0024F9E765B900202DE9F043C1
:1019400006460F46048F99B00134A4B200F108088E
:10195000651EADB2B5F5004F47D04A23294605AA0A
:10196000404616F0D0F904F57F543F34A4B28146C6
:101970002146012340460DF10B0216F0C4F9B9F1DE
:10198000000F014610DC002810DC338FAB4209D178
:1019900032466B1E22F8383F4FF400410223404686
:1019A000FEF722FD2C46D3E7002808DC29464046F6
:1019B00016F0A5F92146404616F0A1F9E5E709F130
:1019C00060030DEB03090023094A09F84C3C05A804
:1019D000009703ABCDF80C80ADF81040FFF7D8FEB0
:1019E0000028DFD019B0BDE8F0830020FAE700BF7F
:1019F000018704007FB50123694605200193FFF7A5
:101A0000BBFC044660BB052002AA01A916F03FFDFD
:101A1000044610B110F10C0F22D10399B1F5803FAB
:101A200023D200231846009A9468084484421AD3AB
:101A30000133082BF9D10E4D69612B835368284679
:101A4000AB60D368EB6316F0F1FE044640B9094E73
:101A500028466E60FFF70EFE28466E60FFF718FE00
:101A6000204604B070BD9BB2E5E76FF02004F7E7B5
:101A7000186B0020741B05002DE9F04FC3B0D0F89F
:101A800008A01E4600AFDAF80C3080460D4691469D
:101A900098470368B3F5807F0CD9274A012127486E
:101AA00016F0D8F96FF01505284607F58677BD467C
:101AB000BDE8F08FB9F1000F01DA214AEEE746EAFE
:101AC00009045A1E144005D001211E4A1B4816F075
:101AD000CAF9E7E729464FF4807207F108001DF0C4
:101AE000C0FF2546A642DFD9A6EB040BBBF5807FDD
:101AF00028BF4FF4807B09EB0401DAF804505B4601
:101B0000404607F108027960A847051E796811DA96
:101B10006C4688B06A460C4B0791CDE90538042322
:101B200042F8103F00234FF401510448FFF736F804
:101B3000A546B9E75C44D5E734600500980F050079
:101B40005A60050077600500A960050008B50448E3
:101B500015F0BDF9034815F0BAF9002008BD00BF23
:101B6000D06005000561050008B50348034A00215F
:101B7000121A16F097FE08BDF80E0020E0BD0020F6
:101B8000074808B5074A0849121A16F08DFEBDE845
:101B900008400648064A0749121A16F085BE00BFDB
:101BA00060000020F80E0020908E050060000020EC
:101BB00060000020908E05002DE9F84F80460C460D
:101BC00000AF002965D0D1E90012E9468AB0A368C8
:101BD0006D464FF0050A6E463748CDE90723CDE93B
:101BE000050146F810AF002332464FF42151334827
:101BF000FEF7D4FFD4E90312CD466369AD46304801
:101C0000C5E90723C5E90501C5F810A00023324640
:101C10004FF421512948FEF7C1FFCD46E369012168
:101C2000284A264816F01FF9264600254FF00A0AD2
:101C3000DFF8A0B0E946D6E908C0D6E90A138EB0AD
:101C40006A46CDF81CC005F1010CCDE908C0A81CFE
:101C5000CDE90A01E91CCDE905B5CDE90C1342F83F
:101C600010AF002345F2400114480435FEF796FFFB
:101C7000102DCD4606F11006DCD1236E0121124A4B
:101C80000E4816F0F0F8A3690121104A0B4816F02F
:101C9000EAF8B8F1010F07D1EFF305830C4A41468A
:101CA0000648103B16F0DFF8214640460DF02EFEA8
:101CB000BD46BDE8F88F00BF326105003810050051
:101CC0006161050090610500E2610500F1610500B8
:101CD0001F6205009F61050030BFFFF7FDBF00BF19
:101CE0002DE9F04105460B4EDFF83080324606EB19
:101CF0000807CC1B204608491DF08DFEA01942465E
:101D00000021083C1DF0ADFEAC6707F10800BDE8FE
:101D1000F08100BF00000000E41005000800000092
:101D200010B5244C2449254816F0CBFDA36A99012F
:101D30003ED52248224916F0C4FD1E20A36ADA01CE
:101D400004D51E481F4916F0BCFD1F20194CA36A7C
:101D5000DB0204D519481C4916F0B3FD0220A36A22
:101D60001C0304D51548194916F0ABFD2120114C70
:101D7000A36A590304D51148154916F0A2FD222083
:101D8000A36A9A0304D50D48124916F09AFD232040
:101D9000084CA36ADB0304D508480F4916F091FDEF
:101DA0002420A36A6FEA03436FEA1343A36210BDC2
:101DB0001D20C3E700ED00E0326205003810050089
:101DC0004A6205005D62050077620500A1620500B8
:101DD000BF620500E4620500FE62050070B50646BC
:101DE0000D46294C29492A4816F06BFDA36ADB06EB
:101DF00047D52748274916F064FD1120A36A1C0720
:101E000004D52348244916F05CFD12201E4CA36A19
:101E1000990712D521491E4816F053FD636BA26A3B
:101E2000120609D501211E4A194816F01CF81EB1E8
:101E3000A36A23F08003A3621320134CA36ADE0776
:101E400004D51348174916F03CFD1420A36A9C06DC
:101E500004D50F48144916F034FD15200A4B9A6A30
:101E6000D10658BF9A6A9A6A920642BF5A6A22F409
:101E700000525A629A6A42F0FF029A6200232B7063
:101E800070BD1020BAE700BF00ED00E02963050037
:101E9000381005003F630500726305008563050087
:101EA0009D630500B3630500D263050070B5064667
:101EB0000D46284C2849294816F003FDA36AD90489
:101EC0003CD52648264916F0FCFC1720A36A1A05C3
:101ED00004D52248234916F0F4FC18201D4CA36AAF
:101EE0009B0512D51D48204916F0EBFCA36BA26A96
:101EF000100409D501211D4A184815F0B4FF1EB180
:101F0000A36A23F40043A3621920124CA36A590563
:101F100004D51248164916F0D4FC1A20A36ADA0533
:101F20000ED50E48134916F0CCFC1B20094A936AC3
:101F300043F47F43936200232B7070BD1620C5E7E6
:101F4000A36A9B04F2D505480B4916F0BAFC1C2085
:101F5000ECE700BF00ED00E001640500381005006B
:101F600017640500726305002864050041640500DC
:101F70005664050071640500D26305002DE9F04147
:101F80009CB0644B0546D3F80480002600AFC8F32C
:101F9000080486F31188BFF36F8F02F07F43B3F11B
:101FA0007F4F07D102F00C03082B12D15A495B482E
:101FB00016F087FC002635460023FB71E31E092B33
:101FC00000F28880DFE803F00A7E817A86868686C2
:101FD000868410074CBF0D460126EDE750494F4857
:101FE00016F06FFC00234B4CFB71E36A9A0705D592
:101FF0004C494A4816F065FC00242DE0E36A002BAA
:1020000001DA4949F5E7E36A5B00F5D547494348FA
:1020100016F057FC6369AA6943F480736361BFF3E8
:102020004F8FBFF36F8F32F8023C626922F48072E7
:102030006261BFF34F8FBFF36F8F03F47F42B2F53E
:102040005F4F25D1DBB2022B22D12B680121384A08
:10205000324815F008FF2C68FB79ABB96822294695
:1020600007F108001DF0D7FC7B6A002E4FD0C3F3A8
:10207000080222B96FEA53236FEA43237B622046AA
:1020800007F10801FFF798FD7037BD46BDE8F08104
:10209000204B9A6AD2B222B10120F91DFFF79EFEB1
:1020A0000EE09A6A12F47F4F04D00120F91DFFF769
:1020B000FDFE05E09B6AB3F5803F9DD3FFF730FE40
:1020C0000446C9E70020F91DE8E70020F91DEEE706
:1020D00018498EE7184A18F4F87FE8468AB0174B7B
:1020E00008BF13466A461649103CCDE905134FF464
:1020F0000073ADF82030134B079442F8103F0023D3
:102100004FF411510548FEF749FDC54674E76FF3DA
:102110000803B3E700ED00E0B764050038100500E0
:10212000E2640500F96405001A65050028650500EC
:102130004765050063650500896405009E64050028
:102140008765050004000001064B5A6942F0100241
:102150005A615A6942F480625A615A6922F008024F
:102160005A61704700ED00E0EFF30880EFF309815A
:1021700001B57246FFF702FF01BD00BF002080F3EA
:102180001488BFF36F8F002080F30A8880F30B88D8
:102190000F4880F308880CF0D7F900200D4908603B
:1021A000BFF34F8F00F02CF8402080F311880A48CD
:1021B0004FF40061401880F30988EFF31480022186
:1021C000084380F31488BFF36F8F00F09BF8000082
:1021D000200B012094ED00E0E0E9002000231846E8
:1021E0000649D1F89020C2F30722934200DB7047E2
:1021F000C1F89830C1F8A0000133F6E700ED00E027
:1022000010B572B6002484F31388FFF7E7FF234666
:102210004FF0FF300C4A03F120010133102B42F83C
:102220002100F8D100234FF0FF30074A03F160018D
:102230000133102B42F82100F8D162B6BFF34F8F63
:10224000BFF36F8F10BD00BF00E100E01EF0040F70
:102250000CBFEFF30880EFF30980816911F8021CCD
:102260000229FFD001B5724616F020FB01BD00BF68
:1022700000B2002807DB01234109034A00F01F00D8
:10228000834042F82130704700E100E000B20028AE
:102290000CDB01220649430900F01F008240203375
:1022A00041F82320BFF34F8FBFF36F8F704700BFFC
:1022B00000E100E0D30748BF002100B258BF02315F
:1022C0000028ACBF00F16040064A4FEA4113DBB280
:1022D000ABBF00F5614000F00F0080F800331354ED
:1022E000704700BF14ED00E0044B054A23F07F0364
:1022F0009360BFF34F8FBFF36F8F704700080100EB
:1023000000ED00E008B5FFF7EFFF104BD3F8882091
:1023100022F47002C3F88820D3F8882042F4A00287
:10232000C3F888204FF04042C3F83422BFF34F8FE8
:10233000BFF36F8F0023E1EE103AFFF715FCFFF7B4
:102340001FFC00F0EFF80DF003FC00BF00ED00E013
:102350004FF47D41C0F8C41042F8203C009B0B496B
:1023600042F81C3C019B21F0010142F8183C029B01
:1023700042F8081C42F8143C4FF0807342F8043CC9
:102380000023203A0265C367704700BF89FD020041
:10239000104B9B6883421AD1EFF30580B8B9EFF375
:1023A0001181402282F31288BFF36F8F9A8922F045
:1023B00002029A81EFF3148323F0040383F3148859
:1023C000BFF36F8F81F31188BFF36F8F70476FF08A
:1023D00015007047387300200E461546002300B5DF
:1023E000E1EE103AEFF3148323F0040383F314882F
:1023F000BFF36F8FBFF36F8F0B4B826F98600B4BE8
:102400001A60836E83F30B882C4686F309880020BC
:10241000034B98472046002100220023014C20470F
:10242000DF88040089FD020038730020586B00200B
:102430001022014B1A61704700ED00E0054B9A69CC
:102440009B689A421FBF044A536843F0805353600D
:10245000704700BF3873002000ED00E0084B9B6818
:1024600083420BD1EFF3058343B1064B5A6842F028
:1024700080525A605A6A22F400425A620EF088BAB8
:102480003873002000ED00E023498A6882F8C5E037
:102490004FF030001044EFF3098C80E8F01F1EF07D
:1024A000100F03D102F1840080EC108A402080F3E9
:1024B0001288BFF36F8F194F4FF000668A698A60E8
:1024C0003E60906F164C206092F9C5E0D06F0023FB
:1024D000D36780F311881EF0100F03D00023E1EEC4
:1024E000103A03E002F1840090EC108AEFF31483B9
:1024F00023F0040383F31488BFF36F8F02F13000DD
:1025000090E8F01F8CF3098802F1000004B516F082
:10251000E0F9BDE8044070473873002004ED00E0A6
:10252000586B00200023402040F20F1210B5044CDD
:10253000E1180133934281F80003F9D110BD00BFC7
:1025400000E100E008B5EFF30583064A103B02EB1B
:10255000C30152F8330049688847BDE80840FFF7D7
:102560006DBF00BFF404050001480068704700001B
:10257000586B00201FB50121094B0A4A0A4800F098
:102580000FF90023064A0393084B0121019301A888
:10259000D31A029300F00EF905B05DF804FB00BFFA
:1025A0000000042000000020901B0500F80E002011
:1025B0000A7A0B6810B562F304031C46CB68520913
:1025C00023F01F0343EA4203044A43F00103C2F825
:1025D0009800C2F89C40C2F8A03010BD00ED00E0A9
:1025E00010B50A4BD3F89030C3F30723013B984250
:1025F00008D901210346064A064815F034FC6FF05D
:10260000150010BDFFF7D4FFFBE700BF00ED00E0B1
:102610009E650500181005002DE9F04F8946144607
:1026200006464FF000084F4D85B0C84527DAD6F86A
:1026300004A0BAF1000F44D0BAF11F0F17D91AF055
:102640001F0F14D1D6F800B01BF01F0F0FD1584642
:1026500016F068F907460AEB0B00013816F062F92C
:10266000874210D06FF015073F4A3B4601E04346D2
:102670003E4A01213E4815F0F6FB6FF01504204656
:1026800005B0BDE8F08F17F1160FEDD0BC42EBDDC1
:10269000C5F89870D5F89C10C5F89870D5F8A0309A
:1026A00021F01F0143F01F0BD6E900321A44994272
:1026B00002F1FF3A1AD1D34507D13146F8B216F0EC
:1026C0003AF908F101080C36AFE73146C5F89870C1
:1026D000D5F89C30E0B263F30402C5F89C2016F0F4
:1026E0002AF910F1160FC8D0441CEAE7C5F8987013
:1026F000D5F8A020013B23F01F0302F01F02134373
:10270000D3453146E0B2C5F8A030E8D016F013F951
:1027100010F1160FB1D0C5F89870D5F89C209DF82F
:1027200008300BF1FF3B62F304038DF80830D5F855
:10273000A0309DF808205B0863F347128DF808204D
:10274000D6E900321344009323F01F035B44A3EB4C
:102750000A03013023F01F036946C0B20393FFF759
:102760003FFFBEE700ED00E0EA650500C465050037
:10277000181005000522044BC3F89420BFF34F8FB7
:10278000BFF36F8F704700BF00ED00E0BFF35F8FB6
:102790000022024BC3F89420704700BF00ED00E018
:1027A00010B5034C2278FFF737FF207010BD00BF33
:1027B00066B900202DE9F74F294D8A4606464FF0AD
:1027C0000008AB46274FD0451BDAD6F80490B9F184
:1027D000000F3FD031680846019116F0A3F8019927
:1027E000044609EB0100013816F09CF884424FF0D2
:1027F00014021D4B08D002FB08F36FF015024BF8D2
:10280000032003B0BDE8F08F14F1160F2C60F8D050
:102810001978A142F5DD02FB08B0C7F89840C7F867
:102820009840D7F89C4000F10801007B64F3040055
:102830000871D7F8A0000C79400860F347140C71B8
:10284000D7F89C1021F01F016960D7F8A01021F083
:102850001F01296108F1010814350C36B3E700BFE8
:102860005C6B002000ED00E066B90020F0B5534934
:10287000534DD1F890302C68C3F307239C4287B0A6
:1028800000F299800020FFF781FF4E4BC1F8C03065
:10289000844216D14C4D01A82C70FEF72DFC002669
:1028A00007464A4CB74213D100202B784349D1F850
:1028B0009020C2F30722934277DBFFF75BFF0020F3
:1028C00046E0696801EB0011FFF772FE0130DFE7B7
:1028D0000199300101EB0613DA682240B2F1807FE2
:1028E00052D00AD8B2F5001F34D0B2F5800F3ED0D6
:1028F000B2F5801F12D00136D4E7B2F1006F43D099
:10290000B2F1805FF7D15A689B680958013B22F009
:102910001F00034423F01F03012032E05A689B6824
:102920000958013B22F01F0003440120844623F094
:102930001F0340EA4C10CDE902218DF8100002A9D6
:1029400028780593FFF74CFE00282ADA6FF015006F
:1029500007B0F0BD5A689B680958013B22F01F0080
:1029600003444FF0020C012023F01F03E1E75A68F3
:102970009B680958013B22F01F000344022023F00A
:102980001F034FF0000CD4E75A689B680958013BBD
:1029900022F01F0003444FF0030C012023F01F031B
:1029A000C7E72B7801332B70A5E7C1F89830C1F841
:1029B000A00001337BE74FF0FF30C9E700ED00E0F6
:1029C0009C1B0500AAFF440066B900200000F0FF30
:1029D000F0B587B007460E4614460021102268461F
:1029E0001D461DF03EF802238DF80230054B2A46A5
:1029F00021466846CDE90476019312F077F807B0D6
:102A0000F0BD00BF6F89040008B5024811F002FF55
:102A1000FEE700BF1C66050008B5024B1B6898471F
:102A2000002008BD706B0020034B044A18609378A7
:102A300043F0020393707047706B0020F80600208B
:102A400008B5054814F043FA002383F31188BFF357
:102A50006F8F0423184602DF2166050008B506497A
:102A6000064821F00701C1F1005202F5802214F05E
:102A70009BF9002008BD00BF274F0120746B002088
:102A800070B541690446867A0A4D59B1437ADB072D
:102A900006D4242303FB0653DB691B689B68984715
:102AA000002363612420214600FB0650BDE87040EE
:102AB0001AF0FFBDD80D00202422024B02FB00308B
:102AC000704700BFD80D00202421827A054B01FBFE
:102AD00002331A6A1B7D801A1B3323F00303B0FBF9
:102AE000F3F07047D80D002038B52424827A064BC5
:102AF00004FB0233DB69D3E901240C601568FFF79E
:102B0000E3FF04FB005038BDD80D00202DE9F04351
:102B100085B00546684690461C4603911BF0CEF8EA
:102B2000DDE90067EFF31189402383F31288BFF3D7
:102B30006F8F6B8A002B41D02A8A9A4225D90022B6
:102B4000002328460DF082F90446F0B189F311887C
:102B5000BFF36F8F039B002B41D032463B46684644
:102B60001BF0D1F82421A27A254B204601FB023329
:102B7000DB6903A91B681D68DDE90023A8476061C4
:102B800070BB2046FFF77CFF24E0698A4B1E6B82F6
:102B900089F31188BFF36F8F2B7D2A8A2C6A1B3330
:102BA00023F00303521A02FB0344154B154AEB1A98
:102BB0009B105343A3722B7DE372CBE789F31188FB
:102BC000BFF36F8F2346424628460DF03FF9044677
:102BD0000028BFD10024204605B0BDE8F083636122
:102BE000012300252381039B29466382E27A6560E5
:102BF00004F118001CF035FF63692582E360EAE701
:102C0000D80D0020398EE33870B524250C4C00B95E
:102C100070BD037A4668002BFAD0013BDBB2037229
:102C2000002BF5D1C3604360837A05FB03439B69A6
:102C300013B198473046EAE7FFF722FFFAE700BFF3
:102C4000D80D00202DE9F84F06460D4617460446DC
:102C5000A3466468002CFBD14FF02409DFF878A06C
:102C6000BBF81030BBF81220DBF81410D21ADBF8D6
:102C70000C300BF10C005B1AD21AAA4228BF2A466C
:102C80001FFA82F83946424615F0EEFEB5EB08050C
:102C9000444447441DD00C9B53B1DDE90A010D9A11
:102CA00098478346A8B10146304615F0B5FED7E7F0
:102CB000B07A09FB00A0C3699B6843B1AB4228BF4F
:102CC0002B461946DDE90A23FFF720FFE9E72946ED
:102CD000F8E72046BDE8F88FD80D002008B5244A53
:102CE000244B1A6008F0D2FA4FF47A612248D0F8E7
:102CF0002436C3F30802C3F309434B4382F48072C2
:102D00001E49883201FB02334FF4FA215B00B3FB0A
:102D1000F1F201FB12331A49B3F57A3F28BF0132B1
:102D2000C1F80429D0F820364FF47A60C3F30802C2
:102D3000C3F30943434342F21C5082F4807202F20F
:102D4000172200FB02334FF47A701B0AB3FBF0F238
:102D500000FB12330020B3F5FA7F4FF0010328BFC8
:102D60000132C1F81C27C1F80009C1F8003608BDBE
:102D70000020A107E80A002000C0FF00F82A008018
:102D80000000125048B1054B054A1B68B3FBF2F333
:102D90005843044B43F0010318477047E80A0020EA
:102DA00040420F0040160500BFF34F8F0549064B08
:102DB000CA6802F4E0621343CB60BFF34F8F00BFD9
:102DC000FDE700BF00ED00E00400FA0538B5064C51
:102DD000064DAC4201D3002038BD54F8043B002B13
:102DE000F7D09847F5E700BFD8100500E4100500BC
:102DF000084B0246186808B1036800B9704741895A
:102E00009142FBD01BB1196818460B46F5E71946ED
:102E1000FAE700BF886B0020094B0246186868B1CA
:102E2000036800B970474189914206D01BB1196807
:102E300018460B46F5E71946FAE7C068704700BF29
:102E4000886B002000230360044B5A6812B9C3E961
:102E50000000704710605860704700BF886B00200A
:102E600000230360044B5A6812B9C3E9000070479D
:102E700010605860704700BF806B00202DE9F04F54
:102E80008BB0CDE905120021DDF8508019601E4697
:102E9000284BA8F800101B6805468DF821104FEA52
:102EA000104B002B43D089464FF6FF7A1C681BB9A4
:102EB00008460BB0BDE8F08F9A68524506D0BBEBD0
:102EC000124F28D125EA020292B222BB326828466C
:102ED0000992B8F800200791ADF82220069A0292D4
:102EE000059A01920DF1210200925B6809AA1F4622
:102EF0000DF12203B847079948B1B9F1000F06D187
:102F0000099B022833600BD001464FF001099DF860
:102F10002130002BCCD144B1226823461446C6E7A9
:102F2000BDF82230A8F80030EEE72246F5E7194652
:102F3000BEE700BF806B002000232DE9F04F05465F
:102F40000E4691B0CDE90C3301F10C030B93348A9A
:102F500064B9A3463046296815F015FF2046296854
:102F600015F011FF584611B0BDE8F08F072C40F264
:102F70003881F3680CAA1868596803C29A88082136
:102F800009929A790B980A92DA795B8805925BBA72
:102F90009BB20793099B5BBA9BB2089315F090FD17
:102FA000338A079A9342C0F020819DF8303013F0A5
:102FB0000507069340F01C813046296815F0CFFEC6
:102FC0000446002800F0178101226868042140F8B7
:102FD000046B338ACDE901770092F2681AF017F991
:102FE0002146A86815F09CFD9DF83090D5F808A002
:102FF000C9F3C109B9F1010FCAF84C7000F2EB80B6
:103000000898FFF7F5FE002800F0D480059915F028
:1030100077FD002800F0CE809DF8307017F007078C
:1030200052D0022F6BD04FF0030B2146A86815F049
:1030300077FDD5F80880022108F1040738461AF018
:10304000A6F9002840F0B9804FF000090221384667
:103050001AF0A5F910EA090F3FF47CAFD8E9003166
:10306000DA680027891A9DF83020198212F0070FBC
:10307000C2F3C10214BF4FF0030E4FF0010E012A3C
:1030800028BF01224EEAC20E089AA1F1080052BAE6
:10309000A968ADF83C200A9A09688DF83E20059A87
:1030A000CB6840BAADF838708DF83F208DF838E025
:1030B000ADF83A000EAA03CA186059602A68204683
:1030C000126A90473C4645E7D0F80080B8F1000FFF
:1030D00070D0A8680F2104301AF059F960B1284661
:1030E000C0478346A8680F2104301AF058F980467B
:1030F00040B9BBF1000F98D14FF0070B95E7D0F81E
:103100000480E3E7BBF1000F8FD1BAF84EB0BBF1FA
:10311000000F19D0069B13F0180F15D1BAF84C0008
:10312000FFF77AFE0346002858D058469847834652
:10313000002834D0B8F1000F3FF40CAF002C7FF41E
:1031400074AF3446002670E7DAE90013C868002F30
:10315000A3EB00030B8214BF032101210022DAF844
:10316000003069F3C4011B8AADF83820083B8DF8A4
:103170003810C3F3072141EA0323ADF83A30099B25
:10318000AA68ADF83C300A9B12688DF83E30059B6A
:10319000D2688DF83F300EAB03CB106051602B68C6
:1031A00020461B6A9847834640BB07990B9815F049
:1031B00087FCCCE64FF0080B37E70222384610496F
:1031C0001AF0CAF800283FF43FAF594638461AF0C3
:1031D000A7F881463AE74FF00D0B26E74FF0010BB9
:1031E00023E74FF0090B0024B4E64FF0090BA8E7E2
:1031F0004FF0080BA5E74FF0020BA2E7002499E778
:103200004566050070B504460E4615468AB3A0F81B
:103210004810A0F84A20184903221AF09DF818B95E
:10322000002000F0010070BD022120461AF0AFF826
:103230000028F5D00522204610491AF08DF8002804
:10324000EED0314620461AF075F80028E8D0022268
:1032500020460B491AF080F80028E1D02946204684
:103260001AF068F80028DBD0022120461AF097F8FF
:10327000D7E70120D7E700BF9D7D0500072805009F
:10328000456605002DE9F04194B015F0B8FC03A99E
:103290000446C0B2FEF770F800280BDA012123467D
:1032A0000090284A284814F0E8FD0A24204614B06B
:1032B000BDE8F081039EB46814F0030401D015F05A
:1032C00053FB304615F0BAF84FF0013303FB00F71B
:1032D000D6F80880A04501DC002419E0A8EB04051D
:1032E000402DA8BF402521462B46304604AA15F0A4
:1032F0004DF8031E06DB0023AD1004AAAB420BD130
:103300004034E7E70121114A0F4814F0ACFD0B24CB
:10331000039815F03AF8C9E752F8041B8F4201D11F
:103320000133EBE703980021826815F06EF803463D
:103330000028D1D00121064A034814F094FD0D2441
:10334000E6E700BF48660500F80F05006C6605005B
:1033500094660500F0B585B015F051FC0D460446A5
:1033600003A9C0B216461F46FEF706F850B1012168
:10337000234600900D4A0E4814F07FFD0A24204693
:1033800005B0F0BD3B4632462946039814F0FEFFD7
:103390000446039814F0F9FF002CF0D001212346D5
:1033A000044A034814F05FFD0B24E8E74866050073
:1033B000F80F0500B366050070B50C4615461E46AD
:1033C00048B133462A462146074815F002F900283D
:1033D00018BF0C2070BD054B0348197815F046F94D
:1033E0000028EED00A20F5E7906B0020C06D002089
:1033F00070B50C46054618220021204686B01CF008
:1034000030FB6B68581C77D0002B60D12A691F2ACB
:1034100053D9AA68511C52D0C4E90023EE68384B36
:1034200032689A424DD1AA69202A4CD85AB13548FF
:103430000368013307D0037B9A4204D169690D30D8
:103440001CF025FBE8B1002015F017FC20B101208D
:1034500015F013FC88B9012015F0D1FB03A9E06039
:10346000C0B2FDF789FF70B1E36801210090264AE0
:10347000264814F002FD0A2003E04FF0FF33092034
:10348000E36006B070BD0398AA6883689A4203D9C6
:1034900014F07BFF1E20F4E714F077FF2B7F2BB393
:1034A00004A815F028FC80B906F1140104A815F051
:1034B000AEFB01301AD01B20E3E71620E1E7152010
:1034C000DFE71720DDE71820DBE71A20D9E70D4AF0
:1034D00013689168E3600023216063606B68526841
:1034E000934207D12A691344994207D32B69A360F9
:1034F000012323740020C4E71420C2E71F20C0E783
:103500003DB8F396C06D002048660500F80F050031
:103510007FB515F074FB0E46054603A9C0B2FDF752
:103520002BFF044650B1012100902B46074A084862
:1035300014F0A3FC0A24204604B070BD039814F0D4
:103540007DFF3070039814F020FFF4E74866050013
:10355000F80F0500F0B540230F469DB002930446D6
:1035600015466B460CAA384603A9019200F068FA8A
:103570000646002840F0918004340F21204619F0BF
:1035800006FF10B900201DB0F0BD042220464449BA
:1035900019F0E2FE0028F5D0204607F0010119F0ED
:1035A000C9FE0028EED0072220463E4919F0D4FE7D
:1035B0000028E7D005A903A800F0EEF9002864DA96
:1035C00005222046384919F0C7FE0028DAD0042227
:1035D0002046364919F0C0FE0028D3D0204601A964
:1035E00019F0B4FE0028CDD008222046304919F049
:1035F000B3FE0028C6D09DF800102046C1F300118C
:1036000081F0010101F0010119F0DDFE0028B9D0BF
:1036100007222046274919F09FFE0028B2D02046F5
:10362000C5F3400119F0CFFE0028ABD00922204697
:10363000214919F091FE0028A4D02046C5F380014D
:1036400019F0C1FE00289DD0062220461B4919F022
:1036500083FE002896D0204605F0010119F0B3FE44
:1036600000288FD009222046154919F075FE002840
:1036700088D02046C5F3C00119F0A5FE002881D0EE
:103680000F21204619F08BFE7DE71922204605A95F
:103690008DF82C6019F069FE97E7012073E700BFF1
:1036A000D6660500DB660500E3660500E9660500F1
:1036B000EE660500F7660500FF660500285E05005A
:1036C000096705002DE9F743866807460436062298
:1036D0003046324919F040FE38B915F0EAFA15F0D3
:1036E000E9FA072003B0BDE8F0830221304619F063
:1036F0004AFE044615F0DDFA002CF0D000240DF14E
:10370000070120468DF8074015F098FA80462046BC
:1037100015F0D1FA9DF807300546022B80F001091B
:103720002CD180454FF0010801D01D4AD4564D459B
:10373000B8682ADB22464946FFF70CFF0028CED0A6
:1037400042462946B868FFF705FF0028C7D0022186
:10375000304619F020FE0028C1D00B223046114916
:1037600019F0FAFD0028BAD00021304619F0D8FD32
:103770000028B4D015F09EFA0020B3E780454FF042
:103780000508D4D0022BD2D8CFE742462946FFF70E
:10379000E1FE0028A3D022464946D3E7136705007F
:1037A000118D05001A6705002DE9F047441082B01D
:1037B000064600AF2046884615F07DFA0023814674
:1037C000F91C2046FB7015F039FA0546B8F1000FD8
:1037D00016D015F072FAA0420ED1FC78012C13D14C
:1037E000B8F1000F1CD1B54214BF1C2400242046A0
:1037F0000837BD46BDE8F087B145EED12024F6E795
:10380000B145EAD12124F2E77CB9B8F1000F03D029
:10381000B542ECD0B14506E0B14503D14D450BD0E2
:103820001C24E4E7B54207D1FAE7022C04D1B8F131
:10383000000FF5D0B54232D0304615F0E0F9391D11
:10384000C0B2FDF799FD824638BBA9EB0603594289
:1038500042467868594118F00BFC0446C8B16D46E1
:103860008AB06A460F4BCDE90769CDE905300623DA
:10387000CDF8248042F8103F4FF4415153460A4896
:10388000FDF78CF9013C032CAD468EBF0124074B9C
:103890001C57786814F079FDA9E70A24A7E70024EB
:1038A000A5E700BF26670500F80F0500148D050089
:1038B000F0B535499FB0049104210591334902AA1E
:1038C000CDE90612324A0023099207220A92314AB0
:1038D000CDE902330B920DF103028DF80330019311
:1038E0008DF820300C928DF834300646D0E9010472
:1038F000022201AB04A9043015F02BF9054600287B
:103900003FD115F0D6F9039B04346BB99DF8033011
:1039100063B115F0D2F915F0CEF99DF80310FFF759
:1039200043FF10B382B202E0402B0AD01822204697
:103930000121FFF767FC044615F0BCF9F4B907252F
:103940001CE0029B0EAA03F1400C17461868596848
:10395000083303C763453A46F7D100210EA815F096
:10396000AEF90028D9DA0822E1E73046FFF7AAFECF
:1039700010B115F09FF9E2E715F09CF928461FB049
:10398000F0BD0325FAE700BFE9660500C7CF0400D4
:103990007967050097D0040073B50E464388044646
:1039A00001934378192100930378084A304610F0B8
:1039B00051FF6368054633B1C0F11901044A30185C
:1039C00010F048FF0346E81802B070BD816705009B
:1039D0008D670500033880B219289ABF014B18562D
:1039E00001207047188D05002C2208B500210448DD
:1039F0001CF037F84FF0FF33014A42F8043C08BD91
:103A0000C46D00200148FFF71DBA00BFF807002071
:103A100010B5041D03222046074919F09DFC08B982
:103A2000072010BD054B2046596819F08DFC002871
:103A3000F6D00020F5E700BF3B450500C06D002033
:103A40002DE9F0438BB00C460DF1030105461646F7
:103A50001F46FFF75DFD0146002840F083802023CC
:103A6000284602AAFFF776FC00284BD19DF8038078
:103A700024B10822414620461BF0F3FF02983C4B3C
:103A8000984237D11CB107AB03CB206061600FB106
:103A9000069B3B60059BBDF8104028461C44042350
:103AA00021460DEB0302FFF755FC40B946F608131B
:103AB000BDF804209A4204BFBDF80630E418042380
:103AC000214628460DEB0302FFF744FC0746E0B908
:103AD00046F60713BDF804209A4216D1BDF80680B9
:103AE0000434A04404F10409C14510D987F001074A
:103AF000F80007E04FF0013303FB08F8404514BF1E
:103B0000172003200BB0BDE8F0830420FAE704235C
:103B1000214628460DEB0302FFF71CFC0028F1D1DB
:103B2000BDF80420BDF80630FF2A05D14FF6FF721C
:103B3000934205D10520E5E7122A01D1402B02D09E
:103B400004331C44CEE77FB944340EB90127C9E7DA
:103B500044450BD8324649462846FFF7FBFB002870
:103B6000F4D0CFE70220CDE70620CBE70720C9E756
:103B70003DB8F39670B51C4A8AB005920422D0E98C
:103B80000105002301260692184ACDE90163079238
:103B900001AA08928DF82430324602AB05A9043000
:103BA00014F0D7FF0446E8B90346024603A901987A
:103BB0000435FFF745FF58B9019815F05EF838B1A4
:103BC000092201212846FFF71DFB20460AB070BDDF
:103BD0000198FFF757FB0646FFF706FF002EF4D0CB
:103BE000B2B2EEE70324F0E7D6660500BDCF0400CD
:103BF0002DE9F04F0024D0E9016ABFB008AF2022C0
:103C000021468146384601941BF02BFF4FF0FF33CD
:103C1000CDE90933634B0325209305232193624BA0
:103C20000BAACDE92237614B2892259304232693D2
:103C30005F4B604A279336930DAB37935E4B2A92C6
:103C4000399307235D4A0AA92C9231923A9309AA23
:103C50005B4B2D9132925B495B4A04363B930FAB31
:103C60003046CDE92F15CDE934253C93062201AB32
:103C700020A98DF890408DF8A4402B958DF8B84080
:103C80008DF8CC408DF8E0408DF8F44014F061FFE1
:103C90000646002840F08380384602A9FFF7A8FBBB
:103CA0000AF1040A044610B301210346474A484872
:103CB00014F0D9F801215046A2B2FFF7A3FA354615
:103CC0008046444BD3E901239A4201D0002C5FD0B7
:103CD00000230120194610AAFFF7B2FE002C57D08E
:103CE000FFF782FEB8F1000F08BF072609E09DF834
:103CF0001880B8F1000F08D1D9F80800FFF788FE46
:103D0000064630463FB0BDE8F08F324F059BDDF8E8
:103D100024B03B60029BBB60BBF1000F11D10E9D34
:103D20000D992A4607F10D00C7F804B03D731BF04A
:103D300072FE05F10D005946C5F1200238441BF012
:103D400090FE0C9D002DBCD07B6858461D44BB687E
:103D50000B99EA1A53425341049AFFF72DFB04468C
:103D600040B97B68049ABD6813447B60EB1A5D42DE
:103D70005D41A6E701210346174A154814F073F880
:103D800001215046A2B2FFF73DFA4546804698E72A
:103D9000D9F80800FFF73CFE002DA3D0A0E72E467F
:103DA000AFE700BF4C720500BDCF0400F5740500FD
:103DB000C7CF0400816E050095670500C3CF0400DE
:103DC00097D004003B450500916705009D670500FD
:103DD000F80F0500C06D0020BD6705000148FFF722
:103DE00031B800BF0808002070B51B4A8AB00592A0
:103DF0000522D0E9016500230692184A8DF80830A3
:103E0000079202AC01228DF8243005A903AB301DC6
:103E1000089414F09EFE0DF10A030093012204ABF6
:103E200021460F48FFF72AF8034660B1012B04989A
:103E300007D082B2BDF80A10281DFFF7E3F940B998
:103E400007200AB070BD41F68562002305480CF0DA
:103E5000A3FA0020F5E700BFF867050097D004003B
:103E60000100020040010020F0B50023D0E9014527
:103E70000127134A89B00392124A01AECDE90133FA
:103E8000CDE905268DF81C30201D6B463A4603A966
:103E9000049714F05EFE044678B904353A46284685
:103EA000094919F059FA20B13146284619F051FA5A
:103EB00000B90724204609B0F0BD0324FAE700BF8B
:103EC000C8890500DFCF0400533B050008B5024850
:103ED000FEF7C6FF002008BD1808002008B5084BF3
:103EE000984202D1049B012B02D00120106008BD32
:103EF00040F64372002303480CF04EFA0020F6E728
:103F0000010002007001002008B501F0A3FC034687
:103F100020B10121034A044813F0A5FFBDE8084081
:103F2000ECF740BC0C6805004810050007B50848D0
:103F300019F0BAFC074B4FF40062009306490323C3
:103F400003480CF0BFF9002003B05DF804FB00BF8C
:103F5000A0460020481C0500E0C8002000220023E5
:103F6000014814F015BD00BFB00E002010B5036A63
:103F7000044643B1054919F032FC04F1100019F070
:103F800085FB002010BD6FF01500FBE72D8D0400B0
:103F900010B50446103019F081FB2146BDE81040F1
:103FA000014819F047BC00BFA0460020F0B5036BE4
:103FB00004460E4685B003B319F01AFC10F0050F45
:103FC00002D0204619F061FC684619F05FFB04F14D
:103FD00010070022002338460BF038FF054670B961
:103FE0000022002368460BF031FF0146A8B923697F
:103FF0001BB121460B4819F01DFC05B0F0BD314640
:10400000236B984720B92146284614F0BCFEE0E710
:104010002946684619F042FBDBE7384619F03EFBBB
:10402000DEE700BFA0460020074B1A68904207D089
:10403000D3F88020904205D1012203EBC2107047D3
:104040000022FAE7002070478847002010B50124BD
:10405000114B1C7000212246104819F038FB00213A
:1040600022460F4819F033FB0E4A0F4B10461362DD
:104070000E4B53620E4B93620E4BD3620E4B136387
:10408000FFF774FF034630B10C4A2146BDE81040EB
:104090000B4813F0E8BE10BD67B90020F4470020BC
:1040A00074480020F06D0020C5400300E38D04003B
:1040B000AF8D0400A38D0400BD8D04005868050079
:1040C000081005002DE9F04F044691B01822002198
:1040D00001A81BF0C6FC3B4BD4F818900293E36890
:1040E0000393394B0593B9F1000F0BD1052604F169
:1040F000180014F056FE204614F02FFE304611B082
:10410000BDE8F08F484607A903F09AFC0646002850
:10411000ECD19DF83C30022BE8D1204614F061FE32
:10412000054608B90126E2E74846FFF77DFF074646
:104130000028DBD090F86930002BD7D0227F9A423C
:10414000D4D100F16C0B58460BF00CFFB246B046D0
:10415000238A4345CBD997F86920002AC6D0217F0E
:104160009142C3D108EB05029A42C4BFA3EB0803F6
:104170009DB2484601A9ADF8105006F07BF810F149
:104180000C0F09D1BAF1000F03D1132D18D9C5F3C3
:104190004F050CF079FBDBE70028C3D1E26808EBA0
:1041A00005031FFA83F812FA83F303934FF0FF32EB
:1041B0004FF0FF3358460BF0AFFE4FF0010AC7E750
:1041C000022694E77C1C0500F38D04002DE9F843DA
:1041D00000AF804691461D46FFF726FF0646A0B970
:1041E0006C4688B06A46194BCDE90538032342F87E
:1041F000103F4FF4C25103461548FCF7CFFCA546CB
:104200006FF01000BD46BDE8F883FFF7A7FE044637
:104210000028F5D0028A438A41699B1AC268521A63
:104220009B1A9D4202D914F098FDE9E72A464946B7
:104230000C3014F019FCC4F8188096F86930054861
:1042400021462377FFF7A4FE2846DBE789680500AF
:1042500008100500F06D002080B500AF88B06A46F8
:10426000064BCDE90530032342F8103F00234FF4FD
:10427000C2510348FCF792FCBD4680BD8968050029
:104280000810050038B50546FFF7CEFE044629465E
:104290000948FFF78BFE4CB10023204684F86930B3
:1042A00040F86C3BBDE838400BF002BE2846BDE844
:1042B0003840FFF7D1BF00BFF06D0020F0B559BB0B
:1042C000164B196819B1D3F880202ABB0121CC0103
:1042D000134D18512A78D3F880C01F6803EB040EE1
:1042E00010460132D2B2012A38BF01228EF869008D
:1042F00061B11FB193F869608642F1D02A7004F170
:104300006C001844BDE8F0400BF02CBEBCF1000F6F
:10431000F4D093F8E960EFE7F0BD00BF88470020D4
:1043200067B9002070B50B7892B006460C4607AD11
:10433000032B31D8DFE803F0022A2C2E1949284636
:10434000F3F7F0F905956378174A0493A3781E21D3
:104350000393E3780AA80293237910AD019363795C
:104360000093A37910F076FA32460AAB1C4603CCD0
:10437000AC4210605160234602F10802F6D1206879
:1043800010603046A388938012B070BD0749D6E70D
:104390000749D4E70749D2E70A212846064A10F020
:1043A00059FACFE7AB680500CD680500B268050093
:1043B000B9680500C3680500A07A05000E4B4029C6
:1043C00028BF402170B51D460C4C4618B04203F181
:1043D000020304D1002305F81130074870BD0278AC
:1043E0001209A25C03F8022C10F8012B02F00F0254
:1043F000A25C03F8012CE9E768B900207F8D050075
:1044000010B50024094B86B009480393CDE9044454
:1044100019F04AFA03AB009340F638020A23054923
:1044200003480BF04FFF204606B010BDF0680500B2
:1044300088480020E0D00020014601480BF082BFF0
:104440008848002030B50378012B11D0022B21D0F1
:104450006BB90A46144B03F1100453F8045BA342F2
:1044600042F8045BF9D143881A0A8A70CB7030BDD8
:104470000A460D4B03F1100453F8045BA34242F8C3
:10448000045BF9D143681A0C180E4A700870C3F324
:104490000722EAE700F11003013913F801299842D5
:1044A00001F8012FF9D1E2E7908D050010B514F065
:1044B00014FD19F04BFA044608B90CF09FF9064BAD
:1044C000D3E8AF3F0BB10A2098471CB9BDE81040B4
:1044D0000CF0A8B910BD00BF286E002038B5044606
:1044E000084814F055FA054648B1631EDBB21F2B8D
:1044F00096BF054A0021D15C0C3014F0BEFA284664
:1045000038BD00BF8C0E0020A08D0500034BD3E802
:10451000EF2FC3E8E10F0029F9D17047286E002082
:104520000F2810B50CD80D280CD90A4814F030FA11
:10453000044618B104210C3014F09FFA204610BD37
:104540001328F2D009B10448F0E70220BDE810407A
:10455000FFF7C4BFD40E0020200E0020F0B50546A2
:104560000E46174685B0AB88012B0ED9284614F0AD
:10457000B7FA044648B1AB88984208D902210093A3
:104580000D4A03460D4813F078FC05B0F0BD2846EF
:1045900014F0A6FA2B688DF80800013C394602A8F1
:1045A0008DF809400393B0470028EED021462846F5
:1045B00014F086FAD7E700BF00690500080F050070
:1045C000C3681B780221024A024814F0FDBC00BFF8
:1045D0002B690500180F050038B5C5682B78B3B9ED
:1045E000B5F801400F21204602F04CFEE97805465F
:1045F00070B90C4A138813B1538843B901236FEA89
:1046000004506FEA105022F81300074AD15438BD05
:104610004172012102F012FD2846BDE8384002F047
:10462000BBBC00BF0A790020E9B9002070B5C3689F
:104630001D787DBBB3F801600F21304602F022FEE9
:10464000044638B901213346BDE87040124A134888
:1046500014F0BABC294602F0F1FCA378012B04D077
:104660002046BDE8704002F097BC231DD3E8AF3F61
:10467000DB07F5D50321204602F0E0FC032014F00F
:10468000FBFD03460028EBD00221054A034814F045
:104690009BFCE5E770BD00BF53690500180F0500DE
:1046A0007969050010B5C3680121B3F801402046BF
:1046B00002F0E8FD38B901212346BDE81040044A64
:1046C000044814F081BCBDE8104002F065BC00BF96
:1046D0009F690500180F050010B5C36801211C88EB
:1046E000204602F0CFFD38B901212346BDE8104035
:1046F000034A044814F068BCBDE8104002F04CBC0A
:104700009F690500180F050010B501210C3014F049
:10471000DFF903780121BDE81040024A024814F095
:1047200053BC00BFC3690500180F0500014610B552
:10473000084814F031F90849084819F07BF8031EBD
:1047400006DABDE810400121054A064814F03CBCD9
:1047500010BD00BFD402002060080020584A00208D
:10476000E5690500180F050010B5002486B003ABFD
:1047700000934FF462724FF0FF3305490548CDE9CD
:10478000034405940BF09EFD204606B010BD00BF0B
:1047900018D900207049002010B5084C01460622A7
:1047A00094F86F0003F0C2F838B994F86F0005224E
:1047B000BDE81040024903F0B9B810BDA0010020C7
:1047C000658D05000121024A024814F0F4BB00BFC8
:1047D000026A0500180F05000B46B0B50D8A00AF40
:1047E00004462946D868FFF7E9FD8AB06A46094BB6
:1047F000CDE90750CDE9053440F20243ADF824304D
:10480000054B4FF43251054842F8103F14F0E9FBD4
:10481000BD46B0BD1C6A050005000001180F05006B
:1048200070B5C5680121B5F80160304602F02AFD77
:10483000044638B901213346BDE870400B4A0C48A4
:1048400014F0C2BB2B783BB9D5F80330C0F89930CF
:10485000D5F80730C0F89D30201D4FF4003114F01A
:10486000B5FB2046BDE8704002F096BB9F6905008D
:10487000180F05002DE9F84FD0F80C90018A99F82F
:10488000004000AFA30001338B425FD96D468AB070
:104890006A46CDE9073105232E484FF42151CDE971
:1048A00005042D4842F8103F14F09BFBAD46BD4671
:1048B000BDE8F88F01212B46284A274814F084FBD5
:1048C000013699F800309E42F1DA09EB8603B3F81D
:1048D00001500F212846B3F8038002F0D3FC0446B0
:1048E0000028E7D000F1C00AB8F1000F06D06569D2
:1048F00045B901211A4A184814F05DFB204602F020
:104900004BFBDDE7A2692B6895422046636108BF37
:10491000A36102F067FA0BF0CBFAC5F800B0236A86
:104920008BB9C4E90755DAE8EF3F013BCAE8E23F3B
:10493000002AF8D10021204608F1FF3802F05EFA83
:104940001FFA88F8D0E71D602562ECE70026B34621
:10495000B7E700BF3E6A0500180F0500696A050049
:10496000856A050037B50446084602EBC3039A4240
:1049700002D16FF05E0010E0114611F8085BA5420D
:1049800011D1038A5178994209D908480121084A6E
:10499000009413F072FA6FF0150003B030BD536845
:1049A00098470020F9E70A46E1E700BF180F050025
:1049B0009C6A05002DE9F0470C460BF01FFFE568E7
:1049C0002B78022B75D0042B0AD001213D4A3E489A
:1049D00014F0FAFA2046FEF717F96FF015040EE00E
:1049E000B4F81080B8F1020F0ED84346374A364863
:1049F000012114F0E9FA2046FEF706F900240BF035
:104A000011FF2046BDE8F08768783E280CD1B8F148
:104A1000030F02D12E4A4346E9E7EB78012B01D080
:104A20000A2B46D1032704E014F0B3FA0746F8072F
:104A30003FD504F10C0601213046D4F814A014F03F
:104A40003FF80221304614F043F8814600783E28B2
:104A500007D1E3681B78012B01D00A2B06D103266E
:104A600014E014F096FAC10706460FD441F2681319
:104A7000184A1949194812F037FA002383F31188AC
:104A8000BFF36F8F0323184602DF0226144A062362
:104A9000214699F8000014F0AFFAB2070DD563690A
:104AA000A5EB0A0513FA85F5E560A4F81080BB07AD
:104AB000A4D52046FFF73AFEA0E72046FEF7A4F86B
:104AC000F5E700BF646B0500180F0500BE6A05001E
:104AD000DA6A0500FA6A05002E6B0500476B0500CF
:104AE0001C1D050010B5012104460C3013F0F0FF29
:104AF0002146BDE810400223014A007814F07CBA38
:104B00004C1D050073B53E4813F05BFF04460028BA
:104B100073D000F10C05284613F0E2FF022803468B
:104B200003D0042847D0374A03E0238A032B05D853
:104B3000354A0121354814F047FA13E0042128468C
:104B400013F0C6FFFF23428806882376238AC6F324
:104B50000B009A42608309D0012100922B482C4A15
:104B600013F08BF92046FEF74FF812E00F2102F008
:104B700089FB054610B9638B264ADAE702F0BAFBD7
:104B800021462076320B284602F08AF9284602F0A8
:104B900003FA214BD3F834317BB32049204818F075
:104BA00049FE031E29DA01211E4A184802B0BDE859
:104BB000704014F009BA2846022113F089FF054617
:104BC00000783E2812D014F0E4F910F002060DD15E
:104BD00040F69A43144A1549154812F085F986F3B0
:104BE0001188BFF36F8F0323184602DF0423214689
:104BF000104A287814F000FAB4E702B070BD00BF84
:104C0000D40200200D6C0500786B0500180F05001C
:104C1000996B0500BD6B0500A00100206008002015
:104C2000584A0020E5690500FA6A0500DF6B0500B7
:104C3000476B05005C1D050010B5012104460C30D2
:104C400013F046FF2146BDE810400823014A0078D2
:104C500014F0D2B97C1D0500F8B50121044600AF5F
:104C60000C3013F035FF0678002321463046104AF9
:104C7000FFF778FE5F3019D1258AE0682946FFF7F3
:104C80009DFB6C468AB06A460A4BCDE90750CDE9D8
:104C9000053640F20243ADF82430074B4FF4325151
:104CA000064842F8103F14F09CF9A546BD46F8BDF1
:104CB000BC1D0500216C050005000001180F050052
:104CC0002DE9F74F0023804689461746DFF810A1EB
:104CD000DAE8EF4FCAE8E23F002AF9D1264644B9A4
:104CE000012143463A4A3B4803B0BDE8F04F14F077
:104CF0006BB92046FDF7E8FE4FF00C0B364D0BFB71
:104D00000050438843451BD02046FDF7DDFE0BFBDA
:104D10000050438801210093304A43462D4813F048
:104D2000ACF8DAE8EF3FCAE8E26F002AF9D1002BCD
:104D30004BD01E46304603B0BDE8F04FFDF764BFD0
:104D4000A74208D0204613F01EFE3A8AF96804F103
:104D50000C0013F089FE2046FDF7B6FE0C2707FB7A
:104D600000504368ABB1B9F1000F12D12046FDF7F6
:104D7000ABFE012107FB00504268536803F01F009F
:104D8000814010685B0900EB8300137ACBB114F00B
:104D90001DF92046FDF798FE0C2707FB005083689D
:104DA000002BC7D02046FDF78FFE784305F8009012
:104DB0002046FDF789FE07FB0055A8680BF078F840
:104DC000B8E7C94314F010F9E3E703B0BDE8F08F8A
:104DD000536C0500180F05002C6E00207B6C05003D
:104DE000D002002073B5C5680121B5F801603046D6
:104DF00002F048FA044640B9012133463B4A3C4898
:104E000002B0BDE8704014F0DFB82B78061D1A2BF5
:104E100019D1C378012B50D14FF48041304614F0A2
:104E2000D5F842040FD4D4F88C3069460093D4F8F6
:104E300094302046019303F011FA204602B0BDE8F9
:104E4000704002F0A9B82B78BBBB40F2E242B5F843
:104E5000033028495343C4F88830B5F80520A4F836
:104E60009020B5F80720A4F89220A3F5EA520C3A56
:104E70008A4204D90221204A1D4814F0A5F8B4F84A
:104E80009030B3F5FA7F04D302211C4A184814F07D
:104E90009BF840F67641B4F89230A3F10A0292B240
:104EA0008A4204D90221164A114814F08DF86FF491
:104EB0008051304614F098F813E0D6E8AF3FDB0499
:104EC000F5D52B78202BF2D194F89830002BEED02A
:104ED000013B84F898300B4A002304F140000BF0AA
:104EE0005BFA204602F0E0FBA7E700BF9F690500E0
:104EF000180F050095F03C00AE6C0500D56C050060
:104F0000FC6C05005A62020008B501F099FC064BE2
:104F1000D3E8AF2F02F00B02D3E8EF1FC3E8E02F76
:104F20000028F9D108BD00BF7402002010B5C1E906
:104F300000239DF808300C460B72FDF7C5FD0C22CE
:104F4000024B02FB00335C6010BD00BF2C6E0020E2
:104F5000F8B502460B46104813F01AFD0446C0B1DE
:104F600004210C3013F06FFD2046FDF7ADFD0C273A
:104F700000260A4D07FB005046802046FDF7A4FDA1
:104F800007FB005086602046FDF79EFD07FB00559D
:104F90006E602046F8BD00BF680E00202C6E002019
:104FA00010B5044692B04822684606491AF033FD0F
:104FB000112C9DBF12AB03EB840454F8480C02483B
:104FC00012B010BD10110500286D0500034B0146FD
:104FD000D3F84C0182689268104700BFA0010020FE
:104FE0002DE9F04F91B0042100AF4B4813F0EEFFD4
:104FF0006D4601F025FC88B06A46484B4FF4E651F7
:105000000593474B474806934FF40073ADF81C30A7
:10501000454B464C42F8103F13F0E3FFAD46E179B3
:10502000434B444E07F12008012998BF1E464046D5
:105030002146FFF777F98AB06A463F4BCDF81C80CE
:10504000CDE905363D4B4FF4235108933C4B354891
:1050500042F8103F13F0C5FFA246AD460125394E78
:10506000DFF8F080E3790AF1070A9D423BDB94F810
:1050700070506E462846FFF793FF8CB06A46B4F82E
:105080007210B4F87630CDE907514FF40075DFF8AF
:10509000C8C009932C4BCDE905C0ADF828504FF49A
:1050A000535142F8103F1F4813F09BFFB54694F848
:1050B00071603046FFF774FF8AB06A46B4F8743006
:1050C0002249CDE90763224BCDE90510ADF8245004
:1050D0004FF43351134842F8103F13F082FF443726
:1050E000BD46BDE8F08F51463846FFF71BF9E9464B
:1050F0008AB06A4640F20133CDE905650797ADF8FD
:1051000020304FF41351074842F8108F13F069FF15
:105110000135CD46A6E700BF74020020346D0500BE
:10512000466D0500180F050003000001A0010020D6
:10513000EF470500306D05004A6D050000020103D0
:1051400004000002596D050006000001A86D05006D
:1051500005000001040000016A6D05000048704769
:10516000CF6D05000149024818F064BB50080020CB
:105170007049002070B505460C4639B1CB684A69C4
:105180009B1A032B0ED86FF0150509E04FF0FF3086
:105190004FF0FF31FFF7DCFE044618B96FF06805E9
:1051A000284670BD2046FDF78FFC0C22164BA61832
:1051B00002FB0033032130465D8013F070FC058054
:1051C000238A0121033B8370304613F070FC40F6C4
:1051D00035439D420FD12046FFF7F8FE05460028D3
:1051E000DED001210346094A094813F0EDFE2046AE
:1051F000FDF70AFDD4E72146064818F04FFA0025CE
:10520000FFF7B0FFCCE700BF2C6E0020D66D050085
:10521000180F0500DC0200202DE9F04784B080461D
:1052200091460C4600AF71B94FF0FF304FF0FF319F
:10523000FFF78EFE044660B96FF068052846103708
:10524000BD46BDE8F087887AFDF736FC3B4B8342CC
:105250006ED101220021384618F039FA2046FDF7B8
:1052600033FC0C23DFF8FCA003FB00A08760204682
:1052700013F0BDFB01464046FFF77CFF054618B121
:105280002046FDF7C1FCD9E7002338462C4A0AF036
:1052900043FE064690B14FF4F1732A4A2A492B483F
:1052A00011F022FE32464146294811F01DFE85F3D9
:1052B0001188BFF36F8F0323184602DF2046FDF7E6
:1052C00003FC0C2358431AF800605EB36D468AB0A5
:1052D0006A46204B0796CDE905381F4B4FF43251F3
:1052E000089340F20243ADF824301C4B1C4842F8AE
:1052F000103F13F076FE2046AD46093EFDF784FCD4
:10530000092E0CD8DFE806F0050B0B08170B0B0B6A
:105310000B146FF06E0591E76FF00C058EE76FF0E0
:1053200004058BE7B9F1000FAAD0C9F8004085E762
:105330006FF0150582E76FF00B057FE7680E002020
:10534000B4C40400FA6A0500F86D0500476B050057
:10535000016E0500466E0500EF47050005000001DF
:10536000180F05002C6E002073B506460D4642F25C
:105370002F00002101AAFFF74FFF044638B1012199
:10538000144A154813F017FE204602B070BD01986C
:10539000C368B3F801203280B3F803302B80FDF7E7
:1053A00033FC3388A3F11B02E02A04D902210B4A03
:1053B000094813F009FE44F248112B88A3F5A472A2
:1053C00092B28A42E0D90221054A034813F0FCFD5B
:1053D000DAE700BF656E0500180F0500856E050051
:1053E000AA6E0500F0B585B006460DF10301002058
:1053F00001F076F80446002846D14FF0FF304FF018
:10540000FF31FFF7A5FD0746002840D019210C30D9
:1054100013F024FB0546214619221AF022FB9DF8C1
:10542000033006F170012B73681D13F0C6FD194B94
:1054300038469A89D4332A8033F8C62C6A8001937F
:10544000072302930123B6F88C208DF80C30A5F8C1
:105450000D20B6F88E20A5F80F20B6F89020A5F8FC
:105460001120B6F89220A5F81320FDF72DFB0C2291
:10547000094B394602FB003301AA5A6042F20D0083
:105480002246FFF7C9FE0446204605B0F0BD6FF086
:105490006804F9E7A00100202C6E0020F8B53C2834
:1054A000044600AF1AD101F0A3F86FF480711030F8
:1054B00013F09AFD0020FFF76FF9054630B901217E
:1054C000314A324813F077FDBD46F8BD44720021E1
:1054D00001F0B4FD284601F05FFDF5E702283DD15B
:1054E00000210246084602F021FA054680B9012152
:1054F000274A264813F05FFD032013F0BDFE034644
:105500000028E1D00221234A204813F05DFDDBE7AB
:10551000031DD3E8AF3FDB0706D5032101F08EFD65
:10552000284601F039FDE7E7403018F0CFF910F0D8
:105530000C0608D115482146174A13F03CFD3146A8
:1055400028466C72EAE72846FFF74CFF0028E7D0B0
:105550000121124A0D4813F02EFDE1E76D468AB095
:105560006A460F4B4FF41251CDE905300D4B0748F9
:10557000079340F20133ADF820300B4B42F8103F57
:1055800013F02FFDAD469FE7CD6E0500180F050007
:10559000EE6E0500796905000C6F0500326F05009D
:1055A0004E6F0500EF4705000400000130B54FF0D5
:1055B000FF304FF0FF3185B0FFF7CAFC0446B0B1B1
:1055C0000C4B0025019307238DF80C500293FDF737
:1055D0007BFA0C22084B214602FB003301AA5A60D9
:1055E00042F20E002A46FFF717FE05B030BD6FF0FD
:1055F0006800FAE7740200202C6E00202DE9F043C9
:105600008DB06F4AB0F80190118849F47043994207
:10561000054600AF58D05188994257D10123002147
:1056200022F81310674A12F80380EB782E1D012B25
:1056300008BF654B304614BF002493F86F4013F049
:1056400048FC3146002844D007F1080013F036FC2E
:10565000D5F81130C7F80130B5F81530A7F8053086
:1056600001233B70E878002840D1022207F10801AD
:1056700002F05CF90446EB7823B96FF080015348DF
:1056800013F0B2FCDCBB07F1100431462046FEF7F4
:1056900049FE6D4688B06A464D4B4FF4E251CDE964
:1056A00005344FF40073ADF81C304A4B4A4842F8B9
:1056B000103F13F096FC1321AD46484613F0F7FC5B
:1056C0003437BD46BDE8F0830023A8E74FF000085B
:1056D000ABE7204613F09BFD014607F1080013F0ED
:1056E0006CFC3146384613F068FCBBE7012804D156
:1056F00007F10800FFF750F8BCE70024BBE720469D
:1057000040F2E242B5F8013007F1080120F8703BA1
:1057100013F053FCB5F8173053430022C4F8883017
:10572000B5F81930A4F89030B5F81B30A4F89230D1
:10573000EB786272012BE3700FD1394604F17700E8
:1057400013F03BFC00F054FF217A1F4BC1EBC10169
:10575000194404F17E0013F030FCE3786BB939464C
:1057600004F17E0013F029FC217A174BC1EBC10133
:10577000194404F1770013F020FC0721204601F0C2
:105780005DFCB8F1000F05D00121204684F80980A6
:1057900001F054FC204601F0E9FD204601F0FCFB3D
:1057A000E378002B8CD1032013F066FD034600281C
:1057B00086D00221094A084813F006FC80E700BFA2
:1057C0000A790020E9B90020A0010020740200201D
:1057D0006A6F050003000001180F050079690500D4
:1057E00000B5C16889B0087820B109B05DF804EB54
:1057F000FFF754BEB1F801308DF80000ADF801306C
:10580000CB7801A88DF80330B1F80B300431ADF836
:105810001730B1F80930ADF81930B1F80B30ADF8E8
:105820001B304B7B8DF81D3013F0C7FB084B6846CF
:105830001A689B88CDF80B20ADF80F30CDF81120F9
:10584000ADF81530FFF7DAFE09B05DF804FB00BFD4
:10585000798D0500022138B52E4813F0B7FB10EA08
:10586000010453D16FF004012A4813F0BDFB00F08E
:10587000AFFE01F0F7FC284B2246214640F60340DC
:105880001C60FFF7C9FC044630B10121234A2448BB
:1058900013F091FB204638BD224DFFF735FBD5F8BC
:1058A0004C0183685B6853B96FF00201194813F02B
:1058B0009BFB042113F08AFB6FF08504EAE798470D
:1058C00010F1580F0446EFD058B101210346164A93
:1058D000134813F079FB042105F1D40013F076FB93
:1058E000D8E71248FCF7BAFD2146402205F18000B6
:1058F0001AF0B7F805F168000D49EC7113F05DFB83
:105900006FF001016C3013F06FFBC3E76FF07704A9
:10591000C0E700BF740200200A790020866F0500EE
:10592000180F0500A0010020A56F0500584A0020AF
:105930006C8D05000022F0B585B0114640F603409D
:1059400002AFFFF769FC044600285BD1FFF7DCFAE1
:10595000214641F203003A1DFFF75EFC0446002891
:1059600050D17A68C84DD16805F17803D1F80100AB
:10597000D1F8051003C31046FDF746F9214641F260
:1059800001003A1DFFF748FC044600283AD1786828
:10599000C3685A7885F870205A88A5F872201A7959
:1059A00085F87120B3F80720A5F87420B3F8053006
:1059B000A5F87630FDF728F9214641F202003A1D9C
:1059C000FFF72AFC0446E8B9D7F804C005F18006C1
:1059D000DCF80C20531C41323446186859680833EF
:1059E00003C493422646F7D16046FDF70DF995F8BA
:1059F0007C3059060AD40121A44AA54813F0DBFAE9
:105A00006FF0120420460C37BD46F0BD002142F273
:105A100003003A1DFFF700FC04460028F2D17A6823
:105A20009C4BD168D1F80100D1F8051003C3104692
:105A3000FDF7EAF8214642F202003A1DFFF7ECFBBF
:105A400004460028DED17E68F468B4F801309AB2CA
:105A500092B1E27882B1A5F8FC30E378032B06D04E
:105A60000322022100928A488B4A12F006FAE27859
:105A70008A48114617F02BFE3046FDF7C5F81F2364
:105A800095F87C60A5F8103116F0200619D14FF07A
:105A9000FF304FF0FF31FFF75BFA0446002800F0BB
:105AA000A08102210C3012F0D9FF0123214603709E
:105AB0004670324640F66D40FFF7AEFB04460028C4
:105AC000A0D195F89C301A0712D5002142F21C0093
:105AD0003A1DFFF7A1FB0446002893D17868C368FC
:105AE000D3F80120D3F80530C5E93823FDF78CF849
:105AF00095F8D8309B0623D53846B91CFFF734FCFF
:105B0000044600287FF47EAF4FF0FF304FF0FF31A6
:105B1000FFF71EFA0646002800F0638104210C30CE
:105B200012F09CFF3B88224603807B8831464380ED
:105B300042F22400FFF770FB044600287FF462AFB6
:105B40004FF0FF304FF0FF31FFF702FA0446002814
:105B500000F0478108210C3012F080FF95F8D82022
:105B6000214612F0020F14BF2F230F23960695F83B
:105B7000D92048BF43F0400312F0090F4FF0000254
:105B800018BF43F400630370C3F3072343708270AC
:105B9000C270027142718271C27142F20100FFF75C
:105BA0003BFB044600287FF42DAF95F87C30B5F818
:105BB000FC1098065DD4C9B941F205003A1DFFF703
:105BC0002BFB044600287FF41DAFB5F8FC307C6841
:105BD0004BB9E368B3F80120A5F8FC209A882F4858
:105BE000114617F074FD2046FDF70EF84FF0FF3018
:105BF0004FF0FF31FFF7ACF90446002800F0F180C8
:105C000008210C3012F02AFF102303708823002291
:105C100043700226202321468270C67002714271B1
:105C20008271C37140F60140FFF7F6FA044600287E
:105C30007FF4E8AE01463A1D4FF60140FFF7ECFA5B
:105C400090B3174A0221124813F0B5F9EB79002BF3
:105C500040F0B78000F08CFC044600287FF4D2AE00
:105C600002F074F8044600287FF4CCAEFFF7B8F9D0
:105C7000C8E60029BAD101210A4A054813F09BF968
:105C80006FF00404BEE600BFA0010020C26F050053
:105C9000180F050078020020E66F0500A002002022
:105CA0004F7005002C7005007B686E46DC688AB07A
:105CB000B4F80130042B96BF574A584952F82310C4
:105CC00002AAD3614FF4007355481384554BC2E9BF
:105CD000050142F8103F4FF41351534813F081F976
:105CE000B4F80120B546022AB4F8033049D1052B97
:105CF00047D84E4A52F823106E468AB002AAD361A2
:105D00004FF400734A481384464BC2E9050142F838
:105D1000103F4FF41351444813F063F9B5466379CB
:105D200094F806C0032B98BF424AB4F80760D4F831
:105D300009006C468CB094BF52F82310374902AA70
:105D4000C2E9073C4FF40073DFF8FCE093853A4B5F
:105D5000C2E905E1C2E909604FF4735142F8103F0E
:105D6000314813F03EF9A5467868FCF74DFF002155
:105D70004FF602403A1DFFF74FFA044618B12F4A7A
:105D800060E72649B8E77868C368B3F80130A5F83A
:105D9000C130FCF739FF95F8C1305A077FF556AF8F
:105DA00021464FF603403A1DFFF736FA08B1244A60
:105DB00048E77868C3685B7885F8C030FCF724FF53
:105DC00044E72E78002E7FF445AF95F8C1309B064E
:105DD0001FD54FF0FF304FF0FF31FFF7B9F8044601
:105DE00010B96FF068040DE606210C3012F036FE93
:105DF000D5F8013021460360124B32469B888380E0
:105E00004FF60640FFF708FA044600283FF422AF99
:105E1000F8E56FF08504F5E5081D0500286D05001F
:105E20007370050004000001180F0500F01C050048
:105E30008C700500E01C050007000001D170050012
:105E4000FA700500A1010020A470050010B5FFF74D
:105E500071FD034B1B6813B1BDE81040184710BD1E
:105E6000506E002073B52A4D0646D5F84C0117F048
:105E7000E0FA48B90121274A274813F09CF86FF04F
:105E80001204204602B070BD6FF0020105F1D4008B
:105E900013F0AAF8012113F099F810EA010434D1A3
:105EA0001E4B1E600A4605F5907017F010FC05F5B4
:105EB0009E7017F0EBFB1A4817F0F6FC6FF0070323
:105EC0004FF400621749164800940AF0FBF916498E
:105ED000134817F041FDD5F84C01144983681B683D
:105EE0009847044630B101210346114A0A4813F08D
:105EF0006BF8C6E726B902B0BDE87040FFF71ABDDF
:105F000005F1C4000AF0D8F9BBE76FF07704B8E7F1
:105F1000A001002023710500180F0500506E00201D
:105F2000584A0020A0DC00203B710500B549030061
:105F30004471050073B5C368D9789A781E8842EA1F
:105F40000122ADF8002059791A79B4B242EA01224F
:105F5000ADF80220D9799A79204642EA0122ADF8BB
:105F600004201A7A5B7A012142EA0323ADF8063055
:105F700001F088F9054658B901211D4823461D4AFC
:105F800013F022F80221204613F018F902B070BD78
:105F9000694601F0D5FB38B91E21204613F00EF9F1
:105FA000284600F0F9FFF1E74FF0FF304FF0FF31E6
:105FB000FEF7CEFF04460028F2D00E210C3012F07E
:105FC0004DFD00230680C0F80A30BDF800302146A0
:105FD0004380BDF802308380BDF80430C380BDF833
:105FE0000630038142F22000FFF7C4F8D8E700BF73
:105FF000180F05009F69050038B5042104460C30D0
:1060000012F066FD034640885D7818B12246197883
:10601000FEF756FE35B1044809F04AFFBDE83840A6
:10602000FFF7A0B838BD00BFC0020020B0B50446DD
:10603000032100AF0C3012F04BFDE26803461178EB
:1060400040F63542B0F80100904216D16C468AB055
:106050006A46104B1048CDE90531104B4FF41251F0
:10606000079340F20133ADF820300D4B42F8103F5A
:1060700012F0B7FFA546BD46B0BD1D7810B122464F
:10608000FEF71EFE002DF6D0064809F011FFFFF7BF
:1060900069F8F0E760710500180F0500EF4705008B
:1060A00004000001C002002038B50AF0A7FB2F4D04
:1060B000D5F83C31002B56D00022002305F5907016
:1060C00009F02AFF00284ED10022002305F59E701A
:1060D00009F0BCFE044668B940F6AA43244A2549A3
:1060E000254810F001FF84F31188BFF36F8F03235D
:1060F000184602DFD5F830315BB101211F4A204834
:1061000012F059FFD5F83001FCF77EFD0023C5F8E9
:106110003031204612F06BFCC5F830012046FEF706
:1061200055FF0346C8B10121164A154812F04CFF2D
:10613000154809F0BDFE2046FCF7C6FC0C22134BA7
:1061400002FB0033588818B122461F21FEF7B8FD24
:106150002046FCF759FDFFF705F8FFF703F8BDE807
:1061600038400AF05FBB01F011F9F8E7A001002008
:10617000FA6A0500FC680500476B05009871050088
:10618000180F0500D66D0500C00200202C6E0020FF
:10619000F8B506460024094DEF79E3B29F4202D8D4
:1061A0006FF0010007E02946304613F023F8073569
:1061B000631C08B12046F8BD1C46EEE7A001002094
:1061C00070B51A4E06223146054619F060FC38B308
:1061D0004FF0FF304FF0FF31FEF7BAFE044608B330
:1061E000062229460C3012F03FFC2146002242F2E2
:1061F0000500FFF711F8044648B110F10D0F04D166
:1062000002210B4A0B4812F0FDFF204670BD3346B9
:106210002A6843F86929AA88B280012283F8682095
:106220000024F2E76FF06804EFE700BF09020020E6
:10623000D8720500200F050073B504460D4689B1DC
:106240002846174912F0D6FF60B9164A2968C4EBF0
:10625000C4041151A318AA889A80AA799A710020BF
:1062600002B070BD6E46304612F01AFE0028F7D11B
:106270003046FFF78DFF0028F5DA0A4A0098C4EB94
:10628000C4041051B179B088A31898809971002D79
:10629000E5D012592A609A88AA809B79AB71DEE713
:1062A0006C8D0500A001002070B5044629BB38B3F1
:1062B000264912F09FFF18BB2046FFF769FF002810
:1062C0003EDA23786BB9224AD379002B38D1206883
:1062D0001060A179A0889171012190801846D17138
:1062E00070BD012B04D1A37903F0C003C02B07D0EC
:1062F0000121184A184812F085FF6FF01500EFE7EA
:10630000134DEB79012B1ED005F1D40012F07CFF68
:10631000C30707D4002CF0D020460C4912F06AFFC6
:106320000028EAD1EE792146731C3046EB71FFF765
:1063300083FF08B93046D3E7EB79013BEB71CFE738
:106340006FF07700CCE76FF00B00C9E76C8D0500AC
:10635000A0010020E7720500200F05002DE9F341A0
:10636000044640B91A4A02211A4812F04BFF002095
:1063700002B0BDE8F081002141F2090001AAFEF758
:106380004BFF054608B1144AEDE7019E0622D6F8F8
:106390000C80124908F10107384619F078FB28B142
:1063A000062238460E4919F072FB18B93046FCF740
:1063B0002BFCDCE7D8F801303046C4F80130BB884C
:1063C0002570A4F80530FCF71FFC0120D0E700BFC2
:1063D00015730500200F05002E730500798D05004B
:1063E000738D050007B56846FFF7B8FF044BD871F9
:1063F00018B169460020FFF71FFF03B05DF804FBEA
:10640000A00100202DE9F041304E88B0F17900293B
:1064100054D196F8C24014F0010411D12C4A022143
:106420002C4812F0EFFE0024F471162500240127F9
:10643000F379E0B283422BD8002B3FD000203AE022
:106440006A464FF60940FEF7E7FE08B1224AE6E742
:10645000DDF800C0DCF80C5095F80180B8F1000FB1
:106460000ED0AB1C02AA12351746186859680833BB
:1064700003C7AB423A46F7D1186838609B88BB80A7
:106480006046FCF7C1FBB8F1000FCDD1134AC6E757
:1064900008AB05FB003353F8182C33F8143C69465D
:1064A000CDF80120ADF805308DF80070FFF7C4FE7F
:1064B00001340028BCD008B0BDE8F08100210846B6
:1064C00008B0BDE8F041FFF7EFBE00BFA00100201B
:1064D0004C730500200F05007873050098730500C4
:1064E00038B50C4661B108480578012D05D1013059
:1064F000FFF766FE00B9257038BD00200870FBE785
:106500006FF01500F8E700BFA001002010B50C46A1
:1065100041B300F06DF8A8B100F11003184612F075
:1065200073FEC1050ED5184612F06EFEC20409D5E1
:106530000E4B1B78012B03D101230020237010BDCB
:106540000023FAE700F054F820B1103012F05CFE9E
:10655000C305F1D4002012F05FFE0028EFD1012323
:106560002370ECE76FF01500E9E700BFA001002001
:1065700038B5104DEB7913B10024204638BDFFF734
:1065800031FF044628B10C4A01210C4812F03AFEB2
:10659000F3E7EB79002BEFD1FFF734FF0446002837
:1065A000F1D1681CFFF70CFE04460028E5D0044A30
:1065B000EAE700BFA0010020C1730500200F05001D
:1065C000E073050003460148184700BFB8010020EA
:1065D00008B500210448FFF7F5FFBDE80840502248
:1065E0000021024819F03DBA5D920400B801002074
:1065F00000487047B801002070B505460E464FF0C0
:10660000FF304FF0FF3186B0FEF7A2FC0446A0B188
:1066100002210C3012F022FA094A4670057003A9D3
:10662000204605230095FEF781FC0022214642F218
:106630000C00FEF7F1FD06B070BD6FF06800FAE7E0
:106640007402002008B50C4B0246400903EB8000A1
:1066500012F00FFE02F01F0340FA03F313F00100E3
:1066600006D122B9054812F004FE40F3C01008BD5F
:106670006FF07700FBE700BF546E0020740200202B
:10668000084A430902EB8302012300F01F00834004
:10669000DB43D2E8EF0F1840C2E8E10F0029F8D140
:1066A000704700BF546E002030B587B00022002331
:1066B0005D4809F009FB0446002840F092805B48E1
:1066C00012F0D7FD10F00103584D46D02B1D93E872
:1066D000070006AB03E90700554812F0CAFDC0F3F6
:1066E0004013524812F0C5FD044600286CD07BB11F
:1066F0000C2250490DEB020019F0C9F9044600289C
:106700006CD000210846FFF777FF0446002865D1CA
:106710000023ADF80930BDF80E309DF80C00ADF83F
:106720000530BDF810308DF80400ADF80730431E79
:1067300058420DF109015841FFF7E8FE04460028D0
:106740004CD14FF0FF304FF0FF31FEF701FC054612
:10675000002849D16FF0680440E0354812F089FD07
:1067600010F0800F344A0ED04FF480749089D18994
:106770001269ADF80C40ADF80E00ADF81010ADF890
:1067800012300592A8E72D4C03AB2068616803C363
:10679000A068186092F8D930180748BF052323482D
:1067A00048BF8DF80D3012F064FD810706D5302307
:1067B000ADF810306023ADF80E308DE71B4812F0B5
:1067C00058FD4207F3D487E743B10146FFF714FFB2
:1067D000044618B9174B2861C3E90100124809F0B3
:1067E000E5FA204607B030BD072201A90C3012F0AF
:1067F0003BF92246294642F20B00FEF70DFD044606
:106800000028EBD19DF80D10012001F00101FFF7E8
:10681000F3FE04460028E1D1064B06AA12E9070060
:1068200083E80700DAE700BF706E0020546E002096
:1068300074020020646E0020A00100202C160500C8
:106840004422002110B5084819F00BF9064B03F15A
:106850001C001C4616F092FE04F1300016F08EFE6D
:106860000022024B1A6010BD546E0020A06E002062
:10687000032838B5054603D1BDE83840FFF714BFFB
:10688000FFF7E0FE0446A8B90B4B6A0903EB82034D
:10689000012205F01F018A40D3E8EF0F1043C3E83F
:1068A000E10F0029F8D1FFF7FFFE044610B128469A
:1068B000FFF7E6FE204638BD546E00202DE9F04F6C
:1068C00000F10C088BB00446404612F009F9064668
:1068D000864812F0CEFC00F001038448039312F0C6
:1068E000C8FCC0F38003029316B90BB0BDE8F08F6B
:1068F000039B13B9029B002BF7D0238A082B07D8E0
:1069000001217B4A7B480BB0BDE8F04F11F0A2BAE1
:106910000921404612F0DCF8037A228A01339A42B8
:106920000546EDD30123ADF824307F238DF81E30CA
:10693000037A471C03445B7A8DF81D30FF238DF8E2
:106940001C300023ADF822300278042A98BF6A4B2D
:106950008DF81F2098BF9B5CADF82030037A634808
:10696000019312F086FC00F00109604812F081FCEE
:106970008246B9F1000F0BD0BDF820305A0707D579
:10698000297A40460131013E12F09AF8F6B2ABE79F
:10699000384612F09EFA0DF1100B00284FD0394600
:1069A000584612F08BFAB9F1000F02D11AF0040F19
:1069B00059D1524BD3F800A0BAF1000F14D0E268BD
:1069C0006369B4F810B0A2EB0309019B9DF81F2086
:1069D00023829DF91D10434604A8D0476369A4F89B
:1069E00010B013FA89F3E36004AB0693444B1B68C1
:1069F000002B36D053F80899B9F1000F01D0A9F156
:106A000008091A688AB1E1686269B4F810B0A1EBAC
:106A1000020A019A414622821B6806A898476369C8
:106A2000A4F810B013FA8AF3E360B9F1000F18D09C
:106A3000D9F8082002B1083A4B469146E1E76B7855
:106A4000FF2B09D12F4B186804909A889B79ABF8DB
:106A500004208BF80630A6E7394612F0D8FB03462F
:106A6000F1E7002306932148BDF8203012F001FC25
:106A700010F0010984D1DB0782D50322484604A91E
:106A800000F054FF824600283FF47AAF022012F053
:106A9000F3FBD5F801305046CAF87E30BB88AAF81F
:106AA0008230BB798AF8843012F0FFFAA8B11F2334
:106AB00049468AF80930504600F0C0FA504600F0C6
:106AC0006BFAFFF7F1FD034600283FF459AF0221AE
:106AD0000D4A084811F0C7F952E75046022100F06C
:106AE000ADFA504600F058FA4AE700BF546E002055
:106AF0000A740500300F0500C08D0500A06E00204F
:106B0000986E00206C8D050079690500F8B5054682
:106B1000224812F0AEFB43070F463CD52A78012AE3
:106B200003D96FF015042046F8BD6B780F2BF8D809
:106B300043F6FC746888031F9BB2A342F1D8A9886E
:106B40000B1F9BB2A342ECD88842EAD37AB9002249
:106B50000023134809F0B8F804460028E3D1FFF7F2
:106B600071FD044640B10E4809F020F9DBE712F050
:106B700069FB0028EBD1D4E728686968094E0A4B05
:106B800003C6A8681F6030602046FFF771FE044608
:106B900006F12400E8E76FF00A04C4E7740200205D
:106BA000846E0020586E0020A06E00200020024B52
:106BB000186012F061BB00BFA06E002008B503484A
:106BC00012F057FB00F0010008BD00BF546E00201A
:106BD00070B505460B4B1C6844B154F8143C143C8A
:106BE00013B12846697A98476469F5E7064C074E61
:106BF000B44200D370BD236813B12846697A984720
:106C00001834F5E7E86E0020980E0500C80E050060
:106C100010B50446FBF758FF044901EB001120466C
:106C200012F098F9BDE81040FEF79CBAA46E00205F
:106C3000002270B50446D1E901560748C1E9012296
:106C400016F02CFD3DB1314620462B46BDE8704084
:106C50006FF06D02184770BDC80D00201FB50446C7
:106C60000430D0E8EF3F43F48062C0E8E12F002910
:106C7000F7D15B053AD412F019FB800322D5E178F5
:106C8000002935D0A37A072B30D1254B93F8D83083
:106C90009B062BD512F0DAF940B30DF10E0103A8D3
:106CA000FEF762FB10BB2046BDF80E20BDF80C10AD
:106CB00012F03CFA0346C8B101211A4A1A4812F0F0
:106CC000F8FA13E0E37823B1154B93F8D83019079D
:106CD000D5D5204612F00FFA034620B10121134A00
:106CE000114812F0E6FAA37A072BC8D004B010BD01
:106CF0000B4B93F8D930DA0706D4022319460C4A15
:106D0000094812F0D6FABDE7022320461A46009140
:106D100012F02BFA03460028B4D00121054AEFE710
:106D2000A00100207C740500000F05002B740500F5
:106D30004C7405006574050070B5054600220023FB
:106D40000E4809F0E9F8B8B90D4B1C6834B154F895
:106D50000C3C143C03B198476469F7E7094C0A4EB0
:106D6000B44204D32846BDE8704009F0A5BAA36830
:106D700003B198471834F3E770BD00BF900D0020B1
:106D8000E86E0020980E0500C80E05002DE9F041C0
:106D9000044640270025EFF3118287F31288BFF3E2
:106DA0006F8FE16929B1206A0B688142E36108BFF6
:106DB000236282F31188BFF36F8F71B1D1E901684B
:106DC0000748C1E9015516F069FC1EB10022414691
:106DD0002046B047FEF7C6F9DDE7BDE8F08100BF09
:106DE000C80D00200448B0F8FC3000F58070002B7E
:106DF00008BF0020704700BFA001002030B5044646
:106E0000FBF7B2FB0D460D4A0D4989B00858D2F880
:106E1000C810884205D1204609B0BDE83040FFF7D0
:106E2000B5BF24342146104616F004FD1DB1694655
:106E3000204616F00FFD09B030BD00BF30660020BF
:106E40000800000038B5002204468A4202D100241E
:106E5000204638BD012004F1C803D3E8EF5F002DC0
:106E600004D1C3E8EC0FBCF1000FF6D102D0D0344E
:106E70000244EAE7002CEAD0C8220021204618F09C
:106E8000F0FD04F14000044916F014FD034904F13B
:106E9000240016F0A4FCDBE7217C0300C39204006D
:106EA000F7B516460D4601210446FFF7A7FF012E50
:106EB00023D0022E52D123693BB131480121314AFE
:106EC00010F0C8FF204612F01AFA256121690B8ADA
:106ED000012B53D9CA681288043292B293424DD31F
:106EE00043D9012100922648274A10F0C6FF2046C8
:106EF00003B0BDE8F04012F002BA206940B9234A5D
:106F000031461F4810F0A6FF204612F0F8F901E0C4
:106F10002A8A2AB9284603B0BDE8F040FBF774BEC0
:106F2000018A438A47695B1AC168C91B5B1A9A4286
:106F30000CD9174A3146124810F08CFF0022204627
:106F4000216901F05FF900232361E3E7E9680C3070
:106F500011F08AFD2846FBF757FEB7E701213346BB
:106F60000C4A074812F0A5F9CEE70023012220467B
:106F7000236103B0BDE8F04001F044B903B0F0BDB7
:106F8000000F05009874050018750500B57405001C
:106F9000D3740500FA74050008B500F1C803D3E8FE
:106FA000EF2F013AC3E8E12F0029F8D1AAB90B4B22
:106FB000984212D303F5D07290420ED2C01AD02359
:106FC000B0FBF3F203FB120038B9054808F070FF7C
:106FD000BDE80840034809F06FB908BD404B0020E8
:106FE000900D00208008002010B5044612F090F9A2
:106FF00009F004FC104A04F1BC03D2F8141161B981
:10700000C4F8BC10D2F8181159B9C2E9453309F0D7
:1070100009FCBDE81040FEF7A5B88B4205D0096811
:10702000EDE70B60C2F81831F1E709F0FBFB2046F1
:10703000FFF7B2FFEDE700BFA0010020F8B5857AA9
:1070400004468D420E4600AF1CD1082D98BF694BF7
:107050006C4688B094BF53F82530674B6A46674941
:10706000CDE905134FF40073ADF81C30644B42F8C2
:10707000103F00234FF4E4516248F9F78FFDA54615
:10708000BD46F8BD8172DDB1022D1CD0A37A082B5C
:1070900000F2AD8001A252F823F000BFFB700300A4
:1070A0009571030065710300817003008170030016
:1070B0008170030081700300D570030081700300AC
:1070C00012F026F9E2E78378012BDFD1403016F089
:1070D000FFFBDBE70023C4E90D33E378012BCFD1BD
:1070E000A378494A012B04BF032384F89830002376
:1070F00004F1400009F050F9C2E7082DC0D8DFE8DC
:1071000005F02A0521172626212A2A0004F1400528
:10711000284616F0DDFB01212046FFF76FFE2046D2
:1071200012F0EDF800220023284609F069F9A7E7DC
:10713000022012F0A1F8034620B10221334A31485F
:1071400012F0B7F8637A13B12046FFF741FD2046ED
:10715000FFF722FF94E733462D4A0221294812F017
:10716000A8F88DE7A378012B8AD12A4B9D8A002DA0
:1071700086D00A2340F2E730002147F612265D430D
:107180004FF47A720023E5FB0601EAF747FB02465B
:107190000B46ADE7637A3E2B0FD16D4688B06A4649
:1071A0001D4BCDE90534032342F8103F00234FF473
:1071B000C4511448F9F7F2FCAD46164D05F580763A
:1071C000616911B9FDF7CEFF5AE7A2690B689142D8
:1071D00008BFA36120466361FFF72AFDB5F8FC30C4
:1071E000002B14BF3046002008F062FEE8E70B4A8F
:1071F0003346B2E7D01D0500337505003D75050027
:1072000003000001000F05005A6202004E750500E0
:107210007F750500A001002096750500BD7505006D
:107220002DE9F84306460F4690460025DFF83090DA
:10723000684200F0D000484412F06AF8044620B1D9
:1072400083781E4208D1FFF7A7FE6B1C022B4FF07C
:107250000105EDD1BDE8F8834146B8472046F2E785
:10726000404B002000220F200149FFF7D9BF00BF8B
:107270003F930400002201200149FFF7D1BF00BF66
:10728000B79204002DE9F04105460E464FF0000884
:10729000154F384612F03CF8044658B1837A012B5A
:1072A00002D0073B012B03D82388AB420ED02046E7
:1072B000FFF772FE08F10103022B4FF0010807F1FE
:1072C000D007E6D100242046BDE8F081A3781E4215
:1072D000F9D102212B46054A054811F0EAFF204664
:1072E000FFF75AFEEEE700BF404B0020D9750500BE
:1072F000000F0500034BC01A034B00115843C0B2E6
:10730000704700BF404B0020C54EECC470B51C4612
:10731000144305460E460DD0FBF726F90E49D1F869
:10732000C8400E4909588C4206D102210C4A0D482A
:1073300010F090FD002213460B49002D14BF284683
:10734000084611F025FB044618B1711D0C3011F0F0
:107350007AFB204670BD00BF3066002008000000A8
:10736000F0750500000F0500D80D002010B504468B
:10737000054808F0A1FF204600F03EFE2046BDE88B
:107380001040FFF725BC00BF700800202DE9F04F2A
:10739000002387B000AFFB607B61BB4B5A8A3AB1D8
:1073A000BA4DD5F814413CB91C37BD46BDE8F08F45
:1073B0001B68002BF4D1F7E754F8BC3903B1BC3B90
:1073C0000026B34901E01C461346B5F8FC20002A0C
:1073D00000F05781D5F808214AB904F1BC06002B0A
:1073E000E2D0D3F8BC20002AEDD0BC3AEBE70A6823
:1073F000002AF2D0D4F8A820002AEED0D4F8AC208D
:10740000002AEAD0D4F8B020002AE6D0A37A072BCD
:107410006AD120469047002866D004F1C00011F0E0
:1074200045FF022860DC204611F072FF0446002868
:10743000BAD0A37A072B40F021812046D4F8A83097
:10744000B5F8FC1007F1100298478146002800F0BB
:107450000581B5F8FC203B699A4208D30146D4F86F
:10746000AC60204607F1140307F10C02B0477B69BA
:10747000D7F80C803B60B9F81030002B00F0F88092
:107480004846D7F810A011F07BFD7860002840F046
:10749000F280B5F8FC30DFF808B2002B14BF584674
:1074A00000200022002308F037FD78B900220023D5
:1074B000774808F0CBFC064600283BD1B5F8FC30F5
:1074C000002B18BF5E46304608F0F2FC6FF00B054B
:1074D0004846FBF799FBB8F1000F00F0AA802A4656
:1074E00020463968C047A4E0D4F8BC3004F1BC029F
:1074F000C6B9D5F81811C5F814318A4201D1C5F8BA
:10750000183100232046C4F8BC30D4F8B030984776
:1075100000288ED0A37A072B40F0B0802046FFF7DA
:1075200063FD86E73360D5F818319A4208BFC5F885
:107530001861E6E73B68C0F804808360B5F8FCB0EA
:107540000022DA454FF000034FF000014E4898BF8B
:107550001FFA8AFBFBF7DAFA804650B1FBF7B4FA60
:107560004C4B5A4603EB00134946404611F0CDFC04
:107570008046B5F8FC3094F8C4909A4584BF012346
:107580007B607B689CBF09F102095FFA89F984F886
:10759000C43004F1C00ADAE8EF3F0133CAE8E23F41
:1075A000002AF8D100233360A369002B5AD1C4E923
:1075B0000566A378012B58D108F10C0B042158461D
:1075C00011F06DFA238809F0FD0943EA09330380BD
:1075D000B8F810300221043B4380584611F067FA96
:1075E0004046FDF7F3FC8146002847D0DAE8EF3F3C
:1075F000013BCAE8E23F002AF8D1314604F1140009
:1076000011F062FE244A4B460121244811F051FE3C
:107610004046FBF7F9FA20463146FFF709FBB5F87B
:10762000FC301F48002B08BF002008F041FC6FF021
:1076300004056E4688B01B4A0423CDE905256A4639
:10764000079442F8103F4FF4015114480023F9F712
:10765000A5FA1321B546204611F083FE2046FFF718
:107660009BFCA1E61E60A661A3E76FF01509BDE7CC
:107670006FF079052CE76FF0040529E7FDF772FD3F
:10768000ECE79368FFDE00BF440E0020A00100205D
:10769000C80D0020A46E0020D66D0500000F050067
:1076A000A00200201976050040F2E2432DE9F041E6
:1076B000D0F888600446B6FBF3F6031D184611F0B7
:1076C000F5FD8204B6B213D5B4F88C20B2420FD8BF
:1076D000B4F88E20B2420BD3D4E92412914207D1E0
:1076E000D3E8EF1F21F40051C3E8E21F002AF7D1CD
:1076F000104B1D6865B155F8047C143D37B1314617
:107700002046B4F89230B4F89020B8476D69F1E79C
:10771000094DDFF82880454501D3BDE8F0812F6988
:1077200037B131462046B4F89230B4F89020B847CB
:107730001835F0E7E86E0020980E0500C80E050029
:107740002DE9F041074608460D4611F081FC06463A
:1077500018B900263046BDE8F081144B1C6884B18E
:1077600054F8083C143C0BB96469F8E729463846DC
:1077700098470028EDD0284611F06AFC0028F3D184
:10778000E7E70B4CDFF82C804445E3D2E3680BB904
:107790001834F9E72946384698470028D9D02846B2
:1077A00011F056FC0028F3D1D3E700BFE86E0020AB
:1077B000980E0500C80E050038B505460C460E4863
:1077C0000221FFF73FFBB0B1057223680367A3886E
:1077D000A0F87430A37980F8763001238370074BCA
:1077E000C0F8A830064BC0F8AC30064BC0F8B0303B
:1077F000054BC0F88C3038BD404B0020F97E0300AB
:10780000979204008B920400180028002DE9F041A3
:1078100006460F464FF000080F4D284611F078FD40
:10782000044620B18378012B0DD0FFF7B5FB08F19A
:107830000103022B4FF0010805F1D005EDD1002422
:107840002046BDE8F0813A46314611F0E3FD0028BC
:10785000F6D12046E9E700BF404B0020F0B589B0E3
:1078600000AF0D46FFF7D2FF044618B3294638464D
:10787000FCF758FDA37A6D46082B98BF0F4A8AB0D3
:1078800094BF52F823300E4B6A46CDE907730D4B77
:107890000D4909930D4BCDE9051442F8103F002323
:1078A0004FF442510A48F9F779F92046AD46FFF7FF
:1078B00073FB01202437BD46F0BD00BFD01D05007D
:1078C00033750500010302043C7605000500000243
:1078D000000F050038B50446134811F0E7FC4207D5
:1078E00002D46FF00A0038BD084611F0B1FB10B9A0
:1078F0006FF01500F7E7FFF761F90028F1D10A48AA
:1079000011F0D4FC0306C0F3C0150AD411F09AFCA0
:107910000028EDD021462846FFF7A0FF0028E2D03E
:10792000E6E76FF07700DEE7740200202DE9F84308
:1079300005460E4690460027DFF84C90784200F04E
:10794000D000484411F0E4FC044620B18378012BB8
:1079500008D0FFF721FB7B1C022B4FF00107EDD174
:1079600000240DE036B13246294611F053FD08B926
:107970002046EEE7A37A4345FAD1237AAB42F7D10A
:107980002046BDE8F88300BF404B002070B58B78DF
:107990000646012B0C4692B042D191F8703007ADEB
:1079A000032B37D8DFE803F0023032341E49284673
:1079B000EFF7B8FE059594F871301E21049394F802
:1079C00072301A4A039394F873300AA8029394F819
:1079D0007430019394F87530009394F876300CF07D
:1079E00039FF32460AAB10AD1C4603CCAC421060E6
:1079F0005160234602F10802F6D12068106030463B
:107A0000A388938012B070BD0949D0E70949CEE739
:107A10000949CCE70A212846084A0CF01BFFC9E7B0
:107A200000238DF82830DCE7AB680500CD68050041
:107A3000B2680500B9680500C3680500A07A0500B2
:107A400010B583780B70C3784B70037A8B70837A90
:107A5000023BDBB2062B8EBF0023254AD35C81F8A4
:107A60002030012381F8213000234B848378012BBF
:107A70003AD100F170038B60037A1E4AC3EBC30353
:107A800013444B60C27800F1770300F17E0412BB0F
:107A90001A462346C1E9032340F2E242D0F8883077
:107AA0004B61B3FBF2F30B83B0F890304B83B0F82B
:107AB00092308B83D0F8A4302BB15B7CDA0644BFC4
:107AC000012381F82330D0F8A43013B15B7C9B06EE
:107AD00003D4002010BD2246DCE791F8233043F0A8
:107AE000020381F82330F4E76FF01500F2E700BFDE
:107AF000C58D0500A00100202DE9F04105460E4688
:107B000090461F46002B49D01B6823B10221264A0C
:107B1000264810F09FF941462846FFF7DBFE044651
:107B2000002836D12846414611F04AFC0546002877
:107B300037D096E80F001E4C04F1080C8CE80F00BB
:107B4000A38A002B08BF4FF49673A382238A03B93C
:107B5000A3892382638A03B9E389022128466382C9
:107B6000FFF76CFA284611F0A0FA0446A0B10021F4
:107B700028466972FFF762FA2846FFF70DFA0320DC
:107B8000FEF776FE034620B102210A4A074811F0AB
:107B900090FB2046BDE8F0813D60FAE76FF01504E8
:107BA000F7E76FF00B04F4E775760500000F0500AA
:107BB000A00100207969050038B5044608460D4645
:107BC00011F046FA38B3154B93F8D830990707D41B
:107BD000E37873B129462046BDE8384000F03EBB4B
:107BE00094F899309A07F3D5201D11F05FFB4304F8
:107BF000EED42946204611F02DFC58B92B88A4F864
:107C00008C306B88A4F88E30AB88A4F89430EB8865
:107C1000A4F8963038BD6FF01500FBE7A0010020F6
:107C2000F7B510F8363C0446A0F140060BBB3046D1
:107C300011F063FC3D4B1D684DB155F8103C143DEF
:107C40001BB1304614F8371C98476D69F4E7384D7E
:107C5000384FBD4205D3304603B0BDE8F040FFF7D2
:107C60009BB96B681BB1304614F8371C9847183520
:107C7000EFE710F83E3C012B3AD110F83D3C8BB9B0
:107C8000FDF794FC693033D102212B4A2B4810F0C8
:107C9000E1F840F239120023204603B0BDE8F0407D
:107CA00008F0AEBBA0F13C05D5E8EF3F23F400524D
:107CB000C5E8E12F0029F7D1990421D5E36C694685
:107CC0000093636D30460193FFF776FF034688B952
:107CD000D5E8EF3F23F48053C5E8E23F002AF7D10F
:107CE000D5E8EF3F43F40063C5E8E23F002AF7D14F
:107CF00003B0F0BD124A0221104811F0DAFAEFE7A2
:107D00004FF428130F4A69463046CDE90023FFF7A8
:107D100053FF034640B9D5E8EF3F43F48053C5E82D
:107D2000E23F002ADCD0F6E7074AE4E7E86E0020ED
:107D3000980E0500C80E0500AA760500000F050084
:107D4000DD760500180028000277050038B52148C7
:107D500015F09CFC20491F4815F0A0FC1F491D4848
:107D600015F09CFC1E491B4815F098FC12F011F808
:107D700003F022FA044628BB12F064FE044608BB56
:107D800011F062FC174811F0C3FA054638B104300F
:107D900011F08CFAC20717D42846FFF7FDF81248F5
:107DA00011F0B6FA054668B1043011F07FFAC30746
:107DB00005D50023032128462B72FFF73FF92846FB
:107DC000FFF7EAF8204638BD032128462C72FFF75A
:107DD00035F9E1E7C80D0020C46E0020D06E002008
:107DE000DC6E0020404B0020104C00200346012197
:107DF000014A024810F037B8B5770500280F050092
:107E000080B500AF88B06A46074BCDE90530032343
:107E100042F8103F00234FF4C2510448F8F7BEFE69
:107E20006FF00B00BD4680BDDD770500280F050013
:107E300010B50B4A13683BB1936C23B1FFF7E0FF19
:107E40006FF00B0010BD0123482000FB03205B42B4
:107E5000044C03F048031A44446000200A60F1E730
:107E6000F06E00201C1E050070B5044652EA0300A7
:107E700008D0FAF779FB074D074ED5F8C8503058AF
:107E8000854201D1002213462046BDE870400431EE
:107E9000FFF73CBA306600200800000073B50546C5
:107EA00018462B680BB39B7A072B1ED1002A0CBFF8
:107EB000012302230E7A9E4209DD01210C4A0D485E
:107EC00000960FF0DAFF6FF0150002B070BDCB7AAC
:107ED000072BF8D9C8618A6105F1300015F0DEFB87
:107EE000284611F0E1FA0020EFE76FF07F00ECE7A1
:107EF00004780500280F05002DE9F84F88469146C3
:107F0000D0F8B44000AF44B1403C236B63B9206863
:107F1000B43011F0E8FA246CF5E7FDF723F90026F8
:107F20003046BD46BDE8F88F04F1300A504615F0E2
:107F3000CAFB05460028F0D011F022F880B16C464B
:107F400088B06A46294BCDE90535032342F8103F36
:107F500000234FF4C2512648F8F720FEA546DEE77D
:107F6000284610F044FD656C06469DB9A38C058A31
:107F7000403B9BB23F2B03D8238D9D4228BF1D461B
:107F8000042106F10C0010F08AFD0580A38C043555
:107F90004380656445451FD8B6F810B0AB4506D19F
:107FA00000220023504607F051FFFAF72DFEA38C64
:107FB000A3F140023F2A06D8AB451ABF0022134660
:107FC0000C4AF361B2612068B43011F08CFA236B73
:107FD00013B1204611F068FA636C98452CBF00215C
:107FE000A3EB0801C9F80030616499E72478050023
:107FF000280F0500FB950400F7B504460026234D25
:10800000234FBD4201D303B0F0BD2988204611F0B3
:10801000EBFA6B68019001A920469847002830DBF5
:10802000019B2A889A829A8403F11002D2E8EF1FFA
:10803000C2E8E06F0028F9D11E645E649E60A16B07
:1080400003F10802F9B9C4E90D221C60DE6003F1F6
:10805000300015F01BFB019843681B6803B198477B
:10806000019B1033D3E8EF1F41F00101C3E8E21F89
:10807000002AF7D101984368DB6913B100F11001C0
:1080800098470835BDE70A60A263DEE7800E050069
:10809000980E05007FB50D460646042105F10C003B
:1080A00010F016FD2A8A43880446934208D00093B4
:1080B0001346444A012144480FF0DFFE04B070BD6E
:1080C000417839B90121414A3F4804B0BDE87040C8
:1080D0000FF0C0BE0278122A22D0132A1AD0012A29
:1080E000ECD0022113463848394A0FF0BCFE6178C3
:1080F00002220120356811F05DFA04460028DDD027
:1081000002210C3010F0AAFC0023214603704370BA
:10811000284624E0022BD1D0022200922D4AC9E742
:10812000082B03D0082200922B4AC3E73468A37AB5
:10813000072B02D00221294AC6E7E378A3B1022225
:10814000012011F037FA05460028B7D002210C3083
:1081500010F084FC0023294603704370204604B0CD
:10816000BDE8704011F056BAEB6813201A88ADF8DC
:1081700008205A88ADF80A209A88ADF80C20DB88D0
:108180000222ADF80E3011F015FA0546002895D000
:1081900002A92046FFF7D4FA0646022105F10C0099
:1081A00010F05CFC86F00103DBB203802946204618
:1081B00011F030FA002E81D0204602A911F04AF9C0
:1081C0007CE700BF3C780500280F05005D780500BE
:1081D000E97805007E780500A9780500DB780500C0
:1081E00008B50B8A032B06D80121044A04480FF076
:1081F00031FE002008BDFFF74DFFFAE711790500B9
:10820000280F050038B50B8A0546032B0C4609D804
:1082100001210F4A0F480FF01DFE2046BDE83840EF
:10822000FAF7F2BC042104F10C0010F051FC418873
:10823000284611F000FA30B9074A0B4605480221DA
:108240000FF011FEE9E7436821465B699847E4E7D0
:108250002F790500280F05004C79050070B5134AE9
:108260000C4613780646013313F0FF010ABF0123C1
:108270000B46194613701220082211F09BF905468F
:1082800088B108210C3010F0E9FB228829460280D1
:1082900062884280A2888280E288C2803046BDE83F
:1082A000704011F0B7B96FF00B0070BDEBB9002052
:1082B00023281FD81A2804D8431E182B0ED90620AD
:1082C0007047A0F11B03082B1ED8DFE803F0051D43
:1082D0001B231D19251D05000320704701230F4A8C
:1082E00083401A40C2B90E4A1A40002A0CBF062029
:1082F0000120704700F07F03522B05D1002070470A
:10830000012070470520704710F0400F14BF002077
:10831000062070470420704702207047AAAA8A02EC
:10832000545545012DE9F74F064608460C46FAF725
:10833000CBFB182343432D4F0546FA189168019152
:10834000E16806F14C00D0E8AF0FC0070AD4012164
:10835000274A284811F09BF96FF01509484603B0E9
:10836000BDE8F08FE068007810710022FA500B78B9
:10837000D22B0FD133682146186812F060FB81467A
:1083800040B101211C4A1B4811F081F92046FAF73F
:108390003BFCE3E7182303FB0573D4F80C80D4F807
:1083A00014B0B4F810A09E60002321461A46301D78
:1083B000FFF774FD81460028D0D010F1690F04D179
:1083C00001210E4A0B4811F062F96269A8EB0B0813
:1083D00012FA88F2E26018225543019B7A19A4F838
:1083E00010A0936047F80590B8E700BF886F0020A1
:1083F00081790500F00E05009B790500AE79050036
:1084000008B5EFF31181402383F31288BFF36F8F18
:10841000002303600F4B5A68C2B9C3E9000081F31F
:108420001188BFF36F8F0C4807F046FF031E0CDA6C
:1084300001210A4A0A480FF016FD002383F3118830
:10844000BFF36F8F0323184602DF08BD106058602A
:10845000E5E700BF806F0020B8080020D179050053
:10846000F00E0500011F014815F03DB8AC0C0020CE
:108470000121024A024811F00AB900BFFA79050049
:10848000F00E050010B5044600F14803D3E8EF1FD5
:1084900041F00101C3E8E21F002AF7D1201F11F0CB
:1084A0004EF904F16400044915F004FA2068BDE8AF
:1084B000104002F0E3BD00BFB594030073B50E4653
:1084C000438D418B01328B4228BF0B469A420546B1
:1084D00009D9022100921D481D4A0FF0CEFC00244C
:1084E000204602B070BD3046FFF7E2FE6FF0140385
:1084F000034113F0010310D0FAF736F8154B195861
:10850000154BD3F8C83099421DD0144B1B685A1A2A
:1085100018BF4FF0FF32134600E0114A0021114806
:10852000FFF7A2FC04460028DAD0FAF7CDFA1822A9
:108530000D4B012102FB003304F10C009D6010F093
:108540008DFA0670CCE70022E5E700BFF00E0500CB
:10855000177A05000800000030660020D06F002068
:108560001C4E0E00FC0D0020886F002070B50446E4
:1085700001F10C000D4610F0BBFA266801462B8A6B
:10858000EA68306812F0D5F91E2100222046FFF774
:1085900095FF014630B90121044A054811F077F8EA
:1085A000002070BD204611F0BCF8F9E73C7A0500C8
:1085B000F00E0500F0B51D4603680E46003904466E
:1085C00018BF012187B01868174612F0C3F940B9E7
:1085D00004F14C0011F0B0F9002846D0002007B09B
:1085E000F0BD002D43D018220021684617F039FA5B
:1085F0006FB1002213212046FFF760FF019030B9D0
:108600001C4801211C4A11F042F81120E7E72368B9
:1086100029461B68284600930023ADF812300C9BB6
:10862000164A0393BDF834308DF80860ADF8103069
:1086300001238DF814306B4611F05AF99DF814306F
:1086400063B1002FCAD00198FAF7DEFA2A46314604
:1086500020469DF8143011F07AF9BFE701990029FE
:10866000BCD0204611F05DF8B8E71220B7E7012032
:10867000B5E700BFF00E0500597A0500A797040082
:108680002DE9F3410B8A04460D4643B90121294ADD
:10869000294810F0FCFF002002B0BDE8F081076817
:1086A000012105F10C0010F013FABB7A0646072BE6
:1086B000F1D154F8043C002BEDD0002203781F4F79
:1086C000043C17F832004FEAC208984207EBC20197
:1086D00014D12A8A4878904226D90121009316485D
:1086E0001346174A0FF0C9FB04234744BA78012AFE
:1086F000D1D1002BCFD00022317811E001321C2AD9
:10870000DFD1104A02210C480FF0ADFB317808464A
:10871000FFF7CEFD2122C24012F00102BBD1062399
:10872000204611F014F9B6E74B68204629469847D1
:108730000346DAE7727A0500F00E0500441E0500D4
:10874000A77A05008D7A0500F8B5124A074600237E
:1087500011480D4610F01CF9044638B901212B468A
:108760000E4A0F480FF07FFB2046F8BD00F10C06C3
:108770000921304610F067F92046FAF7A5F91822CA
:10878000084B012102FB003330469F6010F066F970
:108790000570E9E71C4E0E00FC0D0020B5770500C2
:1087A000F00E0500886F00202DE9F0410E8A044686
:1087B000043EF6B2022E08468CB001D0102E64D1D1
:1087C00004210C3010F084F90DF108080588478861
:1087D000011D3246404610F043FB002857D0A5B398
:1087E00000268FB3AF4230D34FF42053404601A947
:1087F0008DF80460ADF8063010F005FB48BB14227C
:10880000002107A817F02DF911212046FFF79CFF42
:108810000990002837D001210C30CDE9074810F02D
:108820001DF900230A90394603701A4A0B93284613
:1088300007AB11F05DF8DDE909131B78FBB90846B9
:10884000FAF7E2F90A2301E03D4601232A46102106
:108850000EE042F60103404607A98DF81C60ADF812
:108860001E3010F0D0FA0028C9D010232A4619462D
:10887000204611F06CF800200CB0BDE8F0812046D5
:1088800010F04FFFF7E71120F6E70420F4E70E2081
:10889000F2E700BFED8D03002DE9FF4103680446B8
:1088A0000D461868012112F055F840B904F14C004A
:1088B00011F042F8A0BB122004B0BDE8F0811022F4
:1088C0000021684617F0CDF821212046FFF73CFF34
:1088D000029038B34FF00108009405F10C072B8A81
:1088E000012B04D82046029910F01BFF18E03846EF
:1088F00010F0FEF86B4601460B4A06468DF80C80D8
:1089000010F0F6FF9DF80C30002BE8D00298FAF733
:108910007BF93246202120469DF80C3011F017F8E3
:108920000020C9E71120C7E7B19B04002DE9FF41F2
:10893000036804460D461868012112F00BF840B98F
:1089400004F14C0010F0F8FFA0BB122004B0BDE809
:10895000F08110220021684617F083F80F2120468D
:10896000FFF7F2FE029038B34FF00108009405F1D2
:108970000C072B8A012B04D82046029910F0D1FE57
:1089800018E0384610F0B4F86B4601460B4A06462C
:108990008DF80C8010F0ACFF9DF80C30002BE8D067
:1089A0000298FAF731F932460E2120469DF80C3034
:1089B00010F0CDFF0020C9E71120C7E7359C040067
:1089C000F0B51D46036804460E4685B001211868BF
:1089D000174611F0BFFF38B904F14C0010F0ACFF9E
:1089E00050BB122005B0F0BD65B3102200216846CF
:1089F00017F037F839462046FFF7A6FE029018B365
:108A0000BDF828302946ADF80430012328468DF8FA
:108A10000C300E4A6B46009410F06AFF9DF80C3043
:108A200002995BB10846FAF7EFF82A46314620462C
:108A30009DF80C3010F08BFF0020D3E7204610F09B
:108A400070FEF9E70120CDE71120CBE7359C04004B
:108A50002DE9F0410E8A0446043EF6B2022E084685
:108A60008CB001D0102E76D104210C3010F030F8EB
:108A70000DF1040805884788011D3246404610F074
:108A8000EFF9002869D085B377B3BD422DD8012115
:108A9000606811F05FFF064678BB42F602038DF86E
:108AA000000069464046ADF8023010F0ACF920B342
:108AB00042F60303404606A98DF81860ADF81A3057
:108AC00010F0A1F9C8B1012D03D14FF6FF739F42F9
:108AD00013D004F14C0010F02FFF002814BF002029
:108AE00012200CB0BDE8F0813D4601232A46082142
:108AF000204610F02CFF0020F3E7182200210DEB98
:108B0000020016F0AEFF09212046FFF71DFE089077
:108B1000F8B101210C30CDE906480FF09FFF00238A
:108B2000099003700A2339468DF82C30284606AB8D
:108B30000B4A10F0DDFE9DF82C3008992BB1084649
:108B4000FAF762F89DF82C30D0E7204610F0E9FDE6
:108B5000D1E71120C5E70420C3E70E20C1E700BF1D
:108B6000A58E03002DE9F0430F460446062187B089
:108B700007F10C000FF0ACFF0588EDB1B0F80280F2
:108B8000B8F1000F17D0454516D8002382888DF81C
:108B900000308DF804304FF42053684601A9D7F80F
:108BA0000C90ADF80220ADF8063010F02CF9064616
:108BB00060B10A2301E0454601232A4606212046EA
:108BC00010F0C5FE002007B0BDE8F0830146142276
:108BD00001A83F7C16F045FF07212046FFF7B4FDB2
:108BE0000290D8B10A2341468DF81530284601ABD2
:108BF0000B4ACDE9036901948DF8147010F078FEEA
:108C00009DF8153002992BB10846F9F7FDFF9DF844
:108C10001530D2E7204610F084FDD3E71120D2E7CB
:108C2000918C03007FB5CB6804461D888DB15E88AA
:108C300076B1B5420DD810220021684616F011FF1A
:108C400005212046FFF780FD019058B9112007E06B
:108C5000354601232A460421204610F078FE0020E4
:108C600004B070BD6B4631462846084A009410F0A7
:108C70003FFEDDE9011323B90846F9F7C5FF0A23D2
:108C8000E8E7204610F04DFDE9E700BF1998040021
:108C90002DE9F04342F60103002591B0D2F800809F
:108CA00006460F4600680BA9D8F8049014468DF8C4
:108CB0002C50ADF82E3010F0A6F800286DD04FF4EF
:108CC000205330680BA98DF82C50ADF82E3010F0E1
:108CD0009AF838B1A3681BB15A88BA4200D25F80B3
:108CE000012010E06168084610F0B9FCB8F82A20AD
:108CF000B8F81A309A4294BFC0EB0200C0EB0300F0
:108D0000032803D8002011B0BDE8F08308460FF017
:108D100072FE05466168084610F0A1FC6B8A2A8A3B
:108D2000A3EB020C6B69EA68D21AACEB0203B8F849
:108D30002AC0B8F81A20944594BFC0EB0C00C0EBD1
:108D40000200834228BF03466BB9887AF9F7B4FE64
:108D5000002200230FF01CFE05460028D2D0014659
:108D600060680FF059FE002300933146D6F8048066
:108D70001023484602AAC047061E0EDB227CE0688C
:108D8000964227D001460BA810F06AF840B9237C20
:108D9000134A022113480FF066F80023A3609FE7EF
:108DA000F2B202A906A810F05BF810B90E4A3346D9
:108DB000EFE706A90BA810F026F80028EDD1002354
:108DC0000421637405F10C000FF048FEA0600780D9
:108DD000A36884E7324602A916F059FEEDE700BF0A
:108DE000C67A0500F00E0500E57A05002DE9FF4181
:108DF0004FF000084FF4205305460E46006802A9C4
:108E0000144617688DF80880ADF80A300FF0FBFFA4
:108E1000A0B142F60103286803A98DF80C80ADF8D3
:108E20000E300FF0F0FF48B123691BB15A88B242EF
:108E300000D25E80012004B0BDE8F081616828683E
:108E40000FF0E1FF10B100232361F3E7E368A068AE
:108E50001A786AB1B7F81AC0798D038A8C4594BF25
:108E6000C3EB0C03C3EB0103934201DA0020E2E7FA
:108E700004210C300FF0F2FD2061068023692946A1
:108E80005E80074B0194009338460023A26810F0DF
:108E900006FE0028EADB2069003818BF0120CAE777
:108EA000D19804002DE9F347176805468946006804
:108EB00051681446D7F804A00FF0A5FF804600289B
:108EC0004BD195222946504611F005FC06462075E7
:108ED00040B1E3681B780BB184F81480002002B025
:108EE000BDE8F0872946504611F06CFD10B9082303
:108EF0002375F3E7A06826750FF07DFD02210C3085
:108F00000FF0ACFD164B2061A0F800900093019487
:108F1000334629463846A26810F0C1FD002807DA1A
:108F200010F1FF0F32BF0E204042C0B22075D5E7CE
:108F30002369002BD2D0A06810F091FB7B8D7A8B37
:108F40009A4294BFC0EB0200C0EB0300E3681B78B9
:108F5000984294BF00200120C1E70120BFE700BF75
:108F60006F9604002DE9F04182B000AF04468846B8
:108F70000022002339463B4806F078FE0546B0B192
:108F80006D4688B06A46384BCDE90534032342F874
:108F9000103F00234FF4C2513448F7F7FFFDAD46B0
:108FA0006FF00B0630460837BD46BDE8F081F9F793
:108FB000DBFA2F4B29461A582E4B38681A602422A8
:108FC00016F04FFD3B6800221C603C680023C4E99A
:108FD0000155C4E907552848391D7D6006F046FE55
:108FE000064688B123686C4688B06A462349CDE9B5
:108FF0000513032342F8103F4FF4C4512B461B487E
:10900000F7F7CCFDA546CBE70146A022786816F01D
:1090100028FD78681A4B8360543014F037FB7B6866
:109020004C33D3E8EF2FC3E8E16F0029F9D17B6817
:109030001C60E3697D681BB904F10C0014F026FB89
:10904000E26905F19803C5F89820226AE36102B944
:10905000236217227B685A855A830433C8F800308C
:10906000A0E700BF900C0020047B0500F00E050077
:1090700008000000D06F0020AC0C0020297B050008
:109080009008002008B5837A072B06D002210C4AED
:109090000C4810F0FCFA002008BD042110F0CBFAB7
:1090A00010B9094A0121F3E700F14803D3E8AF3FC3
:1090B000DB0701D4054AF5E750F8040CECE700BFE4
:1090C000DB780500F00E05004E7B05008179050078
:1090D0002DE9F04F85B000AFB860EFF31188402361
:1090E00083F31288BFF36F8F584C204610F0ADFA0F
:1090F0002668054688F31188BFF36F8F00285FD07C
:10910000F9F7E2FC182202FB00F35149C81851F8A4
:1091100003A003690021D0E90248FB6090F80490A5
:10912000B0F806B016F09DFCA87AF9F7C5FC69699D
:10913000034659B16A7AD00706D4DA69284612681C
:109140007B60926890477B6800226A6129461846D6
:1091500014F0AFFAB9F1000F0DD064B1236853B128
:109160001B6843B1BAF1000F2ED001215346394A92
:1091700039480EF078FE1EB30020B96814F05AFB8F
:1091800000281DDA6C468AB06A46344B0593344B8E
:10919000CDE906304FF40073ADF82030314B42F882
:1091A000103F00234FF411512B48F7F7F7FC002331
:1091B000A54683F31188BFF36F8F0323184602DFA0
:1091C0001437BD46BDE8F08F201D10F063FD484602
:1091D000FFF76EF80528CED801A353F820F000BFA2
:1091E00025920300F9910300779103002592030073
:1091F00077910300F991030004F14C03D3E8AF3FEA
:10920000DA0705D40121184A134810F040FAB2E7F2
:10921000236D002BAFD00023144A04F1680007F03F
:10922000EFF8A8E754F84C3B1D68D4E8AF3FDB07E4
:10923000E8D5B8F1000F9ED0002403E02846F96875
:10924000C0470134A3B29B45F8D894E7806F002053
:10925000886F0020697B0500F00E0500887B050003
:10926000CC8D050004000001817905001C4E0E0024
:10927000F8B50F461646FFF705FFB0B1C4692046A2
:109280001CB150F8984904B1983C731C194638B188
:10929000428B458DAA4228BF2A469A4207D264B91A
:1092A00002210A4A0A480EF0DEFD0020F8BD3246CF
:1092B0003946BDE8F840FFF701B9D4F8985005B138
:1092C000983D20460B462C46E2E700BFA37B0500F5
:1092D000F00E050007B50B4600210246F9F744F9E8
:1092E00001910E4909580E480068884204D00D4883
:1092F000D0F8C800884201D10022134601A90A48CB
:1093000006F0B4FC014638B91022019816F0A9FB0A
:10931000019803B05DF804FB0020FAE708000000A4
:10932000D06F002030660020C80C002010B5044625
:10933000806818B1F9F768FC0023A3602146BDE8F6
:109340001040014814F0CFB8C80C00202DE9F743B5
:10935000044668300F4690461E4614F0B9FA206D58
:1093600050B90221144A154810F091F9204603B073
:10937000BDE8F04300F086B8114B98424FF000036F
:1093800017D045684360206DD0F80C90FFF7CEFFF2
:1093900000232068236510F0AEFC3DB12068CDF8B5
:1093A000009043463A4631460068A84703B0BDE8FE
:1093B000F0831D46ECE700BFBE7B0500F00E050004
:1093C000D46F0020F7B550F8044C0546002C55D05A
:1093D00000F1940104F11C0010F095FA2E1F05F124
:1093E000500700220023384606F030FD024658BBE5
:1093F000EB6C2BB101466FF067033046FFF7A6FF19
:10940000002345F8043C05F14803D3E8EF1F21F0A1
:109410000101C3E8E21F002AF7D1E36973BB04F13D
:109420000C0600220023304606F010FD78B966686D
:1094300086B921461248266014F055F8286803B012
:10944000BDE8F04001F04ABEF9F7DEFBC9E7F9F7E5
:10945000DBFBE6E7A26833689642636008BFA3605F
:1094600077683FB1F3686FF06701009300232068CD
:109470001A46B8473046FFF759FFD8E703B0F0BDAA
:10948000900C002010B504460430FFF79BFF132119
:1094900060680FF066FF034630B1BDE8104001215F
:1094A000024A03480EF0DFBC10BD00BFD57B0500AB
:1094B000F00E0500F0B589B0044654F8683D00AFE1
:1094C00038461968FEF762FA6E4688B06A460B4B5A
:1094D000CDE905374FF40073ADF81C30084B42F866
:1094E000103F00234FF4E2510648F7F757FB2046A0
:1094F000B546FFF7C7FF2437BD46F0BDF37B050037
:1095000003000001F00E050008B5036D6BB1084AB9
:1095100093420AD0CB68DB78002B08BF0E230022D1
:109520001146FFF713FF002008BD0E23F7E700BF29
:10953000D46F002010B50C4608B301B3FFF7A2FDAD
:10954000E8B1C3693BB153F8982902B1983A196D53
:109550008C4206D062B90430214610F0D4F920467E
:1095600002E02046064A1A65BDE81040FFF7DEBE5D
:10957000D2F8981001B1983913460A46E7E710BDB2
:10958000D46F0020F8B51D460F461646F9F79CFA31
:109590001823044C03FB00400123C0E90376C38079
:1095A0000575F8BD886F002008B514F0DCFD38B1F2
:1095B00001210346034A044810F0F1FC6FF0040057
:1095C00008BD00BF267C0500100F050038B5054614
:1095D00048B1154B1A4613F8011C5C1E0FF01AFF18
:1095E00058B1204606E011490F4810F030FD78B11F
:1095F0000D4B581E38BD0020FCE72846217C04F1A5
:1096000011020FF007FF0028F5D004F11000F1E778
:10961000054B064903F1100010F019FD0028EAD0AF
:10962000014B03F10F00E5E7157000206C8D05007C
:1096300070B50E4C054623780E46834203D1601C5C
:1096400010F005FD68B9237BAB420CD131460848C8
:1096500010F0FDFC20B10120404200F00C0020443D
:1096600070BD0020F8E70020FAE700BF167900205F
:109670002379002070B54A1C0C46054688B910466F
:109680000D4910F0E4FCA8B904F10A0604F10B023C
:109690005DB12846A17A0FF0BDFE00B90026304624
:1096A00070BD09780FF0B6FEEDE71046024910F0E4
:1096B000CEFCF2E72646F2E76C8D050038B505468C
:1096C00048B1154B1A4613F8011C5C1E0FF0A2FEA0
:1096D00058B1204606E011490F4810F0B8FC78B1A7
:1096E0000D4B581E38BD0020FCE72846217C04F1B4
:1096F00011020FF08FFE0028F5D004F11000F1E701
:10970000054B064903F1100010F0A1FC0028EAD037
:10971000014B03F10F00E5E7417000206C8D05005F
:1097200038B50C4619466BB103F114055B698AB96B
:10973000E268A360954200D1E36000230D681A46F9
:109740004B61A847A3685BB9601C0649BDE8384077
:1097500010F095BC1360E3689D4208BFE260ECE73F
:1097600038BD00BF6C8D05002DE9F8431E46BDF8DD
:10977000203081460F46D1F80C80002B45D1731E56
:10978000012B45D8012E41460CBF15781588FFF7EF
:1097900071FF0446C0B915B93046BDE8F8834146AB
:1097A000FFF768FF044638B91B4802211B4A10F036
:1097B00064FC6FF01000F0E709F17001013010F067
:1097C0005EFC99F808302370D8F81C308BB92581DD
:1097D000B8F81430AB4203D04146384610F09EFC36
:1097E000002DD9D10E49601C10F049FC257025814F
:1097F000D2E72A463946484698470028CDDB01384B
:109800000128E4D96FF00D00C7E76FF00600C4E748
:109810006FF00C00C1E700BF100F05003C7C050095
:109820006C8D0500024608B50749013010F027FC91
:1098300000230C3202F8043CD2E8EF1FC2E8E03FFC
:109840000028F9D108BD00BF6C8D05002DE9F0415D
:1098500080460F4616461D46FFF7EAFE044680B9CD
:109860001249FFF7E5FE044630B9BDE8F041012199
:109870000F4A104810F001BC394600F8018B10F077
:10988000FEFB23892BB962892AB926816581BDE84F
:10989000F0819E4204D36289AA42F8D29E42F5D258
:1098A00063892681AB42F2D2F0E700BF6C8D0500E0
:1098B000567C0500100F05002DE9F84306460D46BD
:1098C0001948002117469846DDF82490FFF702FD5D
:1098D000044660B14560C7604A4630469DF8201096
:1098E000FFF7C6FC054638B92046FFF71FFD6FF0AD
:1098F0000B052846BDE8F883002201231146FFF737
:1099000041FE2846A5603A464946C047054618B17B
:109910002046FFF70BFDECE72146304610F0C1FA78
:1099200005460028E5D0F3E71C4E0E0073B50C4643
:109930000546082104F11000164610F093FB12238F
:1099400004223146CDE9003228462246024BFFF779
:10995000B3FF02B070BD00BF95A504002DE9F0472C
:10996000284B1646826807469A422BD1C568AB8AB7
:1099700043B34FF000086C1C05F11509B4F807302B
:109980009BB12246304614F8011C0FF043FDE0B9AC
:10999000214614F8010CFDF739FF30B1837A072B0B
:1099A00008BF48F00108FDF7F7FA0A344C45E5D145
:1099B000B8F1000F06D1AB69A5F8148013B1414688
:1099C000384698470120BDE8F08706F1700A5146F5
:1099D000307A0FF068FB78B90B4B9D4202D13046CC
:1099E00010F0B2FD2046094910F049FB002304F8AD
:1099F000013CA4F80730D8E75146204610F03FFB61
:109A0000D3E700BF69970300E00800206C8D0500D4
:109A10002DE9F0419846BDF818300646012B17464F
:109A200035D84344012B454634DCFFF7CFFD0446CF
:109A300068B9FFF7CBFD044648B90221184A194816
:109A400010F01BFB6FF010052846BDE8F081B8F15F
:109A5000000F11D00023217A21FA03F2D00703D599
:109A60003A78DA40D20718D50133032BF4D13B788A
:109A700003F0070319432172601C06F1700110F016
:109A8000FEFA337A2046237010F099FDDCE76FF080
:109A90000605D9E76FF00C05D6E76FF01205D3E79E
:109AA000757C0500100F050010B56FF0020104462B
:109AB0000E4810F0EBFA0D4810F0D1FAC20704D5A9
:109AC000002200230A4806F09BFC204610F01FFAF3
:109AD00050B12046FFF77AFD30B1037ADB0703D59A
:109AE000BDE8104010F06BBD10BD00BF904D0020D0
:109AF000604D0020012110B5144810F0B3FAC307DF
:109B000023D40221114810F0ADFA084007D11049C2
:109B1000104A0B88104CA24211D300B10B800F49A0
:109B20000F4813F0C7FE40F2391200230C48FAF731
:109B300083FCBDE810400B490B4813F0BBBE5068D6
:109B4000083203449BB20120E5E710BD34700020C9
:109B50002E790020C80E0500E00E0500D19D0300FF
:109B6000F04C002021A10300604D002003462DE9A8
:109B7000F04148B1008A38B901244FF0140C114962
:109B8000DFF844E0714501D3BDE8F081D1E900760A
:109B9000BB4204D30CFB0672143A93420ED93444F0
:109BA000A2B214460831EDE70CFB0578434507D017
:109BB00001356219AE4292B2F6D1F2E70025F8E71C
:109BC0001046E1E7C80E0500E00E05002DE9F74F4D
:109BD00099464FF6FF73BDF830500746002D08BF79
:109BE0001D46244B90461B88009183423CD203B013
:109BF000BDE8F08F73682344BB4232D29CB2083672
:109C00001D4B9E42F6D3F2E74046895801930FF070
:109C1000FAF8019B90B101340AF1010AA4B2736809
:109C20005345ECD9009B9C42E1D8BC42F3D30BFBDB
:109C30000AF231688B18B8F1000FE5D1B9F1000FC5
:109C40000BD1013D1846ADB221460E9A0D9B9847A7
:109C5000002DCCD00028DED1C9E7DA689145DAD1F1
:109C6000EFE74FF0000ADAE701244FF0140B034E40
:109C7000C6E700BF2E790020E00E0500C80E0500E3
:109C800030B5ADF5117D10220021684615F0E9FED2
:109C90001822002105A815F0E4FE4FF41053ADF88A
:109CA000103080231022ADF812304FF48063254C21
:109CB0006946CDE906340DEB02008EAB07F0A6FF36
:109CC0000BAD034638B1204A0121204810F067F956
:109CD0000DF5117D30BD01464FF40372284615F095
:109CE000C0FE22462846D5F80C1214F039FA034675
:109CF00008B1174AE8E72B464FF6FF710120154AD5
:109D000010F0DCFC10222846134904AB14F03DFA95
:109D10000446D5F80C0207F02DFF14B10F4A234674
:109D2000D2E721460C4B03F11002187812F8014DCE
:109D30000131082903F8014B1070F6D1084810F0E2
:109D400091F9C5E70002C003A17C0500100F0500D2
:109D5000CA7C0500A39F0400E04C0020E87C0500BD
:109D6000904D00202DE9F04116490446A1F1300044
:109D700015461E46BDF8187013F0BDFD124810F0D0
:109D80006EF9010701D4FFF77BFF2046FFF71EFCA9
:109D900068B1037ADA070AD500F10C04204610F006
:109DA0005EF9C30703D40221204610F05BF91023AB
:109DB0003A46069331462846BDE8F041034B10F081
:109DC000FABA00BF204D0020904D0020E04C00204A
:109DD00008B5054810F043F9030703D4BDE808406F
:109DE000FFF74EBF08BD00BF904D0020002307B510
:109DF0000193FFF7BBFE411C89B20846034A01AB41
:109E000010F05CFC019803B05DF804FB539F040064
:109E10002DE9F04387B0837A8046072B0C46154620
:109E200002AF40F0A68000233B7342F60303206894
:109E300007F10C01FB810EF0E6FF0646002834D145
:109E4000D4F80490B9F1000F05D101214B4A4C48D8
:109E500010F013F98DE001232146009007F108026C
:109E6000C847031E11DA6D4688B002AAD3610423E5
:109E70004449C2E9051442F8103F4FF401513346FA
:109E80003F48F6F78BFEAD4673E0012B05D001216C
:109E90003D4A3B4810F083F86BE03B7A13F0300FFB
:109EA00067D02046FFF7A2FF0446002320683B73DB
:109EB00042F6021307F10C01FB810EF0A4FF18B16A
:109EC0002046FFF793FF0446002642F60219206859
:109ED00039463E70A7F802900EF095FF18BB00239C
:109EE00020683B7342F6021307F10C01FB810EF070
:109EF0008AFF064600283CD1D4F80490B9F1000F3F
:109F0000A3D0022300902146404607F10C02C84727
:109F1000031EA8DB022BBAD1BB8905EA0300003877
:109F200018BF012026E042F603032068391D3E7168
:109F3000FB800EF068FF0028D1D04FF4205320683A
:109F400007F108013E727B810EF05DFF0028C6D04C
:109F500042F60103206807F10C013E73FB810EF00D
:109F600052FF0028BBD02046FFF740FF04460028E0
:109F7000ADD100201437BD46BDE8F083FE7C05005E
:109F8000100F0500127D0500387D05002DE9F8430E
:109F9000894651680746B1F81280154618F09408B2
:109FA0003BD10222FFF734FF002839D000211E48A0
:109FB000AE8AFFF78FF90236044660B11B4B32467A
:109FC0004360C5601D213846FFF752F9064638B98F
:109FD0002046FFF7ABF96FF00B052846BDE8F88384
:109FE000012342464146FFF7CDFAA98A06F10C004B
:109FF00002310EF033FD20F8029BAA8A296915F080
:10A000000AFD21463846A6600FF04BFF05460028A2
:10A01000E3D02046FFF78AF9DFE74FF0FF35DCE7B2
:10A020006FF01505D9E700BF1C4E0E00599F0400C4
:10A0300070B504468AB0374810F011F842070D4653
:10A0400061D514B1A37A072B60D16E6830460596AE
:10A05000FFF78CFD2A68ADF8180032B305A902910C
:10A060002D4900230191012100914FF6FF710593C5
:10A07000FFF7ACFD059E1EB96FF001000AB070BD80
:10A080006E60002330688DF8103042F6030304A997
:10A09000ADF812300EF0B7FE70B90598C3689B7921
:10A0A0009B0605D46FF01500E8E70028E9D1E3E747
:10A0B00010F0BDFAADF81800BDF818003CB101234E
:10A0C00001462A462046AB75FFF760FFD6E76FF0E2
:10A0D0007F0307930223ADF8203042F60213ADF858
:10A0E000123005ABAC7502930C4B4FF6FF71019328
:10A0F000012304AA0093234609958DF81040FFF729
:10A1000065FD0798BAE76FF00A00B7E76FF07F00C8
:10A11000B4E700BF74020020879F04005DA3030022
:10A1200073B5044650F8083C00F130056FF00101AA
:10A13000A0F12006284601930FF0A8FF0D4B002048
:10A1400044F81C3C0C4B314644F8183C01AB44F835
:10A15000103C042324F8080C24F8060C24F80C3CCA
:10A16000FFF766FF18B9022128460FF07BFF02B007
:10A1700070BD00BF601F0500A99A03002DE9F047DC
:10A18000334B81680446994200AF5CD1D0F80C8013
:10A19000156808F1010608F11509B6F80730EBB1AA
:10A1A0003246284616F8011C0FF034F9B0B14FF4CE
:10A1B00095722146284610F08EFA032812D1EA46FD
:10A1C00088B06A46234BCDE9053442F8100F0023CE
:10A1D0004FF4C4512048F6F7E1FCD5460A364E4507
:10A1E00031D0DAE7414620460FF098FF1B4B9845E7
:10A1F00029D1287A05F17001FFF71AFA044610B345
:10A2000003890BB94389F3B12846FDF773F8228916
:10A21000134B144923F82020628903EB80035A80F2
:10A22000182202FB00110B6104230F4A28464A60E2
:10A230000E4A8B828A60FFF7FBFE20B101210C4A97
:10A2400005480FF01AFF0120BD46BDE8F08700BFAA
:10A2500069970300517D0500100F0500E0080020FC
:10A260000E790020E46F0020601F0500C7A50400E0
:10A27000657D050070B504468AB035480FF0EFFEE5
:10A2800042070D465DD514B1A37A072B5CD16E68E9
:10A2900030460596FFF76AFC2A68ADF8180032B31D
:10A2A00005A902912B4900230191012100914FF64C
:10A2B000FF710593FFF78AFC059E1EB96FF0010040
:10A2C0000AB070BD6E60002330688DF8103042F621
:10A2D000030304A9ADF812300EF095FD70B905988E
:10A2E000C3689B79DB0605D46FF01500E8E700280A
:10A2F000E9D1E3E710F09BF9ADF81800BDF81800BC
:10A300002CB101462A46204610F003FAD8E76FF038
:10A310007F0342F6021207930123ADF8122005AA2B
:10A3200002920D4AADF82030CDE900324FF6FF71B0
:10A33000234604AA09958DF81040FFF747FC0798BB
:10A34000BEE76FF00A00BBE76FF07F00B8E700BF21
:10A3500074020020879F04005DA303002DE9F047ED
:10A360003D4B1546826807469A423AD1D0F80C8098
:10A370003A4B98451DD10026394C204639490FF0FB
:10A3800066FE78B90722214614F8010CFDF7CEFAD3
:10A3900050BB2B6921461A6914F8010C53881288A6
:10A3A000FFF754FA731C022B4FF0010604F10C0462
:10A3B000E3D108F1010608F11509B6F80720AB89C9
:10A3C0009A420BD1314616F8010CFDF71FFA82466E
:10A3D00020B1837A072B0AD0FCF7DEFD0A364E4502
:10A3E000EBD10120BDE8F087FCF7D6FDDAE7D8F81D
:10A3F000203023B13946984708B95046ECE77C8AAB
:10A4000014F09404F9D1AB89022B17D1B6F80740A8
:10A4100014F002040AD050462A69A988FFF7B6FD55
:10A42000044618B92A69937D013393755046FCF7A9
:10A43000B3FD002CAC60D1DA0020D3E7012BF5D1BD
:10A44000B6F8074014F00104F0D050462A69A988F4
:10A4500010F05FF90446E9E769970300E00800207F
:10A46000177900206C8D050070B5837A0546072B9F
:10A470000C4686B040F0A1800B7C062B10D8DFE89C
:10A4800003F004045A5A629528000B68CBB11B787C
:10A490004BB1022B13D00121494A4A480FF07FFDEE
:10A4A0006FF0150009E0082301930623224600936C
:10A4B0004549464B2846FFF7FFF906B070BD162305
:10A4C000F2E7102304212246CDE90031404B4149F7
:10A4D000F0E708680028E3D00678002EE0D14FF4BA
:10A4E000245302A98DF80860ADF80A300EF08BFCF9
:10A4F00008B342F60213206803A98DF80C60ADF88A
:10A500000E300EF080FCB0B142F60313206804A9AF
:10A510008DF81060ADF812300EF075FC58B142F6AF
:10A520000413206805A98DF81460ADF816300EF0FC
:10A530006AFC0028B4D1082304222749CDE900325F
:10A540002246264BB6E7086880B300264FF4205316
:10A5500002A98DF80860ADF80A300EF054FC00280E
:10A560009ED042F60103206803A98DF80C60ADF877
:10A570000E300EF048FC002892D042F6020320680C
:10A5800004A98DF81060ADF812300EF03CFC0028E4
:10A5900086D042F60303206805A98DF81460ADF853
:10A5A00016300EF030FC00283FF47AAF0423224628
:10A5B000CDE900330A490B4B7CE76FF07F007CE765
:10A5C000827D0500100F0500B9A704007FA40400D8
:10A5D000E1A10400E9A503000DA7030011A20400F6
:10A5E00075AA030079A104002DE9F0478EB0064654
:10A5F00017461C46169D31B12A4600216B680EB0E5
:10A60000BDE8F047184763B902213D4A3D480FF0C5
:10A6100034FD2A46002130466B6898470EB0BDE8ED
:10A62000F0871378062B08D0142B05D00121364A69
:10A6300034480FF0B4FCECE702214FF00008C146AB
:10A64000013C8DF81010A4B207F1010A9C420CD213
:10A65000002CDED1B8F1000FDBD02A46414630464F
:10A660000EB0BDE8F04710F089B81422002109A807
:10A6700015F0F7F9BAF8002093B2002BC9D0BAF858
:10A6800002101FFA81F8B8F1000FC2D04345C0D8BC
:10A690009DF8103013B3022B25D02B7CADF80C1095
:10A6A000002B42F6010308BF4FF42053ADF80630EB
:10A6B00004AB029301AB099302ABADF834200C93C9
:10A6C0002A4630466B688DF8049009A998470028FF
:10A6D000A4D03B78E41AA4B29A44B7E7BAF804309D
:10A6E000ADF81230D9E70AF104030DF111000AF1B7
:10A6F000140C53F804EB634540F804EBF9D1CCE7B4
:10A70000977D0500100F0500A17D05002DE9F04F94
:10A7100093B0174680461C460A461C9D31B12A4616
:10A7200000216B6813B0BDE8F04F1847297C02295F
:10A7300040F083804BB9A84AA8480FF09EFC2A46F7
:10A74000002140466B6898475BE03B78062B08D0B9
:10A75000082B05D00121A24AA0480FF020FCEEE70B
:10A760001146002642F6020A013C8DF82010A4B2E0
:10A7700007F1010B9C420BD2002CE0D1002EDED061
:10A780002A463146404613B0BDE8F04F0FF0F6BF01
:10A79000BBF800901FFA89F6002ED0D0BBF802005B
:10A7A0009DF82020ADF81C00BBF80410ADF81E1079
:10A7B00062B1022A15D0296831B308A80EF023FB34
:10A7C00010B33B78E41AA4B29B44D3E708AA0692DC
:10A7D0009BF806209BF8071042EA0122ADF82220E0
:10A7E000E9E70A236881A981A5F80890404601920B
:10A7F00000932A467B4B7C49FFF75EF886B2002E19
:10A80000BED113B0BDE8F08F4FF00003102200213D
:10A810000EA88DF81430ADF816A015F022F905AA8F
:10A820000D9206AA109240462A466B68ADF84490F5
:10A830000DA998470028C4D1E3E7032966D113B9CD
:10A840000221654A78E73B78072B02D0152B81D18E
:10A8500002220026013C8DF82020A4B207F1010954
:10A860000DF1200A9C4287D3B9F800B01FFA8BF68D
:10A87000002E3FF464AF9DF8203063B1022B13D05B
:10A880002968F1B150460EF0BEFAD0B13B78E41A17
:10A89000A4B29944E6E799F8053099F8062043EA0E
:10A8A0000223ADF82230EBE709F105030DF1210297
:10A8B00009F1150153F8040B8B4242F8040BF9D14E
:10A8C000DEE799F80230B9F803208DF81E304FF01A
:10A8D00000038DF8143042F603030021ADF81C206C
:10A8E0000EA81022ADF81630CDF818A015F0B9F862
:10A8F00005AB0D9306AB10932A4640466B68ADF846
:10A9000044B00DA998470028C0D17AE72B681E787B
:10A910002EB94CB9304A022130480FF0AEFB2A461E
:10A92000002140466B68FDE6B3F802A0013CA4B2EA
:10A9300007F10109AAF5245A3B78A34204D9002C57
:10A94000EDD1002EEBD01BE7012C01D8274AE2E71E
:10A95000B9F800B01FFA8BF6002EE0D0BAF1040F60
:10A96000DDD801A353F82AF07DA903001FA9030035
:10A9700085A903008DA90300D1A90300032C09D8E0
:10A980001B4AC8E7032C05D81A4AC4E7032C01D890
:10A99000194AC0E7B9F80230ADF820302B68102210
:10A9A00000210EA8039315F05CF8039B2A460D9333
:10A9B00008AB109340466B68ADF844B00DA99847BA
:10A9C00000283FF41EAF3B78E41AA4B29944B3E7E1
:10A9D000082C15D8094A9EE7977D0500100F050041
:10A9E000A17D050065A104003DAA0300B57D050019
:10A9F000C37D0500D17D0500DF7D0500ED7D0500EF
:10AA000099F802308DF8203099F803308DF8213014
:10AA100099F8052099F8043043EA0223ADF8223072
:10AA200099F806308DF8243099F8073099F8082005
:10AA300043EA0223ADF82630B0E700BF70B5102B13
:10AA400005461146049C0BD00121084A08480FF026
:10AA5000A6FA2246284663680021BDE870401847E0
:10AA60002246BDE870400FF0F3BE00BFA17D050097
:10AA7000100F05002DE9F04F8FB00746189D1846BE
:10AA800029B953B90221544A54480FF0F6FA2A461C
:10AA9000002138466B6898479BE01378012B07D05C
:10AAA000022B20D001214E4A4C480FF078FAEEE7F5
:10AAB0000B464FF00409013880B248458DF810303C
:10AAC000E5D34FF00008B0FBF9FBC246541CCDF8AB
:10AAD000008004AEBBF1000F08D12A463846009929
:10AAE0000FF04CFE75E04FF01209E4E72388019364
:10AAF000BDF804300093B8F1000F53D19DF8103029
:10AB0000002B37D0022B3CD02968002945D12B7C63
:10AB1000042B4DD14FF42053304602A98DF808A0E4
:10AB2000ADF80A300EF06FF900283BD042F6010371
:10AB3000304603A98DF80CA0ADF80E300EF063F985
:10AB400080B342F60203304609A98DF824A0ADF87F
:10AB500026300EF058F928B342F60303304609A90F
:10AB60008DF824A0ADF826300EF04DF900BB4FF063
:10AB7000010819E0A378E27843EA0223ADF8123025
:10AB8000C2E7A31C0DF1110204F1120153F8040BEA
:10AB90008B4242F8040BF9D1B6E730460EF033F998
:10ABA0000028B4D04FF000080BF1FF3B4C4491E774
:10ABB000102200210AA814F054FFBDF804302A46E0
:10ABC000ADF8343038466B68099609A998470028D3
:10ABD000EAD10FB0BDE8F08F977D0500100F05009A
:10ABE000FB7D050007B5837A0A46072B2CD14B68FD
:10ABF0003BB908234FF0040ECDE9003E144B154934
:10AC000009E0012B11D0097B5B00019341B12023A6
:10AC100011490093114BFEF74FFE03B05DF804FBA2
:10AC20000E230F4900930F4BF5E74B8933B10C23EB
:10AC30004FF0040CCDE9003C0B4BE0E70A23022166
:10AC4000CDE90031094BDAE76FF07F00E5E700BF9F
:10AC5000CBA4040071AC030035A3040075A204006A
:10AC6000F5A204004DA20400A5A1040091A10400D6
:10AC70002DE9F04F85B002AF804691469A460E46C8
:10AC80003C6B41B96BB92568002322460093F1B2B1
:10AC90004046A84730E0B1F5807F28BF0E262568E2
:10ACA000F2E76368002B71D123890AF1FF35B4F80C
:10ACB0000AB07B60ADB202F1010A002D4DD099F8C7
:10ACC0000030AB4228BF2B46012B0AD802213E4A56
:10ACD0003E480FF064F900230093224604212568C2
:10ACE000D6E7BAF80020023B91B29BB241B90121EC
:10ACF000374A36480FF0C1F90C37BD46BDE8F08F32
:10AD00007868884201D88B4518D26D468AB002AA6D
:10AD1000304BC2E905317B68C2E9073B052342F8A5
:10AD2000103F00234FF422512848F5F737FFAD4676
:10AD300000230093256822460E21A9E72281009373
:10AD400022460021404626680AF10203B047002847
:10AD5000D2D099F80030AB4206D921464046FFF7E1
:10AD600041FF0028C8DAE3E7238962899A4205D1C6
:10AD70000023009325682246194689E70133238181
:10AD800099F80030ED1AADB29A4496E7CDF800A0DC
:10AD9000134625682246A8470028ADD0238A013BE8
:10ADA0009A4503DA009633462568E4E7638921462D
:10ADB0000AEB030540466581FFF714FF00289BDA84
:10ADC000009633462568B6E70D7E0500100F050096
:10ADD000457E0500547E050073B5837A0546072B32
:10ADE0000C4603D06FF07F0002B070BDCB88B3B1CA
:10ADF00028460EF0D0FF0028F4D0A289431F9BB252
:10AE0000934228BF134604339BB201931623224674
:10AE100000930A490A4B2846FEF74EFDE4E78E8967
:10AE20000EF0B9FF02360138B042E1D312232246B8
:10AE300000930449044B0196EDE700BFCFA804003E
:10AE4000B5A204008F9F040079A20400032A2DE913
:10AE5000F74306461C460CD80221244A24480FF02A
:10AE60000CF922460E213046236803B0BDE8F043BA
:10AE70001847B3F80C90151F4D4513D91D4A0121F1
:10AE80001B480FF0FAF818230121CDE900311A4BC5
:10AE9000224630461949FEF70FFD0028E1D103B0E4
:10AEA000BDE8F083DB88B1F80280984506D1A76839
:10AEB0002A463846043114F0EAFD08B1104ADEE7AC
:10AEC000A9EB050318FA85F82F449BB2A4F8068075
:10AED000A760A3812BB918230122CDE90032094BC9
:10AEE000D6E721463046FFF777FFD6E7977D050086
:10AEF000100F0500BB7E0500BDA104008F9F04005C
:10AF0000DD7E0500CFA10400F8B5837A0646072B45
:10AF10000C4643D1FEF7D2FB0546002841D083689A
:10AF2000002B3ED000221746143B9C4209D01889C2
:10AF30002189884208BF47F001075B691BB1143BB8
:10AF4000F3E70122F9E762B304F110000FF087F88C
:10AF5000430703D5214630460FF0CCFC77B104F10E
:10AF6000140105F108000FF0CBFAAB681BB90E49CC
:10AF7000681C0FF084F857B9002007E021463046DE
:10AF80000A4AA781FEF7D2FC0028E8D0F8BD0023CA
:10AF900021461A4630462568A847EDE76FF07F0046
:10AFA000F4E76FF01500F1E76C8D0500A3A0040035
:10AFB0002DE9F0478C68064690469946BDF820A0DA
:10AFC00024B154F8145905B1143D0CB9BDE8F0870B
:10AFD0002389434511D153464A46214630462768C6
:10AFE000B84750B921463046FFF78EFF034620B1DF
:10AFF0000221064A06480EF0D2FF2DB1696901B15F
:10B0000014392C460D46E0E72946FAE7137F050080
:10B01000100F0500F0B587B007460E461546FEF73F
:10B020004DFB0446C8B12A46314603A80DF005FD84
:10B03000BDF81030042B10D9042103A80DF048FDF1
:10B04000BDF8101046880288B14208D2012133466B
:10B05000084A094800950CF010FF07B0F0BD2146E2
:10B06000031D00963846FFF7A3FF314603A80DF0F5
:10B070002FFDDDE7327F0500100F050007B50090BA
:10B0800001206B464FF6FF71034A8DF804000FF064
:10B0900015FB03B05DF804FB7DA103002DE9F04131
:10B0A0000D4B06461B680F46904623B153F80449E2
:10B0B00004B1043C0BB9BDE8F0811B681BB14246EA
:10B0C0003946304698472CB1656805B1043D2346A2
:10B0D0002C46EFE72546FAE7387000202DE9F84FB7
:10B0E000044603464FF6FF7101202D4A0FF0E6FAA1
:10B0F0002046FEF7E3FA064638B92046FEF766FA20
:10B100000546002839D1BDE8F88F8568002DF4D0B8
:10B1100055F8147907B1143F4FF0000804F1700995
:10B12000C24601E03D461F4605F1100B6FF00801D5
:10B1300058460EF0ABFF4946207A0DF0B4FF70B9C7
:10B140002B46424631462046A5F80CA0FEF7E8FA09
:10B15000002FD2D07B69002BE4D0143BE2E75846A5
:10B160000EF07DFFC307EBD473781BB14946701C0A
:10B170000EF085FF05F11408EAE704F17006314688
:10B18000207A0DF090FF20B92846BDE8F84FFEF771
:10B1900049BB3146681CBDE8F84F0EF070BF00BFD8
:10B1A0005D990300034B42689A4204BFC368198249
:10B1B000704700BF71AC03007FB54FF420520023ED
:10B1C000ADF8162004AA02920A4A0120CDE9003205
:10B1D0004FF6FF7105AA04938DF81430FEF7F6FCC4
:10B1E000049B012B14BF6FF01500002007B05DF821
:10B1F00004FB00BFCDA9040080B500AF88B06A464B
:10B20000074BCDE90530032342F8103F00234FF4EC
:10B21000C2510448F5F7C2FC6FF00B00BD4680BD7B
:10B22000537F0500480F050010B50B4A13683BB16A
:10B23000936C23B1FFF7E0FF6FF00B0010BD01230B
:10B24000482000FB03205B42044C03F048031A44EF
:10B25000446000200A60F1E760700020D81F0500FC
:10B2600010B5094C0A44914200D110BD11F8013BC0
:10B2700058400309E35C0001C0B243401809205C58
:10B280001B01DBB25840EEE7E88D05000122024BBE
:10B29000C3F80424704700BF002008E0084B70B5D5
:10B2A000C31A0D4607499B100446594340220648DD
:10B2B0000FF02CFC2B4601462046BDE87040184795
:10B2C00004710020B76DDBB6F4020500402373B5AE
:10B2D0000B4C0093041B0B460D460A49A410614316
:10B2E0000646094A09480FF03DFC014628B13046A0
:10B2F0002B4602B0BDE87040184702B070BD00BFD9
:10B3000004710020B76DDBB6D1AB0400F402050078
:10B31000F8B500220121054640F20510F6F7CAFFF4
:10B320000F4802F0D9FE0446B8B910F0CFFD2F69DE
:10B330000C4938460CF0A1F8031E09DB01263E64D7
:10B340002D69084905F11C000CF097F8031E02DA7C
:10B350001C462046F8BDEE64FBE76FF00404F8E7F6
:10B3600095B40300002005001FB5002201236C46A0
:10B37000CDE902236B46074ACDE900440FF021FCDA
:10B3800028B943F609520023684604F0C5FD04B00D
:10B3900010BD00BFE5AB040010B5EFF311844023EE
:10B3A00083F31288BFF36F8F074A136823F00201FB
:10B3B000DB07116002D4012010F082FD84F31188B4
:10B3C000BFF36F8F10BD00BF547100200C22104BD3
:10B3D000014602FB0033002030B4D3E90E529863DB
:10B3E000EFF31180402484F31288BFF36F8F1C6C3D
:10B3F00004F0C00444F002041C6480F31188BFF31D
:10B400006F8F1DB12B4630BC0248184730BC7047C7
:10B4100004710020F402050010B4EFF31180402203
:10B4200082F31288BFF36F8F17490B6843F0020451
:10B4300013F001030C6017D0144BD3F80C3413F441
:10B44000803311D0EFF3118182F31288BFF36F8F35
:10B450000F4A136C03F0C00343F00203136481F33B
:10B460001188BFF36F8F012380F31188BFF36F8FB3
:10B4700023B100205DF8044BFFF7A8BF01205DF861
:10B48000044B02F019BE00BF5471002000E01050C0
:10B4900004710020022808D0042808D1044B186C3D
:10B4A00010F0070003D1FFF791BF0120FBE77047C1
:10B4B00004710020C3B21C20014A00FB0320704726
:10B4C000047100202DE9F041012280463549D1E880
:10B4D000EF3FC1E8E02F0028F9D133B932493348B2
:10B4E0004B60CB608A600BF0DBFF08F1FF33012B70
:10B4F0004BD8B8F1010F06D12D4BD3F8503403F0DF
:10B500000303012B41D012F021FA054650B1EFF3AD
:10B510001186402383F31288BFF36F8F0125244CDB
:10B52000244F20E0244B1B78002BF0D00422204B2A
:10B530000646C3F80823F2E74DB330460DF0E3F9B1
:10B54000D4F8403413F0FF030DD1D4F8082152B1E0
:10B55000C4F80831D4F8083120220123C4F840345B
:10B56000C7F8A0212361D4F84C24D4F84C34D2037A
:10B57000E2D503F00303012B02D0B8F1010FDBD1B8
:10B5800055B186F31188BFF36F8FBDE8F0810021BC
:10B59000202012F0A1FAD3E70422054BC3F80423BC
:10B5A000F3E700BF00710020F07000202071002040
:10B5B00000E0105000E100E0BBBD002008B50748E6
:10B5C00011F037FF38B10648F7F72EFA0448F4F7C0
:10B5D000D5FB002008BD6FF01200FBE7D403050087
:10B5E000E5B5030038B50D4D044628460CF075FD51
:10B5F000002810DB0A2C04D1AB680D2128465B68BB
:10B600009847AB6805485B68E1B298472022002361
:10B6100002480CF08AFE204638BD00BFD403050066
:10B6200008B50121034A04480CF014FC6FF0150022
:10B6300008BD00BFBD7F0500900F05002DE9F04754
:10B6400007468A4616461D469BB3D0F80490CB1891
:10B65000D9F82020934209D90221174A17480CF043
:10B66000F9FB6FF015042046BDE8F087D0F8108094
:10B670004FF0FF324FF0FF33404604F025FBD9F87E
:10B6800030402B46324651463846A047041E09DA60
:10B69000012123460A4A09480CF0E5FB40460FF019
:10B6A000B5FAE0E72D1B2644A244E8D140460FF04E
:10B6B000ADFA0024D7E700BFD97F0500900F050041
:10B6C000FE7F05002DE9F047D0F804901D4699F85B
:10B6D000293007468A4616464BB102211D4A1E48AC
:10B6E0000CF0B8FB6FF00C042046BDE8F0877DB38A
:10B6F000D9F820204B19934207D90221174A16483E
:10B700000CF0A8FB6FF01504EEE7D0F810804FF0B6
:10B71000FF324FF0FF33404604F0D6FAD9F83440F8
:10B720002B46324651463846A047041E09DA01210D
:10B7300023460B4A08480CF096FB40460FF066FA89
:10B74000D2E72D1B2644A244E8D140460FF05EFA12
:10B750000024C9E71D800500900F05004280050008
:10B76000688005002DE9F04F06468DB0456812F05F
:10B77000A3FA4FF47A74A0FB0407002347F61222C1
:10B7800004FB0171E6F74AF84FF0050B6B8DC51805
:10B7900041F1000812F090FA4FF47A73A0FB03070E
:10B7A00047F6122204FB01710023E6F737F802ABDB
:10B7B000049302234FF0010A04AA069203AACDE9DA
:10B7C0000823059308ABCDE90A3A0F467168CDF816
:10B7D0001CA08146ADF808B051F8040B0AAB06AACC
:10B7E0000FF00AFA034650B10D4A019051460D4838
:10B7F0000CF039FB019B18460DB0BDE8F08F9DF8A9
:10B800000D20D207F7D54D4578EB070704DB002163
:10B81000202012F061F9BDE76FF00F03EBE700BFE6
:10B820008B800500900F05002DE9F0414568074623
:10B83000686A0224834228BF03461E464318B3FBAE
:10B84000F0F34343701883428CB038BF5E1A95F80A
:10B85000283001A80890D8080130CDE90902102B42
:10B8600008AACDE9022401940B961CD0182B10D005
:10B87000082B1BD03846FFF775FF0446C8B10346B6
:10B880001E4A01211E480CF0EEFA20460CB0BDE81D
:10B89000F0810B148DF805300DF106020B1202F841
:10B8A000013B1170E6E70DF10502F7E70DF1050226
:10B8B000F7E706234FF001088DF803300DF103037D
:10B8C000049304ABCDE906387968CDF8148051F8BB
:10B8D000040B234606AA0FF08FF9044610B1094A5B
:10B8E0000346CEE7294651F8040B234602AA0FF07F
:10B8F00083F9002814BF04463446C6E7B380050028
:10B90000900F0500D4800500F0B5032746681D465A
:10B9100096F828308DB00C46D9080131019701AF57
:10B92000CDE9027102AF0497012705970027CDE901
:10B9300008710221CDE90A2508AA06920791002D77
:10B9400039D0376A6219BA4208D91C4A1C480CF02F
:10B9500081FA6FF0150420460DB0F0BD102B18D001
:10B96000182B0CD0082B17D0FFF7FCFE0446B0B103
:10B9700001210346134A12480CF075FAEBE7231431
:10B980008DF805300DF10603221203F8012B1C700F
:10B99000EAE70DF10503F7E70DF10503F7E7314697
:10B9A00051F8040B06AB04AA0FF026F910EA2004A4
:10B9B00038BF2C46CFE72C46CDE700BFD97F050026
:10B9C000900F0500B3800500C3780F2B14D9C96B05
:10B9D0000B480B0E13708B0200EA911003F47C03EA
:10B9E0000906034301F0FE410B43116800206FF389
:10B9F0001E210B43136070476FF08500704700BF36
:10BA000000FF03000023024A0020C1E90023704721
:10BA100000D01700004870475C200500024B0B6007
:10BA200001231360704700BF6420050008B50122A0
:10BA30000548114611F04BFE02F098FB034B044AF7
:10BA40000020C3F80C2508BD6C71002000B0045024
:10BA50008000008038B542F201030F4D1446C5F84E
:10BA60000035A1B113F0D7FFBFF35F8FD5F81834BD
:10BA7000DB0706D4C4F308041CB10123AB60BFF399
:10BA80005F8F4FF40052044BC3F8002538BDFF21EF
:10BA900013F0E7FFE8E700BF00B00450F0B5051E63
:10BAA0000F46144687B033DB1B4B9D4230D8C5F59B
:10BAB000BE1303F580539A422AD8FAB14FF0FF32F1
:10BAC0004FF0FF33154804F027FA10F002FA06464B
:10BAD000B8B101238DF81430114B4FF4FA50009394
:10BAE00002AB04940193CDE9027502F047FB68466E
:10BAF00002F04AFB0446094804F0DAF9204607B090
:10BB0000F0BD224639462846FFF7A4FF3446F2E747
:10BB10006FF01504F2E700BFFFCF17006C71002033
:10BB20005FAD040010B50C1E10461A460CDB084B26
:10BB30009C4209D8C4F5BE1404F58054A24203D82F
:10BB400013F069FF002010BD6FF01500FBE700BF88
:10BB5000FFCF1700004870479820050010B5044635
:10BB6000006901214FF0FF3211F0B1FD2046BDE820
:10BB7000104001490CF03FBA7DBB03002DE9F04FA6
:10BB8000A3B0044602AF032900F24882DFE811F0B7
:10BB90003C020A0004001400002528468437BD46F4
:10BBA000BDE8F08F0FF037F920460FF0FFFA054699
:10BBB00020460FF023F9F0E74668306811F039FCB1
:10BBC000B8B1337E83B920460FF025F920460FF037
:10BBD000EDFA031E10DA01217B4A7C480FF019F9B7
:10BBE00020460FF00BF904E0F06811F022FC002869
:10BBF000E9D16FF01205D0E720460FF071F9051E6C
:10BC00000CDDE8070AD50221714A70480CF022F9D0
:10BC10000022002320460FF098F9054620460FF039
:10BC2000EDF8002D06DA2B466A4A012167480FF02D
:10BC3000F0F8DEE720460CF050FA002804DA6FF046
:10BC40000408654A4346F0E720460FF0E4F8032372
:10BC5000019307F11003009300239F211A46204609
:10BC60000FF0E7F8804620460FF0C8F840F239128E
:10BC7000002320460CF059FBB8F1000FE1D196F8F3
:10BC8000203083B320460FF0C6F820460FF028F985
:10BC9000051E21DD96F82030802225EA030587F86D
:10BCA0003050434606212046CDE900880FF0C1F808
:10BCB000054688B9012107F130030093802203462D
:10BCC000019120460FF0B5F8054628B9002200235F
:10BCD00020460FF03AF9054620460FF08FF815B1CF
:10BCE0003E4A2B46A1E7182300212046FA180FF000
:10BCF00008F9EA46054640B101210346384A33486F
:10BD00000FF087F8364A2B468FE7BB69354A9342D6
:10BD100007D00121344A2D480FF07BF86FF015054C
:10BD2000F0E7BB7F8CB0D4F800C07E7F387FF97F0E
:10BD3000013302AAC2E909134FF40073DFF8B8E037
:10BD400093852A4BC2E905ECC2E9076042F8103F2F
:10BD50004FF473512B461D48F4F720FFBB7F07F1CA
:10BD6000200B012B88BF10235E469CBF0133DB00F4
:10BD70005B44D5467B607B68B3423FD12569D5469D
:10BD80002A4600232E6A05F10800517D21B1917DDC
:10BD90000BB1994200D20B4602328242F5D1002B00
:10BDA00000F03981012101FA03F35A1ED20440F157
:10BDB0001B810F4A009305484FF480530CF05DF847
:10BDC0006FF015030B4A30E743810500681005004A
:10BDD0005B81050078810500A1810500BA8105001D
:10BDE000CF81050053464450E4810500070000015F
:10BDF00087820500E9820500FC810500F37935782A
:10BE0000B27945EA03257379E8461B0243EA024307
:10BE100032798CB043EA020996F802C07078F17862
:10BE200002AA804BA6EB0B0E536108234FEAEE0EDD
:10BE3000C2E906E5C2E908C0C2E90A1942F8103FA2
:10BE4000002344F2C0017848F4F7A8FEB5F57F4F0F
:10BE5000C54640F0C7807179B3793079090241EA6B
:10BE6000034101435023204607F130020FF049F807
:10BE70000546002840F0AB807B6BD4F81080002B87
:10BE800008F1150980F28380012223F00043A3F119
:10BE90002005C3F1200102FA05F522FA01F10D4354
:10BEA00002FA03F3DB0843EA4575B5F5801FC7F8CE
:10BEB00000D08AB0D4F800C039BFA90A6B23290D7D
:10BEC0004D2302AAC2E907134FF400735748938425
:10BED000574BC2E9050C42F8103F00234FF4335191
:10BEE0005148F4F75BFE00230121D7F800D0C8F8D1
:10BEF0001530C9F804304A4607F1300039600EF0B9
:10BF0000B8FE396809F102090131C9B20529F2D137
:10BF1000F3780A2B89BFBB6D4FF48073C3F3031210
:10BF2000012388BF9340A8F81E30C8F820503B6B0F
:10BF300013F4C02F56D0304607F1140207F1300138
:10BF4000FFF742FD804600284CD13D7D6B1EDBB2E1
:10BF5000FD2B47D815F00B0F41D020460EF05BFFAC
:10BF600015F0080317D001238022FA73019307F11B
:10BF70000F0300931721434620460EF05AFF054653
:10BF8000D8B92269137D43F00103137515E001331D
:10BF900040F1000586E7A90705D400238022B721D8
:10BFA000CDE90033E8E7802206212046CDE90033C1
:10BFB0000EF03FFF05460028EFD020460EF01EFF92
:10BFC00085B101212B461B4A17480EF022FF0321A1
:10BFD0002B46194A14480EF01CFFD54692E66FF026
:10BFE0008505EEE70836C6E6C6F30B033BB14FF412
:10BFF00080530321114A0C4800960BF03EFF4FF48A
:10C000008053360BAB626E6220460EF004FF204672
:10C010000FF01DF9CBE56FF08503D3E66FF0570500
:10C02000BBE500BF1E820500681005003F820500C9
:10C03000050000015282050073820500B8820500E8
:10C0400070B546680546B068C0B110F053FA0146B5
:10C05000A0B9B06802F01AFC0446A8B902460C491F
:10C06000B06810F031FA22460121DB20F6F722F900
:10C070002246012140F20D10F6F71CF92846BDE8D2
:10C08000704004490BF0B7BF6FF0040070BD00BFF3
:10C0900015C2030037B304002DE9F04340F2063522
:10C0A0004768D00648BF4FF0030C3B7C02EA050509
:10C0B00058BFC2F3401C87B001F01F06B5F5837F5F
:10C0C000144646EA43168DF803C045D00DD8062D18
:10C0D00044D005D8A5B1022D12D06FF0150038E07C
:10C0E000B5F5807FF9D101250AE040F202229542A0
:10C0F00036D0B5F5407F35D0B5F5007FEDD10425BC
:10C10000220331D501237A688B405360B86890BB15
:10C110005F2E06F01F034FEA561175D83C4A52F8BD
:10C120002120C4F3004102EB8302D2F8803081F079
:10C130000101C4F3404423F4706344EA410423F052
:10C140000F031C4344EA8C0444EA0524C2F88040EF
:10C15000002007B0BDE8F0830925D1E70825CFE727
:10C160000625CDE70525CBE7630341BF01237A68A8
:10C170008B409360CAE731460DF1020210F0A7F937
:10C1800014F4403F80460CD13146B86810F0B8F93D
:10C19000B8F1000FDCD19DF80210B86802F0AEFBD8
:10C1A000D6E74FF0000901ABCDE90199CDE904399B
:10C1B000CDF80C903146B86803AA10F0D1F8484584
:10C1C000C6DB14F4003314D09DF80330C4F30044EC
:10C1D00084F001048DF80E308DF80C508DF80D4070
:10C1E0004B463146B86803AA02F0DAFA0028CFDAE3
:10C1F000AEE7CDE904330DF1030303933146B8688C
:10C2000003AA10F0ADF8F1E7203350F82330FFDE39
:10C21000A02005004209022A034670B503D0012A76
:10C2200018D0CAB170BD0E4E326951680029F9D0DC
:10C23000012503F01F030C689D400029F2D08A6895
:10C240002A4002D030464B6898473CB123682146CB
:10C250001C46F2E7034EE7E7034EE5E72346F6E721
:10C26000540305003403050014030500F0B54468C9
:10C270001646A068227C01F01F0587B045EA4215EA
:10C2800000286CD0B6F5001F04D1294610F08AF9B9
:10C29000002055E06268607CB6F5800F50624FF078
:10C2A000000001AA0190506039D1B3F1007F14BFA2
:10C2B000052304238DF804300023CDE904230393E0
:10C2C000E3680DF1030723FA01F111F0010139D1FF
:10C2D000B6F1A07F36D105F01F035F2D4FEA551050
:10C2E00003F120033ED8214A52F8202052F823308F
:10C2F000DB0727D43A462946A06810F0E8F8163044
:10C3000018D002972946A06803AA10F029F800283F
:10C3100016DB01222946A06810F0F4F8B8E7B3F163
:10C32000C06F05D0B3F1007F14BF01230223C1E722
:10C330000323BFE73946A06802F0EAFA0028E0DAF2
:10C3400007B0F0BD3A462946A06810F0C0F80028B2
:10C35000D8D19DF80310A06802F0D0FAD2E76FF0B0
:10C360008500EDE751F82330FFDE00BFA020050077
:10C370001A4BD3F8002602F0010312F0060F18BF83
:10C3800043F01003110648BF43F48073D10548BF42
:10C3900043F08003510548BF43F02003510648BFD6
:10C3A00043F00203910548BF43F08003D10448BF26
:10C3B00043F08003110748BF43F02003D10648BF74
:10C3C00043F02003910648BF43F02003120548BF05
:10C3D00043F4006303600020704700BF00E010508A
:10C3E0004FF0FF32024B0020C3F80026704700BF19
:10C3F00000E01050044B054A01219362044AC72013
:10C400001A600022F5F756BFCC71002018090020F1
:10C4100000700C502DE9F04F89B002AFBB6043684B
:10C42000D0F810A0D3F820B09B8A3A617B614FF01E
:10C43000FF324FF0FF3305460C460EF0A9FF0AF11C
:10C440003C03FB600026002300220AF13C0003F0BD
:10C4500063FD33463A69964201D300235DE0207ABA
:10C46000010700F19B803A6901369642D4F800E05A
:10C470000BD2820709D4227D80EA020C0CF0010C59
:10C4800002F004025CEA020C24D0002B4FD10EF023
:10C490006042B2F1005F4DD14FF00009D4F8008046
:10C4A000A388BA68CAF85080217A2846009242468A
:10C4B00000F0AAF8031E30DB43F609520023F868A7
:10C4C00003F02AFD00284BD028460EF087FF6FF0BE
:10C4D000730322E04FF001086268796903EB020CF4
:10C4E0008C4529D96C468CB0286802A92E4ECA61A9
:10C4F000C1E905637B690A46C1E9083040F203538C
:10C500000B852A4B42F8103F00234FF45151284825
:10C51000F4F744FB6FF01B03A54628467B610EF041
:10C5200044FF7B691C371846BD46BDE8F08F4FF0CD
:10C530000008D1E79846CFE7C10706D40BEB03000C
:10C5400071467B6013F067FA7B6862681A4493B2A5
:10C55000B8F1000F0CD1002B9ED09946D846A0E729
:10C56000DAF84C30002B1CDB237ADB0702D40023E3
:10C570000C346FE7C345FAD123460AE0A9EB020168
:10C58000D8681FFA81F918FA81F17B6013F043FA39
:10C590007B685A680C3B9145F0D2E8E76FF0850361
:10C5A000BBE76FF00403B8E739830500060000011C
:10C5B000C80F050008B5CA0743681ED4C1F342017D
:10C5C00002290BD003290ED0012911D14FF0CC72D2
:10C5D0009B6A1B680020C3F8242508BD9B6A4FF0A6
:10C5E000C8621B68F6E79B6A4FF07F621B68F1E741
:10C5F0000121034A03480BF02DFC6FF01500ECE716
:10C600001C840500C80F0500F0B50C461D461646F3
:10C6100089B04768122200210DF10E0013F021FAB3
:10C6200004F001038DF80C30BDF8383004958DF816
:10C630000D30BB8C0696AB420AD20A48009301210A
:10C640002B46094A0BF019FC6FF01B0009B0F0BD36
:10C65000C4F3400282F00102B86A520103A902F059
:10C6600073FEF3E7C80F05002E840500B0B504463D
:10C67000456800AFAB6998470121E8690EF09FFE5D
:10C68000234629462A69A86A10F0BFF9002818DA5B
:10C6900023686C4688B06A460C49CDE905134FF40F
:10C6A0000073ADF81C300A4B42F8103F09480023D4
:10C6B0004FF4E251F4F772FA6FF00400A546BD465C
:10C6C000B0BD204604490BF096FCF8E775840500E0
:10C6D00003000001C80F05004FB40400036803F015
:10C6E0001F025F2B02604FEA53129ABF024B53F8AE
:10C6F00022000020704700BF142105002DE9F04FF3
:10C700001646804640F2FF1A00EB81094E4985B07B
:10C71000C14503D1002005B0BDE8F08FD8F8002056
:10C72000C2F3C323082BC2F3080400F28A804748EF
:10C73000544508BF4FF0FF34B2F1506FC55C4FEA6B
:10C7400012630AD20C2B0CD8DFE803F00E1E5A57E6
:10C750002252570B0B0B0B5D6700382B60D04E2B12
:10C760004ED06FF08500D6E7C6F80446621C3CD078
:10C7700003A80394FFF7B2FF0123039A9B4603FA31
:10C7800002F21F46426012E0C6F80C46002740E065
:10C790004FF0000BC6F80046601C26D0012703A806
:10C7A0000394FFF79BFF039A07FA02F28260D8F81E
:10C7B000002003A8130444BF4FF0010B002701928F
:10C7C0000394FFF78BFF039C019A00EB8400D0F8E1
:10C7D0008040C2F341222D0245EA82053D430C40D0
:10C7E000254345EA4B05C0F8805008F104088FE75F
:10C7F0004FF0010BC6F80446CEE7C6F80846C5E779
:10C80000C6F81046B2E7C6F80046002DBED1002794
:10C810000825631CE9D0BB46C9E7C6F80446F4E71F
:10C8200003A80394FFF75AFF039B012700EB830043
:10C83000D0F8803023F0E04343F08043C0F88030EC
:10C84000E7E76FF0150066E7F0F0FCFFF88D0500F4
:10C8500038B5054644680121E0680EF024FF6B6896
:10C8600019686369C1F82435E28BA38BA07E13435A
:10C87000228C1343628C1343627E9BB20243207E60
:10C8800002431343C1F86C3569680B68D3F8002282
:10C8900042F48022C3F800220822C3F800254A6A25
:10C8A0000121C3F83C270022C3F840271965D3F8BB
:10C8B00030110029FBD0C3F800252846BDE83840D8
:10C8C00001490BF098BB00BFC5B604002DE9F04745
:10C8D00004460D46466811F039F8D0B9334B1B7841
:10C8E00083F001036268D4F8108017689BB140217F
:10C8F000EFF31183994681F31288BFF36F8F62685B
:10C900001268D2F83021D2B983F31188BFF36F8F48
:10C91000EEE70123E6E74FF0400A4FF06409636851
:10C920001B68D3F830317BBB01200FF0DBFBB9F182
:10C930000109F4D10021202011F0CEF8EDE7D8F85C
:10C9400008301A0706D443F008032046C8F8083018
:10C950000BF0C3FB736A00211D706368726A1B6869
:10C96000C3F83C270122C3F84027C3F83011D3F89D
:10C9700030111A654FF48053C7F8043389F31188D6
:10C98000BFF36F8FBDE8F087EFF3118399468AF309
:10C990001288BFF36F8F62681268D2F83021002AC4
:10C9A000CDD183F31188BFF36F8FC3E7BBBD0020E8
:10C9B00038B5044605690FF01DF9014670B901222A
:10C9C00005F1B40010F083FE05F15C000EF068FF85
:10C9D0002046BDE8384002490BF00DBB38BD00BF12
:10C9E0007BBB040008B50121034A04480BF032FA6E
:10C9F0006FF0730008BD00BFC7840500701005000C
:10CA000070B50D1E0646046903DABDE870400EF0ED
:10CA10009ABFD4F8A83033B19D4213D901212A4AD4
:10CA20002A480BF017FAD4F8B03033B19D422AD916
:10CA30000121254A25480BF00DFA3046BDE870402B
:10CA40000EF098BF5B1BC4F8A830A3B9D4F890309F
:10CA500004F1A8020833C4F89030D4F8943004F1FB
:10CA60009401013BC4F8943004F190000EF005FFEE
:10CA7000C4F8A400D7E7D4F8A430002BD3D02B44BB
:10CA8000C4F8A430CFE75B1BC4F8B030A3B9D4F826
:10CA9000983004F1B0020833C4F89830D4F89C30D0
:10CAA00004F19C01013BC4F89C3004F198000EF0A5
:10CAB000E4FEC4F8AC00C0E7D4F8AC30002BBCD026
:10CAC0002B44C4F8AC30B8E7ED84050070100500C5
:10CAD0002DE9F04198468B880F4699040646154685
:10CAE000046900F18B804FF0FF324FF0FF3304F107
:10CAF0006C0003F011FA2766002D40F08880C4F81E
:10CB000090500023C4F8943004F1A80204F1940179
:10CB100004F190000EF0B1FE0546C4F8A400B8F18F
:10CB2000000F7CD1C4F898800023C4F89C3004F135
:10CB3000B00204F19C0104F198000EF09EFE002367
:10CB400080461A46D4F894C0C4F8AC00C4F88C30BF
:10CB500062456ED100221146D4F89CE0714570D137
:10CB600093422CBFC4F8A030C4F8A02015B1D4F86B
:10CB7000A83033B9B8F1000F79D0D4F8B030002B19
:10CB800075D030460BF0A9FA054648BB3946304609
:10CB900000F072F80546002865D104F15C08E765ED
:10CBA00004F1B405284603F0DDF9304631490EF0B2
:10CBB000A7FF4FF0FF324FF0FF33284603F0ACF9E8
:10CBC000394630460EF09DFF30460EF0D3FE40460B
:10CBD0000EF093FE054600283CD1BB889A040AD487
:10CBE000E36D13B19B889B0405D40023236604F1F5
:10CBF0006C0003F05DF92846BDE8F081636F002BFF
:10CC00007FF471AF236E9F427FF46DAF74E72B68A2
:10CC1000C4F89030002B3FF474AF6B6872E7D8F81B
:10CC20000030C4F89830002B3FF47EAFD8F80430C1
:10CC30007BE7D4F8901001EBC201496801320B4444
:10CC400086E7D4F8980000EBC10CDCF804C0013191
:10CC5000624483E710F1740F05D130460EF08AFF6D
:10CC600040460EF04AFE30460BF018FAB8E76FF077
:10CC70001505B5E7D5B90400F0B58BB005690C46CC
:10CC800095F8283000AF0BB3EA6A0B689A421DD1C1
:10CC90002A6B4B689A4219D195F84030097D994228
:10CCA00014D1B5F84420238B9A420FD16B6BA26844
:10CCB000D9B19A420AD1AB6BE268534033F47F4357
:10CCC00004D1EA6B23699A4200F0AE80A28812F484
:10CCD00000630FD00121574A57480BF0BBF86FF0A3
:10CCE000850630462C37BD46F0BD9A42EED1AA6B80
:10CCF000E368E8E7D10716D56C4688B001686A4654
:10CD00004E48CDE905014FF40071ADF81C104C49B7
:10CD100042F8101F4FF4E2514748F3F73FFFA54692
:10CD20006FF01506DDE712F0080305D0454A012132
:10CD300041480BF08FF8F3E702F4FC61B1F5807F16
:10CD400001D0414AF3E7266840498E4201D8404A63
:10CD5000EDE729684668D1F80016B1F1FF3F10D021
:10CD600012F0020201F01F0CDFF8F0E04FEA51115F
:10CD70003BD102295AD801235EF8212003FA0CF393
:10CD800093604FF0FF33FB60B37F2268BB74B369DD
:10CD90009A4294BF7A617B61A388990703F00402E9
:10CDA0002CD5002A0CBF02220322C3F300137B768A
:10CDB0004FF0FF33FB6196F820303A7687F8203049
:10CDC000012387F8233087F8243095F82830BBB149
:10CDD000394628460FF08FFC0646C0B101210346B4
:10CDE0001C4A15480BF03FF87BE7022920D80123A5
:10CDF0005EF8212003FA0CF35360C2E79208D4E7EF
:10CE0000034639462846144A0FF054FCE4E705F17E
:10CE10002C0304F11C0254F8041B944243F8041B35
:10CE2000F9D1012385F8283000265AE79260FFDE09
:10CE30005B60FCE715850500701005002F85050077
:10CE400003000001518505007085050047E80100D9
:10CE50009F850500D0850500CBBA0400902205000F
:10CE600070B4104CD4E90015501A63EB0506400964
:10CE700040EAC6602026E0FB0615C4E90015002440
:10CE800000250949C1E90023084BC3E90045EFF338
:10CE90001181402383F31288BFF36F8F70BC03F0BE
:10CEA00065BF00BFB84D0020A04D0020B04D002050
:10CEB00008B500220121E420F5F7FCF9164A00200C
:10CEC000D2F8183723F44033C2F8183701F074FE53
:10CED000002820DB0120114901F0FAFE00281ADBAE
:10CEE00001F044FE0E4B20F01F00C3E900010D4B82
:10CEF0000022C3E900014FF0FF304FF0FF310A4B31
:10CF0000C3E90001094B0A49187A01F03FFE672284
:10CF10000020084B1A6008BD00200E50940A002023
:10CF2000B84D0020984D0020A04D00208C0A002014
:10CF300061CE03002072002008B501F017FE064AFA
:10CF4000D2E90032C01A054B61EB0201C3E90001CE
:10CF5000400940EAC16008BDB84D0020B04D002036
:10CF600010B501F005FF0120FEF7A4FA0AF0E3FA7C
:10CF7000BDE81040054B064A1B684FF47A70B3FBBE
:10CF8000F2F35843034B43F001031847E80A00202B
:10CF900040420F0050160500F7B5224B0146224FC4
:10CFA000187A224BD7E90056D3E900239E4208BFE6
:10CFB000954211D1B1F1806F0ED24901012938BFDC
:10CFC000012101224D1946F10006C7E9005603B0C0
:10CFD000BDE8F04001F058BF154BDFF858C0D3E969
:10CFE0000043DCE9002CA41843EB0C0C4FF0200E9E
:10CFF00022466346C1FB0E23954276EB0301C7E947
:10D0000000230DD2291B66EB0C04C82974F100041F
:10D01000B4BF01210021009101F000FF03B0F0BD79
:10D020000021F8E78C0A0020A84D0020A04D002028
:10D03000B84D0020B04D002037B504690D4694F876
:10D0400039304BBB0B7B022B29D10B680BBB94F8FF
:10D0500038204B68D2B9134A591E914219D86363DC
:10D0600020460DF107010FF050FD10F10C0F0BD011
:10D07000AB689DF8070013B104EB8002536194F88C
:10D080003830013384F8383003B030BD626B9A42D7
:10D09000E6D06FF01500F7E76FF00F00F4E76FF0E0
:10D0A0008500F1E7FEFFCF0710B5002204690121DA
:10D0B00040F20910F5F7FEF800232046BDE81040C5
:10D0C0001946014A0FF0FDBCCDD00300B0F5827FB8
:10D0D000F8B50C4602D10B4802F0EAFE01270A4ED1
:10D0E00004B9F8BD94FAA4F5B5FA85F506EB850305
:10D0F0005B6913B129460548984707FA05F524EA04
:10D100000504EDE7D40A0020980A0020F403050086
:10D1100002460B46014802F0D7BD00BF480D002073
:10D12000014802F043BE00BF480D002001490248FB
:10D1300010F080BB28720020B8630020094B93F8E0
:10D140000031042B02D1810709D47047022B02D190
:10D15000020704D47047082B03D1830601D5FFF7DB
:10D16000E5BF704772BA002010B403460A4604486F
:10D1700081680C68194623465DF8044B184700BFC8
:10D1800074030500B0B5002484B000AF3B1D7C6083
:10D190000A22BC60C7F80B4039600146184612F0FD
:10D1A000A5FC6D468AB003466A4639680D4807916A
:10D1B000CDE905034FF40073ADF820300A4B42F877
:10D1C000103F4FF4115123460848F3F7E7FCAD46F2
:10D1D00084F31188BFF36F8F0323184602DF1037E3
:10D1E000BD46B0BD1B86050004000001400F0500D0
:10D1F0002DE9F0418AB0064600AF0D463C483D4956
:10D2000010F0EDFA07F11400E4F72BFB6C4688B040
:10D210006A46394B0593394B06934FF40073ADF8CA
:10D220001C30374B42F8103F3649374807F114039A
:10D23000F3F7B4FCA546354810F0FBF858B90121C6
:10D24000334A31480AF006FE6FF0120420462837B0
:10D25000BD46BDE8F0812F4B07F10800BB60D4F755
:10D2600061FD034638B101212B4A27480AF0FBFD36
:10D270006FF01504EAE74FF0FF304FF0FF31FFF792
:10D2800047FF04460028E1D10820D4F7BBF820B1BD
:10D29000FFF746FF6FF08504D8E720492048D4F710
:10D2A0006FF8044610B1FFF73BFFCFE741F64C584B
:10D2B00007F10C00C7F80C80D8F7AAFE0028E7D1C8
:10D2C0000123381D3B71E6F71BFD0028E0D107F173
:10D2D0001000C7F81080D8F7A3FE0028D8D1FFF7B8
:10D2E0001FFF33690F481D60F7F710F9AEE700BF65
:10D2F00028720020BFBD0400676D05004086050050
:10D3000003000001C01C4001400F0500740305002C
:10D310006786050069D1030087860500C04D00209F
:10D3200029D403003DD1030030B53C4887B0D3F782
:10D33000C9FE044600286BD10125D4F773F8D4F751
:10D340007DF8D4F787F8E4F790FAE4F78CFAE4F77D
:10D350008EFAE4F78EFAE4F78EFA2946204603AAFD
:10D360008DF80C50D3F70EFF002850DB0221204629
:10D3700003AA8DF80C50D3F705FF002847DB0823DC
:10D380000721204603AAADF80C30D3F7FBFE002896
:10D390003DDB4FF0FB13039340F2032303212046B0
:10D3A00003AAADF81030D3F7EDFE00282FDB0421DF
:10D3B000204603AA8DF80C50D3F7E4FE002826DBA4
:10D3C0001F230621204603AAADF80C30D3F7DAFE5E
:10D3D00000281CDB03230521204603AA8DF80C300E
:10D3E000D3F7D0FE002812DB41F2F253984212D953
:10D3F0000B4A009029460B480AF03FFD84F3118840
:10D40000BFF36F8F0423184602DF6FF00B00044652
:10D41000204607B030BD2046F9E700BF85D10300A4
:10D42000AB860500400F050073B5434C94F80031FE
:10D430003BB394F80031042B56D120783E2833D1E9
:10D44000A678B31E5E425E416378FF2B2ED14FF467
:10D450008073009340F201130121384A38480AF0E2
:10D460000CFD6FF00B030121364A35480AF0FBFC36
:10D47000002383F31188BFF36F8F0423184602DF64
:10D480001DE04FF0FF304FF0FF31FFF741FE48B98C
:10D49000204604F5807100F033FB0546FFF740FE9F
:10D4A000002DC6D002B070BD0026CDE700220023BB
:10D4B0003146F7F735F8054648B9002EF2D000237B
:10D4C00084F8003102B0BDE87040FFF72FBE6278EB
:10D4D0000232194905F10C000BF0C6FA1A4B294625
:10D4E0001B681A489847EAE7022B10D10022002354
:10D4F0000820F6F7F3FF05460028D3D063880433ED
:10D50000B3F5807F0FD94FF480720092A4E7082B07
:10D510000BD1002300222020F6F7E0FF63880546A8
:10D520000028ECD1BEE71A46D3E70121084A044897
:10D530000AF099FCC3E700BF72BA0020CE8605004E
:10D54000400F050028870500247200201404050000
:10D55000EF8605002DE9F341A74D07462C78002CF6
:10D5600040F0CA8204238DF80730A44B0688D3F814
:10D570000080B8F1000F15D1B6F5105F4FEA962381
:10D580000BD2002B00F0A682013B072B62D8DFE80C
:10D5900003F026614D95616161DD3F2B00F0D38181
:10D5A00001200BE20DF106030DF10702691CC047D3
:10D5B0000128E1D09DF8063013B9012840F08D8292
:10D5C0000F236B700423AB700123E8702B71A5F857
:10D5D0000560012300202B7002B0BDE8F0813846C1
:10D5E00040F2064230F9033B934219D040F21D420B
:10D5F000934218D0012042F219039E4200F2578252
:10D6000042F20C039E4200F24B8240F21D4440F273
:10D610000643A64218BF9E4214BF0124002430E0F6
:10D62000D7F772FEE7E7D7F723FFE4E7384640F67F
:10D63000634230F9033B934234D00EDC40F60342A0
:10D64000934223D040F62D42934222D040F601422D
:10D65000934213D00120044613E040F67B429342EC
:10D6600023D040F67C429342F4D19DF807306449C0
:10D6700002338DF80730E6F7CDFA01E0D3F72EFF3D
:10D68000012484F001048DF8064093E7E4F7E0F804
:10D69000F6E79DF807305A4903338DF80730E5F770
:10D6A0006BFFEDE7D3F72CFFEAE79DF8073054490D
:10D6B00004338DF80730E6F78AFAE1E73B88A3F5F3
:10D6C0008053013B082BC5D801A252F823F000BFBC
:10D6D000F5D6030007D703001BD7030055D6030078
:10D6E00055D6030055D6030055D6030055D6030082
:10D6F0003BD703009DF80730414808338DF80730C9
:10D70000E5F728FFBCE79DF807303D4840338DF82A
:10D7100007300EF056FB0020B2E700229DF80730DC
:10D7200008338DF80730364B1A605A60EB7A23F0D5
:10D73000600343F06003EB72EDE79DF8073030487B
:10D7400006338DF80730E5F764FF99E7384630F87F
:10D75000033BA3F50053013B4A2B00F29281DFE823
:10D7600013F051005E00670090017000730090019B
:10D77000760079007C007F0082008500880090019F
:10D780009001900190018B008E0090019100940017
:10D790009D00A600A900B200BB009001900190017D
:10D7A00090019001C5009001CE0090019001900180
:10D7B0009001900190019001900190019001D100A1
:10D7C000DA00E300E60090019001900190019001E1
:10D7D00090019001900190019001900190019001C1
:10D7E00090019001900190019001900190019001B1
:10D7F000900190019001E90073BB00203872002075
:10D800007ABB0020D3F786FE42F264039E423FF4C7
:10D8100038AF42F264039E4200F2D080EBE69DF8FE
:10D820000730B34803338DF80730D7F763FDEBE7D4
:10D830009DF80730AE4808338DF80730E6F7D4F886
:10D84000E2E7E5F703FFDFE7D8F772FBDCE7E6F78F
:10D8500058F9D9E7E6F730F9D6E7E6F777F9D3E7ED
:10D86000D7F7E2FED0E7E5F7B0FFCDE7D8F798F9B4
:10D87000CAE7D8F7FBF9C7E7E5F7C9FFC4E7E6F75A
:10D880004DF8C1E7E6F7A0F8BEE79DF807309849E4
:10D8900010338DF80730E5F79BFEB5E79DF80730AC
:10D8A000934808338DF80730E5F760FEACE7E6F7FC
:10D8B000E3F8A9E79DF807308D4902338DF807306A
:10D8C000E6F765F9A0E79DF80730894902338DF83E
:10D8D0000730E6F76DF997E79DF807300020083329
:10D8E0008DF80730FF23EB71EB728DE79DF8073061
:10D8F0007F4902338DF80730E5F7B8FE84E7D7F7A4
:10D9000073FD81E79DF80730794808338DF80730BB
:10D91000E5F7E0FE78E79DF80730754904338DF8A8
:10D920000730E5F7E8FE6FE7D7F776FD6CE7E5F738
:10D9300021FF69E79DF807306D4802338DF8073005
:10D94000E5F735FE60E738464FF60B4230F8033B0B
:10D95000934211D8B3F57C4F7FF622AEA3F57C43FA
:10D96000013B0A2B00F28F80DFE803F020378D8D1A
:10D970008D5E8D8D4C55610003F2FD2292B2182A06
:10D980003FF60EAEA3F57D43033B182B7BD8DFE8B3
:10D9900003F0577A5A7A7A7A5D7A7A60667A7A7A76
:10D9A0007A637A697A727A7A7A7A75009DF80730A2
:10D9B0004F480C338DF80730E3F75FFF42F28503E1
:10D9C0009E4200F2818042F267039E425DD842F29D
:10D9D0006604341B18BF012453E600209DF807306D
:10D9E00040338DF80730424B1880EB7923F0230346
:10D9F00043F02303EB712B7A23F0070343F0070373
:10DA00002B72DBE79DF80730394817338DF8073064
:10DA1000E3F74EFFD2E79DF80730354820338DF805
:10DA20000730E3F769FFC9E7E3F740FFC6E79DF872
:10DA300007302F4801338DF80730E3F77AFFBDE751
:10DA4000E6F75EF9BAE7D8F7E3FAB7E7E3F787FF57
:10DA5000B4E7E6F73EF9B1E7D8F7E2FAAEE7E3F765
:10DA600082FFABE79DF80730214904338DF807307A
:10DA7000E3F77FFFA2E7D8F7DBFA9FE7D8F7E4FAEE
:10DA80009CE70120C0E60120C3E6A6F50153283B30
:10DA9000184C9BB2DC4004F0010484F00104F0E572
:10DAA000A6F500530D3B41F241249BB2F2E742F24E
:10DAB00032039E423FF4E5ADA6F50154033C012C30
:10DAC00094BF00240124DCE54FF6025326F008043D
:10DAD000E41A7FE701242046D3E59DF807300E22A3
:10DAE000AB7001236A70EB70AE80A87171E500BF66
:10DAF0007ABB00202F8040204FF0FF306CE500BF44
:10DB000038B5094C0D4623781BB9BDE83840E4F719
:10DB1000C3B8A278611C023211F07DFF00200423FB
:10DB200020702B7038BD00BF73BB002070B5054658
:10DB30000E46084C20460FF07CFC38B1A3682946FD
:10DB40002046B2B21B68BDE8704018476FF0120063
:10DB500070BD00BF740305004FF40071014803F06D
:10DB600005BC00BFBBBB002070B50446012C1046AD
:10DB70001A4607D00C4801210C4A0AF06BF96FF0E5
:10DB8000850070BD0A4C0B4D2368AB420A4B02D195
:10DB90001E688E4205D025601960BDE8704000F017
:10DBA000EDB80020EDE700BF780F05008087050085
:10DBB0003C720020A8220500E40A0020044A1268F2
:10DBC00012B108B1936818476FF00C00704700BF9E
:10DBD0003C72002010B5084B1B6853B1DB689847B6
:10DBE000044620B10121054A05480AF033F92046D0
:10DBF00010BD6FF00C04FAE73C720020938705001B
:10DC0000780F050030B5134C85B02368DBB9E8B157
:10DC10000568DDB14168C9B18268BAB12560029377
:10DC20004369019303690093C3680B48F3F788FCC9
:10DC3000044628B101210346084A09480AF013F9AD
:10DC4000204605B030BD6FF00D04F9E76FF0150404
:10DC5000F6E700BF4072002044720020B187050043
:10DC6000880F050010B5044628B104480AF07BFC73
:10DC70002060002010BD6FF01500FBE7447200200B
:10DC80000A4610B50146002306480AF028FC04465F
:10DC900028B101210346044A04480AF0E4F820466A
:10DCA00010BD00BF44720020D3870500880F050017
:10DCB00010B5044668B100220123114607480AF056
:10DCC0000EFC044628B101210346054A05480AF026
:10DCD000CAF80022044B20461A6010BD447200208E
:10DCE000D3870500880F05004072002008B5002387
:10DCF000064883600361C36833B1416900F0FAF8F4
:10DD00000022034B1A6008BD1846F9E74472002050
:10DD10004072002000230321014A02480AF0A3B800
:10DD20000A880500800F050013B5002108460CF095
:10DD3000A9FE044648B1002300900121044A054889
:10DD40000AF09BF8204602B010BDFFF7E3FFF9E7A9
:10DD500044880500800F050040B110F0030305D191
:10DD6000044A1060044A1846116070476FF01500AD
:10DD7000704700BF7872002074720020F0B58BB03D
:10DD800000252C4A2C4C15602268034602AF52B97C
:10DD900001212A4A2A480AF05DF86FF01204204651
:10DDA0002437BD46F0BDB0F5322F0AD94FF43222E8
:10DDB000012100922248234A0AF05FF86FF01A040A
:10DDC000EDE7214E30460FF034FB0346A8B96C4610
:10DDD00088B002AA1D4951611D4991614FF400713B
:10DDE00091831C4942F8101F4FF4E2511448F2F796
:10DDF000D5FEA5466FF00D04D1E7174B4FF4422234
:10DE0000C7E901362368381DFB60144BFD611B68B0
:10DE10003B614FF43223C7E90523FFF7F3FE041EED
:10DE200006DA012123460E4A05480AF01CF8B6E737
:10DE30002C46B4E770720020787200206F880500CD
:10DE4000800F0500A388050034040500D58805006F
:10DE5000F88805000300000108890500747200209D
:10DE60001189050010B50446FFF7FCFE20B9034AEE
:10DE7000236812681344236010BD00BF7072002035
:10DE800030B4064A064C136824680B44B3FBF4F51F
:10DE900004FB1533136030BCFFF7F2BE7072002034
:10DEA0007472002038B50546FFF702FF044638B10A
:10DEB00001210346074A084809F0D5FF204638BD2E
:10DEC00015B1064B1860F9E70321054A024809F02D
:10DED000C1FFF3E732890500800F05007072002052
:10DEE000528905000022024B1A60FFF7FFBE00BFF7
:10DEF000707200207FB50446C06801AA0CF0FFFED6
:10DF0000054640B101210346104A114809F0ABFF14
:10DF1000284604B070BD206ADDE901128B189842D2
:10DF2000F6D2E0680AF0A3FC064638B101210346A8
:10DF3000084A074809F097FF3546E9E7DDE901326D
:10DF4000134462699B1A2362E2E700BF765E050014
:10DF5000700F050084890500322337B50125ADF81F
:10DF6000043000231C216846134A8DF80630ADF8B2
:10DF700000508DF80230E2F791FC0446C8B90CF06D
:10DF800038FE80B2E1F7BCF829460C48E9F79CF965
:10DF9000044670B901462A468520F4F78BF92A46D3
:10DFA0002146E520F4F786F92A4621468A20F4F72F
:10DFB00081F9204603B030BDD1DF0300807200201C
:10DFC000014902480FF036BCE4720020B86300201B
:10DFD000B0B5002484B000AF3B1D7C600A22BC6059
:10DFE000C7F80B4039600146184611F07FFD6D46B9
:10DFF0008AB003466A4639680D480791CDE90503A2
:10E000004FF40073ADF820300A4B42F8103F4FF444
:10E01000115123460848F2F7C1FDAD4684F311883B
:10E02000BFF36F8F0323184602DF1037BD46B0BD24
:10E03000B689050004000001101005000122054BFF
:10E0400005491A63A3F54323D3F818050860C3F8FC
:10E050001825704700E01050E07200200122044BA8
:10E060005A63044B1A68044BC3F81825704700BF65
:10E0700000E01050E072002000B00450034602217E
:10E08000014A024809F0EFBEDE89050030100500A4
:10E0900028B1022806D10420034B1B681847024B05
:10E0A0001B68FBE7FFF7EABFF4720020014B022078
:10E0B0001B681847F472002028B1012807D10020FE
:10E0C0000349E0F715BF034B02201B681847704750
:10E0D00091E00300F4720020014B186000207047AB
:10E0E000F472002010B51D48D0E8AF3F23B90629CF
:10E0F00004D8042926D839B1002010BD0729FBD146
:10E10000383801F0D5FEF7E750F8203CA0F138048C
:10E11000D3E900209047012808D0114B984203D042
:10E120000223606384F82C300E48E6E742F2107355
:10E13000A362032384F82C3004F11C0384F821002B
:10E140002363F1E700F8173C074BA0F11C0140F8EE
:10E15000103C3838007CE9F7F8F8CDE73073002040
:10E160001F64660224730020FF3F420F012200213A
:10E1700001480FF0ACBA00BFF8720020014B5861A3
:10E18000704700BFF872002070B54FF0FF310546B0
:10E190004FF0FF30FEF7BCFF2E492F48E2F774FA2C
:10E1A0000446FEF7BDFF002C08DA2C482346012167
:10E1B0002B4A09F058FE6FF00B0070BD40F20113BE
:10E1C000284C002223846369A5616433636242F2B0
:10E1D0001073A3626FF073032277636304F1380551
:10E1E000D5E8EF3FC5E8E12F0029F9D14FF0FF3125
:10E1F0004FF0FF30FEF78CFF04F11C01207CE9F7A3
:10E20000A4F8FEF78DFF00232046174A01F084FE94
:10E2100000282E460BDA0121144A104809F01AFE94
:10E220000123D6E8EF2FC6E8E13F0029F9D14FF0EE
:10E23000FF314FF0FF30FEF76BFF207CE9F767F806
:10E24000FEF76EFFD5E8AF3F13B1064801F08AFE36
:10E25000606BB2E708730020E5E00300B00F050033
:10E260000A8A0500F87200200E720B00308A050041
:10E2700010B50C29036915D118680C4C80EAE073BD
:10E280000028A3EBE0734FF000004FEA930103F086
:10E29000030304FB03F3BDBF49425B4211601160FD
:10E2A000536010BD6FF08500FBE700BF90D0030006
:10E2B000F0B5816885B01039054621F00F040AF0E9
:10E2C000BDF86A460A4B03F11007164618685968EC
:10E2D000083303C6BB423246F7D110236A462146B3
:10E2E00028460AF068F8003818BF012005B0F0BDD4
:10E2F0003C25050030B50D46816887B0102302AA81
:10E30000103904460AF042F8002802DA012007B06A
:10E3100030BD1022204602A90DF00EFE00283AD191
:10E3200010221E4902A811F0B2FB00280CBF0123E5
:10E3300002232B7020460DF0EBFD012301460DF169
:10E34000070220460AF022F80028DFDB9DF807309C
:10E35000204603F00F021B096A702B7101220DF198
:10E3600007010DF0E9FD10B96B78042B03D90123E7
:10E370006B7000232B71A2682046203A22F00F0216
:10E38000103AA91C0DF0EBFD0028BFD12046E91C76
:10E390000DF03DFEBBE70323CBE700BF3C250500A6
:10E3A0002DE9F04184B0DFF8108100AF460005464A
:10E3B000394658F826000DF030FE044620B1FF2003
:10E3C0001037BD46BDE8F081013658F8260007F148
:10E3D00008010DF022FE012808D103212B462D4A09
:10E3E0002D4809F040FD2D4B3C73BB6000263A7868
:10E3F00097F808802A4C114620780DF08FFD0028F0
:10E4000037D0414660780DF089FD002831D0A378DF
:10E41000042B02D0F97899422BD1E378042B02D057
:10E42000F97A994225D12379042B1FD16379023BD4
:10E43000DBB2022B2AD91B4B6E468AB06A46079381
:10E4400040F201331849ADF82030184BCDE90515DD
:10E4500042F8103F002310484FF41351F2F79EFB8F
:10E460006079B546831E022BAAD9A8E7B9789942EC
:10E47000DCD00136032E04F10604BCD106482B463D
:10E4800031460B4A09F0EFFC012099E7094A52F89E
:10E490002330D1E7748A0500F00F05000301030360
:10E4A000018E0500628A0500BA8A05000400000199
:10E4B000D98A0500C0220500CC22050013B50C4BFB
:10E4C0000C4603EBC00001A90079F2F755FF0146A5
:10E4D00060B9221E18BF012201980DF0C9FD044643
:10E4E000019809F052FF204602B010BD0124FAE75E
:10E4F000CC220500064BD3F840231C2A05D1D3F8C3
:10E500004403431E5842584170470020704700BFE3
:10E5100000C0FF0003689A070CD50368DB070DD520
:10E520000922074BC3F80C250F22C3F8042501224A
:10E530001A60FEE7034B0360EF3B0360704700BFC8
:10E5400000801050F000FA5008B50123474A4848AF
:10E55000C2F80038474AD2F840231C2A04BF464A72
:10E56000C2F80C34FFF7D6FF0830FFF7D3FF0830AE
:10E57000FFF7D0FF0830FFF7CDFF00F5F470FFF78D
:10E58000C9FF3E4AD2F88C3043F44063C2F88C3065
:10E590000022D30003F57F0303F54043D3F80014B2
:10E5A00001310AD0D3F8001439B1D3F80014013284
:10E5B000D3F80434402A0B60EBD12C4BD3F8402421
:10E5C000002A4ED0FFF796FF48B12A4BD3F83423E8
:10E5D0002B4B9A429EBF254B2A4AC3F84026FFF791
:10E5E00089FF18B1284B294AC3F8AC27FFF782FFEF
:10E5F00048B134221D4BC3F82426D3F83C2622F41C
:10E600000022C3F83C26224BD3F80026D20744BF91
:10E610006FF00102C3F800261E4BD3F8182522F034
:10E620000302C3F81825D3F8182542F00302C3F8F3
:10E630001825124AD2F88C1041F44061C2F88C10AF
:10E64000D2F8881041F47001C2F88810BFF34F8FE0
:10E65000BFF36F8F00221049C1F8D426C3F8A0255C
:10E6600008BDC822C3F84024ACE700BF0000125028
:10E6700000C50D5000C0FF000030055000ED00E067
:10E68000001D0A1840E0A91E00A0085078000A04E6
:10E6900000E0105000B0045000600D50036803F01B
:10E6A0001F025F2B02604FEA53129ABF024B53F8CE
:10E6B00022000020704700BFD4220500034A43090E
:10E6C000D35C00F01F001844C0B27047138E0500E1
:10E6D000F0B50646002487B0114F019117F8012BC1
:10E6E00006AB03EBD20313F8143C02F00702D3404D
:10E6F00013F0010306D10134032CEFD10023184697
:10E7000007B0F0BD074A03AD07CA85E8070055F812
:10E7100024100A6A46F824200A62002AEBD0EEE7A9
:10E72000238E050058110500F7B504460846FFF78B
:10E73000C5FF04EB4006B38A0D46DB072AD5204609
:10E740000DF0ECFD294620460DF059FD50B1204654
:10E750000DF06BFD0023276807EB8000C0F8103533
:10E76000C0F81035294620460DF088FD002101A88B
:10E77000B1820195FFF792FF019B00EB8300D0F877
:10E780008020064B134043F00203C0F88030084657
:10E7900003B0F0BD6FF01500FAE700BFF0F0FCFF2A
:10E7A0002DE9F043044685B0084615461F46FFF79D
:10E7B00085FF0E46804625B320460DF02BFD18B987
:10E7C00020460DF01CFD18BB04EB4809B9F81430C5
:10E7D00003F01C0313B16B78012B19D001238DF8C2
:10E7E0000F3000233046CDE900536A1CAB1C0DF1FD
:10E7F0000F010DF0ACFCB9F8143043F00303A9F895
:10E800001430002F3ED0314620460DF003FD20B9D4
:10E810006FF0150005B0BDE8F08300223978236859
:10E820004FEA810C03EB8103C3F81025C3F81025D0
:10E8300004EB4802938A23F4604323F0200393827D
:10E840007D78FDB12468B8786444D4F810750E4B17
:10E850002D043B40C4F8103541F6F07305F4403503
:10E8600003EA06130005D4F810752B4300F480105A
:10E8700003433B43C4F81035938A43EA413343F0E2
:10E88000200393820020C5E70FE0ECFF70B590F8FD
:10E890007440054690F8756044BB4622214614300A
:10E8A00011F0DFF82146134A2B6852F836608E4289
:10E8B00012D1002440F20D10C3F84441D3F8442192
:10E8C0000D4A934208BFDB20F3F7D2FC0123204618
:10E8D00085F874302B6670BDCAB2920002F5807064
:10E8E000442A04BF1C501A580131E0E76FF077004A
:10E8F000F1E700BFE022050000A00D5090F8750080
:10E90000024B03EB80000DF009BC00BFEC0A0020B5
:10E9100010B5064B90F875000C4603EB80000DF027
:10E92000E3FB0028A4BF2070002010BDEC0A0020EB
:10E930002DE9F04F804658F804BB90F87540DBF89D
:10E9400014136A4BC9B253F8342007468BB05846AB
:10E9500041F400310DF0BBFC8203054639D500239C
:10E96000CDE907330993614BE60003EBC404636808
:10E9700007A819460093FFF7ABFE331D03934FF032
:10E98000000A5B4B0DF11C090293029A574912F8D9
:10E99000013B0292039A02EBD3028A5C03F0070365
:10E9A00022FA03F3DB071AD40AF1010ABAF1030FC2
:10E9B00009F10409E9D14FF40031002258460DF065
:10E9C00086FC009907A8FFF783FE0028D7D125F41D
:10E9D00000350124002D73D10BB0BDE8F08F454BFD
:10E9E00053440493D9F80060002EDDD096FAA6F6C1
:10E9F000B6FA86F6049B1C7846EA44142046FFF7D4
:10EA00005DFE07EB4000818AF208C1F382030593A3
:10EA10000193012319F8020006F0070603FA06F62F
:10EA200020EA060009F8020006A80694FFF736FE61
:10EA3000069A11F0100F02F1200250F82260059B97
:10EA4000C6F3014623D04046019A21460DF0F7FB5C
:10EA500006A80694FFF722FE069BF6B2203350F874
:10EA60002330C3F301439E4207D1002120460DF01D
:10EA7000B7FB314620460DF0B3FB06A80694FFF71E
:10EA80000DFE0122069B02FA03F30362AAE7022E9F
:10EA900014BF02210321204605930DF0A1FB059B25
:10EAA000032B03D0022E07D1012BE6D1214640468D
:10EAB000019A0DF0C4FBE0E7032EDED1022BF4E750
:10EAC00095FAA5F3B3FA83F304FA03F225EA0205F3
:10EAD00003F5A2725BF8222007EB43034046B3F82C
:10EAE0006410C2F301420DF0AAFB73E7E0220500B7
:10EAF000238E0500238E05000123034A03FA00F04C
:10EB00009368034393607047F80500200123044A8B
:10EB100003FA00F0936823EA00039360704700BF94
:10EB2000F805002073B504460191EFF311864023E8
:10EB300083F31288BFF36F8F0B4D019B6A6801A8A6
:10EB4000134001930DF0D0FA002807DB01226B6817
:10EB5000824023EA02036B602070002086F3118854
:10EB6000BFF36F8F02B070BDF80500204FF0FF3289
:10EB70006FF0404330B5044CD4E90001824273EB9E
:10EB80000105F9D330BD00BF40270E5030B50C252C
:10EB9000074B1C1894F8544005FB0433C3E90312D7
:10EBA00018750123034A8340C2F8243330BD00BFE7
:10EBB000F805002000200E50F8B53E4C2278002ABF
:10EBC00072D13D4BD3F8101521F00201C3F8101596
:10EBD000D3F8101541F00101C3F810150521C3F851
:10EBE000A4160421C3F8AC160723672101F0010025
:10EBF0000244013BD2B24FEA5101F7D1052A56D166
:10EC000019464FF0010C2B4E00256720CFB204E0CF
:10EC10000CFA02F220EA0200013590FAA0F25FFA43
:10EC200085FEBE45B2FA82F2F2D301313275052972
:10EC3000224482F8547006F10C06E5D1012100252A
:10EC40001E489A0801FA02F212F0670F18BF1D5011
:10EC50000433302BF5D1E420F3F70AFB164B1849A7
:10EC6000D3F8102503F5C07322F00202C3F89023F5
:10EC700040F6FF72C3F8A82100221A60A3F5807045
:10EC800004338B420260F8D101250B4B0D4A1D66FF
:10EC90000D4B5D201B68B3FBF2F358430B4B2B432A
:10ECA000984700202570F8BD6FF07700FBE76FF004
:10ECB0008B00F8E7F805002000200E5000210E50D0
:10ECC000B0210E5040420F00E80A002060160500F7
:10ECD00038B5244B0D46D3F8102594073CD4D3F80F
:10ECE000102542F00202C3F81025C0B1D3F848271E
:10ECF00012F0010202BFD3F8481741F00101C3F836
:10ED00004817184BD3F84017D3F844174800F9D4E4
:10ED10002AB9D3F8482722F00102C3F84827124B3A
:10ED2000124A1B68B3FBF2F30E4A03EB4313B3B171
:10ED3000D2F84017D2F8441749000BD44FF0FF31F6
:10ED40002846FFF7EFFE044610B92878FFF7D4FEF7
:10ED5000204638BD013BEAE76FF07704F8E76FF033
:10ED60007304F5E700200E50E80A002040420F002F
:10ED70002DE9F047DFF8A09067234E4656F8044F80
:10ED80000025E4434FF00108224F04F06704C7F860
:10ED90002833E9B2E4B9E420F3F778FA1D4BD3F84D
:10EDA000482722F00102C3F84827D3F8102522F0A3
:10EDB0000102C3F81025D3F8102522F00202C3F88F
:10EDC000102501225A669A6689F80040BDE8F0874E
:10EDD000D9F8083008FA05FA0AEA030313F0670FB6
:10EDE00002D00846FFF792FED9F80430DB4303F067
:10EDF000670313EA0A0F09D0002207EB0513C3F8D3
:10EE00002C25E30702D530460DF088F9640801355A
:10EE1000BFE700BF00200E50F805002070B51E4669
:10EE20001546174A9DF81010131893F854300C33F8
:10EE300002EBC30442F833506660C6F313020401C8
:10EE4000A1B104F1A04404F56224C4F82055C4F82B
:10EE500024250C4C80000444236833B1FFF786FE60
:10EE6000A842B14101D20023236070BD04F1A04348
:10EE700003F56223C3F82055C3F82425F5E700BF46
:10EE8000F805002000210E50F0B50E4D2B1893F818
:10EE9000543000010C3355F8334005EBC3077E684E
:10EEA000641800F1A04021F0004146F1000641EA5B
:10EEB000C27100F5622045F833407E60C0F8281525
:10EEC000F0BD00BFF8050020F7B5284B284CD3F85B
:10EED0002C6304F188070EB903B0F0BD96FAA6F0D2
:10EEE0000123B0FA80F08340DA43224926EA030680
:10EEF000231893F85450830019440C2303FB054353
:10EF0000DB6873B3D7E8EF3F03EA020CC7E8EECF44
:10EF1000BEF1000FF6D1C340DB0719D5020102F1A3
:10EF2000A04202F56222D2F82435D2F82025D1F889
:10EF300000C0BCF1000FCED04FF0000CC1F800C0F3
:10EF40000C2101FB054529690091E9688847C2E762
:10EF500005F10C0304EBC30C54F83320DCF8043047
:10EF6000E5E70A68002AB6D00B60B4E700200E502F
:10EF7000F805002000210E50044B40EA0120C3F8A0
:10EF80000005D3F80024D207FBD5704700B0045029
:10EF9000036803F01F025F2B02604FEA53129ABF0F
:10EFA000024B53F822000020704700BFF0220500FA
:10EFB00010B50B4B04680B4A0B48844208BF13463C
:10EFC000B3FBF1F001FB1033834206D2C30704D434
:10EFD0007E288CBF0020012010BD0020FCE700BF70
:10EFE0000024F4000020A10700A0045073B51646C9
:10EFF000421C1C460546069B18D0012902D1BBB114
:10F000000DF027FB01A80195FFF7C2FF019B240229
:10F0100000EB8300D0F88020074B44EA86040C43C1
:10F0200013401C4344EA4101C0F8801002B070BD97
:10F030000DF01BFBE6E700BFF0F0FCFF2DE9F04F01
:10F0400091F8213005460C4685B0002B00F0BA80BF
:10F0500091F822706A4A29686A4E6B486369914246
:10F0600008BF064694F82320B6FBF3F695F8223045
:10F0700062F3000385F82230227CDBB262F34103A5
:10F0800085F8223094F82380B8F1000F34D16269FA
:10F090005E4B01219A4214BF4FF005094FF00F0952
:10F0A000237E4246012B94BF002301230093206856
:10F0B0004B46FFF79BFFCDF800804B4642460121AF
:10F0C0006068FFF793FFCDF800804B464146A27E73
:10F0D000A068FFF78BFF237C424683F00103009377
:10F0E00001214B46E068FFF781FF012100914B466B
:10F0F0004246E069FFF77AFF94F82130002B63D095
:10F100004FF0FF336B62637E94F8211094F8128005
:10F11000207E0393002961D0D4F80CC0217C94F8A0
:10F12000249094F820E02B68B9F1000F12D1D4E9B3
:10F1300001BAD4F81C902268C3F80026C3F804B6BC
:10F14000C3F808A6C3F80C96C3F810C6C3F8B815E0
:10F15000C3F8B075039AC3F8C085003A18BF0122FE
:10F160000228C3F82C653CD003283DD0012801D1EA
:10F1700042F00202C3F85425C3F8ACE5244BD3F89F
:10F1800040331C2B14D1022E31D9237E13F0FD0FF6
:10F190002DD176080136F6B2BE4238BF3E462B6806
:10F1A000C3F8B06595F8223043F0040385F82230A7
:10F1B0006B680BB32868C0F3083005B0BDE8F04FAA
:10F1C000F3F756B8022745E7E3686B62227C95F8AF
:10F1D000223062F3410385F8223094E74FF0FF3C80
:10F1E0009DE742F00402C5E742F00602C2E795F847
:10F1F000223023F00403D9E705B0BDE8F08F00BF4B
:10F2000000A004500024F4000020A1070048E801F9
:10F2100000C0FF00431C07B50ED0019001A8FFF706
:10F22000B7FE019B00EB8300D0F88020044B134015
:10F2300043F00203C0F8803003B05DF804FB00BF68
:10F24000F0F0FCFF38B504460068C0F30830F3F76F
:10F250001DF8636843B12146154A51F8043BC3F8D1
:10F26000082320680DF00DFA2368D3F80006D3F8C0
:10F270000416D3F8085694F82230DB0714D4FFF7AD
:10F28000C9FF2846FFF7C6FF0846FFF7C3FF606ABD
:10F29000FFF7C0FF2368D3F80C06D3F81016FFF76A
:10F2A000B9FF0846FFF7B6FF002384F8203038BDC9
:10F2B0000700F81F70B5847B2CBB02685F2A02F040
:10F2C0001F034FEA52111FD840F60C05104E56F896
:10F2D0002120104902EB8302D2F880300B402B43EF
:10F2E000C2F8803042685F2A02F01F034FEA5210D2
:10F2F0000AD856F8202002EB8302D2F880300B4067
:10F300002B43C2F8803070BD203354F82330FFDE29
:10F31000FC220500F0F0FCFF00210268094BC160EF
:10F32000C2F80833D2F8003223F0FF5323F4BC5361
:10F33000C2F800320123C2F8001580F8263080F8A8
:10F34000281070472264F81F00232DE9F04780F849
:10F3500027304B6805460E461746046833B1CB6824
:10F3600003F06043B3F1005F40F042813378023B29
:10F37000012B06D8336903F06043B3F1005F40F01E
:10F3800037819D4BC4F8083395F8283003F0FF020D
:10F390003BB16FF00F08EB68C4F804334046BDE89A
:10F3A000F08707F01403B3FA83F35B0985F828307C
:10F3B000337885F82430737885F82530F3682B612D
:10F3C00073686B613369AB61B3682F62EB61C7F33C
:10F3D000001385F829307378C4F88835C4F83821CB
:10F3E000D4F83831C4F82821D4F82831C4F81421CD
:10F3F000D4F81431C4F80421D4F8043117F001030F
:10F4000018BF0123C4F84C3717F0020318BF0123BB
:10F41000C4F814373378032B00F28180DFE803F05F
:10F420005E764A024FF48073C4F80032D5E90423B3
:10F43000C4F83C27C4F84037012323654FF000612E
:10F4400020460DF09FFA0028F8D1D5E90623C4F82C
:10F450003C27C4F840374FF48063EB604FF000085E
:10F4600017F0080910D13378032B0DD0012B6A68EF
:10F470006CD1A362002A55D073682BB96B68002B3E
:10F4800000F09480012363606B68002B00F08E8095
:10F49000780744BF0023EB6079065EBFEB6843F05A
:10F4A0000203EB60EB6843F02003EB60EB68C4F809
:10F4B000043373E7D5E90423C4F83C27C4F8403784
:10F4C000D5E90623C4F80427C4F808374FF4845359
:10F4D000C4F80032012323610223BEE7B806D5E950
:10F4E0000423C4F83C27C4F840374BBF4FF4807363
:10F4F0004FF40073C4F80032C4F800324CBF4FF42C
:10F5000080630223EB6001232361A7E7D5E904238D
:10F51000C4F80427C4F808374FF48053D8E76FF0D5
:10F5200015089DE76A6902B963604FF0010A40F26D
:10F53000024940F2224120460DF024FA810601D50D
:10F54000C4F804A010EA090FF3D095E7012323655E
:10F55000002A91D16A693AB340F2024A19EA0A0FC5
:10F560008AD140F2224120460DF00CFA10F0200F13
:10F570008146F3D04FF4804120460DF003FAD4F8D1
:10F58000003208B19A0505D401222261626040B1BF
:10F590004FF00009DB05E1D54FF4806120460DF006
:10F5A000F1F94FF00009D9E76360D5E70022D4F8FC
:10F5B000C434C4F8C43485F828206BB19A0756BF08
:10F5C00003F001086FF00D08A8F18C0813F0040F88
:10F5D00018BF6FF00A08E1E67B063FF5DFAE204674
:10F5E000291D0DF08DF9002808BF6FF08B08D5E6B6
:10F5F0006FF00C08D2E600BF2264F81F70B50568F2
:10F60000022186B0044628460DF0BCF920210646AA
:10F6100028460DF0B7F9D0B1D6B9E3684FF4804170
:10F62000C5F808330223E360E3682846C5F80433CD
:10F630000DF0A8F918B1D5F800329B0502D40123CA
:10F640002B616B60012384F8273006B070BD8EB348
:10F65000236A5E060AD494F827303BB92846211D58
:10F660000DF04EF980F0010084F82700236A13F0B2
:10F67000040337D1C5F83831D5F83821C5F834310D
:10F68000D5F8343194F8293013B194F82730F3B118
:10F6900000230122C5F80032E3602E4BC5F304318C
:10F6A000C5F808338A40C5F343432B49603341F81A
:10F6B00023200CE04FF4806128460DF063F994F8A4
:10F6C0002430002B2FD194F82930002BE1D0A38CCB
:10F6D000ADF804302369049363690293A369059329
:10F6E000E3690393D5F8C4349807C5F8C4342AD421
:10F6F00059072AD4DA072AD494F827309B00DBB2C2
:10F700008DF8003094F829300BB984F82830236A3A
:10F710005B0703D594F82730002B96D0D4E901314C
:10F720006846984791E74FF40073C5F800322223EA
:10F73000E360084BC5F80833E368C5F804330123D8
:10F740002B652B6181E70123DAE70223D8E7032346
:10F75000D6E700BF2264F81F00E100E00368034A17
:10F7600001F5C07143F82120704700BF3546526E45
:10F77000037C5BB10368074AC3F8202501220368B4
:10F780005A6003680020C3F8200570474FF0FF302F
:10F79000704700BF3546526E036803F01F025F2BAF
:10F7A00002604FEA53129ABF024B53F82200002026
:10F7B000704700BF08230500F7B506460DF011FAA3
:10F7C00008460DF00EFA01A80196FFF7E5FF40F696
:10F7D0000D050C46019B2C4900EB8300D0F88030CE
:10F7E00001940B402B43C0F8803001A8FFF7D4FFF1
:10F7F000019B012700EB8300D0F880300B402B43A6
:10F80000C0F8803004200CF06DFC092501A801949B
:10F81000FFF7C2FF019AC368D340DB0714D401A8E5
:10F820000196FFF7B9FF019B013D07FA03F38360DF
:10F8300004200CF057FC30460DF0D3F904200CF0F6
:10F8400051FC15F0FF05E1D101A80194FFF7A4FFD9
:10F850000123019A9340836004200CF043FC20466E
:10F860000DF0BFF904200CF03DFC01A80194FFF756
:10F8700093FF019AC368D34013F0010F0CBF6FF0E0
:10F880008B00002003B0F0BDF0F0FCFF70B5164611
:10F890001D465A1C036804461344C2689A4205D2A6
:10F8A0000821006A0DF0B5FC002070BD65B9327802
:10F8B00020460DF0B1FC0028F6D03544B5420CD1FD
:10F8C000A3680133A360F0E7AB1E062B8EBF0023B5
:10F8D000054AD35C1833DAB2EAE723685A1C22607F
:10F8E00015F8012D1A70E9E7268E050010B50446BB
:10F8F000F1F786F803480121034A08F0ABFA2046E5
:10F900000DF0A2FD38100500188B05002DE9F84315
:10F9100004460D4600AFEFF31188402383F31288AD
:10F92000BFF36F8F04282A4A98BF2A4BE9468AB052
:10F930009668117C98BF53F820306A4688BF264BE2
:10F94000CDE9073140F201332448ADF82430244B8F
:10F95000CDE9050442F8103F00234FF4315121480E
:10F96000F1F71CF9CD4645B1EB69C3F3080323B1A8
:10F9700001211D4A1B4808F06DFA2EB130460DF0EA
:10F98000EEFF08B1037803B91848E9468AB06A4621
:10F99000174B0790CDE9053640F20133ADF8203022
:10F9A000144B42F8103F00234FF411510D48F1F76A
:10F9B000F5F82946CD462046FFF798FF88F31188D1
:10F9C000BFF36F8F3046F2F749FDBD46BDE8F883BF
:10F9D0003873002014230500278B0500358B0500A4
:10F9E00005000001381005005D8B0500286D05003D
:10F9F0007E8B05000400000138B50A4B53F8204007
:10FA0000013053F82050A54200D838BD606830B1AD
:10FA1000037EDB0701D40DF0EFFC0834F3E7236825
:10FA20009847FAE728230500012270B5294B86B0D4
:10FA300003201A70FFF7E0FF0EF027FA0420FFF70B
:10FA4000DBFF254C254D2646AE4204F130040FD392
:10FA500000F0D4FE204CAC4226D300F0E3FEE7F7E2
:10FA6000F3FF1F4A938923F00103938106B070BD11
:10FA700054F80C3C059354F8103C049354F8143C8F
:10FA8000039354F8183C029354F81C3C019354F827
:10FA9000203C009354E90A2354E90C0100F0B6FC21
:10FAA00054F8303C5E65CEE7D4E90A23B3F1FF3F5A
:10FAB00008BFB2F1FF3F05D052EA0301206803D12D
:10FAC0000EF033F83034C6E70649183001F0BEF8BE
:10FAD000F8E700BFBBBD00206C0D05006C0D0500F4
:10FAE000686500203BDA0400C82370B5134E01227C
:10FAF00003FB0066002386B0CDE904230F220193A7
:10FB0000CDE9023218234FF4A0720D4D0D4903FBCD
:10FB10000055044602FB00110B4B3046009500F0E7
:10FB200075FC337C2C7423F004033374074B0134CD
:10FB300003EBC423EE606B6006B070BDA0640020D0
:10FB400038730020E0F1002057D50400E0E90020E0
:10FB50007FB50020FFF750FF294B03F5006282F3C9
:10FB6000088883F30A88E023264C002584F8223095
:10FB70002023E37725766576A57684F82050636A9E
:10FB800043F4E023636284F82350F2F7DDFAF2F7DE
:10FB90004FFC4FF0FF33A362E362F2F767FEF2F728
:10FBA000E9FCF0F789FE184800F09AFC0120FFF705
:10FBB00023FF0220154CFFF71FFF00F05DFE144BE2
:10FBC0004FF4C0529C61134B134905930123204607
:10FBD000CDE90353CDE90155104B009500F016FC1B
:10FBE0000646237C204623F0040323740DF0F1FE27
:10FBF0002846FFF779FF31462046084AF2F7ECFB2A
:10FC0000E0E9002000ED00E01867002068650020B2
:10FC100038730020E08B050020F3002029FA030050
:10FC200038B5064C064DAC4201D3002038BD204605
:10FC3000D4E901120DF010FC1434F4E7E40C0020B8
:10FC4000F80C002038B5074C074DAC4201D300201A
:10FC500038BD20460DF025FC08B91C34F5E76FF0DF
:10FC60001500F5E7900C0020E40C002073B50C465D
:10FC7000EFF31181402585F31288BFF36F8FC568BC
:10FC80005DB125602B68C360836901338361002007
:10FC900081F31188BFF36F8F11E052EA030603D19D
:10FCA0006FF00B002560F3E7CDE900230246083032
:10FCB00000F002FD18B9034B9B685B69236002B03A
:10FCC00070BD00BF387300202DE9F341044617468C
:10FCD0001E46EFF31188402383F31288BFF36F8F22
:10FCE000304BC2689B6872B18068984217D057EA5F
:10FCF000060216D188F31188BFF36F8F6FF00F00E3
:10FD000002B0BDE8F08193F90E1001322161C4E91F
:10FD1000023288F31188BFF36F8F0020F0E721696A
:10FD2000F3E793F90E1090F90E30994230DA9942C8
:10FD3000A8BF19460DF01AFC054622464146CDE9FA
:10FD40000076194800F0B8FC0028E6D0EFF31186E1
:10FD5000402383F31288BFF36F8FA068D0B123686C
:10FD600021699C420AD04BB193F90E309942A8BF49
:10FD700019466FF07F039942B8BF19460DF0F6FBA4
:10FD800040B1314608480DF07EFE6FF00A00B7E73B
:10FD90000025D2E7002DF4D186F31188BFF36F8FD1
:10FDA000F3E700BF38730020BCBD0020F8B58368BE
:10FDB0000546002B40D0234A926893423FD1C36846
:10FDC000012B03D9013BC3600020F8BDEFF311877D
:10FDD000402383F31288BFF36F8F016980680DF0B1
:10FDE000C5FB2C68A54207D10023C5E9023387F380
:10FDF0001188BFF36F8FE7E7002CF5D0D4E900320C
:10FE0000002613605A60237CC4E9006623F00203D5
:10FE10002374A66004F118000DF015FFAC6094F98E
:10FE20000E3020462B61C4F880600DF0D2FD3946BB
:10FE300005480DF028FEC7E76FF01500C5E74FF045
:10FE4000FF30C2E738730020BCBD002037B5114633
:10FE5000EFF31185402282F31288BFF36F8F04689D
:10FE60009CB12368426823F003039442036008BFF7
:10FE70004360012120460DF0FDFB044685F3118807
:10FE8000BFF36F8F204603B030BD51EA0302F5D0B7
:10FE900000F10802CDE900131046294600F00CFCE1
:10FEA0000028EFD1014B9B685C69EBE738730020B9
:10FEB00070B5EFF31186402383F31288BFF36F8F81
:10FEC0000468A0421BD0D4B1D4E9003200251360ED
:10FED0005A60237CC4E9005523F002032374A56013
:10FEE00004F118000DF0AFFE2046C4F880500DF06C
:10FEF00070FD3146BDE8704006480DF0C4BDD0E944
:10FF000002329A4218BF0133836086F31188BFF32F
:10FF10006F8F70BDBCBD002013B5EFF3118140247D
:10FF200084F31288BFF36F8F846844B1013C84600E
:10FF300081F31188BFF36F8F002002B010BD52EA29
:10FF4000030406D181F31188BFF36F8F6FF00F00A8
:10FF5000F3E7CDE900230246014800F0ADFBECE7F2
:10FF6000BCBD002070B50546EFF31186402383F336
:10FF70001288BFF36F8F00232C68A54219D0C4B13B
:10FF8000D4E9003213605A600023227CC4E90033B4
:10FF900022F002022274A36004F118000DF053FE57
:10FFA0006FF00A032046C4F880300DF012FD0123E3
:10FFB000E2E70022AA6023B986F31188BFF36F8FAE
:10FFC00070BD3146BDE8704001480DF05CBD00BF1A
:10FFD000BCBD002007B5074B4FF4006200930649F3
:10FFE0004FF0FF33054800F06DF9002003B05DF8D5
:10FFF00004FB00BF40230500200B012030660020D9
:020000040004F6
:100000002DE9FF4104464027534EEFF3118887F353
:100010001288BFF36F8FD4F8CC50F5B9022104F1E8
:10002000E4000DF060FB002870D004F1DC05002234
:10003000012128460DF099FD0028F8D100234FF04A
:10004000FF3202934FF0FF334146CDE9002343488E
:1000500004F1D40200F03AFDD7E7D4F8D0202B68A1
:100060009542C4F8CC3008BFC4F8D030D4F8E4309E
:1000700043F00203C4F8E430EB6823F0040343F0D8
:100080000103EB606B6888F31188BFF36F8F28461C
:100090009847EFF3118887F31288BFF36F8FEB68EF
:1000A000D80623F001023ED4EA60EB689A0717D520
:1000B000306823F00203EB6090B10021036878B14F
:1000C000426895423DD10368002934D1726833609B
:1000D000904200D17360002340F8083BFFF7E8FE30
:1000E000D4F8E43023F00203C4F8E430DB0530D464
:1000F000D4F8CC30003B18BF012388F31188BFF33C
:100100006F8F002B81D000F0BFFB7EE7D4F8E43086
:10011000D90693D5C4F8E40088F31188BFF36F8F34
:1001200004B0BDE8F08123F01103EB6005F110008D
:10013000FFF7BEFEB9E70B607368984208BF7160B5
:10014000C9E701461BB11A6818461346B7E71A46B5
:10015000FAE70023D1E700BF5C730020BCBD00209C
:1001600070B5C3680546C3F340069B070C460DD522
:100170000122002104F108000DF0A9FA00232360F8
:10018000054B65605A681AB9C3E90044304670BD32
:1001900014605C60FAE700BF5C730020F8B5C368C8
:1001A00004469A070E46C3F3400542D45F0742D483
:1001B0000B680BB983680B60E368D80742BFA3687C
:1001C00002253360376858BF012557B31B4B9A6827
:1001D000D7F8C8309A421ED10DF0B8FB80F001006C
:1001E000C0B2D7F8E430D907C3F380021CD5F2B10E
:1001F000F8B100232360D7F8D03073B9C7E933448E
:1002000038460DF08BFAE36843F00403E36033688B
:10021000A3602846F8BD0020E3E71C60C7F8D04083
:10022000EEE76FF0150506E06FF0120503E01B071F
:10023000DFD56FF00F0500233360EAE73873002045
:10024000F8B5C368064603F00503002B0C4614BF3F
:10025000012700271CD085680122002104F110002D
:100260000DF035FA204613490DF0B9FAE36843F072
:100270001003E360F3685B0712D5336823606BB942
:10028000D5F8D03033B9C5E9334428460DF046FAE5
:100290003846F8BD1C60C5F8D040F6E73460F4E796
:1002A000D5F8CC302360D5F8D030C5F8CC40002B41
:1002B000EBD1F0E7FDD60400014601480DF0BABAD3
:1002C00030660020F0B50446002089B00E9DC4E9D8
:1002D000330004F1D400C4E9350004F1DC00C4E9C2
:1002E000370055B32879002840F2011008BF0120DB
:1002F000C4F8E40000204FF0FF364FF0FF37CDE99F
:100300000330CDE90100CDE9066720460C4B00948F
:1003100000F0BAF855B1296811B120460DF01CFB68
:100320006B791BB1A38943F00103A38120460DF033
:10033000FCFBC4F8C84009B0F0BD0120D8E700BFFD
:100340000100040037B501900846EFF31184402105
:1003500081F31288BFF36F8FC16811F01E0F16D1A1
:1003600053EA020508D101A9FFF718FF84F31188A9
:10037000BFF36F8F03B030BD41F00801C160019938
:1003800010308161034900F061FC0120EEE700209C
:10039000ECE700BF91D7040001460148FFF7D2BF48
:1003A00030660020F7B50C4616461D460190EFF367
:1003B0001187402383F31288BFF36F8F08460DF037
:1003C0009EF955EA060309D1204601A9FFF7E6FE8A
:1003D00087F31188BFF36F8F03B0F0BDE368324637
:1003E00043F00803E360019B0449A36204F1100099
:1003F0002B4600F02BFC0120EAE700BF91D7040058
:1004000001460148FFF7CEBF306600202DE9F043DA
:10041000984685B000F15803C0E91633109B0026BA
:1004200083810423073222F0070503740F9B01EB3D
:1004300005090F4683734946C0E906668660C673A0
:100440000446F1F74DFC0E9B073020F007002067B3
:10045000C4E91A7502930D9BA9EB000901930C9B4B
:100460004A460093394643462046F1F771FF054B53
:1004700066659B6803B15B6F4846636705B0BDE87E
:10048000F08300BF38730020F0B5002587B00595D4
:10049000109DDDE9127604950F9D044603950E9D8F
:1004A00002950D9D01950C9D0095FFF7AFFFB6F1EC
:1004B000FF3F08BFB7F1FF3F05D056EA070305D15C
:1004C00020460DF032FB204607B0F0BD3A463346D9
:1004D00004F11800014900F0B9FBF4E73BDA04002D
:1004E000012310B50374838100230446C0E91A3345
:1004F00000F0DCFD014B9C6010BD00BF3873002094
:100500006FF00A01094A9368C3F880100849D86758
:100510004B6843F080534B60002383F31188BFF393
:100520006F8F9368D3F88000704700BF3873002046
:1005300000ED00E070B590F91020037C002A2FDB5D
:10054000D9062DD11A4C63F07F032246037452F86A
:100550001C3F216A934207D1C0E900210860206254
:100560000FE09942F8D01B68002BF5D093F90E608C
:1005700090F90E50AE42F4DD5968C0E900310860D0
:100580005860E569954200D005B9E568A3681A7C12
:10059000D20606D1DA897F2A03D9AA690AB9A361EA
:1005A00070BDAB4202D0284600F0D2FAA561F7E751
:1005B0003873002038B590F910200146002A037CDA
:1005C00004DA03F07F0303740DF0CBF90D4D2A46D6
:1005D00052F81C4FAB68944200D004B9EC688B42CF
:1005E00007D01A7CD20604D1DA897F2A01D9A26900
:1005F0002AB1A34202D0204600F0AAFA2346AB61FA
:1006000038BD00BF38730020B3F1FF3F08BFB2F11F
:10061000FF3F03D00249183000F018BB704700BFFD
:100620003BDA0400034648B9EFF3058232B9064AC3
:1006300091699268914201D0FFF762BF83F31188FC
:10064000BFF36F8F704700BF3873002038B5184C68
:10065000A168206A0B68814214BF1A4600224968CB
:100660000B605960A368216A2AB9124AC3E90021C4
:100670000B6023620AE092F90E5093F90E00854256
:1006800012DD5168C3E900210B605360E569094B35
:100690009D4200D005B9E568A3689D4202D0284676
:1006A00000F056FAA56138BD8A42DED01268DBE759
:1006B0003873002054730020F8B5DDE906670D4B50
:1006C0000C46986811460C4A1060EFF311824022E4
:1006D00082F31288BFF36F8F9D6828460DF053F99F
:1006E000284632463B46FFF78FFF2046BDE8F840DC
:1006F000FFF706BF3873002064730020F8B5044686
:10070000EFF31187402383F31288BFF36F8F037CCD
:1007100049B203F01F02002A0CBF0126002635D182
:1007200003F07F032A4D03740DF01BF92A46037C66
:10073000817363F07F03037452F81C3F286A93426D
:1007400007D1C4E9002004602C620DE09842F8D083
:100750001B68002BF5D093F90EC08C45F6DD596867
:10076000C4E900310C605C60EC69944200D004B9CB
:10077000EC68AB689C4202D0204600F0E9F9AC611D
:1007800087F31188BFF36F8F3046F8BD9B071CD5E8
:1007900085680DF0E6F881732B689D4209D16B687E
:1007A000C4E900531C606C60EAE76A689A42F6D0BC
:1007B0001B68002BF3D093F90E208A42F5DD5A68AE
:1007C000C4E9003214605C60DAE78173D8E700BFE7
:1007D00038730020034648B9EFF3058232B9064A60
:1007E00091699268914201D0FFF78ABE83F3118824
:1007F000BFF36F8F704700BF38730020EFF3118194
:10080000402383F31288BFF36F8F054B9A68D37B25
:10081000013BD37381F31188BFF36F8F704700BF23
:100820003873002070B5EFF31186402383F31288EC
:10083000BFF36F8F0F4DAB68DA7B0132DA732A4654
:1008400052F81C4F944200D004B9EC681A7CD206CE
:1008500004D1DA897F2A01D9A2692AB19C4202D047
:10086000204600F075F92346AB613046BDE8704084
:10087000FFF7D8BE38730020024B03F11C02C3E916
:10088000072270473873002070B5EFF311864023BC
:1008900083F31288BFF36F8F1A4CA168206A0B682C
:1008A000814214BF1A46002249680B605960A36850
:1008B000216A2AB9144AC3E900210B6023620AE0C5
:1008C00092F90E5093F90E00854216DD5168C3E986
:1008D00000210B605360E5690B4B9D4200D005B9C8
:1008E000E568A3689D4202D0284600F031F9A56171
:1008F0003046BDE87040FFF703BE8A42DAD0126886
:10090000D7E700BF3873002054730020F8B550EAD1
:10091000010306460C4603D1FFF7B6FF0020F8BDE1
:10092000EFF31187402383F31288BFF36F8F124DCB
:10093000124BA8681860FFF73DFEA86823463246B0
:100940000F49183000F082F9AA680446137C384633
:1009500043F004031374FFF7D3FDAB68D3E90A2314
:10096000B3F1004F08BF002AD8D10DF0A1F9201A29
:1009700020EAE070D3E700BF3873002064730020E2
:100980003BDA0400014B9868704700BF38730020C1
:100990002DE9F84304468789EFF31186402383F35A
:1009A0001288BFF36F8F037C190705D586F3118872
:1009B000BFF36F8FBDE8F883D90943F008026FD108
:1009C0000274A36813B120460CF0D3FF04F11800A1
:1009D0000DF039F9A56D04F15808A84511D04FF074
:1009E000000975B128460CF0C4FF05F118000DF0A0
:1009F0002AF92846C5F88090FFF79CFDA56DA8450B
:100A0000EFD1DFF8C480D8F808309C4250D1EFF322
:100A10000589B9F1000918BF4FF00109D8F81C5039
:100A2000274A954200D00DB9D8F80C50AB4202D0FD
:100A3000284600F08DF82046C8F8185007F04DFF02
:100A4000B9F1000F02D01F48FFF74AFDD8F808306F
:100A50009C4230D1EFF305836BBBA289D20711D53D
:100A600086F31188BFF36F8F83F31188BFF36F8F05
:100A70000423184602DFEFF31186402383F3128824
:100A8000BFF36F8F3046FFF73BFDFB0792D5002386
:100A900083F31188BFF36F8F0423184602DF89E7C1
:100AA00003F07F0343F0080303740CF05AFF88E758
:100AB0004FF00009B2E786F31188BFF36F8FE4E7C8
:100AC000547300201867002038730020D3B5DDE987
:100AD0000667089CCDE90067FFF7EEFD1CB1034BEC
:100AE0009B685B69236002B0D0BD00BF38730020F3
:100AF000027C034612F01F0210D10A4988420DD031
:100B00000949086868B1D9897F2909D893F90E2065
:100B1000064B1B689A42B8BF002070470020704700
:100B200010467047A0640020F40A0020687300207B
:100B30000122044BC01A044BC0105843034B1A54F3
:100B4000704700BFE0670020ABAAAAAABCBD002086
:100B500070B50C4B0C4D1E7CFFF7CAFF182303FB2E
:100B60000655044628460DF06EF80022074B9A55AC
:100B70003CB1621E2846BDE870400549D31700F01D
:100B800065B870BD38730020E0670020BCBD002050
:100B9000310B040038B5EFF31185402383F312883D
:100BA000BFF36F8F0F4B104A9C681068A04206D1AC
:100BB000FFF7CEFF85F31188BFF36F8F38BD00219B
:100BC0001B7C1160094AD35C002BF3D02046FFF751
:100BD0008FFF0028EED0237CDB0601D1FFF736FD26
:100BE0002046E5E73873002064730020BCBD002078
:100BF000024B1868984208BF00207047F80A00208E
:100C0000034B1B680BB9FCF797B90020704700BF76
:100C10006C73002030B570B10B4B5B6898420AD002
:100C2000036843B1D3E90421D0E90445121941EB2B
:100C30000501C3E90421D0E9003213605A600023A2
:100C4000C0E9003330BD00BFF80A0020B3F1FF3F18
:100C500008BFB2F1FF3F2DE9F84F0446994615460B
:100C60001F467AD08160EFF31188402383F3128806
:100C7000BFF36F8FB9F1000FDFF8E8A020DBFFF7BB
:100C8000BFFFDAE90027013549F100092D1849EBCA
:100C9000E07306464FF00109C4E90453AD1843EB75
:100CA0000707FFF7A5FF0346DFF8BCE0DEF804A066
:100CB000EBB9C4E900EACAF80040CEF8044028E0E5
:100CC0006FF00103DAE900125B1A4FF0FF3161EBBC
:100CD00002025B1B62EB0902012B72F10001BCBF37
:100CE000012300224FF00009C0E90432D9E7D3E91B
:100CF000041CD4E904208A4270EB0C0B24DA891A14
:100D00005A686CEB0000C3E90410C4E900321460B7
:100D10005C60FFF76DFF84420ED1114B1B685BB91D
:100D2000B9F1000F02D1FFF76BFF064630460CF019
:100D300073FF0021FCF730F988F31188BFF36F8F40
:100D400028463946BDE8F88F521A60EB0C0053452F
:100D5000C4E90420ADD01B68AAE700252F46EFE7C1
:100D60006C730020F8670020F80A00202DE9F04796
:100D7000284F024638600D46FFF73AFF4FF0000853
:100D80004FF00009244E4FEAE27ED6E9001350B13D
:100D9000D0E9044CA2427EEB0C0A19DAA41A6CEBDF
:100DA0000E0CC0E9044C0024521843EB0E032046FD
:100DB000C6E900233C600CF02FFF2146FCF7ECF85D
:100DC00085F31188BFF36F8FBDE8F047FFF7E2BEF0
:100DD000611843EBE473C0E90489C6E90013FFF727
:100DE00019FF01224FF00043C0E9042385F3118865
:100DF000BFF36F8F83689847EFF31185402383F328
:100E00001288BFF36F8F3A68121B3A60FFF7F0FE4B
:100E1000B9E700BF6C730020F867002010B5EFF34E
:100E20001184402383F31288BFF36F8FFFF7E8FE2E
:100E30000346054AD2E90001181841EBE37184F337
:100E40001188BFF36F8F10BDF8670020F8B5044616
:100E5000EFF31187402383F31288BFF36F8FD0E93C
:100E60000423B3F1004F08BF012A04D087F311888F
:100E7000BFF36F8FF8BDD0E90A566A1C46F1000334
:100E8000022A73F1000334D3013D46F1FF36002EF0
:100E9000BCBF00252E460CF00FFF013041F10001D0
:100EA000401946EB0101012871F1000148DB0CF00B
:100EB00003FF6FF00203013041F10001401946EBDE
:100EC000010183426FF000438B413EDB0CF0F4FEE6
:100ED000013041F100016FF00102401946EB0103BE
:100EE0004FF0FF31121A61EB030320461949FFF757
:100EF000ADFE236B01332363236A63B187F311884B
:100F0000BFF36F8F20469847EFF31187402383F399
:100F10001288BFF36F8F54F8185FA542A6D0002D3A
:100F2000A4D028460CF064FD0023C5F8803087F378
:100F30001188BFF36F8F2846BDE8F8400CF049BD1B
:100F40006FF001024FF0FF33CFE700224FF0004374
:100F5000CBE700BF4D0E04002DE9F04105461C46CD
:100F600090461F46EFF31186402383F31288BFF3A8
:100F70006F8FB4F1FF3F08BFB2F1FF3F05D186F399
:100F80001188BFF36F8FBDE8F081002C09DB012AC7
:100F900074F10003BCBF0122002412F1FF3844F1B8
:100FA000FF3728460CF04FFEDDE90623C5E90A238A
:100FB000002342462B6328463B460249FFF746FE84
:100FC000DDE700BF4D0E040070B50546EFF3118458
:100FD000402686F31288BFF36F8F0CF034FE20B1E9
:100FE00084F31188BFF36F8F70BD6B6A63B184F3B4
:100FF0001188BFF36F8F28466B6A9847EFF311840F
:1010000086F31288BFF36F8F05F118000CF025FDF1
:101010000028E5D00CF0DDFC2146BDE87040014819
:101020000CF031BDBDBD002073B50446EFF3118651
:10103000402383F31288BFF36F8F8368594003EA1C
:1010400002050A4053400022009309496B46019271
:101050000CF0AEFDDDE9003223EA020304F10C00DE
:101060003146A3600CF00FFD284602B070BD00BFF2
:10107000E7DD04002DE9F04105460E4617460CF069
:1010800065FC28B9074B9B685C6F14B9BDE8F0811B
:10109000054C3B46324629462046BDE8F0410CF05F
:1010A000D5BE00BF38730020E40C0020014B43671D
:1010B000704700BFE40C00200146024A0020FFF701
:1010C000D9BF00BFA36D040001680E4A03469142D8
:1010D00015D1C169A2F11022A2F1EF1291420ED1F5
:1010E0008268012A0BD8C26812B101698A4206D00F
:1010F000586928B19B691B1A584258417047012012
:10110000704700BF55AA00FF70B50E4B9E68B6B180
:101110003046FFF7D9FF044618B9F3687BB9356943
:101120000DB9204670BD2846FFF7CEFF28B9EB6801
:10113000B34204D12E462D69F2E70446F1E70124BB
:10114000EFE700BF707300202DE9F041404D0646E7
:10115000686988460CF09CFE18B100242046BDE862
:10116000F0812C68DCB1AC68CCB1002E6AD0B8F14B
:10117000000F69D008FB06F7B7FBF6F6B04565D15E
:10118000391D63D8BA0710D027F003020432EC6887
:1011900003E0616891420AD2A469002CF9D1686920
:1011A0000CF07CFE0028D9D0D7E73A46EFE7D4F818
:1011B00008C0BCF1000F02D001200EF061FC891ABA
:1011C000232904F120061CD80123A360D4E90523B8
:1011D000AAB19361A3690BB162695A610023C4E9A2
:1011E00005332B69DB0703D5FFF78EFF0028E3D11A
:1011F0003A460021304634460EF033FCCFE7EB6030
:10120000E8E702F1200023182039C3E9011CDC6063
:101210002169DFF844C0196144F800C00D48D86165
:1012200001B1CB6061695961A069986141B18B617D
:10123000996901B14B6101212361C4E90121CDE725
:10124000EB60F5E73446AAE74446A8E70446A6E77C
:1012500070730020669911EE55AA00FF70B5424EDA
:10126000054670690CF014FE00287BD1002D5FD07C
:101270003368002B5CD0B268002A59D09D4203D35A
:10128000726813449D4202D301200EF0F9FBA5F1D0
:1012900020042046FFF718FF0028F5D155F8183C28
:1012A000012BF1D155F8143C45F8180CC3B19A68DC
:1012B000002A42D155F81C2C02F120015A680A4438
:1012C0005A6055E905321A6155F8145C2B6903B16F
:1012D000DD602046202200210EF0C3FB23462C4671
:1012E0002069002836D08268002A33D163684268BA
:1012F00020331344636003692361D4E90523F2B901
:1013000023BB436963618269A2610BB39C61A369DA
:1013100003B15C61236903B1DC60202200210EF07F
:10132000A0FB33699B0703D5FFF7EEFE0028ABD186
:101330007069BDE870400CF0B1BD0023D0E7936147
:10134000A369002BDDD062695A61DAE7F360F7E741
:10135000F460DCE7002BE4D1F368A36103B15C61C6
:10136000F460DEE770BD00BF7073002070B50C46FE
:10137000164E14220021054630460EF072FB14482A
:1013800070610CF083FD1349134800F035F8232CED
:101390001BD915F003031FBF043CE418C3F1040379
:1013A000ED182246002128460EF05BFBC6E90054EA
:1013B000203CB5606C60B368084A1A60B368A2F15B
:1013C0001022A2F1EF12DA61F36070BD7073002099
:1013D000000B00205D1204004911040055AA00FF13
:1013E000014B1B68184700BF640B0020014B1B68B2
:1013F000184700BF600B0020024B1860024B002012
:1014000019607047640B0020600B002010B50A467D
:10141000044619B1024B00211B68984710BD00BF5C
:101420004C2305000E4B0340B3F1607F06D1B1F5AC
:10143000885F0CBF00206FF086007047B3F1707FAB
:101440000BD101F4E043B3F5005F06D111F4E06F76
:1014500014BF00206FF0860070476FF08600704761
:101460000000C07F8A42F8B506460D4600F00A81AA
:1014700001F0FE41B1F1C06F61D1884C22F4FF71DF
:1014800021F00101A14222F0FF0014D004F588549C
:10149000A04210D022F47F7626F00306A4F57064F3
:1014A000A64208D004F5A064A04204D004F5745408
:1014B000A14240F0EB80D1B2784E19B922F480619C
:1014C000B14224D125F4FF7424F00104B44225F084
:1014D000FF0112D0724EB1420FD025F47F7727F072
:1014E0000307A6F57066B74207D006F5A066B142BD
:1014F00003D006F57456B44209D115F0FF0406D0A6
:10150000684E44F00074B44204BF02460D468BB1ED
:1015100022F4FF7323F00103B3F1062F06D0624BD0
:1015200022F4FF6121F00701994203D122F4807275
:1015300025F48075954214BF00200120F8BDB1F15B
:10154000A06F16D102F0FE43B3F1A06F40F0888087
:1015500082EA050333F47E1340F0828028047FD5AD
:10156000C5F30540C2F3054290428CBF0020012024
:10157000E4E74E4B9D4209D1A3F500439A4200F0A7
:1015800081804B4B22F47E109842D4E7B1F1407F2A
:1015900060D102F0FE43B3F1407F5BD182EA0500E7
:1015A00030F47E1456D131462846FFF73BFF002821
:1015B0006AD1404912F47C1701EA020113D0B1F15B
:1015C000607FC2F3054333D1D1B241F0007101F124
:1015D0007E410339122901D83748445C15F47C1F39
:1015E0002DD19C42A7E7B1F1607F0AD1D3B243F07D
:1015F000007303F17E43033B122B4BD82F49CB5C86
:10160000E2E7B1F1707F17D106F4E043B3F5005F74
:1016100042D10123C6F302218B4006F4E041B1F52B
:10162000005FDBD10120C6F3022600FA06F4D5E7FD
:10163000B1F1707FD2D1F0E700242346CEE71FB985
:10164000C5F30541A1421DD0290403D5C5F30540CA
:1016500098428AE71A4B9D4202D1B2F1082F6AE7FD
:1016600025F0004323F47F03B3F1106F0CD102F097
:10167000FE43B3F1106F07D11248104040F01060E4
:10168000A84258E7012059E7002057E7002B7FF4D4
:1016900046AF4FE7002397E70023BEE700020006AE
:1016A00000130006FF000002004000060093C00483
:1016B000000140050000C07F2D8E05002D8E050025
:1016C0000002C0030000FFF60E4A20F47E1393428E
:1016D00010D002F5807293420ED0B3F1052F0DD0D9
:1016E000094A93420CD0094802F58072934218BF10
:1016F0000020704706487047064870470648704704
:101700000648704700014005000600050007100567
:1017100000015005000250050005100500061005E7
:1017200008B5FFF7D1FF064B984206D107390729C4
:1017300034BF00206FF0860008BD6FF08500FBE726
:101740000001500500F0FE43B3F1A06F10B52DD19C
:10175000184A20F4FF7323F00103934213D0164973
:1017600020F0FF028A420ED020F47F7424F003049C
:10177000A1F570618C4206D001F5A0618A4202D0C9
:101780000E4A93420BD110F0FF0007D00C4B40F0F3
:10179000007098420CBF6FF08600002010BD10F45E
:1017A000004F14BF6FF086000020F7E76FF086004F
:1017B000F4E700BF00020006001300060046000622
:1017C000FF0000024368002B49D003F0FE42B2F153
:1017D000106F02BF23F01F6323F4702343F00063F4
:1017E0004A1C02D0427A520739D41E4A23F0FF0322
:1017F000934231D140F20223994214D008DC4B1CB1
:1018000020D040F20113994216D06FF08600704745
:1018100040F203239942F8D1437A9A071FD443F048
:101820000203437206E0037A13F0180F17D143F056
:101830000803037200207047037AD9060FD443F0DF
:101840001003F6E7038903F40473B3F5047F06D1AC
:10185000437A43F00403E4E76FF0850070476FF0CC
:10186000880070470001000870B505460F480E4615
:101870000CF00EFB044618B16FF08F04204670BDCB
:101880006B6933602B7F012B0ABF022330602B77FB
:10189000064818BF6FF096040CF000FB0028EDD04E
:1018A000002CE9D06FF09604E8E700BF480B002059
:1018B00038B50C4C0C480CF0EBFA65780A480CF083
:1018C000EDFA0A480CF0E4FA022D08D12478E31F5F
:1018D0005C425C4105480CF0E1FA204638BD00242A
:1018E000F8E700BF88730020180B0020300B0020A1
:1018F0002DE9F047894615461C4600F095FC064642
:10190000002851D1D9F80070B7F800A00AF4E043DC
:10191000B3F5804FBB6808BF25F0010535EA030326
:101920003AD1002C40D0B5F5006F40D0A5F500525B
:1019300055425541284A24F4FF7323F00103934292
:1019400013D0264924F0FF028A420ED024F47F707F
:1019500020F00300A1F57061884206D001F5A06176
:101960008A4202D01E4A934223D114F0FF0304D0CE
:101970001C4A43F00073934222D02B462246504625
:10198000F968FFF76FFD804670B92B462246504636
:101990003969FFF767FDE0B96FF084060023384628
:1019A000C9F8003000F00AFD3046BDE8F087012597
:1019B000C0E704F0FE43B3F1407F04D12304DCD53B
:1019C0006FF08606EAE7B3F1A06FF7D0054B9C42B3
:1019D000D2E74646E8E700BF000200060013000613
:1019E00000460006FF00000238B500F0FE43B3F1E8
:1019F000407F04460D4602D06FF0860038BDFFF7E9
:101A000011FD0028F8D114F47C1F18D0C4F305434D
:101A1000032B137022D9224A2240B2F1607F31D1C8
:101A2000E4B244F0007404F17E44033C122CE3D889
:101A30001C4A125D9342DFD8202BDFD90EE0184BF1
:101A40002340B3F1607F0FD1E3B243F0007303F1A1
:101A50007E43033B122B04D9002313706FF08500E3
:101A6000CCE71149CB5CD3E7B3F1707FF4D101F43B
:101A7000E043B3F5005FEFD10123C1F302218B40B6
:101A8000DBB2C5E7B2F1707FB6D105F4E042B2F542
:101A9000005FB1D10122C5F30225AA40CAE700BF09
:101AA0000000C07F2D8E05002D8E05002DE9F3412D
:101AB0004768D0F81480044638460E460CF040FDC6
:101AC0000546E8B9FFB22FB9B8F1000F05D06FF0A5
:101AD000860515E0B8F1000FF9D0A36823F00313D1
:101AE00023F47F43002BF2D14FF6F87362889A42B9
:101AF00028D8164827790CF0CBF928B16FF08F055C
:101B0000284602B0BDE8F08107B901A8314600F0CF
:101B100041FB05460D480CF0C1F910B1002DEFD185
:101B2000ECE7002DECD10FCCD6F800C066460FC60E
:101B300094E8070086E80700002FE1D1019BCCF86C
:101B40001430DDE76FF08505DAE700BF480B0020B1
:101B500010B5044650B106480CF09AF920460CF036
:101B60008BFABDE8104002480CF098B910BD00BFD8
:101B7000480B002013B5044610B301A900F054FB34
:101B80000446E8B91F480CF083F958B100240198C5
:101B90000CF0C1FC002818BF04461A480CF07EF96E
:101BA00070B10AE00198037F032B11D10CF0B3FC54
:101BB000044614480CF072F928B10CB96FF08F0488
:101BC000204602B010BD002C08BF6FF08704F7E775
:101BD000022B10D1032303770379FF2B0ED0436927
:101BE000094A03F14043A3F580539342CED800F055
:101BF00039FD0446CBE76FF09604C8E76FF0840424
:101C0000C5E700BF480B0020FFDFFF3F2DE9F04193
:101C100090461E46002288B0038805460F4605926E
:101C2000CDF81C803260B8F1000F65D0B8F1005FCC
:101C300080F0A18023F0FF03B3F5E24F02D0B3F5AB
:101C4000824F25D128460CF044F90446002840F084
:101C50008680EB6883B16A8872B12B8803F44F41A8
:101C6000B1F5824F02D0B1F5884F05D1DBB2222BFE
:101C700036D02CD8122B38D03A46002308EB070177
:101C800012F8010B8A4243EA0003F9D1002B33D04A
:101C9000284605A9FFF70AFF0446A0B9059B9B6AE1
:101CA0006BB3059B39465A882846069206AA0292CB
:101CB00003F1280201929A6A00925B6A424600F0A0
:101CC000C7FB044680B30598FFF742FF47E0273B78
:101CD000DBB21B2BD0D8294921FA03F3DB07CBD584
:101CE0000732B8EBD20FC7D206E040F209239A427E
:101CF000F6D1B8F1400FBFD86FF086042FE06B68C3
:101D00001B0A07D1079905980CF07BF904460028B7
:101D1000C7D0D8E742463946284607AB00F064FBF7
:101D200004460028EED0CEE70599069B4A88D2B932
:101D30004B804FF6F873069A9A4219D82B8805986B
:101D400013B102889A4210D16B8813B142889A422B
:101D50000BD13146FFF788FD04460028B3D1204659
:101D600008B0BDE8F0819A42E3D06FF08604AAE79C
:101D70006FF08504A7E76FF08504F0E70102000C1F
:101D80002DE9F743DDF8289007460D46164698469C
:101D9000FFF718FD0446B8B97B68B3F1082F1AD1D4
:101DA00040F20112954228D1338823F0FF03B3F5A6
:101DB000105F32D14346324629463846CDF800906E
:101DC0000CF0FEFB044610B138460CF09DFA20469C
:101DD00003B0BDE8F083324A23F0FF0191420CD1F9
:101DE00040F20112954208D13188B1F5885FE1D007
:101DF000B1F5905FDED049BBDCE740F20122CEB303
:101E00009542318814D00BD8B5F5817F16D040F2B9
:101E1000011025F00202824214D06FF08604D3E74D
:101E200040F202239D4220D0A5F20323032BF4D8D5
:101E300041F201039942BDD071B1EEE741F20322B4
:101E40009142B7D0B1F5905FB4D029B1B1F5105F30
:101E5000E3D1B3F1082FE0D1002EABD14B4642467F
:101E6000294638460CF09EFBACE741F20623994226
:101E7000DED19FE79542F1D009D8B5F5817FEDD04D
:101E800040F2011225F002039342C6D1E6E740F288
:101E900002239D42E2D0A5F20323032BDED9BCE747
:101EA00000070008F8B5466805460F46002E3BD1EE
:101EB00021F0004323F47F03B3F1106F37D001F01A
:101EC000FE43B3F1106F26D121F01F6424F4702477
:101ED00044F0006400214FF45A7205F110000DF037
:101EE000C0FD214628460CF054FB98B9114A24F451
:101EF0009F6323F0070393426F6011D1E4B244F073
:101F0000007404F17E44033C122C9CBF0A4B33F84E
:101F10001460EE60F8BDB3F1006F08D10C46D9E74C
:101F20004FF0FF33EB60F5E76FF08800F2E76FF0FA
:101F30008600EFE7000100084C25050038B504468F
:101F40000D46FFF7B5FC30B12A462146BDE83840C2
:101F500002480CF057BB6FF0880038BD8C7300202E
:101F600010B51B4C1B480BF093FF2378590744BF57
:101F700003F0FB0323709A0705D500F0F1F82378EE
:101F800023F00203237013480BF088FF12480BF074
:101F90007FFF637813B111480CF037FB0023042155
:101FA0000E486370FFF732FA0B480BF077FF0948D1
:101FB0000BF06EFF2378DB0705D50CF0CAFA237807
:101FC00023F0010323700348BDE810400BF066BF07
:101FD00088730020300B0020180B00208C73002029
:101FE00070B5FFF765FC10B10024204670BD344881
:101FF0000BF04EFF044620B16FF08F04FFF7B0FFE7
:10200000F3E7304D2B789E0706D400F0A1F8044684
:102010002B7843F002032B7029480BF03FFF10B1DF
:10202000002CE9D0EAE7002CE8D125480BF030FF7E
:1020300004460028E0D12B78D80706D40CF087FAA4
:1020400004462B7843F001032B701D480BF026FF4C
:102050000028E5D1002CD1D119480BF019FF002838
:10206000CAD117482E780BF019FF0028C4D11648A2
:102070000BF00EFF04460028BED16B783BB9F10788
:1020800005D512480CF0BBFA022304466B700E48CB
:102090000BF004FF0028C3D1002CAFD108480BF08F
:1020A000F7FE0028A8D12B7805485A075CBF43F0FB
:1020B00004032B700BF0F2FE002895D09CE700BFC4
:1020C000300B002088730020180B00208C73002038
:1020D00038B500F140430F2B0CD82C221A4C02FBD0
:1020E0000344237F022B02D16369834224D06FF023
:1020F0008B001AE06FF04042441E94420ED2124B05
:1021000000221C461D7F022D02D15D69854210D040
:102110000132102A03F12C03F4D1E8E70B4AA3F5AE
:1021200080539342EBD96FF0870038BD6FF0960073
:10213000FBE72C2303FB024420460CF0DFF90028C8
:10214000F4D10C60F1E700BF90730020FFDFFF3F88
:102150000122024B002083F8C022704790730020B8
:102160002DE9F0410A4C002526464FF001080327CF
:102170002046C4F82080277701350BF07DFF102D15
:1021800004F12C04F4D1002386F8C032BDE8F081BC
:1021900090730020F8B5214D064621480F460BF0FC
:1021A00077FE95F8C0421E480BF078FE7CB3002401
:1021B0002B462246197FD1B13CB9022905D1196AB3
:1021C00019B91979002918BF1C460132102A03F1E8
:1021D0002C03EFD114B96FF08C0006E020460CF010
:1021E0008DF920460BF048FF10B100240DE01C468D
:1021F000237F7BB90123237736B10A4B651BAD10D2
:102200005D4305F18045356000203C60F8BD6FF00E
:102210008800EAE76FF09600E7E700BF90730020C0
:10222000300B0020A38B2EBA0023F0B5054691B0E9
:102230005E480B600E460BF02BFE5D4B5B4893F83F
:10224000C0420BF02BFE002C00F0AC8059480BF084
:102250001FFE074620B16FF08F04204611B0F0BD7D
:1022600031462846FFF734FF10F18C0F044607D0A3
:1022700050480BF013FE0028EFD0002CEDD1EAE718
:102280003846FFF787FF074620B14A480BF006FEA5
:102290003C46E2E70122336801465D61336809A8E4
:1022A0005A601C2235680DF0DCFB002200236869AF
:1022B000CDE90623404A00F14043A3F58053934201
:1022C000CDE9047703971DD806AA03A90CF0A0F95D
:1022D0000446B8B9039B6A690A93DBB2002B08BFB6
:1022E00000220346CDE90000DDE906010E9209AAAD
:1022F00000F0F6F810F18A0F04460ED0002808BF4F
:102300006FF0960430680BF0B7FE14F18C0F08BF25
:102310006FF0870400233360AAE704A909A800F03E
:102320007DF804460028EDD1284604990BF069FE9B
:1023300004460028E6D1DDE9060105AB0193AB6A4E
:1023400009AA00936B6A00F0CBF8044618B128463E
:102350000BF087FED6E72C46059BAB6209AD0FCD8F
:102360000FC495E8070084E8070032689368D80432
:1023700014D4990444BF43F40063936033681A7F14
:10238000012A04BF02221A7730680CF0B7F804461D
:1023900000283FF46DAF6FF09604BBE743F4806311
:1023A0009360E6E76FF0880457E700BF300B00202A
:1023B00090730020480B0020FFDFFF3F10B504465C
:1023C00008480BF065FD40B920460CF0A4F804461F
:1023D00004480BF063FD10B10CB96FF08F04204678
:1023E00010BD00BF480B002010B4194600244368FC
:1023F0000C60084C1A0AB4EB132F02D0064B9A4219
:1024000003D15DF8044B00F0D7BA6FF086005DF899
:10241000044B7047004E80004B4E800010B40024E7
:1024200043680C60084C1A0AB4EB132F02D0074B18
:102430009A4203D15DF8044B00F0BEBA6FF08600FB
:102440005DF8044B704700BF004E80004B4E80008B
:102450002DE9F04FDFF880B0D0F804E085B0BBEB99
:102460001E2F0446DDE90E890D4616461F46DDF88F
:1024700040A04FEA1E2C1CD0DFF860E0F44518D0D5
:10248000BCF1000F22D1CDE9019ACDF8008000F017
:102490002FFF10F1860F1BD13B46324629462046BE
:1024A000CDE90F9ACDF8388005B0BDE8F04F0BF0BC
:1024B000BBBD3B46324629462046CDE90F9ACDF8B2
:1024C000388005B0BDE8F04F00F012BF6FF0860015
:1024D00005B0BDE8F08F00BF004E80004B4E80007D
:1024E000F0B4DFF830C05468DDE90456BCEB142FBB
:1024F0004FEA142702D0064CA74204D1CDE9045676
:10250000F0BC00F03BBF6FF08B00F0BC704700BF29
:102510004B4E8000004E80002DE9F74F0C9CDDE90A
:102520000D5601944468DDE90F7C240ADDE911E8C9
:10253000DDE9139A03D0DFF830B05C450ED1019C81
:10254000CDE9139ACDE911E8CDE90F7CCDE90D561F
:102550000C9403B0BDE8F04F00F0FEBC6FF08600B5
:1025600003B0BDE8F08F00BF4B4E80002DE9F74F60
:102570000C9C4568DFF858B000940D9CBBEB152F00
:102580000194DDF850A04FEA1524DDE90E67DDE97E
:1025900010CEDDE9128903D00C4DAC4200D07CB9DD
:1025A000019CCDE9139A0D94009CCDE911E8CDE989
:1025B0000F7C0E960C9403B0BDE8F04F00F032BDD6
:1025C0006FF0860003B0BDE8F08F00BF4B4E800077
:1025D000004E8000F7B5089E0E4FF5B2044645F058
:1025E00000754868BD424FEA10200DD010B10A4D69
:1025F000A8420CD1009604F108000CF0CAF908B901
:102600000523236003B0F0BD6FF08500FAE76FF09B
:102610008600F7E7050000024B4E8000F7B5089EE4
:102620000E4FF5B2044645F000754868BD424FEACA
:1026300010200DD010B10A4DA8420CD1009604F123
:1026400008000CF0A8F908B90523236003B0F0BD19
:102650006FF08500FAE76FF08600F7E705000002EB
:102660004B4E80004268044BB3EB122F01D10CF0AB
:1026700074BB6FF0850070474B4E800010B50C4C5A
:1026800020680DF094F90B4A1368591C11604BB97E
:10269000094A4820D2F8003443F00703C2F8003456
:1026A000EFF7E6FD2068BDE810400DF086B900BFE9
:1026B0006C0B0020547600200080045038B5164D75
:1026C00028680DF074F9154B1C68013C1C60ECB9CE
:1026D0004820EFF7DBFD0722114BC3F80823D3F89E
:1026E000002422F00702C3F80024C3F80041D3F805
:1026F0000021C3F80441D3F804214FF48072C3F8D9
:102700000841D3F80831074BC3F888212868BDE891
:1027100038400DF052B900BF6C0B002054760020F9
:102720000080045000E100E070B5104D104E2B68A1
:10273000B34219D0FFF7A2FF01F0B2FF01F0EEFFA4
:1027400038B10BF067FF0446FFF7B8FF3CB92E60C5
:1027500005E001F00FF8044618B1FFF7AFFF20467F
:1027600070BD0CF099FBEEE70024F8E7680B002041
:1027700011736500002310B50B6010F0FF0314D037
:1027800043F0007303F17E43053B102B0DD801226B
:102790000B4C9A40224203D1042B06D1094B0B600B
:1027A0000B6853B96FF0850006E000F0FE40B0F111
:1027B000007FF7D06FF0860010BD0020FCE700BF5F
:1027C00069780100DC230500F8B505460E46184679
:1027D0001C2117461C460DF012F96B6821491A0A94
:1027E000B1EB132F1BD1204A337822611F4A13F01B
:1027F0000303E26066610CD0023303F00303012B94
:1028000026D86B880733DB086360194B23600020F0
:10281000F8BD6B880733DB086360164BF6E7164B91
:102820009A4212D16A69154B1344022B13D9002323
:10283000224642F8183FC4E9033362616A69104BCB
:102840009A4201D12023E7E747B1C4E90067DEE7F8
:102850006FF08400DCE76FF08500D9E76FF0960039
:10286000D6E700BF4B4E8000ED33040061EE04005C
:102870000000002040008151004E8000FF3F00809A
:1028800004C0FF7F0022074BC3F81021C3F80C21BE
:10289000C3F80021C3F80421C3F80821C3F81421A8
:1028A000704700BF0050045008B5FFF7EBFF01234D
:1028B0000360104B0A6832B9D3F80C211AB9D3F867
:1028C0000821002AF6D00B687BB90B4B99420ED039
:1028D000A3F58473D3F80831002B14BF6FF0020006
:1028E0004FF0FF30FFF7CEFF08BD0020FAE74FF0B2
:1028F000FF30F7E7005004500851045038B5054642
:102900000C4691B10021012009F04EFE084809490A
:10291000C0F80055C0F80445FFF7C6FF0021044683
:10292000084609F041FE204638BD6FF00104FAE781
:102930000050045000510450034B0449C3F80005F3
:102940000348FFF7B1BF00BF0050045004510450CA
:102950000450045010B504460021012009F024FE63
:10296000064B0749C3F800450648FFF79DFF0021C5
:102970000446084609F018FE204610BD00500450D9
:10298000085104500850045038B50C4659B1074D51
:102990000749C5F800050748FFF786FF10B9D5F8C5
:1029A0000835236038BD6FF00100FBE7005004508C
:1029B000105104500C50045070B51C4E44680288ED
:1029C000B6EB142F43884FEA142514D14069184BF5
:1029D00098420CD003F5FF437D330344012B22D8EA
:1029E000B2F5105F1FD1022300200B6070BD47F2CB
:1029F00012139A42F6E70F48854214D102F44F4071
:102A0000B0F5824F09D144F21210073382424FEAE7
:102A1000D303E9D15B000133E6E7B2F5885FE2D189
:102A20000733DB08E0E76FF08600DFE7004E800049
:102A300001C0FF7F4B4E800000212DE9F043064688
:102A400095B0084601F0B0FD0DF12705044625F0CC
:102A50001F0520B115B0BDE8F0430BF0DBBD4FF012
:102A60001009DFF88480012210211E480BF03EFE81
:102A70001C4A2B19009320211023CDF80490A2F1B9
:102A8000200001F027FB074650B1002001F07AFD3D
:102A900038460BF0BFFD0746384615B0BDE8F08359
:102AA000D8E90C321034013342F10002302CC8E96D
:102AB0000C32D8D101F066FD26B1224631462846B7
:102AC0000BF007FE2E46084C0FCE0FC496E80F0001
:102AD000203584E80F0095E80F00103484E80F00DB
:102AE000DAE700BF2068002000680020F0B5194D2B
:102AF000194FAB6B8DB0BB4229D0184E30680CF02B
:102B000056FF40230022194628460CF06DFF302165
:102B100068460BF035FE044678B96846FFF78CFF2F
:102B2000044690B930230246194668460CF05CFF13
:102B300001220023C5E90C23AF6330680CF03DFF90
:102B400020460BF067FD0DB0F0BD0E24F5E7002028
:102B5000F9E700BF00680020B4A5B4A5700B002001
:102B60002DE9F04F99B00DF1570902F10F0A044613
:102B70008846154629F01F094FEA1A1A32B1002972
:102B800000F08580B2F5803F00F28180414F424ED7
:102B900038680CF00CFFD6E90C32134308D12046FC
:102BA000FFF7A4FF044618B138680CF006FF5AE09E
:102BB000D6E90C231AEB020243F10003B3F5803F80
:102BC00014D3302102A80BF0DBFDF8B902A8FFF7FF
:102BD00033FF04460028E7D130230246194602A8F5
:102BE0000CF002FF00220023C6E90C230021084656
:102BF00001F0DAFC044660B910249DB9284601F0C2
:102C0000C1FC2846FFF718FF0446CDE76FF0920499
:102C1000CAE738680CF0D1FE204619B0BDE8F04F85
:102C20000BF0F8BC102D4FF001024FF010011B48C3
:102C3000AB4628BF4FF0100B0BF058FD174A10237E
:102C40002021CDE90094A2F1200001F043FA824650
:102C500068B1002001F096FC38680CF0AEFE5046DA
:102C60000BF0D8FC0446204619B0BDE8F08F5A4658
:102C7000404649460CF0CFFED6E90C32013342F112
:102C80000002C6E90C32A5EB0B05D844B5E76FF09E
:102C90008604E8E7700B0020006800202068002010
:102CA00038B5154603680D4A0446934206D002F52E
:102CB0008072934202D00A4A93420BD1EB1F062B3B
:102CC00008D82A4604F140000CF0A5FE002084F844
:102CD0004D5038BD6FF08500FBE700BF0001500587
:102CE000000510052DE9F84FDFF8C4A0DDE90AB4AE
:102CF00024F47E16884617461946138856450CBF9D
:102D00004FF4105200229A42054643D1BBF1200FE6
:102D100043D800F120095A4648460CF07CFE5A463A
:102D2000494638462B1DFFF74FFD38BB564527D087
:102D30001B4B9E4226D0B6F1052F25D0194B9E4243
:102D400024D0194A194B964218BF00232B60184B08
:102D500085F858809E421BD184F0AA6383F4807367
:102D600033F47E1306D084F0AA6383F4007333F443
:102D70007E130DD1C4F3054485F89A40BDE8F88F61
:102D80000C4BE3E70C4BE1E70C4BDFE70C4BDDE7CB
:102D90000024F1E76FF08500F0E76FF08600EDE7C3
:102DA00000024005000600050007000500071005A9
:102DB0000001400500015005000250050005100506
:102DC00000061005F7B590F89B10044601295AD06B
:102DD00002297AD000297AD10168404B994206D065
:102DE00003F58073994202D03D4B994272D194F819
:102DF0004D30073B062B6DD83A4B994213D0A3F5C3
:102E00008073CA1A5142514104F1C007384601F09B
:102E1000CBFB064648B10BF0FDFB10B9022384F84A
:102E20009B3003B0F0BD0121EEE723682B4A9342AB
:102E30000DD002F58072934220D0294A93421DD0D2
:102E40006FF00205384601F09DFB2E4616E094F81F
:102E50009A50D4F854C094F858E094F84D3004F1E6
:102E60004002CDE9005C211D04F1A000BEF1000F7D
:102E700006D10CF091F805460028E3D13046CAE7A8
:102E80000CF080F8F7E70368164A934203D0134921
:102E90005B1A5942594104F1C006304601F084FBE7
:102EA00020B103B0BDE8F0400BF0B4BB04F1A000CA
:102EB0000CF0FDF8054620B1304601F063FB2846D2
:102EC000EFE7022384F89B30F9E70020A9E76FF0D1
:102ED0009600A6E76FF08800A3E700BF0001500549
:102EE00000051005000250052DE9F0431546DFF8F6
:102EF000649085B00F4603AA494606460BF06AFC6B
:102F0000DDF80C801DB3C8F12004AC4228BF2C466C
:102F10003946224609EB08000CF07DFD4FF001090F
:102F2000002330460B49CDF8009004EB08020BF06B
:102F3000B3FC48B9AC4207D00346CDF80090304608
:102F40002A1B39190BF0A8FC05B0BDE8F0832C460C
:102F5000E4E700BFBDBD00202DE9F04FFBB003AC9E
:102F600080468946924600214FF4EE7220469B46E9
:102F7000899D879F0CF075FD00228B9B02AEAB42B2
:102F800032604AD342464B4601212046CDE900AB90
:102F9000FFF7A8FE8046002838D1DDE984122046DC
:102FA000C4E91475FFF77CFE70BB22681C4B9A4283
:102FB00021D13A4620468699FFF796FF804628BBE6
:102FC00000902A4620468A9B88990BF065FC804633
:102FD000E0B98B9A8A9933462046521B29440BF05C
:102FE00095FC804690B933688C9A2B441360404618
:102FF0007BB0BDE8F08F01233A460093204643465C
:1030000086990BF049FCD9E76FF0850800238C9A6C
:10301000204613600BF06AFCE9E76FF08908E6E7E9
:10302000000150052DE9F04F044699468A46934623
:10303000FBB003AD4FF4EE72DDE98778002128463E
:103040008C9E0CF00EFD2246534600212846CDE909
:1030500000B9FFF747FE044650BB95F89A20899BBC
:103060009B1A8B9A3360934234D8DDE98412284648
:10307000C5E91473FFF714FE78BB2A68184B9A420F
:103080001FD13A4628468699FFF72EFF044678B9A5
:103090000090414628468A9B32680BF0FDFB0446AF
:1030A00030B93168284641440BF057FC044620B142
:1030B0000023284633600BF019FC20467BB0BDE8A6
:1030C000F08F01233A4600932846234686990BF059
:1030D000E3FBDBE76FF08904EAE76FF08504E7E7DD
:1030E00000015005F0B4046815461A46049B002CF4
:1030F0003CD1224C13F47C16036004EA030409D08B
:10310000C3F30546B4F1607F466021D12946F0BC87
:103110000BF010BDB4F1607F0BD1DCB244F0007451
:1031200004F17E44033C122C1CD81549095D416012
:10313000ECE7B4F1707F17D10C8804F4E047B7F5E1
:10314000005F11D10126C4F3022406FA04F444609E
:1031500023F47E140B4B9C420CD113462A46F0BC40
:1031600000F076B84660D1E74660F1E76FF088007E
:10317000F0BC70476FF08500FAE700BF0000C07F29
:10318000408E05000002C00310B4046894B1B2B1CF
:103190000D4B2340B3F1607F03D15DF8044B0BF07E
:1031A00012BD0A4B24F47E149C420AD15DF8044BF4
:1031B0000BF008BC6FF088005DF8044B70471046B8
:1031C000FAE76FF08500F7E70000C07F0002C00358
:1031D000F8B50F46016805461E4659B36FB34368FC
:1031E00093422DD8184B0B40B3F1607F11D10BF0F7
:1031F0006BFD04462B68154A23F47E13934203D1DA
:1032000028460BF05FFC044634B1002333602046AF
:10321000F8BD6FF09604EDE705F10C0138466A68D9
:103220000CF0F9FB6B684FF40171284633600CF029
:10323000E6FBECE76FF08804E9E76FF08604E6E769
:103240006FF08904E3E700BF0000C07F0002C00305
:103250002DE9F0410E461C4633880546B3F5105F54
:1032600011463DD10F2C0BD873681F481A0AB0EBDA
:10327000132F07D01D4B9A4204D06FF086042CE028
:10328000202CFAD805F5B2772246384605F5A47801
:103290000CF0C1FB2246434639463046FFF794FA0C
:1032A0000446D0B905F164060121304601F07CF9ED
:1032B00018B1BDE8F0410BF0ADB9414605F1500041
:1032C00000F056FF0446304601F05CF90CB1204690
:1032D000EFE7102385F84C40AB602046BDE8F08155
:1032E0006FF08504F9E700BF4B4E8000004E800070
:1032F0002DE9F04F1D4600238BB0DDF85890DDE935
:10330000146AC9F8003004460F469046CAF80030E7
:1033100066B34268184BB3EB122F2AD102A9D0F83A
:1033200014B0FFF749FB0146C8B9029B9E421AD36D
:103330005FFA8BFB594643463A46204600F0B4F804
:10334000014660B92B465846CDE9006A03AA00F051
:1033500071FA014618B9BDF80E30C9F800300846B8
:103360000BB0BDE8F08F6FF08901F8E76FF08601D0
:10337000F5E76FF08501F2E74B4E800030B4074C63
:10338000041961F10005032C75F1000502D330BC6E
:1033900000F050BA6FF0850030BC7047FF3F0080EE
:1033A0006029F8B505460E4618D80E4F38680CF05F
:1033B000FEFA28460BF054FD0BF02CF9044640B9F8
:1033C0000949324628460CF026FB602106480CF0DD
:1033D00016FB38680CF0F1FA2046F8BD6FF089044E
:1033E000FAE700BF740B00200000002008B5037846
:1033F0009B0705D0054860210CF001FB002008BDAB
:103400000BF04AFD0028F5D00220F8E7000000206C
:10341000F7B5244943680446B1EB132FDAB23DD126
:10342000032A03D16FF0840003B0F0BD466901A9FF
:10343000F5B228460BF0BEFC0028F5D121466A46BD
:1034400001980BF08CFC044610BB009FA74218D8D3
:103450009DF8043007F0070223F01F0343EA8203BC
:1034600001A88DF804308DF80560FFF7BFFF3946DD
:1034700028460BF0BAFC70B903B0BDE8F0400BF081
:10348000CCBC6019FFF758FA0028CBD10134DCE737
:103490006FF09800C8E76FF09200C5E76FF08B00FF
:1034A000C2E700BF4B4E80002DE9F04F89B01C46AB
:1034B00007460D4616460BF0B0FC0346002840F0C8
:1034C0002C8100907869C0F3013161F305138DF808
:1034D000003013F0300308D1BA68920710D06FF0B3
:1034E0008608404609B0BDE8F08F102B08D1BDF822
:1034F000023023F4F87343F4A873ADF8023085E08A
:10350000FA6802F0FE4CBCF1A06F11D1DFF84CC29A
:1035100022F47E12624518D11020009A60F3933293
:1035200000923A88B2F5105F20D06FF08508D8E796
:10353000DFF82CC262450ED00AD8DFF828C26245F7
:103540000FD0DFF824C2624508D0C0B2F828EBE7FC
:10355000DFF818C2DEE71420009ADFE72420009A83
:10356000DCE73420009A60F39332009200224FF09F
:10357000010B904610469446D7F808E0DFF8F0912A
:1035800059F804AB1EEA0A0F08D00BFA0CF242EA13
:10359000080202F07F08012240EA0A000CF1010C47
:1035A000BCF1070FECD12AB19DF8032068F3470264
:1035B0008DF803203EEA0000B7D17A88FF2A39D07F
:1035C00005D8802A38D0C02AAFD1022206E0B2F551
:1035D000807F33D0B2F5C07FA7D106229DF80200CC
:1035E00062F306108DF802001BB91EF0030F7FF482
:1035F00076AF3B79022B2ED022D8012B7FF46FAF10
:10360000BDF8022063F3C812ADF8022001293AD0B8
:10361000032925D000297FF462AF3B88B3F5105F02
:1036200083D1182C04D0202C02D0102C7FF457AF5B
:10363000474F2CE00322D1E70122CFE70422CDE758
:10364000032B02D0FF2B7FF44AAF0222BDF80230D9
:1036500062F3C81351E7BDF8023043F4C0734CE77E
:10366000202C05D006D8102C02D0182C7FF437AFB0
:10367000384F0CE024F02003412B01D0302CF5E72B
:103680000136013CF4E7302C7FF429AF324F4FF084
:1036900000080F344FEA141905EB08000BF066F828
:1036A000002852D008F10108C145F5D11F2C2ED1B8
:1036B0001C22002101A80CF0D4F94FF0000B4FF0B0
:1036C000FF3A07EB0B124FEA0B130692BBF1000F08
:1036D00026D1009A0792BDF802203344C2F3C112EA
:1036E00005920DF1040C03F1100E6246186859683A
:1036F000083303C273459446F7D101A905EB0B00CB
:10370000FFF7FCF8804670B10BF087FB05E04946F7
:1037100028460BF06AFB0028CAD06FF09208E0E65A
:10372000CDF81CA0D7E71C2101A80BF1010B0CF070
:1037300066F9D945C5D11F2C3FF4D3AEBA20FFF7A7
:1037400009F900283FF4CDAEE7E76FF08A08C8E634
:103750004000815100000020108404500001400509
:1037600000444004090080030002C003000150052A
:103770005023050010B590B01C22002101A80CF0C8
:1037800070F9F8200AF0F2FF00B3202200200DEBC0
:103790000201FFF7E5F90446F0B94FF48071104AD1
:1037A000104B01A8CDE901230F4BCDE903130F4BBB
:1037B000F821069320230DEB0302FFF775FE20216D
:1037C00004460DEB01000CF01AF905E0F9200AF0AF
:1037D000CDFF0028D9D10446204610B010BD00BF4F
:1037E00000240001014B4E800010C004F800FF7F50
:1037F00073B5C5B20E46284601A914460BF0DAFA95
:1038000088B9BDF80630C3F3C113013BDBB2022B0C
:103810008FBF6FF08600054AD25C054B9EBF1343F5
:103820003360C4E9005002B070BD00BF538E050084
:10383000004B4E802DE9FF41884601A906461446FB
:103840001D460A9F0BF0B6FA48B9B6F1F80348F1E5
:10385000FF38022B78F1000804D26FF0860004B024
:10386000BDE8F0810BF0D9FA002862D1002CF4D029
:103870009DF8041011F00F0240F0C180BDF8063031
:10388000C3F3C113013BDBB2022B00F2BB806248E1
:1038900001F03008C05C614BB8F1100F43EA00033F
:1038A00063602AD15E4B2360204602A9FFF784F8AB
:1038B0000028D4D1029BBB4200F2AA8044F212122B
:1038C00021880198914204BF042205F8012B0B9A2C
:1038D000214613609DF804302A78C3F3011363F383
:1038E00001022A7003AA08BF07F1FF370BF037FA6D
:1038F00000286ED06FF09800B1E713469DF807C01E
:10390000DFF830E14FEA5C00B0B9D00454BF134691
:1039100042F48063990448BF43F40063A360019BB1
:10392000C3F38533242B17D010D8102B30D0142B91
:1039300032D06FF0920092E7C10704D5062B64D80D
:103940005EF823100A4340080133DDE7342BF0D141
:103950004FF48850334B02E04FF41050324BE36089
:103960009DF806302080C3F30213013B052BC1D81C
:103970000FF2040C5CF823F0CF390400A1390400E5
:10398000BF390400C3390400F5380400C939040004
:103990004FF41050254BE2E74FF41050244BDEE774
:1039A000C0236380B8F1000F7FF47EAFB0F5105FE5
:1039B00002D193073FF478AF6FF096004FE7FF23F3
:1039C000EFE74FF48073ECE74FF4C073E9E780232F
:1039D000E7E72B78039A6E7062F384032B702388D9
:1039E00003F44F42B2F5824F04D139462846FFF71F
:1039F000D7FC34E7B3F5885F7FF431AFF5E76FF0BC
:103A000088002CE76FF0910029E76FF0830026E72C
:103A10006FF0890023E700BF538E0500004B4E80F6
:103A200001108001090080030002C00300814405E9
:103A30000044400450230500084A21F49F6323F00A
:103A400007039342016004D0054B21F0FF01994226
:103A500001D10BF038BA6FF0850070470001000803
:103A60000004000870B40468094E24F49F6525F032
:103A70000705B54204D0074D24F0FF04AC4202D143
:103A800070BC00F0D7B86FF0850070BC704700BF05
:103A9000000100080004000830B404681A46B4F1BC
:103AA000082F029B07D0064D24F0FF04AC4202D041
:103AB00030BCFFF7D7BF6FF0850030BC704700BF48
:103AC0000007000830B40368094D23F49F6424F014
:103AD0000704AC4204D0074C23F0FF03A34202D1F9
:103AE00030BC00F04FB96FF0850030BC704700BFAC
:103AF000000100080004000838B50368084A23F0F4
:103B0000FF039342054609D10BF008FA0446284604
:103B10004FF45A710BF073FF204638BD0024F6E7CE
:103B2000000100082DE9F3410478064664B33F4BD9
:103B300044F000749C4260D004F17E43043B012BAE
:103B40005DD93B4B9C425CD001339C425BD001333E
:103B50009C425AD001339C4259D001339C4250D0F0
:103B600001339C424FD003339C424AD001339C42E4
:103B700049D001339C4248D001339C4247D00233A4
:103B8000E31A5C425C41A40100232246304606F25F
:103B90005921019300F004FE0546002842D196F811
:103BA000583206F15407A3BB96F858323846013311
:103BB000D6F85C2386F8583206F2D921FFF7E4FAEA
:103BC000054678BB0122384606F51671FFF7DCFA88
:103BD000054638BB06F2992822464146384601ABD5
:103BE000FFF7F6FA0546E8B92246414606F110000D
:103BF0000BF011FF86F8504014E01024C4E71424A1
:103C0000C2E71C24C0E72024BEE73024BCE74024E0
:103C1000BAE72246384606F29921FFF7B5FA05467B
:103C20000028C1D0284602B0BDE8F08103000002A0
:103C3000080000022DE9F3411D46002301930368AB
:103C4000064613F0FF0417461BD044F0007404F13D
:103C50007E42D01E022829D9A2F10800012825D9C8
:103C60000A3A032A24D9454A944223D00132944285
:103C700022D00132944221D0013294420CBF482418
:103C800000243F4A23F0FF03934219D140F201136D
:103C9000994215D1402D6ED82A46394606F2592050
:103CA0000BF0B9FE1223B38000201CE04024E8E7AB
:103CB0008024E6E79024E4E78824E2E76824E0E74C
:103CC000B388DA0642D5132B40D040F2022291424B
:103CD0000CD040F2032291423BD040F201129142BB
:103CE00010D06FF0860002B0BDE8F081102B2DD10E
:103CF0002A463946304600F053FD0028F3D11123FF
:103D0000B380F0E7102B1FD106F25928402140461E
:103D10000BF075FE22464146304600F041FD00287A
:103D2000E1D106F154082A4639464046FFF72CFAFD
:103D30000028D8D112232246B380404601AB06F2B8
:103D40005921FFF745FACEE7112BEAD06FF0880032
:103D5000C9E796F86033002BF8D1802D0BD82A469E
:103D6000394606F2D9200BF056FE0123C6F85C5303
:103D700086F8603398E76FF08C00B4E7100000021B
:103D8000000500082DE9F04104680E46194924F0A9
:103D9000FF078F421346054682881BD1112A26D978
:103DA0001322E4B244F0007404F17E44033C122C6C
:103DB000828006D8104A125D9A4203D96FF08900BA
:103DC00006E00022304605F259210BF024FE0020C7
:103DD000BDE8F081112A0AD990F860233AB1132284
:103DE000828006493246BDE8F0410BF080BD6FF09D
:103DF0008800EDE700040008568E0500253B04000E
:103E0000F8B504461F460E4619B18B68096819B902
:103E100053B96FF0210550E033B9736823F00801FE
:103E2000102901D0202B4AD1FB074BD43B1F0C2B70
:103E300048D8D31F062B48D8C2F10F02D2B2082AA5
:103E400003D0069BD200D34042D101232046A37663
:103E5000E6610BF083F8054600282ED121461E4B63
:103E6000079841F8843BB3689A0602F0E0429B0150
:103E70000243DBB21A4342F40052112304F1200042
:103E800000F0C6F9B3687BB9636A32681A60736878
:103E9000626A43F0005393602268636A92685268D2
:103EA000DA60636A103363620023C4E9023363613A
:103EB000236123682776DB6863602846F8BD6FF0CE
:103EC0004105FAE76FF04205F7E76FF04305F4E7C5
:103ED0006FF03F05F1E700BF6C23050070B590F867
:103EE000203004460D46002B5DD003685A68052A31
:103EF0000ED1016B9A6911420AD0C26842B9826838
:103F000032B90BF024F8002808BF6FF0530070BDE1
:103F10005A6AD4E904100E18964207D220460BF0D4
:103F200016F8002808BF6FF00200F0E71B6904F1E3
:103F3000F402984770B1E36A626AC4331360636A3B
:103F40001A4A9A602268636A92685269DA60636A00
:103F50001033636220460AF0E6FFA26A237E1560F2
:103F6000A26A217E0F339160A26A23F00F0302F14F
:103F70001001A162217E99420AD000211161217EA7
:103F8000A26A5B1A43F080439360A36A1033A36272
:103F9000002504F12000B621656004F184020BF0D5
:103FA0000CF92846B3E76FF02000B0E710000020BE
:103FB00070B590F8203004460D46002B00F0848048
:103FC00003685A68052A0ED1016B9A6911420AD01A
:103FD000C26842B9826832B90AF0B9FF002808BF46
:103FE0006FF0530070BD5A6AD4E904100E1896425F
:103FF00007D220460AF0ABFF002808BF6FF002008E
:10400000F0E71B6904F1F4029847636A002837D08F
:10401000E26AC4321A60636A2D4A9A602268636A4F
:1040200092685269DA60636A6560103363622046A1
:104030000AF079FFD4E90A12C432237E0A60A26A28
:10404000217E0F339160A26A23F00F0302F1100169
:10405000A162217E99420AD000211161217EA26ACB
:104060005B1A43F080439360A36A1033A36204F1A8
:104070002000B62104F184020BF09FF80020B1E784
:1040800022689268926902F0C002C02A02BF53F807
:10409000042C42F0200243F8042C626A237E15604F
:1040A0000F33626A23F00F0343F0005191602268DE
:1040B000207E9268616A92691B1A42EA0323CB60F0
:1040C000636A10336362B2E76FF020008AE700BFD3
:1040D0001000002037B54FF480740194214C41F05A
:1040E0000051A16140F6110143F00053A362212366
:1040F000E16104F12001616101212262E362069A1B
:10410000194B01AD1A60079A256042F00052112543
:10411000C3E901122022DFF854C02061C4E902C5BE
:1041200004F1100565606162DA60BFF35F8F4FF0E4
:10413000A3421460BFF35F8FBFF35F8F1361BFF3C0
:104140005F8FBFF35F8F03235363BFF35F8FBFF3B3
:104150005F8F9363BFF35F8F0BF0A3F8431CFBD01B
:1041600003B030BD6876002058760020040000209F
:1041700038B504460D4619B10A688B681AB953B9A7
:104180006FF0210029E033B94B6823F00802102AB0
:1041900001D0202B36D12561EB68D3B91B4B04F13C
:1041A0007801236001236360AB6804F114009A0670
:1041B0009B01DBB202F0E0421A4342F48032112349
:1041C00000F026F8AB684BB100201023C4E90203CD
:1041D00003E0686998470028E0D038BD2A68A369E1
:1041E0001A606B68A26943F0005393602268A36968
:1041F00092699268DA60A3691033A361636801333E
:104200006360E1E76FF04100E7E700BFB02305001E
:10421000026100F11402826000F110024160C2608C
:104220000A604268034991604268D3604368103372
:104230004360704704000020C36870B57BB9C36950
:1042400000F128021A60C369474A9A604368C2694C
:10425000DB6843F48063D360C3691033C361836A4E
:104260009B0532D40368C268DD6800F1EC04302D90
:1042700034BF08261026082E0CBF092611261D69FA
:104280006B1E1340EB1AB34238BF5B191C44D500B8
:1042900004F8015C03F1EB045209044400F1ED055C
:1042A000A5425CD1802280F8EC20426AC469C43205
:1042B0002260C26993604468C269E468D460C269DC
:1042C0001032C26102691A4402610269C469D31CD6
:1042D00023F003039B1A54F8042C42EA032244F807
:1042E000042CC26952F8084C234443F0005342F8AE
:1042F000083C026A0368DB6811600168026AC968E9
:1043000003339160026A23F0030302F1100101629A
:104310000168C96899420BD0002111610168026AE5
:10432000C9685B1A43F080439360036A10330362E9
:10433000836A13F4806311D102685169D268914293
:104340000CD0026A13600268016A5369D2689B1A32
:1043500043F080438B60036A1033036270BD04F83E
:10436000012D120A9CE700BF04000020B1F5AA7FCE
:1043700038B5054615D30268146814F0400413D10B
:104380000B4B00F17C014360126813231830FFF7D8
:104390003FFF084B20466B610123C5E90344AB6036
:1043A00038BD6FF02200FBE76FF00200F8E700BFB6
:1043B000FC23050039420400BFF35F8F094A1368EC
:1043C000BFF35F8F43F48071BFF35F8F1160BFF362
:1043D0005F8F23F48073BFF35F8F1360BFF35F8F32
:1043E000704700BF0010805108B5FFF7E5FFBFF32D
:1043F0005F8F064A1368BFF35F8F43F00103BFF37B
:104400005F8F1360BFF35F8F08BD00BF0010805146
:1044100070B50026C0E9006605460C46FEF72EF989
:1044200001232B70FFF7C8FFBFF35F8F204BDB68C2
:10443000BFF35F8F9B08013BACB3226842B19A4245
:1044400005D9FEF73BF96FF03F002E7070BD1346A3
:10445000D4E90115E068002908BF4FF40071002875
:1044600008BFF1202469BFF35F8F114A9360BFF347
:104470005F8FBFF35F8F1564BFF35F8FBFF35F8FF5
:104480005064BFF35F8FBFF35F8F5163BFF35F8FE4
:1044900044F4802444F00104BFF35F8F1460BFF341
:1044A0005F8F0020D2E74FF40071F1202546DAE754
:1044B0000010805170B503780D461446002B52D081
:1044C000BFF35F8F2C4A136BBFF35F8F03F00E01B6
:1044D0000A294BD013F00C0F02D14FF0FF3070BD02
:1044E0004368D3B9BFF35F8F5368BFF35F8F032B6C
:1044F000F3D9224B2249BFF35F8FD2F88060BFF31C
:104500005F8FBFF35F8F43F8046BBFF35F8F8B4206
:10451000F1D1FFF769FF01234360BFF35F8F164BB3
:104520009A68BFF35F8F0132B4EB021F21D8BFF34B
:104530005F8F5A68BFF35F8FB4EB820FCDD884B121
:10454000BFF35F8FD3F88020BFF35F8F291D05F87D
:10455000012BA9424FEA122204F1FF34EFD0002CC4
:10456000F5D10020BBE76FF02000B8E76FF05100F5
:10457000B5E76FF03F00B2E7001080511010805196
:104580002010805110B5044608B1037843B1FEF7FE
:1045900095F8044B18680BF010FA0CB10023237047
:1045A00010BD00BF740B002073B50D460646FEF724
:1045B00065F815F0010509D001A800F0CDF8044612
:1045C00020B1FEF77BF8204602B070BD184B18688A
:1045D0000BF0EDF90EB101233370BFF35F8F4FF095
:1045E000A3430022DA61BFF35F8FBFF35F8F4FF009
:1045F000FF321A63BFF35F8FBFF35F8F3422DA613C
:10460000BFF35F8F01220B4BC3F8042375B10198F0
:104610000BF0ABF9042104460DEB01000BF0EFF9B0
:10462000002CD0D03046FFF7ADFFCCE72C46CAE7D0
:10463000740B00200080045038B5164CD4F800519B
:10464000C5B1BFF35F8F4FF0A343996ABFF35F8F8C
:10465000BFF35F8F4FF0FF321A63BFF35F8F00230A
:10466000C4F80031D4F800310B4B1868BDE838406D
:104670000BF0B6B9D4F8083153B100F069F80BF07B
:104680008AF8C4F80851D4F808310121034BECE74B
:1046900038BD00BF008004507C0B0020780B002048
:1046A00008B5074B18680BF08AF9064B18680BF031
:1046B00086F9BDE80840002248201146EDF7FABD12
:1046C0007C0B0020780B002038B5094B1C7864B1B6
:1046D000084B4FF0FF311D6828460BF072F94FF080
:1046E000FF31044628460BF079F9204638BD00BF5B
:1046F000BBBD00207C0B002010B5064CE36C3BB921
:10470000214651F84C3B98690BF049F80123E364CA
:10471000014810BD98760020E476002010B50A4BC1
:104720000A4C236003F5C04363602461FFF7E4FF94
:10473000236D0020B3F5007FCCBF4FF480634FF4AE
:104740000073A36010BD00BF002080519876002048
:10475000004870479876002070B50E4D0E4E044606
:1047600028680BF024F9306828B980220B49FEF73D
:10477000F7F960B92020094A013852F8202030604A
:104780002260002428680BF018F9204670BD02242E
:10479000F8E700BF800B0020047700200877002096
:1047A000F0B58BB01546064618220F4604A8002126
:1047B0000BF057F94FF6F8724FF4A053B2EBC50F58
:1047C0004FF6FF7205934FEAC50338BF13463468AE
:1047D000ADF80E300D4B9C4213D0B4F1082F10D021
:1047E0004FF48853E4B244F06074ADF80C303A46AC
:1047F0002B46009403A906F154000AF0CAF80BB046
:10480000F0BD4FF41053024CEFE700BF00028008E8
:104810000002C003F8B50E4B06461D68AB789B0737
:1048200012D56F6816F8014B29462CB90A20B847F3
:10483000002805DB204609E02046B8470028F1DAC9
:10484000AB7843F00403AB704FF0FF30F8BD00BF0E
:10485000C41B05000CB430B58BB004460D462022B5
:10486000002102A80BF0FDF80223002D06948DF81C
:104870000A300C4B039312DB01D06B1E1C440FAAB1
:104880000E9902A80794019200F030F915B1069B29
:1048900000221A700BB0BDE8304002B0704700240F
:1048A000EDE700BF790105000EB470B58BB0054689
:1048B000202200210FAC02A854F8046B0BF0D1F8B1
:1048C000012302A8224631468DF80A30054B069591
:1048D0000493019400F0AEFD0BB0BDE8704003B04E
:1048E000704700BF65010500242A2DE9F041054607
:1048F00001D8012A0AD1354B1622EDF735FE1A50A0
:1049000001B10D600020BDE8F0813046064616F882
:10491000014B202CF9D0A4F109072346042FF4D928
:104920002B2C32D02D2C33D14FF0010C3378861C38
:10493000302B34D1307840F0200078282BD132F061
:10494000100028D173783546102202360CF100474A
:104950000020013FB7FBF2FE02FB1E78392B82BF1D
:1049600003F1FF3343F02003263B303B9A421DD92D
:10497000704502D817D1984515D24CF0020C344638
:10498000354614F8013B2646E8E74FF0000CCDE72A
:104990004FF0000CCCE7002A08BF0822D6E7002A17
:1049A00008BF0A22D2E700FB0230E8E701B10D6040
:1049B0001CF0010F18BF40421CF0020FA3D0034BA4
:1049C0002222EDF7D1FD1A5038469CE70C0000007A
:1049D0002DE9F0410126B24201DCBDE8F081074635
:1049E0003B461F4613F8014B002CF6D0252CF8D17E
:1049F0001D780237252DF3D00023DFF8EC809C468C
:104A00001C461F2C27D8A5F1200EBEF1100F06D88A
:104A100028FA0EFE1EF0010F53D12E2D3CD02E2D64
:104A200027D8242D33D02A2D36D0BCF1000FD4D076
:104A3000B445D5D145F020070B68A7F1650CBCF152
:104A4000020F01D9612F42D1073323F00703083346
:104A500001360B60BFE77F2CDFD96C2D23D01DD82A
:104A6000682D27D06A2D01D04C2DDED144F420745E
:104A700008E0A5F1300EBEF1090FEED80A2404FBC0
:104A800003E3202417F8015B002DBAD1CDE7BCF178
:104A9000000F18D0B34218D00023F3E7742DF1D0E3
:104AA0007A2DEFD0C1E7250648BF44F4007444F0E6
:104AB0008004E7E7E50548BF44F4007444F48074DB
:104AC000E0E70024DEE79C46E6E76325B2E7692DD0
:104AD00002D007D8632D03D0250601D5A405B3D491
:104AE0000433B5E7732DF6E7892801002DE9F04F6F
:104AF000837893B08046D0F804909C07CDE90812E3
:104B000014D50B4600250B92187888B1252813D0B0
:104B10000133069341460135C847002880F2F483EB
:104B200098F8023043F0040388F802304FF0FF3564
:104B3000284613B0BDE8F08F93F801A09A1CBAF193
:104B4000250F0692E6D04FF0000B5E465F465C46AE
:104B50001F2C23D8AAF12003102B22D8DFE803F062
:104B60001521211B2121210B212121132118212174
:104B7000090044F00104069B13F801AB0693BAF157
:104B8000000FE5D11BE044F0020444F00404F2E716
:104B900044F00804EFE744F01004ECE77F2C00F247
:104BA000F880BAF12E0F00F0D58000F2AE80BAF195
:104BB000240F00F0D580BAF12A0F00F0B680BBF1C7
:104BC000000F06D0099B5A460BA908980B93FFF7D4
:104BD000FFFE002E4AF02003B8BF24F040040493E7
:104BE000A3F16503BCBF0026A4B2022B04D94AF08E
:104BF0002003612B40F088826FEA0A0A0AF0200342
:104C000007930B9B073323F0070303F108020B9272
:104C1000049A612AD3E900AB04F0400340F0E68037
:104C2000002B079B50460CAA08BF4FF0FF3600939D
:104C3000594644F4C05433460BF0EAF901304FF0C2
:104C4000010CDDF830A0C3B2B3420393A8BF03F157
:104C5000FF367023CDE9043C0AF10903122B0DD96C
:104C60000AF16303C62B40F2F4800AF2E73340F204
:104C7000CE7293428CBF0423032305939DF83430F6
:104C8000D80700F1E880A20700F1E880C4F3800BA8
:104C90004FEA4B1B5FFA8BFB13F00C0F00F0EA801E
:104CA000BBF1000F0CBF03230423BB420EDA200725
:104CB000A7EB03070BD42F4441462020C847002808
:104CC00005F10105FFF62CAFBD42F5D10027BBF180
:104CD000000F07D041465846C847002805F1010596
:104CE000FFF61EAF9DF83430AD4C13F0080FAD4BFE
:104CF00008BF1C462646324616F8010B002840F035
:104D0000B0802C1B02EB040B7AE1AAF13003092BD3
:104D10003FD814F0400F4FF00A020ABF44F02004BD
:104D200002FB063602FB073725E7BBF1000F7FF4D5
:104D300022AF0B9A600652F8043B0B9201D51E4637
:104D400019E7002BA7BF44F020041F465F4244F040
:104D5000280410E763063FF5EBAE44F040040AE791
:104D6000BBF1000F3DD014F0400A099B0BA9089835
:104D70000CBF3A4632460B93FFF72AFE0B9B53F8C3
:104D8000042B0B93BAF1000F01D01646F3E6174639
:104D9000F1E6BAF16C0F16D00CD8BAF1680F19D041
:104DA000BAF16A0F03D0BAF14C0F7FF408AF44F4A4
:104DB0002074E0E6BAF1740F3FF4DDAEBAF17A0F79
:104DC0003FF4D9AEFBE6200648BF44F4007444F03B
:104DD0008004D0E6E30548BF44F4007444F48074D2
:104DE000C9E65E46BB4634463746C4E6002B049B04
:104DF00008BF0626652B0ED1721C44F48054D2B233
:104E00001346112A4FF065014FF0000228BF11230D
:104E10009446049107E0049B662B12D144F400549D
:104E2000B4460122112350465946CDE9002C0CAA64
:104E300000F03AFFDDF830A0C3B2039302230593DC
:104E40000AE716F0FF02DBD16523944604930123A1
:104E5000E9E7022311E74FF02D0B1DE74FF02B0B75
:104E60001AE7079B4146C01AC0B2C8470028BFF6E0
:104E700042AF55E614F4405F40F09680039B002E4D
:104E800003F1480308BF01266B44133B039A1AB190
:104E900013F8012D302A75D014F0100F039B18BFA2
:104EA00033461AF1040F72DBB24570DA534544F40D
:104EB00000547CDD0AF101069E1B2AEAEA730133E5
:104EC000BBF1000F00D00133002E72D0721C1344CE
:104ED0009F42CCBFFF1A002714F0090F03D12F44C3
:104EE000BD426AD10027BBF1000F07D041465846AA
:104EF000C847002805F10105FFF612AE230510D5BD
:104F000041463020C8470028FFF60AAE079B4146BD
:104F10000235C3F1780000F0F800C8470028FFF61A
:104F2000FFAD200704D4AB467D195D454DD1002768
:104F3000A10468D52AEAEA737642AAEB030A039A27
:104F4000013B05F1010B524589BF0CAA30205244A8
:104F500050799E4241DC41460493C84700280AF13B
:104F6000010A049BFFF6DCAD5A1C09D141462E20F4
:104F70000493C8470028FFF6D3AD05F1020B049B4C
:104F80005D46DCE7039A013AD2B203927EE75E1EE9
:104F900014F4006F059A14BF0523032313448FE70D
:104FA0005C8C0500065E0500A10486D4F0E70026AF
:104FB00083E7E20648BF01338AE741462020C8471D
:104FC000002805F101058BDAAAE541463020C847E3
:104FD00000280BF1010BA8DAA2E541460393C8476C
:104FE0000028FFF69DADE6060AD5039B013307D1E5
:104FF00005F1020B41462E20C8470028FFF690AD70
:105000005D465F4412E241469DF83500C8470028DE
:10501000FFF686AD002E5DDD41462E20C8470028F4
:10502000FFF67EAD01240CAB039A4146A346A24293
:10503000CABFE21830205079C8470028FFF670AD8B
:1050400001340CABA642EFDAAC1C5C44049B414635
:10505000079A981AC0B2C8470028FFF661ADBAF1A6
:10506000000F4146B6BF2D202B20CAF1000AC847C9
:105070000028FFF655AD059B042B37D14FF47A7607
:1050800041460334BAFBF6F505F13000C0B2C8471B
:105090000028FFF645AD06FB15AA642641460134FB
:1050A000BAFBF6F505F13000C0B2C8470028FFF69C
:1050B00037AD06FB15AA0A2641460134BAFBF6F5C0
:1050C00005F13000C0B2C8470028FFF629AD06FB45
:1050D00015AA12E0E40601D46C1CB7E741462E2065
:1050E000C847002805F10204B0DA19E5059B02342F
:1050F000032BD2D0059B012BDDD10AF1300004F146
:10510000010B4146C0B277E7AAF16303122B00F20C
:10511000E580DFE813F013005400E300E300E30050
:10512000E3005400E300E300E300E300E300FC00DD
:10513000DD00E300E3002900E300AB000B9B012648
:105140000DF1300A1A1D1B680B928DF830302007C4
:105150002CD50AEB060B54465C4529D1A5EB0A0A6F
:10516000BF1B04EB0A0B4BE70B9B1A1D0B92D3F8EA
:1051700000A0A94BBAF1000F08BF9A4614F0400FE7
:10518000504614BF31464FF0FF3107F0F7FD064699
:10519000DDE741462020C8470028FFF6C1AC013CAE
:1051A000A642F6D32F443D1B2746D2E73C46F7E7FD
:1051B000414614F8010BC8470028CDDAB0E42106B7
:1051C0000B9B32D5A2052BD5073323F0070303F140
:1051D0000802D3E900010B9224F0100B00291FFAFA
:1051E0008BFB32DA40424BF4806B61EB41010CAC3B
:1051F0000A2322460AF0B9FC1BF0400FA0EB040280
:1052000000F09C802BF0010396429BB240F39F80FC
:10521000BAF1000F40F09D802BF011039BB21FE00C
:105220001A1D18680B92C117D6E71A1DE0051968F8
:105230000B9201D40846F6E7A20547BF48B241F3F6
:10524000C01108B241F3C031C6E750EA0103CED124
:105250006306CCD5002ECAD124F011043246A3B285
:10526000344640F206410B426FD126E024F0100490
:105270000A23A4B214F0800C0B9A4CD014F40071E1
:1052800015BF0732101D22F007020B900FBF1068E8
:1052900002F108010B91D2E9000150EA010247D165
:1052A00024F0160B62061FFA8BFB45D5002E43D166
:1052B00024F017043246A3B2344619075FD4D90745
:1052C00004D5A74272DD3C1BA6183C46A34650E01D
:1052D00044F0100410234FF0780ACBE74AF0200383
:1052E000782B04D1CAF1780343F01003C2E741469A
:1052F0002520C8470028FFF613AC41465046C84752
:105300000028FFF60DAC0235069BFFF7FDBB082316
:105310004FF0000AAEE7111D10680B9114F4807174
:10532000BBD014F400711ABFC0B2614680B2B4E7BA
:1053300024F006041FFA84FB0CAC5AE714465B46C3
:10534000D9068ED5BAF1000F05D10134B5E7144660
:10535000F6E73446F4E70234AFE741462020CDE9D2
:105360000332C8470028FFF6DBAB0BF1010BDDE988
:1053700003325F45F1DC2C1B04EB0B055C46D906C0
:1053800016D5414630200392C8470028FFF6C8AB27
:10539000039ABAF1000F32D0023541465046C84751
:1053A0000028039AFFF6BCAB2E441DE016468DE79D
:1053B00040F206410B42F7D013F0020F05F1010550
:1053C0004146039214BF2B20202013F4806F18BF96
:1053D0002D20E4E7414630200392C847002805F11C
:1053E0000105039AFFF69CAB731B9A42F2DB16464B
:1053F0000DF1300A2EB902EB050B3F1B00E601351B
:10540000D2E7013E414603921AF80600C847002839
:10541000039AEFDAFFF784BB608C05004146202039
:10542000C847002805F10105FFF67AAB7B1B002B6E
:10543000F4DC69E72DE9F04F002391B08246079232
:105440000E920F9305930D4615F8014BACB1202C2D
:1054500017D0A4F10903042B13D9252C17D00FA9B9
:1054600050460AF0A8FB031EC0F2EE80DBB2A34256
:105470000BD00FAA51460AF0A8FB059811B0BDE861
:10548000F08F0FA950460AF0A8FB2946DBE74F78BA
:105490008D1C252FE3D02A2F03BFCD1C8F7801242C
:1054A00000240026A7F13003DBB2092B19D9A2078B
:1054B00022D5242F22D1079B24F0020400220E9330
:1054C000A4B201239E4214DC42B1731E002E0E9A38
:1054D0004FEA8303D8BF00231A440E9215F8017BCC
:1054E000DFE70A2244F0020415F8017B02FB0636CE
:1054F000D8E701330122E5E74FF0FF366C2F33D0B8
:1055000007D8682F24D06A2F3CD04C2F35D027B92C
:10551000B3E7742F33D07A2F31D0394696480AF04A
:10552000C6FA0028A9D014F001030C9311BF4FF064
:10553000000B0E9B1A1D0E9208BFD3F800B06E2F01
:1055400023D10F9A0023584600940AF05BFB9CE796
:105550002F78682F03D044F020040135D7E744F0BA
:1055600030046F780235D2E72F786C2F02D044F0E8
:105570000404F2E744F00C04F3E744F00C0415F8DB
:10558000017BC4E744F00804F9E7632F1FD114F04E
:10559000020F04F0040408BF01260FA950460AF0C8
:1055A0000AFB002850DBBBF1000F02D064B14BF8BE
:1055B000040B013EF1D10C9B002B7FF466AF059BE1
:1055C0000133DBB2059360E70BF8010BF1E75B2FCA
:1055D0005BD12B7800275E2B06BF01354FF0010908
:1055E0004FF000090FA950460AF0E5FA0023A8463B
:1055F00005F1010E9C46194618F8012BF2B1F04551
:1056000007D05D2A11D02D2A03D12BB90A460123D8
:1056100009E0002B08BF1146884203DB9042D8BF47
:105620004CF0010C00231146E6E7002805DBCC45D1
:1056300011D10FAA51460AF0C8FACFB99AF8023030
:1056400013F00C0F3FF419AF059B002B14BF184645
:105650004FF0FF3012E7BBF1000F05D063074CBFDE
:105660004BF8040B0BF8010B013E4FF00107B9D1C9
:10567000BBF1000F07D014F0040416BF00238BF811
:105680000040CBF80030454695E70FA950460AF098
:10569000A4FA0028D8DB582F6AD0643FFBB2142B41
:1056A00000F2B080142F00F2AD80DFE807F063ABAA
:1056B000ABABAB0BABABABABAB5F61ABAB42AB6321
:1056C000ABAB610000270FA950460AF074FA2B28F3
:1056D00003D02D2809D144F04004013EAED00FA9DB
:1056E00050460AF068FA0028A8DB302872D1B6F1DB
:1056F000010905D00FA950460AF05DFA00283DDAED
:105700000026B046620602D5764268EB480832466B
:105710004346584600940AF075FA4CE7BBF1000F77
:1057200005D067074CBF4BF8040B0BF8010B013E8B
:105730000FD00FA950460AF03EFA002809DB2028B6
:1057400003D0A0F10903042BE8D80FAA51460AF0B0
:105750003CFABBF1000F3FF42EAF14F0040416BF67
:1057600000238BF80040CBF8003024E70827AAE795
:105770001027A8E70A27A6E7678C050040F020035A
:1057800044F08004782B0DD137F010030DD1B6F121
:105790000209B5D00FA950460AF00DFA0028AFDB78
:1057A000102702E0002F08BF08270026B04639283E
:1057B000034682BF00F1FF3343F02003263B303B1A
:1057C0009F420CD851460FAA0AF0FFF921067FF537
:1057D00035AF97E7B146002FE7D10A27E5E7A7FBEA
:1057E000066244F080049E1907FB082242F100087B
:1057F000B9F1010986D00FA950460AF0DCF900285A
:10580000D5DA7FE70FA950460AF0D5F92B28029088
:1058100003D02D280CD144F04004013E3FF40EAFDC
:105820000FA950460AF0C7F9031E0293FFF606AF10
:10583000029B43F02003692B3FD06E2B6DD04FF0BD
:1058400000080A234746C1460393CDF81880CDF8D7
:105850001080230540F19080029B43F02003DBB2CF
:10586000A3F16102052A00F28780573B039ADBB25D
:10587000934280F0E580E10544F0800200F1A280CF
:1058800003990A2904F00C0140F0848000290CBF20
:10589000082110210698884240F38180039A44F43D
:1058A000C0740A2A40F08F80042B40F28C80052BB4
:1058B00000D100230222049285E0794F4FF00008C6
:1058C000DFF8E89117F8012BAAB1013E02920ED041
:1058D0000FA950460AF06FF9031E08DB43F02003BE
:1058E000029A9342EED00FAA51460AF06EF96D4B20
:1058F0009F427FF4A3AE49EC108B0AF07AFB38B3D9
:10590000013E25D00FA950460AF055F9282816D097
:105910000FAA51460AF059F91AE0634F4FF00008F8
:10592000DFF88C91CEE720F02003413B192B06D9FC
:10593000A0F13003092B02D95F287FF47FAE013E2E
:105940003FF47CAE0FA950460AF035F92928EAD178
:10595000630606D509F10043CDF828800B93DDE9F5
:105960000A89BBF1000F3FF426AE14F00C0F00F0D3
:105970007481CBE900891EE6029B039A303BDBB2BF
:105980009342FFF478AFFE2B5AD1A30558D444F4C8
:10599000007422E000290CBF07210F217AE7A1053E
:1059A0004BD403990398A1FB0771DF1900FB091180
:1059B00041F1000957EA090302D0069B013306931F
:1059C00014460AE01446049A002B18BF42F0010264
:1059D0000492A20501D408F10108013E07D00FA9E5
:1059E00050460AF0E8F8031E0293BFF632AF2106D4
:1059F0007FF524AE2205029A4CBF7023652342F046
:105A0000200248BF4FEA88089A4271D1731E03935F
:105A100070D00FA950460AF0CEF82B28034603D0C9
:105A20002D283AD144F48064B21E039219D10FAAF2
:105A3000514618460AF0C9F85CE008F1FF38B0E7B3
:105A4000029A04F0800342F02002782ACFD1002B82
:105A5000CDD057EA0903CAD1102344F4006403935C
:105A6000BBE70FA950460D930AF0A5F80D9B1E4603
:105A70000346A3F13002092A1CD918460FAA514641
:105A80000AF0A3F8731C04D00FAA514630460AF05E
:105A90009CF80FAA51460298CCE74FF0FF36E8E792
:105AA000878E05008A8E0500848E05000000F07F39
:105AB0000000F87F00260A2240F2D3418E42DCBF6C
:105AC000A3F1300102FB0616039A013A039209D0B2
:105AD0000FA950460AF06FF8A0F1300103460A22E0
:105AE0000929E9D96005029348BF7642B044039E74
:105AF000002ECED157EA090300F0AA80210504F058
:105B00000C027ED5002A5AD05B4835235A1C192A2C
:105B1000904407BF4FF00071002200214FF4800233
:105B20008F4279EB02064ED3182B07BF4FF08062ED
:105B3000002100224FF40001974279EB010648D280
:105B4000804546DB049A3A4317464A4607F003016C
:105B5000032903D007F0060106290AD1043749F1C9
:105B60000002B2F5000F22BF08F1010801274FF42F
:105B70008002BF08C3F13501C3F11506153B47EAA2
:105B80008277920807FA06F627FA03F38A4007FAA3
:105B900001F132431A43384B984229D1B8F5806F4E
:105BA00065DAB2F5801F29D308F2FF3822F480129B
:105BB00042EA085308910993DDE90889C8E66FF0C5
:105BC0007D001823A2E7FF1908F1FF3849EB090906
:105BD000A6E77E0807F0010708F1010846EAC97642
:105BE0004FEA59093743A7E7491808F1FF385241EE
:105BF000B2F5801F38D218F57F7FF5DA4FF0000834
:105C0000D6E7049B07F001001843069B013043448C
:105C10008008381849F100015AB113F5A27F17DD49
:105C2000B3F59B7F23DA4246E3F74AFA59EC108B2F
:105C30008EE613F12D0F0BDB272B18DC41460AF003
:105C400027F810EE100ADBF70FFA804689467FE648
:105C50004FF000084FF000097AE640464946DBF76E
:105C60003DFDCBF80000A6E4B8F5806F9CDB4FF05B
:105C70000008DFF808906BE602FCFFFF0000F07FF1
:105C80001FB502AB074A00934FF0CC330AF07BF903
:105C9000DDE90201C00840EA4170C90805B05DF8BD
:105CA00004FB00BFCDCCCCCC2DE9F04F9BB00F0D49
:105CB00004460A939DF890300592C1F30A520C9362
:105CC000C1F31303C90F07917AB950EA03017ED1DA
:105CD0000599302301274B71079B0A6043F00203AB
:105CE0000B7138461BB0BDE8F08F40F2FF718A425D
:105CF0000BD10343079B059A4FF0000714BF43F0F5
:105D0000080343F004031371EBE7A2F2354A43F4AE
:105D10008015234304F001024FEA85080CBF27F0E9
:105D20000107012748EA9478089208BF7F054FEAE7
:105D3000840602BF7F0DB7FA87F77F09BAF1000F1B
:105D4000C0F2B680504600F0EFF9BAF1030FC8BFB9
:105D50000138049000F002FA049B7C3016A9A3EBF2
:105D60000A0A8244184600F08BFA12AB20462946F4
:105D7000019310AB16AA0297009353460AF012F84B
:105D8000049B04460D46152B00F28E8014ABA94AE5
:105D90003046414600934FF0CC33DDE9109A0AF0CB
:105DA000F2F8149B159A9B0843EA827303EB830372
:105DB000B34210D14146304600F0D8F9049B8342EB
:105DC0008CBF4FF000084FF00108002715E01D467A
:105DD000DFF864A29DE7089B002B55D1013E48F1F6
:105DE000FF31F01B61F1000100F0C0F9049BDDF808
:105DF000208083428CBF002701270C9B002B40F0A2
:105E0000C880DDF8289000264FF00A0B0696099608
:105E1000DDE91001FFF734FFDDE912A3CDE90D0143
:105E2000194650460F93FFF72BFF0A4603460D997C
:105E30000B908B420E9B72EB03010F9B80F0C48092
:105E4000204629460F92FFF71BFF0B9B002E14BF25
:105E50004FF0000808F001080F9A0BFB10460BFBEF
:105E600003F50D9BF6B204461093554514BF002769
:105E700007F001070E9B0D46139211930B9B129393
:105E8000069B01330693C3E7B01C48F1000100F004
:105E90006DF9049B83428CBF00200120B9EB000008
:105EA0006AF10002CDE910024FF000084746A4E76E
:105EB000CAF1000B584600F03DF9BAF1FF3F0CBFA4
:105EC0008146A0F10109ABEB090B0AEB0903584627
:105ED000049300F043F916A9A0F17D0A584600F09A
:105EE0005DF912ABA9EB0A0A2046019310AB2946D3
:105EF00016AA00935346029709F054FFB9F1010F17
:105F000004460D460ED8089B13B94FF0010874E7FC
:105F1000109B4FF00108119A013B42F1FF32CDE98D
:105F2000103252E7B9F13E0FBED84FF0FF33A9F15E
:105F30002000C9F1200103FA09F203FA00F023FA64
:105F400001F103FA09F3024326EA03060A4328EAA9
:105F5000020856EA08060CBF4FF001084FF000088F
:105F600033E700FB02F60133A1FB001232448C42FE
:105F700075EB0206F5D2049A1344259A1344D20F06
:105F80009342B8BF13460A9A9A42A8BF1A4691464E
:105F900039E70A21002201230846E8E70BFB01FE4E
:105FA0000CF1010CA0FB0B017144844275EB010E56
:105FB000F4D2CC450DDDB9F1000F02D154EA050150
:105FC00007D0012309933BE70A2000214FF0010C81
:105FD000EBE7002F32D04FF00A0B50461946FFF77F
:105FE0004FFE0BFB00F20B9152450E9026D1002E76
:105FF00014BF4FF0000808F00108DDE91001FFF7B9
:106000003FFE8A460D9029462046FFF739FE0D9A3D
:106010000E9B0BFB10460D4604461293F6B2CDE9DB
:10602000102A0B9A9A460B9B1392069A01320692FB
:10603000D3E700BFCDCCCCCCCCFBFFFFB8F1000F39
:1060400005D0052E03D104F001060436F6B2049BF8
:10605000069A13449846099B53B9DDE912239D42E1
:1060600008BF944204D1089B002B49D1002F47D090
:10607000042E94BF0026012630194FF00A024FF07B
:1060800000034FF0010745F100011446904271EB07
:10609000030537D2F6B1B9451CDA0C9B6BB1259AD2
:1060A00008EB070313440A9A012BB8BF01239A4255
:1060B000A8BF1A46974291460CDD053008F1010849
:1060C00007F1FF374FF00A024FF0000341F10001E2
:1060D000DBF7A4FB4F450FFA88F8059BA8BF4F4696
:1060E0004FF000093FB2B84408F1FF3607F1050848
:1060F0009844B9450DDB059B079A1E601A71F0E5BF
:106100000126B9E704FB03F50137A2FB04232B4466
:10611000BCE70A220023DBF781FB303209F10109D9
:1061200008F8012DE5E700BF014B5843800C70478C
:1061300041340100014B5843000D7047FB2E0B000A
:10614000014B5843C00C70474F931200024B584309
:10615000C00C0130704700BF4F931200024B5843F0
:10616000C00C0130704700BF4F93120070B503465A
:10617000094A00204FF0CC364FF0333506FB03F4CC
:1061800002FB0144A3FB023121449D4275EB010453
:1061900001D30130F2E770BDCDCCCCCC1A232DE970
:1061A000F04FB0FBF3FA334E03FB1A0389B00446F9
:1061B0000D4606EB0A1653B9D6E90023C1E90023C0
:1061C000D6E90201C5E9020109B0BDE8F08F2A4A0B
:1061D00002EBC303D3E9008904AB40464946009370
:1061E000D6E9022309F0CFFE06AB83460F464046B0
:1061F00049460093D6E9002309F0C5FE00238146F5
:10620000DDE9066216EB0B0652EB070828BF0123F7
:1062100033B1049B059A013342F10002CDE9043207
:1062200020460391FFF79AFF07461A2000FB0AF069
:10623000FFF794FF3F1A32464346484603990097BA
:1062400009F0B8FE0D4A4FEA141C640004F01E0366
:1062500052F82C40DC4004F003042418304641F18D
:106260000001DDE90423C5E900414146009709F03A
:10627000A1FEA7E738170500681605000C240500E5
:106280002DE9F04F1A2700F11905DFF8E8A089B0D1
:1062900004460E46B5FBF7F56F434FEA051B0AEBC4
:1062A00005153A1A0AD1D5E90023C1E90023D5E939
:1062B0000201C6E9020109B0BDE8F08F2B4B03EBE8
:1062C000C203D3E9008904AB404649460093D5E9AF
:1062D000022309F058FE5AF80B206B68013ACDE909
:1062E000020106A963F1000340460091494609F006
:1062F0004AFE8A46029900238146DDE906526D185E
:10630000039952EB010828BF012333B1049B059A7E
:10631000013342F10002CDE904323846FFF71EFF97
:1063200007462046FFF71AFF3F1A2A4643464846CB
:106330005146009709F03EFE0D4A4FEA141C6400D6
:1063400004F01E0352F82C40DC4004F00304013436
:106350002418284641F10001DDE90423C6E9004183
:106360004146009709F026FEA3E700BF6816050026
:1063700060240500081805005D4A2DE9F04155EC40
:10638000104BAA432B4616D1002D08DA09F031FE36
:1063900028B945EC104BBDE8F041E2F775BF224645
:1063A0002B4620462946DAF701FD04460D4645EC0A
:1063B000104BBDE8F081002D204615DC25F0004291
:1063C0002243F4D0002DE6D10022002B7AD0002108
:1063D000DD027BD54C1E121B21B1C1F1200420FA35
:1063E00004F42343884001E02A15EDD0C3F31303DE
:1063F000D407A2F2FF354FF0000243F480134FF0B0
:10640000160C4FEA6505174658BF5B004FF40011A4
:106410005CBF03EBD07340005B00460003EBD0731E
:1064200078189842DEBF1B1A47185218BCF1010CAD
:106430004FEA43034FEA510103EBD6734FEA460696
:10644000EED164464FF0200E4FF00041BB4201EB0D
:106450000C0002DC13D1B04211D8002800EB010C73
:1064600037DABCF1000F34DB07F10108DB1BB04267
:106470000C44A6EB000688BF03F1FF3347465B00E0
:10648000BEF1010E4FEA510103EBD6734FEA460607
:10649000DCD133430BD0F1EE103A13F4400320D09B
:1064A000B3F5800F03D1611C15D1013200245310C4
:1064B000640803F17F5344EAC27003F5001303EB51
:1064C000055172E7C30A153A40057EE75B000131CA
:1064D0007EE7B846CAE7A01C04F1020408BF0132F7
:1064E000E5E7631CE1D0013424F00104DFE700BFDD
:1064F0000000F07F51EC100B0B4631F0004104D14D
:1065000000280CBF022003207047094A134208D01C
:10651000084B994207D9914207D1B0FA80F040095F
:10652000704703207047042070470020704700BF69
:106530000000F07FFFFFEF7F38B5044C044DAC4204
:1065400000D138BD54F8043D9847F8E7000000003A
:10655000000000007047002923DB0138052804D81B
:10656000DFE800F0070D100D0D1942F2107399428B
:1065700001E0B1F57A7FCCBF00200120704747F2DF
:106580003053F4E742F20F73481E80B298428CBF3A
:10659000002001207047A1F1640047F2CC4380B293
:1065A000F4E70020704738B50446E1F7C3F841F23C
:1065B0002105211823464FF6FF708B4200D138BDCC
:1065C000082413F8012B80EA022002B2002AB5BF8A
:1065D00085EA4202400090B280B2013CF5D1ECE77E
:1065E00008B5E2F7E9FE003818BF012008BD08B57C
:1065F000E2F7E2FE28B1BDE808400A220021FEF7DA
:1066000073B908BD0120E3F7F3B81020E3F7F0B841
:106610000820E3F7EDB80220E3F7EAB838B51446EE
:106620001D46E2F7C9FE68B10378222B0AD1224643
:10663000411C28440B781BB1222B01D0814202D18E
:106640000023137038BD013102F8013BF2E710B5A9
:1066500047F6122C0446002140F2E7304FF47A72DC
:106660000023E4FB0C01DBF7D9F8BDE8104007F08C
:1066700033BA07280BD90B280BD90C280BD01028BC
:106680000BD912288CBF0020012080007047012008
:1066900070470220704703207047052070474FF471
:1066A000C020704708B5E6F7D5FD002808BF4FF4B5
:1066B000C02008BD13B5BDF91040CDE9003400235A
:1066C000E4F786FB02B010BDF0F770BA38B507F0FA
:1066D000F3FA4FF47A74A0FB040547F61222002364
:1066E00004FB0151DBF79AF838BD13B50024009480
:1066F000E5F736F802B010BD2DE9F04104460D462D
:1067000016461F4688B00DF10C0840469DF83C30F7
:106710009DF838201421E4F737FE3B4632462946DF
:106720002046CDF80080E5F71BF808B0BDE8F08101
:10673000E4F72ABE13287FB503D93F2007B05DF8E0
:1067400004FB6946E4F712FD0028F6D09DF80630F8
:10675000012BF2D1BDF90D3013F5004FEDD0B3F59B
:10676000487F05DAB3F5F07FACBF59204720E5E755
:106770005220E3E7F0B4012406698C40336887684F
:1067800023EA040333603B68F0BC184737B50C4676
:106790000569836801A95B68984748B92B68019827
:1067A0005840012303FA04F10840003818BF0120C3
:1067B00003B030BD70B505460C4606F03AFE98B100
:1067C000E4B24FF4803221462846FFF7D3FF21463A
:1067D0002846FFF7DBFF4FF40032064621462846E5
:1067E000FFF7C8FF304670BD4FF0FF36FAE7F8B547
:1067F0000F461546C9B24FF400320446FFF7BAFF00
:10680000064668B9012303FA07F123691B68194298
:1068100018BF85F001052DB1A368DB6820469847B5
:106820003046F8BDA3681B69F8E710B547F6122C8F
:106830000446002140F2E7304FF47A720023E4FB73
:106840000C01DAF7EBFFBDE8104007F045B97047DF
:1068500013B502220C468DF8030001A90DF10300C7
:10686000E6F738FB18B9BDF804305BBA238002B0F4
:1068700010BD02701A0A437082701A0C1B0E03714D
:106880000023C0F80730A0F80B309DF800304171AC
:10689000090AC2708171C371704703780821DB4314
:1068A000DBB25AB2002A04DA520082F03102D3B2CB
:1068B00001E05B00DBB20139F3D1427883EA0200E8
:1068C000082243B2002B04DA5B0083F03103D8B214
:1068D00001E04000C0B2013AF3D1704710B547F66D
:1068E000122C0446002140F2E7304FF47A72002364
:1068F000E4FB0C01DAF792FFBDE8104007F0ECB8BA
:106900002DE9F347824689469046694606220420CF
:10691000E6F7E4FF0646002849D19DF801309DF8CE
:1069200003209DF800009DF802509DF805701B02A1
:10693000120203F4706302F470621543190540EA11
:1069400003009DF804404FEA072748BFA0F5805098
:1069500007F470672A0544EA070444BFA5F580558B
:106960002DB2230544BFA4F5805424B2DAF76AFBA4
:1069700000224FF07E53DAF7CFFBCAE90001284628
:10698000DAF760FB00224FF07E53DAF7C5FBC9E966
:1069900000012046DAF756FB00224FF07E53DAF76B
:1069A000BBFBC8E90001304602B0BDE8F0876FF0DC
:1069B0000406F8E708B5E7F711F8431C16BF00F224
:1069C00007400120800A08BDE8B10378DBB190F8E8
:1069D0005030C3B190ED157AB5EEC07AF1EE10FAF1
:1069E00011D9F0EE046AF6EE007A47EE267AFDEE53
:1069F000E77A17EE900A6328A8BF63200128B8BF82
:106A00000120C0B270476320704738B507F054F9D1
:106A10004FF47A74A0FB040547F61222002304FB0E
:106A20000151DAF7FBFE38BD07B50DF10700E7F7B6
:106A3000DBFC0128F9D003B05DF804FB10B547F684
:106A4000122C0446002140F2E7304FF47A72002302
:106A5000E4FB0C01DAF7E2FEBDE8104007F03CB8B9
:106A60002DE9F04F00259DB09B4617460E4601903C
:106A7000FFF7CBFF2C46A8461BEB000941EBEB7B55
:106A8000013FFFF7C2FF484571EB0B0146DBBDBB81
:106A90006FF0010037E09DF80FA075BBB8F15E0FF5
:106AA0001FDC08F170030DEB030202F860AC08F183
:106AB000010843465F2BA8BF5F23002270336B445D
:106AC000019904A803F8602C09F039F830B3234683
:106AD000451E15F8012F1C460AB19F420ADC01250C
:106AE0001CE05E220DF1110104A808F0A1FF8DF851
:106AF0006EA0DEE7F2540133EBE7BAF10D0F05D1DA
:106B00000023002033551DB0BDE8F08FBAF10A0F05
:106B1000F6D0A74202DD06F804A001340DF10F0003
:106B2000E7F762FC0128B6D00220FFF787FFA8E74D
:106B300038B507F0C1F84FF47A74A0FB040547F6A6
:106B40001222002304FB0151DAF768FE38BD10B5AC
:106B5000441E14F8010F38B90D20E8F7D9F8BDE844
:106B600010400A20E8F7D4B8E8F7D2F8F1E72DE9A9
:106B7000F34190460D460646FFF7DAFF002418EB76
:106B8000000741EBE878013DFFF7D2FFB84271EB17
:106B9000080101DAA54205D800232046335502B08A
:106BA000BDE8F0810DF10700E8F7BAF80028EBD155
:106BB0009DF8073033550134E6E70022E8F7C8BBFB
:106BC0000122E8F7C5BB00EBC100408840087047D0
:106BD000F8B50346FFF7F7FFB0FA80F0C0F11F00E9
:106BE00003EB800CDCF81060CA00171D0C4606325F
:106BF0008DB256B9012101FA00F0D9680143D9607C
:106C0000CCF81040DD539D52F8BDF1000431585AC4
:106C1000D85303EBC0009E52C5805D52F4E710B517
:106C200000EBC104E3888B4202F104010AD1012385
:106C300003FA02F2C36823EA0203C360002340F8A8
:106C4000213010BDA28840F8213000EBC20100EBDA
:106C5000C300CB808280F4E708B50346FFF7B3FF9B
:106C6000B0FA80F21846BDE80840C2F11F02FFF7F3
:106C7000D6BF2DE9F843B1FA81F3C3F11F0200EB4F
:106C80008209D9F8107006460D4687B94FF0FF34D7
:106C9000C3F120039C40F3681C4014D094FAA4F282
:106CA000B2FA82F2131D56F82340214608E03C4612
:106CB0004FF0030821463046FFF785FF854205D88F
:106CC0003046FFF7ACFF2046BDE8F88306EBC4046E
:106CD000E488B8F10108C9F81040D7D0BC42E9D126
:106CE000D4E738B50446FFF76EFF0D46034611465C
:106CF0002046FFF768FF03449BB204EBC5055A002A
:106D000020466A80FFF75FFF014424F8313038BD28
:106D100070B50B460446FFF756FF04EBC305511A46
:106D20009B1A89B203444E009BB26E8004EBC200F2
:106D30005D00458024F8321020461146FFF743FFDE
:106D4000014424F8313070BD70B509B9002070BD20
:106D5000056801F007030B33CC0804EBD304AB68E0
:106D600028469C4228BF1C462146FFF782FF064664
:106D70000028EBD001462846FFF725FFA04207D99F
:106D800028463219FFF7C4FF11462846FFF720FFB7
:106D900005EBC60210465388043043F001035380CC
:106DA000D5E71146FFF7D0BF043A2DE9F843CC1DD3
:106DB000114424F0070421F00706A6EB04084FEA6B
:106DC000D807B7FA87F24FF00009C2F12405AD00E9
:106DD0000735C2F12002ED0804604946A760C4F8F7
:106DE0000C90920004F1100008F03BFEAAB2530090
:106DF00043F0010363807B1B9BB204EBC501580089
:106E0000A4F80090488024F83520A6F8029024F8D1
:106E1000083004EBC7035A88294642F001025A8021
:106E20002046BDE8F843FFF7D3BE2DE9F0470646FC
:106E30000D46174698462BB34FF0000A98F80040CD
:106E400093F80190DB78A40004EB430498F8023037
:106E50001C444444CA4509D339463046AC46D8F8A8
:106E6000042008F10803BDE8F047604714F8013B2F
:106E70000AF1010A204648F82340E0F75BFC0130A4
:106E80000444E7E76FF01500BDE8F08730B502462F
:106E90000024002012F8013B43B178B18C4207D1A5
:106EA000702B04D0A3F140053A2D07D8002030BD47
:106EB000A3F140053A2D01D80134EAE7252B08BF9C
:106EC00080F00100E6E70020704700F040BF0FB4FB
:106ED00007B504A951F8040B019100F038FF03B085
:106EE0005DF804EB04B070470FB407B504A951F87E
:106EF000040B0191FFF7E9FF03B05DF804EB04B068
:106F0000704710B50369024613F0080009D11368F1
:106F1000D4689C429BBF0120126AE31AD31A0B600B
:106F200010BD00231846FAE713B501A90446FFF780
:106F3000E8FF20B1019BE268013B13440193206A02
:106F4000019BC01A013802B010BD10B5044650189C
:106F50002269236AD20702D5013B184010BD98422E
:106F600028BFC01AFAE710B504460A46C168FFF701
:106F7000ECFF2369E06023F00803236110BD38B5FE
:106F80000D46C2698B00016843F00203044642F8D3
:106F9000213001682A46FFF7D8FFE368616898420C
:106FA00008BF2369206008BF43F008032A46204633
:106FB00008BF2361FFF7C9FF606038BD2DE9F74FB7
:106FC0000F460021D0F80CB0C669009216F82B20AD
:106FD0009A4602F00302022A14BF894656F82B2073
:106FE00006EB8B030193009B08BFC2F39D09196058
:106FF0000446CAF80010B9F1000F07D04946FFF760
:10700000B2FFE368A3604FF0010804E001698A075A
:1070100005D44FF00008404603B0BDE8F08F816909
:1070200006EB8B00884716F82B10054611F0010877
:10703000EFD08B071DD51FB139462046FFF79FFFC4
:1070400061682A462046FFF780FFD4E902138B428D
:10705000606007D12A462046FFF777FF4FF000080F
:107060000146A0602369216043F00803E1602361C9
:10707000D1E701462046FFF776FFE168A1601FB126
:107080002068E16941F82090EA19CAF800202168D7
:107090002046FFF75AFF2269206042F00802226171
:1070A00016F82B2022F0010206F82B20DDE9003231
:1070B0001A60A8E770B504461546FFF746FF236837
:1070C000834205D12369216023F00803236170BD49
:1070D000E269AB0043F0020342F8213061682A46BE
:1070E0002046FFF732FF6060F1E738B503690446D8
:1070F0005B0706D5456AFFF717FF85422CBF65621F
:10710000606238BD38B50D4604461C22002108F0E7
:10711000A8FC0022EB68A361AB6863612B68E361A4
:107120006B68626223622A6923B1591E194208BF43
:1071300042F001022261012204F128000021BDE891
:10714000384006F0C4BA2DE9F04F00259846036A8E
:1071500087B08B4204460E469346AA460395059592
:1071600038D3EFF31189402383F31288BFF36F8F75
:10717000059A2AB129462046FFF79CFF0023059374
:1071800004A92046FFF7BDFE04990746B1422AD361
:107190002268E369204613F8221003EB820A21F0EB
:1071A000030103F8221021683246FFF7CEFEE368A0
:1071B0002060984212D0002789F31188BFF36F8FA7
:1071C000039929B162690AB12046904700230393CD
:1071D000002FC6D1504607B0BDE8F08F236943F0B9
:1071E00008032361E7E718B12046FFF7C8FEE3E78D
:1071F0005BEA08031CD0019106F0A8FB0199B8B91D
:10720000B9F1000F14D189F31188BFF36F8F5A467B
:10721000434604F12800F8F77FFEEFF3118940237D
:1072200083F31288BFF36F8FB0FA80F77F09C3E74B
:10723000204605AB03AA2568FFF7C0FE0746BBE75B
:1072400070B50446836908460D4698470246EFF339
:107250001186402383F31288BFF36F8F2B7820466B
:1072600043F001032B706168FFF76FFE60602046FA
:10727000FFF73BFF86F31188BFF36F8F70BD2DE9D9
:10728000F843044600274026EFF3118586F3128861
:10729000BFF36F8F2369A268190702D46368934212
:1072A00000D2236A9B1A002B42D0E06910F822100A
:1072B00000EB820911F003033AD0022B04D150F8FD
:1072C00022305FEA930805D1CB0720D44846A36952
:1072D00098478046A16842462046FFF736FE0127C0
:1072E000A06041462046FFF73EFE3B4685F31188ED
:1072F000BFF36F8F002BC7D137B1B9F1000F03D1A6
:1073000004F12800F8F7D4FD4846BDE8F88341F0C1
:10731000020100F82210A3694846D4F80880984773
:10732000414602462046FFF710FE0023A060DDE73D
:107330009946DBE7F8B50446836908460D46984749
:107340000646EFF31187402383F31288BFF36F8F54
:107350002B7823F001032B7023699B0705D5E26886
:10736000E36903EB82039D421AD12B7823F00203D9
:107370002B70D4E90231994204D132462046FFF7FE
:10738000E4FDA06031462046FFF7EDFD87F311884C
:10739000BFF36F8F04F12800BDE8F840F8F788BD0F
:1073A0002B6860F39F032B60F0E7EFF3118140231C
:1073B00083F31288BFF36F8F02698368120702D4C8
:1073C00042689A4200D2026AD31A81F31188BFF34D
:1073D0006F8F181E18BF01207047038B13F007032F
:1073E00006D10368002B18BF032008BF0020704798
:1073F000022B05D1408BB0FA80F040098000704725
:10740000012B04D10368002B18BF0520EDE70020F5
:10741000704710B50C4600B111B96FF0150010BDE2
:10742000081D00F0ACF80028F9D1A368032BF6D9A9
:10743000F3E72DE9F0410D4607461946281D904611
:107440001E4600F0ADF8044638B1334642462946A0
:107450003846A446BDE8F0416047BDE8F08110B46D
:10746000EFF31182402484F31288BFF36F8F4161E0
:107470005DF8044B0121E8F7BBBC38B50C46054666
:1074800058B151B10B6843B14B6833B11C22002194
:1074900008F0E7FA00202C6138BD6FF01500FBE71B
:1074A000F8B504460E46FFF7B4FF051E3BDBEFF3CD
:1074B0001182402383F31288BFF36F8F4FF6FF7161
:1074C000638B278B8B4207F007072ED0062F2FD810
:1074D000DFE807F0182E082E180418006FF0850555
:1074E000002303E0013363830225012382F3118823
:1074F000BFF36F8FBBB100233A4631462046FFF7FA
:1075000098FF10E000233360636823B9C4E9006684
:1075100027B13D46E4E71E606660F9E70221204698
:10752000E8F766FC3D462846F8BD6FF00A05D7E748
:107530006FF00405D4E710B5EFF31182402383F315
:107540001288BFF36F8F048B04F00704022C0AD05B
:10755000012C0CBF6FF004006FF0850082F31188DE
:10756000BFF36F8F08E0438B013B9BB2438323B98A
:107570002146E8F73DFC204610BD2046EEE70346D5
:1075800058B1426802F00302012A03D0032A04D151
:10759000026812B10020986070476FF015007047C4
:1075A0004268034602F00302032A4FF000028160A2
:1075B00014BF104600685A60704770B506460C88C4
:1075C0008888241A3069A4B2844285B224BF641B1F
:1075D000A4B22D1BA8B2984228BF18463368234492
:1075E00013600B8803440B8070BD70B48389858859
:1075F0000669ED1AADB2731B934228BF134670BCE7
:107600000A46011DFFF7D9BF70B40E460146C58872
:1076100031F80A3FEC1AA3B2934228BF1346324610
:1076200070BCFFF7CABF10B54B880C88E41AA4B22F
:1076300094420ED31A4492B28B884A800A80006921
:10764000D21A92B2824201D2002010BD03448B8034
:10765000FAE76FF01500F8E72DE9F34106460F460B
:1076600015464FF000082A46304601A9FFF7BDFF36
:10767000044640B102463946019808F0CCF92D1B6A
:10768000A0442744EFD142463046311DFFF7CBFFDF
:10769000404602B0BDE8F0812DE9F34107460E46B1
:1076A00015464FF000082A46384601A9FFF7ACFFFF
:1076B000044648B12EB102460199304608F0ABF9B4
:1076C00026442D1BA044EED14246384607F10A015C
:1076D000FFF7A9FF404602B0BDE8F081704710B443
:1076E00084686468A4465DF8044B604770B4C6685B
:1076F00004680D0C06FB0544806A14FA81F1846865
:107700002468A44670BC60472DE9F04306468846CD
:1077100017461C46C36A89B01D686D4205F02005F6
:107720001CB9204609B0BDE8F083AC42A14628BF91
:10773000A9466A464B4641463046FFF7D7FF002828
:10774000F0D16B46484502D1241A8044E8E713F88B
:10775000012BBA4201D10130F4E70120E2E70B68C6
:1077600003F580330B60008A1A0CB0EB134F04BF93
:10777000A3EB02430B60704700F06CBB38B5C268E6
:1077800003680D0C090C044602FB0131806A2D04CC
:1077900001F06DF850B9E26A29462046E368527953
:1077A000FFF7B2FF002818BF6FF0050038BD014693
:1077B00010B507220446FF20F3F752FDE07110BD1B
:1077C0002DE9F04F07465368D06893B003445069E1
:1077D000C34203D1002013B0BDE8F08FFC683B68C2
:1077E000080C04FB00330024A146D7F82CB013FA90
:1077F00081F504AB92E80300DBF8008083E8030026
:10780000D2E9020106AB83E80300D2E9040108AB28
:1078100083E80300C8F10003019312AB03EBC90A2C
:107820005AF8346C4FEAC901AEB909F10109B9F14E
:10783000030FF2D1002CCDD00AAE9BF80510A8EBB7
:107840000402301908F00DF9434632462946B86A59
:10785000FFF745FFBFE7B4B9019B334013D05AF897
:10786000382C2946B86ACDE90223FFF738FF0028F3
:10787000B1D1DDE902231A44F61A4AF8382C4AF845
:10788000346C1D44C9E7A8EB0402B24228BF32465B
:10789000A2B101F148030DEB030A5AF8381C0AABF8
:1078A0001819CDE9021208F0B6F8DDE90212114408
:1078B000B61A4AF8381C4AF8346C14444445ACD122
:1078C00023462946B86A0AAAFFF709FF002882D191
:1078D00025440446A1E7F8B50D4606460722FF20D9
:1078E0004C888F88F3F7BCFCEB79834205D13C448C
:1078F000B4428CBF00200120F8BD0020FCE70368E3
:10790000012B81BFC91801F1FF315B4219400846C4
:10791000704738B50D460A4681680446FFF750FFA8
:10792000EB686968024619446B69E06A1944FFF71D
:10793000E6FFA3680344A360104638BD70B50D464A
:1079400086B00446466818220021684608F089F887
:10795000029508256A46314620460395FFF730FF19
:1079600029460246E06AFFF7CAFF63681B1A104601
:10797000636006B070BD4FF6FF7313B50022044676
:10798000ADF800308DF8063083686846ADF8042005
:10799000ADF80230FFF70BFF69462046FFF7CEFF38
:1079A00002B010BD70B506460C46C06A0821FFF74C
:1079B000A6FF0546F0682146401B80B2FFF78BFF0B
:1079C00080B1A08878B94FF6FF7322889A4209D116
:1079D0006288F3689B1AB3FBF5F205FB1230B0FA2C
:1079E00080F0400970BD0020FCE7F7B504460D4665
:1079F000C06A0821FFF783FF08230746296820464D
:107A0000FFF774FE0646002836D12B683B442B60F6
:107A1000E26899B2D21B91422ED11A0C09BF228A78
:107A2000A3F5803102F1FF3203EB02412046082327
:107A30006A462960FFF75AFEE8B9E36A5A796B464D
:107A400013F8011B8A420CD101300828F8D1636871
:107A500005E02B68BDF802206FF30F0313442B6081
:107A60000AE069462046FFF79DFF0028F1D129462C
:107A70002046E8F7DDFA0646304603B0F0BD2DE9B2
:107A8000F04F0446A1B024220D4617A8002107F0AC
:107A9000E8FF0821E06AFFF732FF8146636820466D
:107AA0006FF30F0306A90693FFF759FE069BE668DE
:107AB00001931E44A6EB090608233146204609AA75
:107AC0000796FFF713FE0028C0F21681E36A09AAA1
:107AD0005979002312F8010B814240F0FC800133F8
:107AE000082BF7D1A36862684B449A4280F0EC807F
:107AF00020460199FFF742FEFEE0BDF826306FF305
:107B00000F061E44079620460BAA07A9DDF81CA005
:107B1000FFF76BFF002840F0EF800BA91FFA8AF0F7
:107B2000FFF7D9FE48BB039B9A45ECD110220021F8
:107B300013A807F096FF1F9E17AB1193129695B1ED
:107B4000D4F82C8008214046FFF7D9FE2F89024641
:107B5000F1194046FFF7D3FEA168636802440A4466
:107B6000934280F09280002EBCD0204611A9FFF7EE
:107B7000D0FE002840F0C080B4E766680896204632
:107B80000DAA08A9FFF731FF002840F0B580BDF825
:107B90003420BDF82C309A4245D0089B62689A4246
:107BA0003FD15645BFD1BDF83060002EBBD03DB1AE
:107BB0002A88BDF82C309A4202D12B89B342B2D91F
:107BC000BDF82E804FEA1A431B049844E36A1F9ABB
:107BD0001B681644591E5B4203F020030493A368FC
:107BE00001EA06001344009026EA0106ADF82E30A3
:107BF00006BB009B5BB11F9A17A99B1A20460A443B
:107C00004146FFF773FD002876D1009B1F930BA818
:107C1000FFF7CDFD20460BA9FFF790FE002882D08C
:107C20006AE01E46ABE70DA9B0B2FFF754FE00288C
:107C3000B3D0B6E7049B1F9FB34228BF334617AAB1
:107C4000A3EB070B029341465B4620463A44FFF7FD
:107C50004DFD002850D11F9B01465B44182211A8FE
:107C6000059307F0FEFE17AB1393059B204611A961
:107C70001493FFF74EFE00283ED11F9BD844FF1AF5
:107C8000029B3744FE1A1F90B2E731446B68ADF88F
:107C90003E10204611A9CDE91337FFF73AFE58BB35
:107CA0002B880FA8ADF83C302B89ADF84030FF236E
:107CB0008DF84230FFF77BFD20460FA9FFF73EFE0F
:107CC000D0B90123AB720DE72046FFF754FE002820
:107CD0003FF40EAF10E0A6EB0903204609A9039379
:107CE000FFF760FE00287FF408AF204607A9E8F7F9
:107CF0009FF900283FF407AF21B0BDE8F08F0023C3
:107D00001A46E8F771BB13B500240094E8F750FC5D
:107D100002B010BD03785B075FBF03684288C3F3FE
:107D20004A2303EB12105DBF173020F007008008D4
:107D3000002070470020704703F095BF0346D3E84A
:107D4000EF0F421CC3E8E12F0029F8D170471FB59F
:107D50000023CDE902011A4619461846CDE9003341
:107D6000E8F79CFF05B05DF804FB0120E8F752BD81
:107D7000002070474368DA71012243681960436844
:107D80005A71E8F739BD70B515460C4669B1D2E9AC
:107D900001369B1B99420AD813680A460146981976
:107DA00007F039FEAB682344AB60204670BD6FF02E
:107DB0001B00FBE770B50E4615461946044618B978
:107DC000BDE87040E8F726BD33B1C2F34A23103056
:107DD000120D184407F01FFEC4E900562046BDE806
:107DE0007040E8F7BBBE2DE9F3415F1C4FEA8708FE
:107DF000064608F1170020F0070080080C461546DB
:107E0000E8F784FD00238DF80470ADF805308DF897
:107E1000073068B10346019AA8F1040143F8102F16
:107E20002A46294452F8045B8A4243F8045FF9D198
:107E300000233146A20102F4E07242EA482222F015
:107E40007F4222F4700222F03F0202B0BDE8F0410E
:107E5000FFF7B0BF07B50123019201AAFFF7C3FFE7
:107E600003B05DF804FB07B5CDE9002302236A46A1
:107E7000FFF7B9FF03B05DF804FB1FB5CDE901239F
:107E8000069B01AA03930323FFF7ADFF05B05DF83E
:107E900004FBF8B506460D4614461F4604B9F8BD66
:107EA000214628463A46B047241A0544F6E710B55D
:107EB00042680446D2E9002381680068FFF7E9FFC1
:107EC000002263681A6010BD38B54B6805461A6811
:107ED000CB680C469A4202D10846FFF7E8FF636878
:107EE000D3E8EF2F511CC3E8E01F0028F8D1A368A6
:107EF00000209D5438BD0A2838B504460D4602D1ED
:107F00000D20FFF7E1FF29462046FFF7DDFF0020A7
:107F100038BD2DE9F043054689B008460E8891F832
:107F200000900C46D1F808801746E8F709FF011EBB
:107F3000C6F38216C9F3C2091FDB4846E8F720FEE4
:107F40000346214651F8102B6088C2F34A22002ACA
:107F500001EB020408BF00210022C0F30B10CDE9A1
:107F60000507CDE9031428464146CDE900220296D3
:107F7000E8F712FF09B0BDE8F0830023E1E74368AA
:107F800000201B685B681961704743681B681A68AA
:107F900052685360704743681B681868E9F730B847
:107FA00070B543680C461D686B681869E8F70EFCED
:107FB000214603460F222868BDE870401847C36970
:107FC0001BB11B7900200B7070476FF05700704792
:107FD000C06918B1D0E8AF0F00F001007047C36965
:107FE0003BB11B692BB1DB691879B0FA80F040090D
:107FF00070470120704770B5C56904460E460DB143
:1080000003232B712046FFF7EAFF80B103212046AE
:10801000B047002802DA10F1860F09D12DB92046A9
:108020003346BDE870400121184701232B71002021
:1080300070BD38B5C4692568A90601D4002038BDD3
:10804000E168D9B10139E1600029F7D1A368984707
:10805000002803DAE3680133E360F0E701236A07ED
:108060002371ECD52069C3691B68DB0509D5FFF7CF
:10807000E0FF236823F004032360E0E76FF077005C
:10808000DDE76FF00A00DAE7D0E8AF0F084100F053
:1080900001007047F7F740BFF7F70ABF70B5044615
:1080A000C06990B10821FFF7EFFF014670B1EFF30F
:1080B0001185402383F31288BFF36F8F2046FFF7AB
:1080C000B8FF85F31188BFF36F8F70BD2046BDE800
:1080D000704000220023E9F763B82DE9F74FC56926
:1080E000064625B90024204603B0BDE8F08F0521DF
:1080F0002846FFF7C9FF02460028F3D00821F0699F
:10810000FFF7C2FF044678B3EFF31187402383F3F0
:108110001288BFF36F8FF569EB6803BB2B685A07B2
:108120000DD4286958B1C3691B68DB0519D5FFF761
:10813000D4FF041E0EDB2B6843F004032B600121E7
:108140003046AB689847041E04DB00232B71EB68B4
:108150000133EB6087F31188BFF36F8FC3E700240F
:10816000F5E76FF00A04F5E7E9F712F80746F0B90A
:10817000EFF31181402383F31288BFF36F8FEB6815
:1081800023B1287910B917460133EB6081F31188C8
:10819000BFF36F8F002FA5D105F0D8FB421E67F10A
:1081A000000305F11800FFF775FF041E7EDB05F0E4
:1081B000CDFB10B12B79022B13D02F692FB30221E5
:1081C000F069FFF761FF00BB3846FFF786FF044602
:1081D00048B901212846FFF757FF70B13846FFF72D
:1081E0005DFF6FF00A04E8F7D3FF00287FF47BAF50
:1081F00005F11800FFF750FF75E7D5E8EF3F43F0B2
:108200000403C5E8E23F002AF7D1EB680133EB60D5
:108210002B79022B08D105F1380005F059FB10F03D
:10822000010001D12871DEE7E8F7B2FF40B94FF055
:10823000FF3A4FF0FF3B05F128082B79022B1AD0AB
:10824000EB68012BCFD80121AB6868699847041E01
:1082500029DAEB68013BEB60002FC4D03846FFF70A
:108260001DFFF369D3E8EF1F21F00401C3E8E21F0B
:10827000002AB8D0F6E70321404605F1180905F0B9
:10828000DEFD4846FFF708FF002203214046CDE906
:1082900000AB05F0D8FD4FF0FF324FF0FF334846FA
:1082A000FFF7F8FEC9E700232B719CE76FF00A0483
:1082B00019E7F8B50021044650F8303C50F8240C7A
:1082C00098470546A4F120074FF0FF334FF0FF32E7
:1082D0003846FFF7DFFE002DB7BF54F82C3C0123D2
:1082E000013344F82C3CB8BF002304F8343C01218E
:1082F000A4F11000994005F09EFD3846A4F138061F
:10830000FFF7CAFE85B902213046FFF7BDFE58B11E
:1083100054F8280CFFF7C2FED6E8EF3F23F0040321
:10832000C6E8E23F002AF7D1F8BD70B50446C0693F
:1083300088B10821FFF7A8FE70B1EFF31185402343
:1083400083F31288BFF36F8F2046FFF772FE85F329
:108350001188BFF36F8F70BD2046BDE870400121CA
:10836000E8F71EBFC3690BB1E8F798BF184670471E
:10837000002908DB8068884205D9401A904234BF42
:1083800000200120704700207047704770B51646E6
:108390001A4605460C46FFF7EBFF48B16968E868E6
:1083A0002144826814683246A446BDE870406047A4
:1083B0006FF0150070BD70B516461A4605460C469E
:1083C000FFF7D6FF48B16968E868214482685468BD
:1083D0003246A446BDE8704060476FF0150070BD9E
:1083E00010B50B460446FFF7C3FF40B16168E06873
:1083F000194483689B682BB1BDE8104018476FF0A3
:10840000150010BD6FF05700FBE710B50B46044692
:10841000FFF7AEFF30B16168E0681944BDE8104075
:1084200000F025BA6FF0150010BD08B5C06883686C
:10843000DB689847006808BDC068704708B5C06829
:108440008368DB689847407908BD30B54C6803689D
:10845000A34201D2012030BD8A682244934201D355
:108460000020F8E7D1E90452954203D36FF00B03E3
:108470008B61F5E7CA681B1B42F835304368086911
:1084800002EBC00253600B6901330B61E2E737B5C1
:108490000C46C0B201A91546E8F76EFF00280CDBB8
:1084A000019850B121462A46E8F78CFF044601980E
:1084B000FFF76BFF204603B030BD6FF01504F9E7FE
:1084C00008B50B684268934204D90846E8F794FF60
:1084D000002008BD4B68012013444B60F9E72DE9EB
:1084E000F047894616469846044698B38268036961
:1084F000134482693344934230D80025D4E9017093
:10850000A6EB050A3F1ABA4515D2B54209D223682F
:108510005246184409EB050107F07DFAA36853445D
:10852000A360B8F1000F1CD0A068A8B12046BDE838
:10853000F047E8F76FBF23683A46184409EB050196
:1085400007F069FA63682046A360E8F763FF18B98B
:108550003D44D3E76FF00D00BDE8F0876FF00B00EE
:10856000FAE74046F8E700697047F0B587B01F4664
:1085700004460D46164600F094FD022302930DF1C9
:1085800016030193BDF83030ADF816000093324663
:108590003B462946204602F02EF807B0F0BD2DE9F3
:1085A000FF411F460D4616460446ECF7D7FD8046B0
:1085B000DFF7C0F8BDF8283080B2CDE90180009324
:1085C00032463B462946204602F015F804B0BDE885
:1085D000F0812DE9F04300F50179054685B0484664
:1085E0000F4690461E46FFF7BEFF78B1334642461F
:1085F00039464846FFF773FF04465EB3D5F80002DC
:10860000FFF7C3FE0023C5F8003223E0D5F800329F
:10861000986802F070FA0446D5F80002FFF70CFFE4
:108620008368DB68984703461A79D5F80002D207B9
:1086300014D4FFF701FF214601AA02F060FB0446B3
:1086400040B9DDE90112D5F80002FFF7DEFE04466D
:108650000028CBD0204605B0BDE8F0831B688268B7
:10866000E11801395B421940521AECE730B5054672
:1086700085B0084605F50071E8F77EFE044698B916
:10868000D5F80002FFF7D8FED5F8003202949A68B8
:10869000014601925B682A46009305F501704FF48C
:1086A0000073E8F74DFF0446204605B030BD0020BA
:1086B000E8F7F4BF034610B508460AB1002111607F
:1086C00053B1D0B1411E11F8010F80B113F8014B25
:1086D000A04201D13D28F6D100200EE00133136005
:1086E0000AE03D2808D0B0FA80F0400905E018788B
:1086F0002F28F6D1002AF1D1012010BD0830704793
:1087000010B5134614460A4681880068FFF7FBFA45
:10871000A042A8BF204610BD2DE9F04F97B00446F7
:108720009A468946019200297AD0DAB1BAFA8AF6D5
:108730007609258F04F1080B0135ADB2A8466F1EEE
:10874000BFB2B7F5004F39D04A233946584603AA7D
:10875000FFF7D9FA002807DA10F1020F08BFB84670
:108760003D46ECE70126E4E700F158030DEB03007A
:10877000002303A900F84C3C4846DEF7C9FF002857
:10878000EED106BBB846B8F5404F4CD0238F04F16C
:108790000805434538D308F5804153462846019AD9
:1087A00089B2E7F721FE00280ADB46B14846DEF72A
:1087B000C1FF4A460346414628461EE016B3002044
:1087C00017B0BDE8F08F39465846FFF798FA0028F1
:1087D000F6DB05F57F513F31584689B2FFF78FFA36
:1087E0000028EDDB238FBB42E9D12246013B22F872
:1087F000383F4FF4004102235846E7F7F5FD00EA01
:10880000E070DDE70126BEE7224602234FF4004177
:10881000284622F8388FE7F7E7FD0028BBDACFE7D4
:108820006FF01500CCE76FF00B00C9E773B5C36BB1
:1088300004460363C3B100F108063046E7F72AFC9B
:10884000054670B902234FF4004130460DF106028F
:10885000FFF759FA0028B4BF4FF40043BDF80630C3
:108860002387284602B070BD6FF01205F9E72DE9A5
:10887000F04187680446FB680D4616469847037921
:10888000DB0707D4BB682BB1324629462046BDE83A
:10889000F0411847417933462A462046BDE8F04169
:1088A000E9F7EAB807F0DDB807F0B5B801460068A7
:1088B000E9F782B908B5E9F70FFABDE80840E9F72A
:1088C000BDBD0A460121FFF7C5BA00210120E9F725
:1088D00073B9836E83F30B887047E9F759BD61B6AE
:1088E00062B680F31188BFF36F8F704772B60023B2
:1088F00083F31188BFF36F8FBFF34F8F30BF62B622
:10890000BFF36F8F704772B6002383F31188BFF3F4
:108910006F8FBFF34F8F20BF80F31188BFF36F8F2E
:1089200062B6704740E800F313F4803FD8B208BF46
:108930006FF01500704730B50C684B6885B00A8938
:108940004D890094013B24F01F04234402F01F02D0
:1089500042EA451223F01F0369468DF8082003936D
:10896000E9F73EFE05B030BD08B5EAF769F808B58D
:10897000D1E904319847002008BD08B5EAF74CF862
:10898000002008BD7047002303824369C36070471D
:10899000C1698968EAF7BAB8EFF31182402383F31B
:1089A0001288BFF36F8F00230B60436833B9C0E9AF
:1089B000001182F31188BFF36F8F70471960416017
:1089C000F7E7034610B5EFF31181402282F31288D6
:1089D000BFF36F8F006828B15C680268A0421A601C
:1089E00008BF5A6081F31188BFF36F8F10BD027A00
:1089F000013202727047034618465B68002BFBD1B8
:108A00007047426810B52AB10B461C465B68002BC4
:108A1000FBD16260416010BD10B5044620B9084624
:108A20000B7A01330B7210BD034618465B68002BAE
:108A3000FBD1FFF7E6FF2046F5E792B281600160C7
:108A4000C2808280704783680B440360704703686C
:108A50000B6043684B6083688B6070478388026853
:108A600019448180D018704730B484880568A318F1
:108A70008380281930BC06F0CEBF10B58388026809
:108A80005C1C8480D154D01810BD30B58388026836
:108A90009D1C8580D418D154090A617030BD0346ED
:108AA00000689A88401A11441860998070470268DB
:108AB000531E036083880133838002F8011C7047D2
:108AC00003468288521A8280006808441860704702
:108AD000034600689A88521A01449A8019607047C8
:108AE00010B5036801211C78FFF7EAFF204610BD8E
:108AF00010B5036802211C88FFF7E2FF204610BD75
:108B000003898B420AD9436803EBC10053F8313023
:108B10002BB94368002B08BF002070470020704726
:108B200037B5054608460C46FFF72DFF28460823B3
:108B300040F8044BE268618A2382636900240839A3
:108B4000D31ACB1A00940221083204F047FC03B078
:108B500030BD2DE9F04F85B005460E4690461F46C4
:108B600004F049FA20B96FF04C0005B0BDE8F08F71
:108B70004FF01409002334464FF0010A09FB08693D
:108B80003B60284602A904F02AFA60B1DDE902320E
:108B90004FF0000B0093C3450CD10021284604F090
:108BA000AAFA0028EDD1284604F04EFA0028DAD0BF
:108BB0000020DAE7A14598BF344661688A4214D1A3
:108BC00021680098019206F062FF019A68B9237C3F
:108BD0007BB9D4E902312846984768B184F810A0DF
:108BE0003B68143401333B60CBE714340BF1010BC9
:108BF000D1E76FF06F00B8E76FF02200B5E720B162
:108C000001280CBF0420FF20704703207047027822
:108C10000B789A420FD30CD842784B789A420AD3F9
:108C200007D842884B889A4205D38CBF0120002088
:108C30007047012070474FF0FF30704770B506460F
:108C40000C4600F038F80546304601F011FF0346A7
:108C5000013B85F00100032B0CD8DFE803F0080688
:108C60000902022304B1237070BD0123FAE72846EC
:108C70000023F7E74FF0FF30F6E773B546100546DF
:108C8000304600F018F8002304460DF10701304685
:108C90008DF80730FFF7D2FFA84203D19DF80730C7
:108CA000022B04D0631B5842584102B070BD012012
:108CB000FBE770477047002070470020704770B591
:108CC00005460E46002490B000236A4631462046F1
:108CD000EAF7B6FE28B940222946684606F0D7FED4
:108CE00030B1631C022B4FF00104EDD14FF0FF3483
:108CF000204610B070BD002301461A461846EAF718
:108D00009FBE042804D8022808D809D10320704740
:108D10000638012894BF05200120704705207047C0
:108D200001207047002008B5E7F748F870B5044601
:108D3000BCB000F1100517AE002200232846F7F75B
:108D400085F8014608B93CB070BD03AB6846CDE973
:108D500000460293EAF7F0F8EEE7E9F755BF70B581
:108D600005460E46EBF7FAF8044618B1B36A1BB194
:108D700029469847204670BDEA7A05F11801183057
:108D800006F049FEF6E710B5044640B1CB6A0BB1D8
:108D9000183098472046BDE81040E9F735BF10BDB0
:108DA0007047036813B100230360037170478B6938
:108DB00013B183610B7F03770020704710B5044621
:108DC000084659B1EBF730F940B1A3698B4206D19F
:108DD00090F86930227F9B1A5842584110BD0120FB
:108DE000FCE708B5806918B101F073FC033880B264
:108DF00008BD08B5EBF718F920B1BDE808406C30A4
:108E0000F7F756B808BD10B50C460178227888B03F
:108E10008A420ED06946EBF715FB204604A9EBF712
:108E200011FB102268460DEB020106F030FE08B07F
:108E300010BD012A06D0022A07D072B94088638883
:108E4000C01AF4E740686368FAE71022611C013039
:108E500008B0BDE8104006F01ABE6FF01500E6E756
:108E6000042A0AD0102A0DD0022A4FF0000315D18F
:108E700003700B88438001207047012303700B6847
:108E80004360F8E7022300F8013B01F1100351F8B9
:108E9000042B994240F8042BF9D1ECE718467047AF
:108EA000012310B50621044600F8013BF4F73EFE0D
:108EB00018B9A37963F03F03A37110BD0B68036079
:108EC0008B8883808B798371037823F0020303708E
:108ED00070470078C0F34000704738B50446807A88
:108EE000E9F7EAFD6169054649B1637ADB0704D415
:108EF000C36920461B689B6898470023636121462D
:108F00002846BDE8384004F0D4BB2DE9F0410C46BA
:108F10001746054601F10C0800F10C0140461E46BB
:108F2000FFF795FD6269E36839469B1A13FA87F3E8
:108F30006B82012340466B722F82FFF7C1FDE3680D
:108F4000284673600023628AE36072816382346022
:108F5000BDE8F08138B50C46D1E900320546DA604B
:108F60000B684A895A820868E9F74EFE20461022AB
:108F7000002106F076FD2846BDE83840FFF7ADBF7A
:108F8000438A23B9C068B0FA80F0400970470020D6
:108F900070470F2806D80D280BD8052814BF0220CB
:108FA00003207047132804D01A2814BF0220012080
:108FB000704701207047FEF74DBF0B6803608B8838
:108FC00083808B7983717047FEF74DBF034610B5E0
:108FD000D3E8EF0F40EA0102C3E8E42F002CF7D1F9
:108FE00010BD0023E7F7DABDD0E8EF3F0B40C0E843
:108FF000E23F002AF8D1704738B504460D46EBF73A
:10900000B1FC5F3005D129462046BDE83840EBF77A
:10901000E3BB38BD10B5EDF7EBFA04466FF4807191
:109020001030FFF7E1FF2046BDE8104000F013B913
:10903000C368DB78012B01D1FFF7ECBF7047C36831
:10904000DB78012B01D1FFF7E5BF704700207047A7
:1090500010B5028843889A4218D8052A16D9B3F564
:10906000486F13D88488B4F5FA7F0FD2C18840F6D0
:109070007640A1F10A0292B2824207D804FB033380
:10908000B3EB810F34BF0120002010BD0020FCE7AE
:10909000837A072B03BF038800200B806FF07F00CB
:1090A00070470020704700207047ECF79BB970B5FF
:1090B00006460D464FF0FF304FF0FF31EBF748FF0B
:1090C000044668B103210C30FFF7C8FC06808570A8
:1090D0002146BDE87040002240F20640ECF79CB803
:1090E0006FF0680070BDC368187808B1ECF7D6B9A6
:1090F0001846ECF783BA38B54FF0FF3105464FF00C
:10910000FF30EBF725FF044668B102210C30FFF772
:10911000A5FC2B88214603800022BDE8384042F29E
:109120001600ECF779B86FF0680038BDF8B507465F
:109130000E464FF0FF304FF0FF311546EBF708FFBA
:10914000044678B106210C30FFF788FC3B88468046
:10915000038085802146BDE8F840002242F22200CB
:10916000ECF75AB86FF06800F8BD2DE9F04781467A
:1091700088464FF0FF304FF0FF3117461E469DF8EE
:1091800020A0EBF7E5FE0546A0B107210C30FFF764
:1091900065FCB9F8003080F802800380C770067162
:1091A000A0F805A02946BDE8F047002242F23200AF
:1091B000ECF732B86FF06800BDE8F08770B506468E
:1091C0000D464FF0FF304FF0FF31EBF7C1FE044684
:1091D00018B9BDE87040EBF7F5BA03210C30FFF782
:1091E0003DFC068085702146BDE8704042F22100BA
:1091F000EBF7C0BF072208B506F049FCB0FA80F0D3
:10920000400908BDFEF726BED0E8AF0F7047002822
:109210000CBF08460020704707B580B90621684694
:10922000F4F784FC40B99DF80530684603F03F032D
:109230008DF80530ECF7C4FF03B05DF804FB6FF068
:109240001500F9E708B5EDF7D3F910B11030FFF7C5
:10925000DBFF012008BD183004F03ABB10B504460E
:10926000FFF7F9FF2046BDE810405022002106F02C
:10927000F8BBD0E8AF0F7047032808B501D0EDF771
:10928000FFF9BDE80840EDF70FBAD0F8B400003898
:1092900018BF01207047084689691830116042687C
:1092A00000211A6010F80D2C06F0DBBBD0E8AF0FE0
:1092B0007047FEF7D8BD837A072B01D1EDF7CEBCFE
:1092C00070472438EDF762BD002203680BB91846D9
:1092D00070478B4210D10B6842B9426803609142DB
:1092E00000D14360002301200B6070471360436886
:1092F000994208BF4260F5E71A461B68E6E710B5D9
:109300000446006918B1E9F77FFC0023236110BD12
:10931000034610B500F1C8021046FFF7C7FF60B161
:10932000411CD2E8EF4F844204D1C2E8EC1FBCF1EB
:10933000000FF6D1F0D1184610BD0346FBE710B57B
:10934000837A0446073B012B02D80121EDF776FE14
:10935000A37A2BB12046BDE810400021EDF76EBE88
:1093600010BD10B5837A0446023B062B25D8DFE8F2
:1093700003F00D0424242417220041720021EDF78C
:109380005DFEBDE810400220EDF772BA8378012B34
:1093900011D1403004F09CFABDE81040ECF706B95A
:1093A0000088FFF784FE38B9A37A072B03D1082180
:1093B0002046EDF743FE002010BD6FF07F00FBE775
:1093C00073B506460C46FFF784FD6D463146A8B1DD
:1093D0006846FFF773FD29460020EEF7EDF958B116
:1093E0002388A0F88C306388A0F88E30A388A0F87A
:1093F0009030E388A0F8923002B070BDFFF707FF0D
:109400000346006800909A889B79ADF804208DF897
:109410000630E0E738B5037A04468B42154615D18D
:1094200000F170010722284606F031FB80B1E37895
:10943000072243B904F17E01284606F028FBB0FA62
:1094400080F0400938BD04F17701F5E70020F9E725
:109450000120F7E7F8B507460D464FF0FF304FF013
:10946000FF31EBF775FD0646D0B10E210C30FFF74A
:10947000F5FA04460E22002106F0F3FA3B88314645
:1094800023802B88002263806B8842F21300A38024
:10949000AB88E380EB882381BDE8F840EBF7BCBEE6
:1094A0006FF06800F8BD704710B50446F7F7A6F9ED
:1094B000234653F8402BD2F8B41061B92164D2F896
:1094C000B81061B9C2E92D33F7F7ACF92068BDE8EF
:1094D0001040EDF789BD8B42F6D00968EDE70B60CF
:1094E000C2F8B830F0E703682BB141681A688B42C4
:1094F000026008BF4260704770472DE9F843446B33
:109500002CB154F8085905B1083D00270CB9BDE845
:10951000F883D4E900682EB3F7F770F90022D6F883
:10952000B43004F1400163B1994233D1236C4ABB9A
:10953000D6F8B820C6F8B430914201D1C6F8B83098
:109540002764F7F76FF904F1300900220023484639
:10955000F6F77CFC064600BBD8F804300BB1204679
:1095600098472760E3680BB120469847D8F8203029
:109570000BB120469847DDB1AB6803B1083B2C46E0
:109580001D46C3E71360D6F8B830994208BFC6F845
:10959000B820D5E71A461B68C5E7B36923B16FF059
:1095A0006D02F169206898473046E9F72DFBCCE75A
:1095B0002B46E4E7F8B50F46002105461646002382
:1095C0004FF224420846EEF74FFC044620B92846E5
:1095D000EEF70CFC2046F8BD04210C30FFF73EFAF4
:1095E000057047704680F5E7406B28B1838B0838DB
:1095F0008B4201D08068F8E7704710B54AB989B24C
:10960000FFF7F2FF28B143689B6913B1BDE8104032
:10961000184710BD38B50D460521FFF7E5FF0023BB
:1096200029461A46EEF73AFC044610B12846E9F7F7
:10963000EBFA204638BD406B28B1838908388B424D
:1096400001D08068F8E7704770470346006828B18A
:109650005968026888421A6008BF5A60704703461A
:10966000002003B970471A8A5B681044F9E710B507
:10967000D4680231237813B92170012010BD8B42C8
:10968000FBD0038A023B038200201061F6E7FEF75D
:10969000E1BB2DE9F04104468868FFF7E0FF638DE8
:1096A000628B0D46934228BF134683421DD3002789
:1096B0002165D1F808808F60F7F7A0F84146204671
:1096C000EEF730FE064638B1C5F808802765F7F793
:1096D000A9F83046BDE8F081618D638B2846994238
:1096E00028BF1946F1F75EFDF1E76FF07906F0E764
:1096F00008B503680A8A1868C968F1F78BFC00206E
:1097000008BD38B5054601F10C000C46FFF7F0F92D
:109710002D680146238A2868E26801F00AF90020D2
:1097200038BD38B504460D46EEF7FCFD30B129468C
:1097300004F15400BDE8384003F0B0BF38BD70B448
:109740000668F2695AB3144654F8983903B1983B45
:10975000002211467CB9438D408B8B4201D8904248
:109760001FD9824238BF02469942306838BF194635
:1097700070BCF1F793BC844207D0658D648BA9421D
:1097800038BF2946A24238BF224633B1D3F8985099
:1097900005B1983D1C462B46DCE71D46FAE711460D
:1097A000D9E770BC704773B51446014605464FF4BF
:1097B0009572206800F08FFF207530B92946206827
:1097C00001F002F920B908232375002002B070BD12
:1097D000237AB3B1A3F11802534253419B00019382
:1097E000638A29460093AE68238AE2682068B047FE
:1097F000002808DB238A98420CD10023012023751E
:10980000E4E70223EBE710F1FF0F03D34042C0B2BD
:109810002075DAE70E20FBE7F8B5936805460F469A
:109820001446166863B9506801210C30FFF716F929
:10983000A0602B681B78002B14BF02230123037048
:10984000A3681B78012B03D0022B1FD000201CE043
:109850002B681B78002BF9D1606804210C30FFF7CE
:10986000FDF8E06007802A68E36852885A806168E2
:10987000728D738B088A9A4294BFC0EB0200C0EBD2
:109880000300042894BF00200120F8BD2B681B783A
:10989000022BDBD1606812210C30FFF7DFF8E060AB
:1098A00007802B68E268591C0232113351F8040B0F
:1098B000994242F8040BF9D16168728D738B088A62
:1098C0009A4294BFC0EB0200C0EB03001228D9E714
:1098D000D0680431037813B90170012070478B42BE
:1098E000FBD0002091680B8A043B0B82106170470B
:1098F0001FB5CDE9012300231A460093F0F766F95E
:1099000005B05DF804FB0022036803B970478B4281
:109910000FD10B683AB942680360914200D14360AD
:1099200000230B60704713604368994208BF426090
:10993000F6E71A461B68E8E7D0E8EF3F43F0080275
:10994000C0E8E12F0029F7D1C3F3C00070472DE92B
:10995000F041064690461F460D46B9B1042201214A
:10996000EEF7ACFD044618B9BDE8F041EEF780BD56
:1099700004210C30FFF772F80570A0F80180C77061
:1099800021463046BDE8F041FFF7CBBEBDE8F0818F
:1099900037B50C46054601F10C00FFF7A9F8228AFD
:1099A00003460192E2681221009228461322EEF744
:1099B00001FE03B030BD37B50C46054601F10C0081
:1099C000FFF796F8228A03460192E2682846009241
:1099D00000221146EEF7EEFD03B030BD70B504462F
:1099E0000E46002200230846F6F730FA054658B125
:1099F00001462046EEF796FC044618B1294630464B
:109A000003F057FE204670BD6FF00104FAE707B57A
:109A1000CA680C211388528800920D22EEF7D0FFFD
:109A200003B05DF804FB07B50022CB680A211B8850
:109A300000920B22EEF7C4FF03B05DF804FBF8B50B
:109A4000CB6804461F88BBB2162B24D90321EEF73E
:109A50007BFE064608B302210C30FEF7FFFF00250F
:109A60006FF008034570037031462046FFF759FE3A
:109A7000F7236383236867851B680433D3E8EF1FEC
:109A800041F48031C3E8E21F002AF7D12046FFF7F6
:109A900056FE2846F8BD0420FCE70E20FAE72DE923
:109AA000F04F064685B0104690469946FFF7D7FD21
:109AB000738B728D8B46934228BF1346834275D9B0
:109AC000736840460393FEF796FF4FF0000A044682
:109AD0004046FFF7C4FDE168228A658A6369AD1AD2
:109AE000CB1AED1A778B738D9F4294BFC0EB0700A2
:109AF000C0EB0300854228BF054625BB98F80A0045
:109B0000E8F7DAFF00220023FEF742FF044608B917
:109B1000574627E001464046FEF77EFF4046FFF7E6
:109B20009EFDE168228A658A6369AD1ACB1AED1A37
:109B3000778D738B9F4294BFC0EB0700C0EB03008F
:109B4000854228BF0546CDF80090DBF804700A4432
:109B500003985946ABB2B847071E07DABAF1000FAF
:109B600018BF5746384605B0BDE8F08F0E9BABB91D
:109B7000394604F10C00FEF771FF4046FFF76FFD18
:109B8000738D728BB944934228BF13468342BA4403
:109B90001FFA89F9BCD9AF429AD0B9E739462046B5
:109BA0000F9A0E9B98470028E2D1B1E70027D9E72A
:109BB00000232DE9F34117681446D7F804800146C5
:109BC000137306469522404600F085FD0546207336
:109BD00030B93146404600F0F5FE28B9082323731A
:109BE000002002B0BDE8F081A068798D7A8B038AED
:109BF000914294BFC3EB0103C3EB0203012BEFDDE2
:109C000002210C30FEF72AFFCDE900558046A388DB
:109C100031463846A268FFF742FF031E06DA13F109
:109C2000FF0F2ABF5B420E23DBB2D8E70120A8F862
:109C30000030D6E700232DE9F34117681446D7F822
:109C400004800146137306469522404600F043FD0A
:109C50000546207330B93146404600F0B3FE28B9BE
:109C600008232373002002B0BDE8F081CDE9005540
:109C700031463846A388A268FFF711FF002807DAAB
:109C800010F1FF0F32BF0E204042C0B22073E9E74F
:109C90000120E8E7F8B5054650F8044C071F00F12D
:109CA0004803D3E8EF1F21F00401C3E8E21F002AB4
:109CB000F7D1FCB1EB6C83B9636873B1201DFFF77A
:109CC000C4FC064601463846FFF7E3FC90B16368E2
:109CD0003360A368666003B9A660384605F1500199
:109CE000FFF77CFE30B1384604F10C01BDE8F840C6
:109CF000FFF774BEF8BD2DE9F041C469074644B1D1
:109D000054F8986906B1983E0022154607F10408F8
:109D10000CB9BDE8F081236D9BB905B98AB94046FD
:109D2000FFF793FC054658B101462046FFF7B1FC0A
:109D30000028EED07B682B60BB687D6003B9BD60F6
:109D4000224636B1D6F8983003B1983B34461E46C9
:109D5000DEE73346FAE738B50546D1E8AF3FDB0723
:109D600016D550F8040C98B1EB6C8BB90430FFF7A2
:109D70006CFC044660B10146281FFFF78AFC38B12D
:109D800055F8043C5A6822609A685C6002B99C608D
:109D900038BDEFF7AFBE08B5EFF774F940B1C06951
:109DA00030B1024652F8983903B1983B002002B90D
:109DB00008BD518B528D8A4228BF0A46904238BF57
:109DC000104633B1D3F8981001B198391A460B46B2
:109DD000EDE71946FAE770B5CE68044633880D46BC
:109DE0009AB2162A06D8002204231146EFF7AEFADB
:109DF000002070BDF72243854283FFF7A0FC0023BB
:109E0000314620462A8AF1E708B500230A8AC96844
:109E1000EFF79CFA002008BDFFF7F6BFFFF7F4BF8D
:109E2000FFF7F2BFFFF7F0BFFFF7EEBFFFF7ECBFA2
:109E3000FFF7EABFFFF7E8BFFFF7E6BFFFF7E4BFB2
:109E4000FFF7E2BF70B50D46EFF71CF9044628B9DD
:109E50002846E8F7D9FE6FF07F0070BD00F10C06D0
:109E60002946304603F01AFCE469C4B154F8985905
:109E700005B1983D0022104607E022467DB1D5F895
:109E8000983003B1983B2C461D46831C01D1002A13
:109E9000F4D131462046FFF7A1FD0028EDD1002086
:109EA000DBE738B505460C46F6F7A8FC2846EFF781
:109EB000E9F820B9F6F7B6FC6FF07F0038BD002353
:109EC000236083683BB9C0E90144FFF714FFF6F74C
:109ED000A9FC0020F2E71C608460F6E710B50C4690
:109EE000EFF7D0F890B1C36943B153F8482C983BD1
:109EF000D168A14209D0D3F89830F5E7406828B17D
:109F0000C368A34202D00068F9E7104610BD0120E3
:109F1000704708B5EFF7B6F878B1C3696BB1983BF5
:109F200003F14C02D2E8EF0F20F00800C2E8E10F85
:109F30000029F7D1D3F89830F0E708BD08B504211F
:109F4000FFF779FB20B14830D0E8AF0FC0F3C00075
:109F500008BD10600020704710B5029CA36833B1A3
:109F6000B1F5807F28BF0E21CAB221469847A37D54
:109F7000E268013BDBB2A37522B11BB92046BDE804
:109F80001040104710BD1060918000207047B1F55F
:109F9000807F28BF0E21009AC9B213681847FDF7C9
:109FA00062BFF0B5076806463D78144689B0E5B94A
:109FB0007B88B3F5245F04D011D8A3F52053032B7D
:109FC00013D8ADF80A10022220460DF10A01EFF76E
:109FD000EBFA70B16FF01503C4F8103206E003F528
:109FE0005643FF339BB2042B20D90125284609B0E4
:109FF000F0BD7B88022220460DF10A01ADF80A303F
:10A00000EFF7D2FA0028E5D1009003AA13233146D6
:10A010007768B847021E02DAC4F81022E6E703A9FF
:10A020002046EFF7C1FA0028DFD0D3E7ADF80A10D9
:10A03000022220460DF10A01EFF7B6FA0028C9D135
:10A040007B880222ADF80A300DF10A01E8E7072209
:10A0500008B505F01CFDB0FA80F0400908BDD0E855
:10A06000AF0F7047034610B5D3E8EF0F40EA010287
:10A07000C3E8E42F002CF7D110BDFDF7EBBE0B6851
:10A0800003608B8883808B7983717047034610B59A
:10A09000D3E8EF0F00EA0102C3E8E42F002CF7D168
:10A0A00010BD2DE9F0410C46069D06466FF00401F7
:10A0B00005F11000FFF7EAFFF4B13046EFF7FEFAC2
:10A0C000014648B3836853B10022186805F1140CA7
:10A0D0002BB1634508D12B463046EFF721FBB4F591
:10A0E000807F28BF0E240FE020B107681A46034680
:10A0F0003846EDE70746F9E7AB892BB923462246F8
:10A10000294630462F68B8476B682BB12A4630463F
:10A11000E1B2BDE8F0411847BDE8F08170B50D46E9
:10A12000064611F8010BEDF771FB044610B12C89BE
:10A13000ECF732FFA87A05F10B01EDF767FB28B1C8
:10A140006B8A9C4238BF1C46ECF726FFAB8AA342C1
:10A1500007D0AB69AC8223B121463046BDE87040E0
:10A16000184770BD10B5144602210C30FEF776FC7E
:10A1700063890380002010BD10B5144604210C3003
:10A18000FEF76CFC23890380E3894380002010BD27
:10A1900010B5144602210C30FEF760FC23890380C1
:10A1A000002010BD10B5144604210C30FEF756FCFB
:10A1B0002389038063894380002010BD08B50121F5
:10A1C0000C30FEF74BFC03460020187008BD08B5A4
:10A1D00001210C30FEF742FC01230370002008BD72
:10A1E00038B5154600F10C0404212046FEF736FC74
:10A1F0002B890380EB8943802B7C33B94FF42051AA
:10A200002046FEF742FC002038BD42F60101F7E788
:10A2100038B5154600F10C0404212046FEF71EFC5B
:10A220002B890380EB8943802B7C022B04D0032BEA
:10A2300009D02B68598801E042F602012046FEF75A
:10A2400024FC002038BD42F60301F7E770B5144640
:10A25000002500F10C066268EBB29A4205F1010597
:10A2600001D8002070BDA268304632F81310FEF706
:10A270000CFCF0E7FFF7EABF30B5144685B00546A1
:10A2800002210C30FEF7EAFBA388002203800023A2
:10A29000CDE902330023CDE900232846A268A18935
:10A2A000E8F7D0FCA389834214BF6FF00B000020B5
:10A2B00005B030BD7FB5154606460C460C3004216E
:10A2C000FEF7CCFBAB8800220380EB88043C438084
:10A2D0000023CDE902330023CDE900232146304697
:10A2E000AA68E8F7AFFC844214BF6FF00B000020AF
:10A2F00004B070BDF7B5089D06460C462F6851B9ED
:10A3000073B900232A460893E1B23046BC4603B035
:10A31000BDE8F0406047B1F5807F28BF0E24F0E72C
:10A32000009313462A46B847089423462A462146F6
:10A330002F68EAE7F0B50D4687B0114606461A4683
:10A340000C9C5DB983B92768002322463046BC4681
:10A35000E9B20C9307B0BDE8F0406047B5F5807FE7
:10A3600028BF0E252768EFE703A8FEF766FBBDF8B8
:10A370001030012B08D8002300932246194630469E
:10A380002568A84707B0F0BD022103A8FEF7A0FB8F
:10A390000346BDF8102033F8027B0021974228BF06
:10A3A00017460097224630462568A847394603A835
:10A3B000FEF78EFBDBE738B5BDF810401546A2422C
:10A3C0000CD84CB16BB1A41A8C42A8BF0C46A4B2F5
:10A3D0002246591905F01FFB204638BD6FF00604D0
:10A3E000FAE76FF00D04F7E730B585B0C968144699
:10A3F0001D46EFF73FF900B100890223ADF80E00CA
:10A40000009329462046BDF820200DF10E03FFF7EA
:10A41000D2FF05B030BD1FB50C461946E3681046A3
:10A420001C78BDF818203CB110240133069404B008
:10A43000BDE81040FFF7BFBF5B88ADF80E300223C8
:10A4400000930DF10E03FFF7B6FF04B010BD30B559
:10A450001D46002385B014468DF80C30EFF7B6F892
:10A4600010B1037A8DF80C30012329460093204661
:10A47000BDF8202003ABFFF79EFF05B030BD38B517
:10A48000144600F10C0506212846FEF7E7FA238959
:10A490000380E3894380237C002B42F6010308BF3D
:10A4A0004FF42053838021680B781BB1022B06D018
:10A4B000002038BD28464988FEF7E7FAF8E7102261
:10A4C00028460131FEF7D0FAF2E738B5154600F11B
:10A4D0000C0404212046FEF7C1FA2B8903806B8906
:10A4E0004380E9680B782BB920464988FEF7CDFAFE
:10A4F000002038BD102220460131FEF7B5FAF7E7FB
:10A50000002203680BB9184670478B4210D10B68C4
:10A5100042B942680360914200D1436000230120A8
:10A520000B60704713604368994208BF4260F5E7CB
:10A530001A461B68E6E708B5EFF77AF818B100236A
:10A5400003604360836008BD70B500F17006054686
:10A550003146007AFEF7A7FD04463146287A1CB141
:10A56000BDE87040FFF7E7BFEFF762F810B1046095
:10A570004460846070BD022A10B508D1002300F148
:10A5800070011A46007AEFF761F9022010BDFFF75B
:10A59000DBFFFAE738B5144600F10C050221284626
:10A5A000FEF75CFA63890380A1892846FEF76DFAFD
:10A5B000042104F11000FFF755FD002038BD0121F2
:10A5C0000C30FFF74FBD38B504461546FFF79FFC2A
:10A5D00040B12046EEF7FAFF20B1037ADB0701D540
:10A5E000FFF7EDFF35B9207A04F17001EFF720F89D
:10A5F00000B1856038BD38B5BDF81010BDF8184001
:10A600001046A142059D0CD84CB16DB1641A9C4214
:10A61000A8BF1C46A4B22246294405F0FCF92046F6
:10A6200038BD6FF00604FAE76FF00D04F7E713B5D5
:10A63000044610B9002002B010BD00238DF804308C
:10A6400042F60303006801A9ADF80630FEF7DBFB14
:10A650000028EFD1E36898880028ECD12046EFF776
:10A6600085FA013080B2E6E770B5CC681E46A37962
:10A6700088B008468DF80C301546FFF7D8FFADF8C6
:10A680000D00246823786BB96388ADF80F3005237B
:10A69000009331462846BDF8302003ABFFF78BFE10
:10A6A00008B070BD631C0DF10F02113453F8041B88
:10A6B000A34242F8041BF9D11323E9E71FB5CDE902
:10A6C000012300231A460093EFF780FA05B05DF8E6
:10A6D00004FBFFF760BB4B8A12F0010FC3F30E03BC
:10A6E00004D013F0950F10D0486870B112F0020F2B
:10A6F00004D013F4957F0AD0896841B1134013F454
:10A70000DE7F14BF05200020704702207047032021
:10A710007047F8B50F46516806464B8A144603F059
:10A72000940313BB0122EFF773FB08B3A2891B212B
:10A7300030460232EEF79CFD0546E0B1A1890C30AF
:10A740000231FEF78BF920F8027BA289A16805F09F
:10A7500062F9D4E9041228460123EEF713FF2946D3
:10A760003046BDE8F840FFF76DBB4FF0FF30F8BD55
:10A770006FF01500FBE76FF00B00F8E770B50B46C4
:10A780000546144629B921462846EFF76DFE28B93B
:10A7900070BD4FF6FF72914207D1218122462846B3
:10A7A00063680021BDE870401847E28901339BB21D
:10A7B0009A422381E7D2F1E72DE9F04F89B00646AE
:10A7C0001446129F11B913F0030807D03A4600212E
:10A7D00030467B6809B0BDE8F04F1847C14642F6E5
:10A7E000010A03F47F73D518AC4207D13A464146BB
:10A7F000304609B0BDE8F04FFFF7C0BF3A7C638830
:10A80000002A14BF52464FF42052ADF80220102205
:10A81000ADF808301FFA83F83B68B4F800B00021A7
:10A820000DEB020001938DF8009005F01AF901ABD1
:10A8300006933A4630467B68CDF80CD0ADF81CB094
:10A8400003A9984704340028CED109B0BDE8F08FA1
:10A85000F0B553898FB0ADF80C3093890546ADF84B
:10A860000E30022304A8144616898DF81030029089
:10A870000DF1110301F1100251F8047B914243F8EC
:10A88000047BF9D12168C1B9002142F602031022EC
:10A890000AA88DF80410ADF8063005F0E2F801AB17
:10A8A000099302AB0C93224628466368ADF83460E6
:10A8B00009A9984728B90FB0F0BDFEF7A4FA0028FF
:10A8C000E2D0224628462189FFF758FFF3E730B44B
:10A8D0000C4611461A46029B4CB1B4F5807F28BF46
:10A8E0000E241D681A46E1B22B4630BC184730BC16
:10A8F000F0F7ACBA73B504460D46F5F77FFF29466D
:10A900002046FFF7EBFA014620B902B0BDE87040DF
:10A91000F5F788BF46682046EEF70CFEF5F782FF94
:10A920002EB100230E211A4620460095B04702B0F2
:10A9300070BDF7B50D46044616461F46EEF7BEFE3F
:10A94000014628B133462A4620460097F0F730FBEF
:10A9500003B0F0BD2DE9F04105468846EEF736FE1E
:10A960000446D8B1037ADB0718D500F10C07384646
:10A97000FFF775FB10F0010610D1B8F1000F0ED0F3
:10A980006FF002013846FFF781FB10F0020F2846F6
:10A9900008D0FFF7BEFA2046FFF711FE0126304629
:10A9A000BDE8F081FFF7B3FA0028F8D02846FFF79A
:10A9B000C5FA0028F3D06FF002013846FFF766FBB6
:10A9C0002846E6E7012070470120704713B5C068AC
:10A9D000144668B100238DF804304FF4C05301A928
:10A9E000ADF80630FEF70FFA10B923680133236083
:10A9F000012002B010BD0021F8B54FF0FF324FF03A
:10AA0000FF3305460846EDF72FFA00F10C07044620
:10AA100001213846FEF722F8052601210670384646
:10AA2000FEF71CF8002306701A4621462846EDF76B
:10AA300035FA10B12046E8F7E7F80020F8BD6FF0CE
:10AA400085007047002070470A448A4200D1704751
:10AA500011F8013B40BA80B25840C0F303134340A1
:10AA6000180380B24340580100F4FF505840ECE70F
:10AA7000F3F796BC08B501F02EFB002818BF6FF065
:10AA80000D0008BD08B5F3F719FD002818BF6FF0D9
:10AA90000D0008BD1FB5032001A9E6F76DFC18B134
:10AAA000002005B05DF804FB019802A9F3F722FC31
:10AAB0000028F5D19DF80830032B05D09DF80B0038
:10AAC000431E58425841ECE70120EAE713B5032042
:10AAD00001A9E6F751FC58B901220198114601F08D
:10AAE000C7FA04460198FDF750FC204602B010BD9D
:10AAF0006FF00404F9E7303870470C220369C9B2DB
:10AB000002FB0133186C00F00700704770B5034674
:10AB1000C9B20069EFF31186402484F31288BFF3B1
:10AB20006F8F0C2505FB0104246C14F0C00401D0C8
:10AB3000A24211D1012205FB01000264002086F32C
:10AB40001188BFF36F8F30B90C225B6802FB0133B1
:10AB50005B689847002070BD4FF0FF30EFE7802220
:10AB6000FFF7D4BFF8B5069F05460469C9B2EFF3F5
:10AB7000118C402080F31288BFF36F8F0C2606FBE8
:10AB80000146306C00F0070EBEF1010F10D13764A2
:10AB900000268CF31188BFF36F8F3EB90C20414320
:10ABA0000C44C4E90E236B685B5898473046F8BDE7
:10ABB00000F0C00087420CBF6FF077064FF0FF3601
:10ABC000E7E713B580240094FFF7CCFF02B010BD77
:10ABD00010B41C240069CBB204FB030000215DF813
:10ABE000044B10471046F5F763B901F068B9F3F765
:10ABF0005DBA40F27260704710B484682468A4465D
:10AC00005DF8044B60474368186A7047F5F7CEB8A3
:10AC100010B54468206802F00CFC30B1237E23B1EB
:10AC2000E068BDE8104002F004BC10BD38B5044631
:10AC30004568006902F0A2FC2046EB6A984720B9FB
:10AC4000F0F7EEFC6FF0150038BD0020FCE7084679
:10AC500008B51146F7F772F9002818BF6FF0040025
:10AC600008BD08B5F7F7BCF9002818BF6FF004005D
:10AC700008BD4B1E5B0800EB8300C369C90758BFC2
:10AC80001B0CC3F3072113F0FF031BBF002011703F
:10AC90006FF01500537070472DE9F3411C460023F7
:10ACA000904682682360A3600D465369694601AAF5
:10ACB0009847019B5A1E019223B96FF0150002B00C
:10ACC000BDE8F0810098A26847682168676085B98F
:10ACD000A8EB02030668B34228BF334603FB071103
:10ACE0001A442160A26002689A4206D80830009097
:10ACF000DFE76B1AB3FBF7F3ECE70020DFE713465F
:10AD00000022FFF7C9BF2DE9F0470024836886B011
:10AD1000884691465B6902AA01A99847A246254642
:10AD2000029BAB4202D806B0BDE8F0870026019F27
:10AD300007EBC5077B6804933A680AEB0603B24247
:10AD400002D89A460135EBE749460394059303A8D8
:10AD5000C0470028E7D0049B01361C44ECE770B5DF
:10AD6000037B04460BB101F0C0F80026A06800B9CF
:10AD700070BDB0F5007F28BF4FF400700546024655
:10AD8000D4E90010F0F766FE63682B446360236823
:10AD90000BB12B442360A3685B1BA360002BE5D0A1
:10ADA000237B0136002BE1D0304601F09FF80028CC
:10ADB000DCD00120DCE741EA02030846C3F30B01C3
:10ADC00009B9F0F76BBE6FF01500704708461146E1
:10ADD0001A4621B103431B0701D1F0F75FBE6FF0A4
:10ADE00015007047036924330B600123136070471B
:10ADF000036900201B6AC1E90030704710B50446A2
:10AE000043681868FDF74AF92069BDE81040F5F776
:10AE10004FB8FDF728B810B5446800694FF0FF320D
:10AE20004FF0FF33F5F778F82068BDE81040FDF7E4
:10AE300054B92DE9F0414468D0F810E00120002613
:10AE400088468EB0DDE914150DF1010CCDE907013E
:10AE5000CDE90B01D107CDF80160CDE9095602F02B
:10AE600080078CF804608DF80080CDF818D00D951F
:10AE70000ED5520758BF9EF814001BBA58BF00F0F9
:10AE800001000493E0B1CDF80130052307930B9343
:10AE900006AB0293F7B1002D14BF022301230393E5
:10AEA0000AAB049302232146059351F8040B9FB18A
:10AEB00083681C68002302AAA0470EB0BDE8F08199
:10AEC000BDF81130ADF801309DF813308CF8023028
:10AED0000423DBE70123E2E783681C6804ABEAE7AD
:10AEE0001FB5012301930DF10F03009300230521EA
:10AEF0001A46FFF79EFF08B99DF80F0005B05DF8F0
:10AF000004FBF7B504460D4616461F46FDF7E5F867
:10AF1000002817DB2046FFF77EFF2B0205225A216F
:10AF20002046CDE90067FFF784FF05462046FFF77E
:10AF300065FF40F2391200232046FDF7F6F9284656
:10AF400003B0F0BD6FF00405F9E72DE9FF410646B7
:10AF500015461C4601270DF10F08002305211A464E
:10AF60003046CDE90087FFF764FF40B99DF80F3008
:10AF7000DB0704D52846214602F0AEFDEDE704B01C
:10AF8000BDE8F0812DE9F34703690F1E054616461B
:10AF9000D3F8209077DBBB184B4574D847EA0204FE
:10AFA000C4F30B04002C6ED1FDF797F800286DDB7D
:10AFB0002846FFF730FF4FF0FF3A002E56D0002C06
:10AFC00054D12346CDE90044802206212846FFF7CC
:10AFD00030FF0446002849D1B14513D10346CDE9DD
:10AFE00000008022C7212846FFF723FF00260446E1
:10AFF000002C3BD140F21B6200232846FFF7A5FF3F
:10B000000446DAE7A046286900F115031D305A7896
:10B0100082B10AFA02F137EA01010BD10121914014
:10B02000B14207D8B8F1000F1CD098F80110914236
:10B0300038BF984602338342E9D1B8F1000F13D0EC
:10B040000023812298F800102846CDE900333B46C2
:10B05000FFF7EFFE012398F80120044693401F44B8
:10B06000F61AC5E79846E5E76FF015042846FFF79E
:10B07000C5FE40F2391200232846FDF756F9204656
:10B0800002B0BDE8F0876FF01504F8E76FF0040434
:10B09000F5E72DE9F74F1F4603690D1E9146064659
:10B0A0001A6AB3F81E804EDBEB1993424BD8FDF7BA
:10B0B00014F800284ADB3046FFF7ADFE4FF0000AD7
:10B0C0000FB93C4632E0B845C34628BFBB4605EB46
:10B0D0000B03013B95FBF8F2B3FBF8F3934218BF67
:10B0E00008FB12524FF0000318BFA8EB020B062119
:10B0F00080223046CDE900AAFFF79BFE0446A8B99E
:10B100002B46812202213046CDE9009BFFF791FEBC
:10B11000044658B9012200233046FFF716FFA7EB7B
:10B120000B070446D9445D440028C9D03046FFF7D8
:10B1300065FE40F2391200233046FDF7F6F820464E
:10B1400003B0BDE8F08F6FF01504F8E76FF004046A
:10B15000F5E7F7B51E4603690D1E044617461B6A40
:10B160001EDBAA199A421BD8FCF7B7FF00281ADB8E
:10B170002046FFF750FE2B46012203212046CDE951
:10B180000076FFF756FE05462046FFF737FE40F2F1
:10B19000391200232046FDF7C8F8284603B0F0BD59
:10B1A0006FF01505F9E76FF00405F6E7F7B54468A9
:10B1B000054694F828309A0746D5076902F07CFDC9
:10B1C0004FF47A76A0FB060C002347F6122206FB0A
:10B1D00001C1D6F723FB3B69C31A13D4628CA68C3A
:10B1E0009B1AB3420EDA47F6122740F2E7300021ED
:10B1F000F61A4FF47A720023E6FB0701D6F70EFB2E
:10B2000002F06AFC94F8283013F004031CD1802269
:10B21000AB212846CDE90033FFF70BFEA8B994F81F
:10B2200028309B0710D540F2E7310D46014647F61E
:10B230001220E48C4FF47A72E4FB0051002328467C
:10B24000D6F7ECFA02F048FC002003B0F0BD73B56D
:10B250004368044693F828309A071BD500238022C0
:10B26000B921CDE90033FFF7E4FDA0B9636893F895
:10B2700028309B070ED5256902F01EFD4FF47A7425
:10B28000A0FB040647F61222002304FB0161D6F757
:10B29000C5FA2861002002B070BD436800205B68D9
:10B2A000DB680B607047436802EA01005B6821EAD3
:10B2B00002015860002099607047436800205B6875
:10B2C00059607047436800205B6899607047436825
:10B2D0005B681A6821EA02001140586000209960FA
:10B2E000704730B50369586800B30024884219D10B
:10B2F00008688CB99C685860A14200D19860002011
:10B3000008602AB15A680A609A68596002B999605F
:10B3100000200FE02846E9E720609868814208BFD6
:10B320009C60ECE705680446002DF3D1002AE9D1C2
:10B330006FF0150030BD00207047F3F7F9BA0278BE
:10B340000B69012A07D0022A08D052B9DA6403F146
:10B350003C00F4F7ADBD6FF00D02F7E76FF00A02A5
:10B36000F4E76FF00402F1E738B5044605690122FD
:10B3700005F12C00114602F0AAF9012205F13C006A
:10B38000002102F0A4F92046BDE83840F1F76EB97B
:10B3900038B5054600692C30F4F7BEFD044610B9F7
:10B3A0002846FCF79AFE204638BD10B50469FCF724
:10B3B00075FE04F12C00BDE81040F4F779BD13B51B
:10B3C00001AA044600F051F8002805DB019B226821
:10B3D00019791868F1F792F902B010BD73B5446895
:10B3E0000DF10701A36A1B68D3F80056D3F8046671
:10B3F000FCF7E5FD9DF8073013B9A06AF3F78CFF61
:10B4000031462846F4F7D8F99DF80710054629B9C2
:10B41000E069FFF7D4FFA06A01F01AFB284602B0EA
:10B4200070BD10B544680021E069FFF7C8FFA06A4D
:10B43000BDE8104001F00CBB10B54468A06AF3F7FA
:10B440006BFFE0690121BDE81040FFF7B8BF08B508
:10B4500029B1012906D1FFF7E4FF002008BDFFF75D
:10B46000EBFFFAE76FF08500F8E730B5436813604B
:10B47000057A446804EBC504A34202D36FF00100CF
:10B4800030BD5C7908338C42F1D10020F8E7436885
:10B490001B68D3F88004C3F88004704742681368BF
:10B4A000D3F84C0150B10020926A12780A70C3F8A8
:10B4B0004C01D3F84C2101229A6270474FF0FF30C3
:10B4C0007047002A0FDD42681368D3F84C0158B169
:10B4D0000020C3F84C01D3F84C010120926A127885
:10B4E0000A70986270470020704703691A68D17B20
:10B4F00021B10121917300221B68DA737047026940
:10B5000003461168C87B40B15B681B68D3F8300103
:10B5100018B100234B6113689889704743681B6812
:10B52000D3F84C01003818BF01207047202243682F
:10B530001B68C3F804237047202243681B68C3F8C4
:10B540000823704738B5436804461D68D5F80433AE
:10B55000DB0405D4D5F8040310F4002006D138BD6F
:10B56000FFF7CDFF0028F5D00120F8E72046BDE821
:10B570003840FFF7D3BF01207047036918680160A6
:10B580001B685A60704710B543681C68D4F80433D0
:10B590001B0307D500230022FCF7C7FE4FF400234E
:10B5A000C4F8083310BD2DE9F041436805461E6814
:10B5B0000469D6F83071D7B1EFF31188402383F3D3
:10B5C0001288BFF36F8FA3681A0706D523F008030C
:10B5D000A36000220023FCF7A8FE23681BB94FF4E8
:10B5E0008053C6F8083388F31188BFF36F8F236840
:10B5F0002BB3A7B100225A612368DB7B1BB94FF440
:10B600008053C6F8083323689A7B42B100229A73AC
:10B610002846BDE8F04100220023FCF786BED6F89C
:10B62000143123B10023C6F81431D6F8143122683E
:10B63000136823B12846BDE8F04151681847BDE8BA
:10B64000F08110B543681C68D4F804331B0305D49B
:10B65000FCF743FD4FF40023C4F8043310BD70B56C
:10B66000436804461E680569FCF737FDEFF3118156
:10B67000402383F31288BFF36F8F2A68D37B3BB9D3
:10B68000012093732A68D0734FF48052C6F80423C4
:10B6900081F31188BFF36F8F23B12046BDE870405E
:10B6A000FCF7FCBC70BD13B501AA0446FFF7DDFE34
:10B6B000002805DB019B226819791868F1F71EF84C
:10B6C00002B010BD0129F8B50D461FD146680769C3
:10B6D0000021F0683468FFF7E6FF0823C4F800355E
:10B6E000337A8BB9B26AC4F80427C4F80857C4F88F
:10B6F0004C31D4F84C31A5623B682BB11B7C1BB19B
:10B700004FF40023C4F804330020F8BD00293FD1D2
:10B7100046683468D4F850312BB30269116859B1C6
:10B72000D4F80433C3F3C0430B7413681B7C1BB100
:10B730004FF40023C4F808330123E362D4F8243122
:10B74000002BFBD00023C4F85031D4F85021C4F8AA
:10B750002431D4F82421C4F84C31D4F84C21C4F855
:10B760001431D4F814314FF47A7543681F68D7F850
:10B77000303123B9012000F0B5FC013DF7D10023A1
:10B78000C4F80035F0680121BDE8F840FFF78BBF31
:10B790006FF08500B9E710B50446002201214FF48F
:10B7A0008270E6F787FD4FF48270E6F761FD204670
:10B7B000BDE81040F1F74CB810B504460022012155
:10B7C000C820E6F777FDC820E6F752FD2046BDE821
:10B7D0001040F1F73DB810B5044600220121C62003
:10B7E000E6F768FDC620E6F743FD2046BDE81040B9
:10B7F000F1F72EB8F8B506690546336801279C892C
:10B8000014339442A8BF1446D3E8EF2F002A03D183
:10B81000C3E8E07F0028F7D10CBF3B46002325D1C9
:10B8200033682246986804F0F6F8EFF3118040235D
:10B8300083F31288BFF36F8F6B6831681B68D3F88E
:10B8400030213AB914464A6180F31188BFF36F8FF3
:10B850002046F8BD8A68C3F83C270022C3F8404759
:10B86000C3F83021D3F830211F65EDE71C46EFE720
:10B87000002201214A20E6F71DBD10B50B6813B95F
:10B880001846136005E003685C681CB11460036827
:10B89000186810BD083303600B68013B0B60EDE7CF
:10B8A00010B5036804468BB11A7D7AB1186901F0AE
:10B8B0009FFD0121236898681B7B994003691B68E1
:10B8C000194283680CBF1B69DB689847A36933B9C9
:10B8D000636004F11000BDE81040F4F7E9BA10BD50
:10B8E00008B50069C36D8B4204D15C30FFF7D8FF07
:10B8F000002008BD4FF0FF30FBE770B54FF4FA535E
:10B900000646446C47F6122C5C4356F8203B05462D
:10B910001B6840F2E730B4FBF3F40021C8344FF465
:10B920007A720023E4FB0C01D5F778FF02460B4640
:10B930003046F4F7F1FA20B1F1F754F86FF07300E4
:10B9400070BD286BFCE7F8B50C4606690546F76D37
:10B95000FCF7A4FB14B9BB88DB0403D439462846A2
:10B9600000F0E5F8C6F88C4006F17C00BDE8F84030
:10B97000F4F79EBA37B503690546D3F8A820D3F883
:10B98000B010A2B9C9B10C46D3F8A400E0B1EAB92D
:10B990001046D3F8AC30DBB1002904BF0C46234677
:10B9A00001460094284600F0D6F803B030BD49B1F6
:10B9B00091420C4628BF1446E6E703B0BDE830408C
:10B9C000FFF7C1BF1446DFE70246E2E72246E0E7A1
:10B9D0001C46E5E70069B430F4F76ABA13B501AA6A
:10B9E0000446FFF742FD002805DB019B2268197918
:10B9F0001868F0F783FE02B010BD03460A461979B5
:10BA00000123006803FA01F103691B68194218BF9A
:10BA100082F0010212B18368DB68184783681B69F2
:10BA2000FBE7F0B504690646D4E915128B1A47689E
:10BA300085B004D1BB6805B0BDE8F0401847BD8BA8
:10BA4000E16C9D4228BF1D4621B101F06043B3F176
:10BA5000005F06D1236D3BB103F06043B3F1005F9B
:10BA600002D0082D28BF08250023A36451B111443A
:10BA700001F06043B3F1005F04D02A46386903F057
:10BA8000CAFF3969236D43B1A26D134403F06042CC
:10BA9000B2F1005F1CBF7B69A364002914BF2A4672
:10BAA0000022002B08BF0025CDE9012300910022D0
:10BAB00069462046039500F03CFE014618B17368C4
:10BAC00030469B68984705B0F0BD70B50C690E46CE
:10BAD000A16C054639B1A36D206D2A69184403F0A5
:10BAE0009AFF0023A3642969AA68A36D3046914296
:10BAF0002CBF5B189B18A365BDE87040FFF791BF92
:10BB00000847072210B503690C461B68C3F80025D7
:10BB10000B7D5BB1012104F10800FFF76EFF237D6F
:10BB200023B12069BDE8104001F062BC10BD38B5FA
:10BB300003690C461D680B7D4BB1086901F058FC88
:10BB4000237D23B1002104F10800FFF756FF0023F5
:10BB5000C5F8003538BD10B40469C4E91313019B5E
:10BB600093422CBF636562650023A3655DF8044BB7
:10BB7000FFF757BF006900F083BE0129F8B50446FE
:10BB800027D007D9023901298CBF6FF015006FF05B
:10BB90008500F8BD0569466895F828302BB1284620
:10BBA000F3F750FB002385F8283063680024DF6832
:10BBB000DD7FAC4205D301217068BDE8F840FFF796
:10BBC0000DBF57F83400FCF769FA0028E1D10134C1
:10BBD000EFE700244568EF68EE7FB44202D300210E
:10BBE0006868EAE757F83400FCF777FA0028D0D104
:10BBF0000134F2E72DE9F8430446002501274368A4
:10BC00001B6898476368DE7FDC68B54202D300207A
:10BC1000BDE8F88320682179E388D0F810E0DA07DE
:10BC200054BF43F4B01383F4D013DEF800C023F400
:10BC3000801207FA01F8DB07D0F808904CBF48EAF9
:10BC40000C032CEA0803CEF80030D9F800309847EE
:10BC500008340028DCD10135D7E708B50220EFF71A
:10BC600031FC002008BD08B5F2F780FF08BD08B51B
:10BC7000006990F83830994207D290F839303BB1DA
:10BC8000C9B2F3F76BFD002008BD6FF01500FBE7AC
:10BC90006FF00A00F8E71FB5002304690393636B94
:10BCA0008A07029301F00103C3F1410358BF43F037
:10BCB0000803204601A9019300F012FF002806DBCB
:10BCC000204600F01CFF0123002084F8393004B026
:10BCD00010BD10B504692046F3F74AFD002819DBB2
:10BCE0004FF0FF324FF0FF3304F13C00F4F714F94A
:10BCF000204600F02AFF00231A4694F8380004F189
:10BD00001001984202DC0020228710BD41F8042F68
:10BD10000133F6E76FF00D00F7E710B54FF0FF3095
:10BD20004FF0FF31F1F7F4F9044628B9C5F758FB95
:10BD3000044618B1F1F7F4F9204610BDF1F7F0F917
:10BD40002046E8F7E3FBF7E738B50B8A0D463BB131
:10BD500001F10C00FCF7C4FE012818D0022803D022
:10BD60006FF01504204638BD4FF0FF304FF0FF3123
:10BD7000F1F7CEF904460028F4D1E868D5F781FF41
:10BD80000446F1F7CDF9ACB1F1F7D0F9EAE74FF09D
:10BD9000FF304FF0FF31F1F7BBF904460028E1D145
:10BDA000E868F1F7D7FB0446F1F7BAF9002CD9D1CE
:10BDB000F1F7BCF92846E6F727FF0024D2E7F1F7B0
:10BDC00033BB10B532220021044603F04AFE202383
:10BDD00023708023A3706FF03F0363710423A37269
:10BDE0002823A3730223E3730423A3756FF048038E
:10BDF00063763F23A3766FF01303E3760F23237755
:10BE0000302384F82030402384F82130012384F843
:10BE10002230782384F82330802384F8263010BD24
:10BE200008B5F1F799FE002008BD08B5F6F7D8F877
:10BE300048B1002383F31188BFF36F8F04231846A2
:10BE400002DF6FF0040008BD0130012801D8F1F7CE
:10BE50006BBF6FF00100704708B54FF0FF314FF036
:10BE6000FF30F1F755F9DBF75FFBBDE80840F1F76C
:10BE700057B9684620F007018D4601B5D3F7AEFFEC
:10BE8000BDE8014085467047684620F007018D46B1
:10BE900001B5D3F795FFBDE8014085467047684678
:10BEA00020F007018D4601B5D4F7DCFABDE801406A
:10BEB0008546704708B5DAF745FF002008BD704792
:10BEC000012802D10020D3F72FB870477047D2F76E
:10BED0003DBE08B5D4F746FD30B1EFF30580033819
:10BEE000032894BF0020012008BD7047012070473F
:10BEF0000020704710B521F040010C29046904D1DD
:10BF0000D4F7CAFD2060002010BD6FF08500FBE76C
:10BF10008068203820F00F0020387047042809D0AE
:10BF2000052803D1481E18BF01207047431A584204
:10BF3000584170470120704738B515460C4661B12D
:10BF40005AB1FCF77BFA2146254411F8013B8342A4
:10BF500003D1A942F9D1012038BD0020FCE738B552
:10BF60000C460123114622460546FCF70FFA00282D
:10BF70000FDB012221462846FFF7DEFF18B103231D
:10BF80000020237038BD2378012B14BF0223012326
:10BF9000F6E70120F6E72DE9FF471D4606460F4666
:10BFA0009046FCF742FA6C1E044440420440102CB8
:10BFB00001D9FCF7D9FC3046FCF740FA82462A4604
:10BFC0004146684603F027FD5146621B0DEB050014
:10BFD00003F047FD23466A4639463046FCF7EBF945
:10BFE000003818BF012004B0BDE8F08707B5012371
:10BFF0008DF8042001AAFFF7CEFF03B05DF804FB23
:10C0000081680122203921F00F01FFF7EFBF82681C
:10C01000203A22F00F02FFF7A2BF13B50C46C0B2C0
:10C0200001A9E5F7A9F950B921460198F2F762F99B
:10C0300004460198FCF7A9F9204602B010BD01247E
:10C04000FAE70E2A13B5044601D9FCF78DFC0E2938
:10C05000FBD841EA02118DF80710FFF759FF0123C1
:10C0600001460DF107022046FFF795FF02B010BD13
:10C0700073B50E46694604461546F2F73BF920BBF8
:10C080009DF80030022B22D0032B0BD0012B20D1A6
:10C0900036B19DF80330032B02D12046FFF7B0FFE5
:10C0A00002B070BD002EFBD12046F2F701F960B955
:10C0B00035B9A91C00222046C9B2FFF7C2FFEFE73D
:10C0C0002046FFF79DFF0028F3D00120E8E7F01C91
:10C0D000E6E7FCF749FC01460020F2F7EFB903461A
:10C0E0000020184701F084B9024610B5116891B1DB
:10C0F000B1FA81F3C3F11F000123834021EA030356
:10C10000D2E8EF4F8C4204D1C2E8EC3FBCF1000F03
:10C11000F6D1EBD110BD6FF00B00FBE710B5036853
:10C12000CB40DB0710D401238B40026843EA0201B5
:10C13000D0E8EF4F944204D1C0E8EC1FBCF1000FEF
:10C14000F6D1F2D1002010BD6FF01500FBE7F7B576
:10C150001646DDE90847019001A81D46F2F79EFA50
:10C16000019BB6F1000C18BF4FF0010C00EB8300EF
:10C170000B1E18BF0123002D43EA4C030CBF4FF0E8
:10C18000000C4FF00C0C002C43EA0C030CBF4FF0DA
:10C19000000C4FF4706C002F43EA0C030CBF4FF0FF
:10C1A000000C4FF4403CD0F8802043EA0C0322EA14
:10C1B000030301B109780EB13678760019430DB149
:10C1C0002D78AD0031430CB12478240229430FB1FE
:10C1D0003F783F040C433C43C0F8804003B0F0BDBF
:10C1E0001FB50DF10F03019300238DF80F101A46B0
:10C1F00019460093FFF7ABFF05B05DF804FB10B5DF
:10C2000004460846F2F75AFA04EB4004207DC0F3D6
:10C21000401010BD10B504460846F2F74FFA04EB83
:10C220004004207DC0F3400010BD10B50446084610
:10C23000F2F744FA04EB4004A08A400B10BD70B53D
:10C24000044608461646F2F739FA083034F810303A
:10C250000D46DA0509D5C3F3432304EBC302314687
:10C26000284654F8333052689847A3682BB13146BA
:10C270002846E268BDE87040184770BD10B5044616
:10C280000846F2F71BFA04EB4000838ADA051DD555
:10C29000C3F3432123F4F853838204F1120204F11F
:10C2A000580032F8023F13F4807F03D0C3F34323D6
:10C2B00099420BD08242F4D1002204EBC1035A60B0
:10C2C00004F16000BDE81040FFF728BF10BDF0B5D5
:10C2D0000446002001270546844695420AD1D4F839
:10C2E000443133B10023C4F84431D4F8443140F42C
:10C2F0000030F0BDEBB29B0003F580769B0807FA97
:10C3000003F3194208D054F806E0BEF1000F03D041
:10C3100044F806C0A65918430135DEE738B504468F
:10C320000D46FFF76CFFA8B12046FFF773FF88B9F1
:10C330002046FFF77AFF012322688340C2F81833B2
:10C34000236803EB8000D0F8103523F00303C0F816
:10C35000103538BD2846BDE838400021FFF740BF02
:10C360002DE9F0431746044685B00846F2F7A6F9D2
:10C37000D7F800800E460546B8F1000F1ED02046C3
:10C38000FFF748FF18B12046FFF739FF20BB002315
:10C390000DF10F02CDE900338DF80E308DF80F301E
:10C3A000304643460DF10E01FFF7D1FE04EB450286
:10C3B000938A23F0020343F0010393827B689BB3CB
:10C3C0003146204693F80080D3F80490FFF722FF0F
:10C3D00028B1B9F1000F1FD06FF0150027E004EB72
:10C3E0004500838A23F4604323F020038382B9F15C
:10C3F000000F11D0B8F1030FEED87B6821685B689D
:10C4000093F800C04FEA8C031944B8F1000F11D122
:10C41000C1F81085C1F8108504EB4502938A23F01A
:10C420001C0343EA88039382BB684BBB002005B022
:10C43000BDE8F083D1F8102522F00302C1F81025E1
:10C4400022681344D3F8102522F4473222F47C7278
:10C45000C3F8102541F6F072D3F8101502EA06125F
:10C4600042EA08420A43C3F8102504EB4C03A3F840
:10C470006460838A43EA4C3343F020038382CBE732
:10C480003146D3E900782046FFF7F8FE002FCDD0E3
:10C4900063689F4206D004F16000FFF725FE002884
:10C4A00004DAC4E7A3689845F5D1002004EBC00383
:10C4B000C3E9017804EB4505AB8AC0B243EA4023E7
:10C4C00043F48073AB82B1E7C0E90312704770B5E3
:10C4D00004461546FFF793FE48B10846F2F7EEF81A
:10C4E00004EB40040020A38A5B0B2B7070BD6FF03F
:10C4F0001500FBE790F87400003818BF0120704762
:10C50000F2F712B92DE9F34104461746FFF777FE1B
:10C510000D462668F0B12046FFF77CFE8046C8B97C
:10C520002046FFF782FE820002F5807346F8038002
:10C53000F35823681344D3F8102542F00102C3F8DE
:10C54000102527B1012322688340C2F8143302B0BA
:10C55000BDE8F081D6F8143328469B035CBF4FF446
:10C560000033C6F81433F2F7A9F804EB4004A38AA9
:10C57000C3F38203042B11D0052B11D001A8019520
:10C58000F2F78CF8019BC168D94001F0010102313A
:10C59000284602B0BDE8F041FFF722BE0321F7E7CD
:10C5A0000221F5E7FFF7BABEC9B2F2F7E5BC30B534
:10C5B0000124054690084038844014EA010009D05F
:10C5C000A85838B10021A950AA5813B11A682243BB
:10C5D0001A60012030BD00232DE9F34104460D46C9
:10C5E0000193904601AB4FF48072FFF7E0FF4FF4E8
:10C5F000827229462046FFF7DAFF4FF4847207461D
:10C6000029462046FFF7D3FF064630B1B8F1000FA8
:10C610001DD017B13E46D4F80C374FF4A672294608
:10C62000204601ABFFF7C3FF30B1B8F1000F03D0D4
:10C6300016B90FB1D4F80C374FF4B472294620461E
:10C6400001ABFFF7B4FF019802B0BDE8F0814646A8
:10C65000E3E707B5019001A8F2F79AFC0123019ADC
:10C660009340436003B05DF804FB07B5019001A857
:10C67000F2F78EFC0123019A9340836003B05DF8CA
:10C6800004FB70B54B7F04460D467BB10123642645
:10C690004360002202212046FFF79DFF20B90120C0
:10C6A000FFF720FD013EF4D100236B770023C4F88F
:10C6B000003570BDF8B51E4690F8203004460D4692
:10C6C000174693B919B14969F2F772FC80B1C4E910
:10C6D00001761DB129462046F2F7B0FC0020012367
:10C6E00084F8210084F82030F8BD6FF07700FBE774
:10C6F0006FF01500F8E770B590F8203005460E464B
:10C7000073B190F8213003F0FF0463B94969F2F77F
:10C710004FFC58B128463146F2F790FC204670BDD8
:10C720006FF07600FBE76FF00F00F8E76FF0150091
:10C73000F5E7F0B590F8213005460E46174685B06E
:10C74000002B40F09A8043682BB112F0140F04BF05
:10C75000012380F8213005F1100496E80F0084E8E9
:10C760000F00686A431C05D095F822309C0717D546
:10C77000FFF76FFF33682C6823B103F06043B3F118
:10C78000005F06D1B36873B103F06043B3F1005F9B
:10C7900009D000236FF00C0085F8213005B0F0BD02
:10C7A000FFF763FFE6E717F0010318BF0123C4F8A2
:10C7B0004C3717F0020318BF0123C4F81437D6E929
:10C7C00000C1D6E902230026C4F83CC7C4F84017CC
:10C7D000C4F80427C4F80837C4F80861D4F808017D
:10C7E0000720C4F8000595F8220040070BD58220E9
:10C7F000C4F8840C686830B1C4F80061D4F8000152
:10C800000120C4F8040317F0080612D14FF0010EFE
:10C810006868C4F800E060B9D4F808010028FBD0CB
:10C82000CDE900C1CDE9022304216A462046FFF785
:10C83000D2FE6B68C3B995F82220510748BFC4F8EF
:10C84000843C686A421C05D095F822309B0708D5C5
:10C85000FFF70BFF1EB92046291DFFF712FF00202E
:10C860009CE7FFF7F6FEF5E7042317F0040F14BF6B
:10C87000C4F80833C4F80433F1E76FF00F008DE714
:10C88000011D0068FFF7FDBE70B590F82230044628
:10C890000568580710D5D5F80433D9070CD5D5F855
:10C8A00000314BB10023C5F80031D5F80021C5F89F
:10C8B000843C0123C5F808330421284604F1100202
:10C8C000FFF789FED8B1606A421C05D094F8223087
:10C8D0009B0711D5FFF7C9FE94F821301BB12846FC
:10C8E000211DFFF7CEFE2046002300F80C3FD4E9BF
:10C8F0000131BDE870401847FFF7ABFEECE770BDB3
:10C9000091F820200346032A29D8DFE802F02125E8
:10C9100019028A68500504D5D3F844270869904263
:10C9200007D18A6852051AD4D3F8442789699142FD
:10C9300015D000200622C3F80005C3F80025704773
:10C94000D3F8442708699042F3D1D3F80C27EDE7D8
:10C95000D3F844270969EAE7D3F80C27FAE701205E
:10C96000704730B501249508403DAC400C4208D0DA
:10C97000815831B100218150825813B11A68224385
:10C980001A6030BD002313B50C4601934FF4947226
:10C9900001ABFFF7E6FF21464FF48272FFF7E1FF9C
:10C9A00021464FF48A72FFF7DCFF21464FF4B6723E
:10C9B000FFF7D7FF21464FF4A872FFF7D2FF2146B9
:10C9C0004FF49C72FFF7CDFF4FF49A722146FFF7A8
:10C9D000C8FF019802B010BD10B4CC7B8A68036810
:10C9E0002CB9D1E90041C3F80046C3F80416C3F8D6
:10C9F0002425436833B100685DF8044BC0F3083068
:10CA0000E5F736BC5DF8044B704738B50D4690F835
:10CA100026100446C9B9C160C0E9012380F8291075
:10CA200080F8281065B1AB7B80F82B302846F2F7F0
:10CA300041FC6B7B2946204684F82A30FFF7CCFF67
:10CA40000123002084F8263038BD6FF07700FBE723
:10CA500006220368C3F80025022380F826307047B9
:10CA600070B504460D46D1E900614FF47A72002397
:10CA7000C803490CD4F7D2FE2368C3F80C65C3F889
:10CA800004052B6803F04002C3F380132374A368EA
:10CA9000B3B1002A4FF0000314BF03250125246819
:10CAA000012DC4F80031D4F80021C4F308301CBFB4
:10CAB000C4F80431D4F80431E5F7DAFBC4F80453C0
:10CAC00070BD38B5C0E90223437933B901234371FE
:10CAD00009B1FFF7C5FF002038BD6FF07700FBE715
:10CAE00008B543792BB1022B06D0FFF7B9FF002020
:10CAF00008BD6FF07600FBE76FF00F00F8E701224A
:10CB000003681A6002234371704710B5EFF3118474
:10CB1000402383F31288BFF36F8F0379072B11D85B
:10CB20000B7001330371012302680978D2F80805FC
:10CB30008B4003430020C2F8083584F31188BFF30B
:10CB40006F8F10BD6FF00B00F7E770B5EFF3118535
:10CB5000402383F31288BFF36F8F002201260179EF
:10CB6000D3B2994206D80023037185F31188BFF32D
:10CB70006F8F70BD046806FA03F3D4F8081501320C
:10CB800021EA0303C4F80835E9E770B503680446F1
:10CB9000D3F80414D3F800512DB100220125C3F8B5
:10CBA0000021D3F80021D3F80421BAB10022C3F840
:10CBB0000421D3F804313DB10325D4E902324FF406
:10CBC00080709847AB070BD5012363710021D4E92E
:10CBD0000232BDE870404FF482701847002DECD14E
:10CBE00070BD07B5019001A8F2F7D6FD0123019AA7
:10CBF0009340436003B05DF804FB30B5026A03461E
:10CC0000D2E9014084424FF0000002D30123D360F7
:10CC100030BD18745068242501305060186A42688D
:10CC2000541E0268184605FB04225C1950F8045B88
:10CC3000A04242F8045BF9D101209960E8E7F0B521
:10CC4000064604468BB001AD0F4694460FCE0FC585
:10CC50000FCE0FC5216A33684A682B6022B90223C0
:10CC6000CB6000200BB0F0BDFB072068A56813D592
:10CC700024260B68013A06FB02337E0703D41A7C94
:10CC80000AB10F23ECE7224603F1240153F8046BA9
:10CC90008B4242F8046BF9D1B90741BF226A53684D
:10CCA00003F1FF335360AC4505D2236A002BD8D083
:10CCB0000422DA60D5E77A0748BF20603B0701D439
:10CCC0000120CFE7143406AB93E8070084E807009F
:10CCD000F6E710B502601A44029B012983604FF009
:10CCE0000003C26003740375836101D8036210BD41
:10CCF00024224A43243A841804628350026A8C1E18
:10CD00009460026A02295360026AD360026A137453
:10CD1000026A53741EBF036A24301860E7E71828BC
:10CD200071F100030ED3B0F5807F71F100030BD3D6
:10CD3000B0F5803F71F1000308D3002914BF09202A
:10CD4000052070470120704702207047032070477C
:10CD500037B50024002508290A46CDE900450AD840
:10CD60000146684602F057FEDDE9000103B0BDE868
:10CD70003040FFF7D4BF002003B030BD0346002091
:10CD8000884200D170471A5C002AFBD00130F7E7D7
:10CD900000B1C160704743680360836801338360FA
:10CDA000006AFFF7F5BF08B50268C3689A4205D369
:10CDB000006A0821FFF7ECFF002008BD0120FCE716
:10CDC00038B504460D46FFF7EEFF40B123681B78E7
:10CDD000B5EB531F04D00A21206AFFF7D9FF0020CA
:10CDE00038BD10B50446FFF7DEFF38B123681A7866
:10CDF000FF2A05D00A21206AFFF7CAFF002010BDD4
:10CE000001332360FBE710B5027D044632B1FFF722
:10CE1000E8FF48B100234FF0FF3223752046BDE8FC
:10CE200010400721FFF70BBF10BD2DE9F84F044656
:10CE30000E4691461D46FFF7B6FF804628B1A3680F
:10CE400043B90321206AFFF7A3FF4FF000084046D3
:10CE5000BDE8F88F2268177807F01F0BBBF11F0F92
:10CE600012D1FDB1206A18B1037C0BB11521EAE79C
:10CE700001232B7000252368013563602B44236058
:10CE8000A368013BA360E2E7BBF1170F0CD9ABF13C
:10CE90001803D9B2032905D801259D40A94504D21C
:10CEA0000521CFE70721CDE70025E36805F1010A59
:10CEB0005244934201D20821C4E74A460021304639
:10CEC00002F0CFFD15B986F800B0D3E72268711ED5
:10CED000531913F80109934201F8010FF9D1236A9C
:10CEE000002BC8D01B7C002BC5D00737FFB2022F08
:10CEF000C1D949463046FFF72BFF8245BBD01521EB
:10CF0000A0E738B50C4611460546FFF759FF08B9AA
:10CF1000002038BD042200232846A118FFF785FF12
:10CF20000028F5D02B682360F3E7002337B50446CB
:10CF30008DF80330FFF744FFA8B1042220460DF11D
:10CF400003030DEB0201FFF770FF60B19DF8035082
:10CF500065B901992046FFF750FE50B96368236018
:10CF6000A3680133A360002003B030BD6FF00F0150
:10CF7000F0E72575F8E738B504460D46FFF7C1FF21
:10CF800048B12268E3689B1A6A689A4204D908216A
:10CF90002046FFF700FF002038BD70B50D46002188
:10CFA00004461646FFF70CFF38B1324629462046A4
:10CFB000BDE870400023FFF738BF70BD0422FFF7C3
:10CFC000ECBFFFF7FBBF38B5022204460D46FFF762
:10CFD000D2FF18B123686A681344236038BD38B59E
:10CFE000032204460D46FFF7C6FF18B123686A689E
:10CFF0001344236038BD10B505210446FFF795FFA3
:10D0000050B1237D4BB96FF00042A368934205D322
:10D0100005212046FFF7BFFE002010BD5B00A36086
:10D02000FBE7037D23B98068B0FA80F040097047C0
:10D030000368C268934205D21878A0F1FF035842F2
:10D040005841704700207047FFF7DDBE70B50D46B0
:10D0500007210446FFF7B4FE48B123681E7806F0A6
:10D060001F06182E05D90A21206AFFF791FE00201D
:10D0700070BD0023012229462046FFF7D6FE002876
:10D08000F5D0182EF4D12B781F2BF1D8152120467E
:10D09000FFF781FEEBE737B50C460DF107010546BA
:10D0A000FFF7D4FF58B19DF80730143BDBB2012BDA
:10D0B0008DF8073006D90A212846FFF76CFE0020BC
:10D0C00003B030BD03F001032370F9E738B50D4616
:10D0D00006210446FFF774FE08B9002038BD00237E
:10D0E000042229462046FFF7A0FE0028F5D0A368B9
:10D0F0000133A360F2E7F0B58FB00446FFF753FEAB
:10D1000000285DD0236800221D780023CDE902238A
:10D1100023466D0905AA04F12007164618685968C8
:10D12000083303C6BB423246F7D118683060062D7B
:10D130001CD02A1F0023012A4FF008028DF804306A
:10D140000DEB020198BF01AB05A8FFF76EFE064686
:10D15000002835D0042D3BD019D8023D012D21D90E
:10D16000059B2360A368013BA3602AE001A905A8F1
:10D17000FFF7ACFF20B3059B089A934204D3082124
:10D18000206AFFF705FE1BE01D786D09CFE7052D2E
:10D19000E6D1DDE90232B3F1004F72F1000113D3A1
:10D1A0002946EDE7E3682168029A5B1A9A4203D8A0
:10D1B000059B13440593D3E708212046FFF7EBFDB9
:10D1C000002630460FB0F0BDDB185241CDE90232E7
:10D1D0009DF8045025B16FF00F020023CDE9022322
:10D1E000029B8DF82850079305A8FFF71AFF014608
:10D1F00038B1002DB4D005A8FFF7F3FD0028AFD15A
:10D20000DEE705A8FFF777FF0028EDD1D8E7FFF7A5
:10D2100060BD00B1C160704710B50368C468A34227
:10D2200005D3006A0821FFF7F4FF002010BD02F0CB
:10D230001F0242EA411119700368013303600120A3
:10D24000F4E770B505460E46104619461446FFF73A
:10D250007FFD22463146431E2846BDE87040F2F766
:10D2600015BBF8B51746C368026804469A420D46D6
:10D2700006D30821206AFFF7CCFF00263046F8BD10
:10D280009B1A4A689A42F4D80E4656F8043B53B1AA
:10D2900004213046FFF75CFD6A6823681344E268A6
:10D2A00003449A42E5D33246042339462046FFF729
:10D2B000C8FF06460028E0D020682968884202D0CE
:10D2C0006A6802F0B5FB23686A6813442360D5E7F7
:10D2D000082A73B513460C4606D9006A0521FFF7E4
:10D2E00098FF002002B070BD8E1816F9012C002A9C
:10D2F0000FDA0A466C466946B24204D10121224641
:10D30000FFF79FFFEEE712F8015BED4301F8015BC9
:10D31000F2E70021F3E713460A460021FFF791BF29
:10D3200007B5042201910DEB0201FFF7D1FF03B015
:10D330005DF804FB07B5042201910DEB0201FFF734
:10D34000EAFF03B05DF804FBFFF7F4BF0222FFF72A
:10D3500088BF0322FFF785BF07B5CDE900126946F4
:10D36000FFF7F7FF03B05DF804FB38B50C46054640
:10D3700011462046FFF702FD214602462846BDE839
:10D380003840FFF7E9BF1F220421FFF745BF1F22E6
:10D390000521FFF741BF1F220721FFF73DBFFFF720
:10D3A000FABF10B50A4609781839072905D9BDE82A
:10D3B000104001230721FFF744BF1521006AFFF742
:10D3C00028FF002010BD07B514318DF807100DF1AE
:10D3D0000701FFF7E6FF03B05DF804FB1FB500246B
:10D3E000CDE90144069C0094FFF773FC04B010BD26
:10D3F00008B1E5F7C7BC704738B5436905465BB966
:10D400000024EA68537843F00103537014B92846A6
:10D41000FAF7A8FF604238BD98470028F0D080EAAC
:10D42000E074A4EBE074FF2CA8BFFF24EB681C7031
:10D43000E7E740B1C368587810F001001EBF1878C4
:10D44000B0FA80F040097047EFF31183402383F373
:10D450001288BFF36F8FFEE710B400F10C04C0E92F
:10D4600003445DF8044BF9F79FBC38B50446EFF36D
:10D470001185402383F31288BFF36F8FE2F762F8C0
:10D4800004F10C0000F019FB30B1294604F114003E
:10D49000BDE8384000F0F7BA85F31188BFF36F8F0D
:10D4A00038BD10B542696AB1836842EA0301890751
:10D4B00008D10169A2FB011424B95B182CBF01211A
:10D4C000002102D36FF0150005E0C1609B1A0269CC
:10D4D0008A4201D8002010BDC26801311A60426939
:10D4E000C3609B1AF3E72DE9F04105460F46EFF3C1
:10D4F0001188402383F31288BFF36F8FC668FEB98B
:10D500000468A0421CD0DCB1D4E9003213605A6038
:10D51000237CC4E9006623F002032374A66004F1AF
:10D52000180000F090FB2046C4F88060676100F0AE
:10D5300050FA414605F10800BDE8F04100F0A3BAF9
:10D540003E60AB69EF60013BAB6188F31188BFF3CC
:10D550006F8FBDE8F081402408B5EFF3118384F3A9
:10D560001288BFF36F8FFBF7C1F9F6E790F90E3021
:10D570008B4201D0F3F7C2B8002070470346002069
:10D58000C3E90033C3E902007047D0E900321360F9
:10D590005A600023027CC0E9003322F002020274C8
:10D5A000836070472DE9F843904604460D469DF888
:10D5B0002020EFF31187402181F31288BFF36F8F92
:10D5C00002B14568A66804F10809B14516D0AEB1AC
:10D5D00000243046FFF7D9FF06F1180000F033FBB6
:10D5E0003046C6F88040C6F8148000F0F2F948468C
:10D5F000394600F048FA2046BDE8F883A3B1082078
:10D60000F3F75AFD002832D00122C0F804800260EE
:10D61000016801F003015DB922680A430260626893
:10D6200020606AB960600BE04046C8F80030EFE760
:10D630002A68032A10D80160616839B9C4E900007A
:10D64000002087F31188BFF36F8FD5E70A6802F0D7
:10D65000030202430A60E5E722F003020A43026084
:10D660002A6802F0030240EA02032B60E8E76FF049
:10D670000B00E6E710B5044630B10268930703D00B
:10D68000446809B100F0FAFB204610BD0023C0E950
:10D69000003300F10803C0E902337047012307B5E6
:10D6A000009300230A461946FFF77CFF03B05DF89C
:10D6B00004FB002307B50A4600931946FFF772FFE3
:10D6C00003B05DF804FB00210068FFF7D3BF3AB157
:10D6D0008A4205D3C0E90212C0E900000020704769
:10D6E0006FF015007047012302688B4022EA0303A4
:10D6F000036022FA01F000F001007047704710B596
:10D70000032104460C30FFF7EEFF30B104F11000A6
:10D7100000F099FAB0FA80F0400910BD20B1002263
:10D72000D430114600F021BA704770B5C368044682
:10D73000C3F340069B0716D4856802210C30FFF71F
:10D74000D2FF80B1D5F8CC206AB194421DD12268B5
:10D750009EB9D5F8D030C5F8CC209C4201D1C5F88F
:10D76000D02000232360E36813F01F001EBF43F0A6
:10D770000203E36040F0020070BD3260D5F8D020B3
:10D78000944208BFC5F8D060EBE716461268DBE7A5
:10D7900073B50446EFF31185402383F31288BFF37A
:10D7A0006F8F00230193D0E90423B3F1004F08BF2A
:10D7B000012A05D085F31188BFF36F8F02B070BDC9
:10D7C000A0F1100603210438FFF78DFF0028F1D0E7
:10D7D000A369304601A90193F2F7E0FCEAE738B506
:10D7E00004460D461022002102F03BF9656038BD69
:10D7F000EFF31183402282F31288BFF36F8FC0686A
:10D8000000F01F0083F31188BFF36F8F704713B5CB
:10D8100001900846EFF31184402383F31288BFF38D
:10D820006F8F01A9F2F7BAFC84F31188BFF36F8FF1
:10D8300002B010BD10B5FFF7EAFF041E08DDEFF3DC
:10D840001180402383F31288BFF36F8FF2F7C2FF7A
:10D85000204610BD70B50D46EFF31186402383F3CB
:10D860001288BFF36F8FF2F7EBFC044686F3118842
:10D87000BFF36F8F38B14FF0FF324FF0FF3305F138
:10D880001000F2F749FB204670BD10B5EFF311848C
:10D89000402383F31288BFF36F8FFFF746FF84F3B3
:10D8A0001188BFF36F8F10BD08B5E822002102F088
:10D8B000D8F808BD38B530220D460021044602F0E4
:10D8C000D0F84FF480736560E36038BDFFF790BF18
:10D8D00038B50446EFF31185402383F31288BFF374
:10D8E0006F8FFFF70CFF2046FFF71FFF85F31188AE
:10D8F000BFF36F8F38BDF8B504460D46EFF31187BF
:10D90000402383F31288BFF36F8FC36803F01F03B4
:10D91000002B14BF0126002609D0FFF7F0FE204699
:10D92000FFF703FF29462046F2F71AFC034687F368
:10D930001188BFF36F8F3BB14FF0FF324FF0FF33D1
:10D9400005F10800F2F7E8FA3046F8BDEFF305807C
:10D95000003818BF012070476FF057007047002053
:10D960007047D0E9003213605A600023C0E90033E9
:10D97000704708B5FFF7F5FF037C23F0020303743B
:10D980000023836008BD38B504460D46F2F712FE49
:10D99000237C43F002032374D5B1A5602B689D421C
:10D9A00009D16B68C4E900531C606C6010E06A68C0
:10D9B0009A42F6D01B68002BF3D093F90E1094F91D
:10D9C0000E209142F3DD5A68C4E9003214605C60B5
:10D9D00038BD10B5EFF31184402383F31288BFF3F1
:10D9E0006F8FF2F7A7FD84F31188BFF36F8F10BD1F
:10D9F00008B5EFF31181402282F31288BFF36F8FD5
:10DA000083680BB1FFF7B5FF81F31188BFF36F8F08
:10DA100008BD08B5037C014613F0280F0CD18368BC
:10DA20000BB1FFF7A6FF0B7C084623F004030B7431
:10DA3000BDE80840F2F77EBD08BD10B5EFF31184D4
:10DA4000402383F31288BFF36F8F1838FFF7E1FF8D
:10DA500084F31188BFF36F8F10BD08B50346EFF351
:10DA60001181402282F31288BFF36F8F00688342D6
:10DA700007D008B1FFF77DFF81F31188BFF36F8FE7
:10DA800008BD0020F8E70846F2F7CCBD38B50546DA
:10DA900004680020AC4200D138BD002CFCD02046E8
:10DAA000FFF767FF04F1180000F0CDF82046F2F709
:10DAB00041FD2C680120A542EDE710B5EFF311847C
:10DAC000402383F31288BFF36F8FFFF7DFFF84F3E8
:10DAD0001188BFF36F8F10BD70B506460D46F2F783
:10DAE00015FFB5F1FF3F08BFB6F1FF3F04460CD06C
:10DAF00047F6112000214FF47A7547F612220023D1
:10DB0000E4FB0501D3F78AFE70BD4FF0FF30FBE761
:10DB100008B5C3171F3043F10003400940EAC36052
:10DB2000C117F2F7F3FE400108BD38B50446EFF324
:10DB30001185402383F31288BFF36F8F037C5B074B
:10DB40000ED5183000F07FF8237C204623F0040324
:10DB50002374F2F7EFFC2846BDE83840F2F762BDC7
:10DB600085F31188BFF36F8F38BD38B5EFF311859A
:10DB7000402383F31288BFF36F8F0468A04213D051
:10DB8000A4B1C4F8801062612046FFF7F2FE04F1F0
:10DB9000180000F058F82046F2F7CCFC012085F37D
:10DBA0001188BFF36F8F38BD0020F8E72046F6E7F5
:10DBB0002DE9F04706460F4691469A46EFF3118845
:10DBC000402383F31288BFF36F8F0068864206D02C
:10DBD00028B1736898420CBF0025056868B9002415
:10DBE000B9F1000F02D051462046C84788F311888A
:10DBF000BFF36F8F2046BDE8F0875146B847044613
:10DC00000028EDD135B17368AB4200D02C682846AE
:10DC10002546E3E72C46FAE708B50246F2F7E8FFA7
:10DC200070B1D0E904319B1A61EBE272B3F1004F9D
:10DC300072F1000104DA002AACBF1846002008BDCA
:10DC40006FF00040FBE7024638B5EFF31185402343
:10DC500083F31288BFF36F8F0368D3B1F2F7C8FF65
:10DC600004461046F2F7D6FF00224FF000438442EC
:10DC7000C0E9042305D0002085F31188BFF36F8F1E
:10DC800038BDF2F7BDFFFFF7C7FF0021EFF784F9BA
:10DC9000F1E7D0E90413B3F1004F08BF012902BF37
:10DCA00000204FF00041C2E904016FF01500E3E7E6
:10DCB00008B5F3F7B3F808BDF3F7B0B8B3F1FF3F19
:10DCC00008BFB2F1FF3F70B506461D46144614D09A
:10DCD0001A4316D0002B08DBF3F7A0F8041941EB28
:10DCE0000501C6E90041304670BD6FF001031C1B01
:10DCF0004FF0FF3363EB0501F3E74FF0FF342146AC
:10DD0000EFE70024FBE7B3F1FF3F08BFB2F1FF3FAD
:10DD1000F8B5074616461C4610D054EA020311D047
:10DD2000F3F77CF8B0420A46A14103460AD2F31A3F
:10DD300064EB0204C7E900343846F8BD4FF0FF3306
:10DD40001C46F7E70023FBE70023C0E9081200F1B7
:10DD50001802C0E90622C0E9003303634363704739
:10DD60002DE9F3470446DDE90A9815460E4659B3F6
:10DD700002F0010AF2F706FE0746EFF31181402395
:10DD800083F31288BFF36F8FA80744BF0023A360FB
:10DD9000A36803EA0600BAF1000F0CD086420CD14A
:10DDA0006A0744BF8343A36081F31188BFF36F8F79
:10DDB00002B0BDE8F0870028F2D159EA080305D186
:10DDC00081F31188BFF36F8F0020F1E7C7E9186571
:10DDD0002246CDE9009804F10C00F2F76DFC002812
:10DDE000F2D1386EE4E710B50B680446D0E91802AA
:10DDF00012F0010F03EA000301D0984211D183B160
:10DE00002366520748BF4A6804F1180044BF1A430A
:10DE10004A60FFF718FF00232046C4F88030FFF760
:10DE2000F8FD002010BD0023C0E9000083607047AA
:10DE30000A46F3F7F9B84FF0FF32F3F7F5B80A46A0
:10DE40000021F3F7F1B85200FFF78ABF043270B532
:10DE500004460ED2EFF31185402686F31288BFF3F5
:10DE60006F8F41F00401984785F31188BFF36F8FDE
:10DE700008B9002070BD40F8044BFBE720B1011F3A
:10DE800050F8040CFFF7F1BA70477047FFF776BB04
:10DE90004FF0FF324FF0FF33F1F716BFF1F786BFB7
:10DEA00000207047704710B5044608B1F3F7AEFA8A
:10DEB0002046BDE81040F3F799BA00F4E040B0F511
:10DEC000805F04D0A0F500535842584170470120AC
:10DED00070470346C068F8B15888E8B11B8803F45E
:10DEE0004F42B2F5824F02D0B2F5884F09D1DBB272
:10DEF000272B2AD008D8172B0FD0222B34D0122B47
:10DF000016D06FF085007047302B2FD0413B012B8E
:10DF1000F7D8FF2839D100207047C028FBD0E1286E
:10DF2000F9D0B0F5807F14BF6FF0860000207047F5
:10DF300020F02003C02BEED020F08003B3F5807FCB
:10DF4000E9D040F209239842EDE7E928E3D0EF2831
:10DF5000E1D040F21B139842DDD040F29913984271
:10DF6000D9D040F23B23EEE7E928F1E720F0200387
:10DF7000C02BD0D020F04003B3F5807FCBD0B0F5DC
:10DF8000C07FC8D0B0F5007FCDE7B0F5E07FCAE72D
:10DF90003AB1002918BF00232121D21A184401F0F8
:10DFA00060BD704741F2062398421AD8B0F5905FE1
:10DFB00009D241F2010398420CD0B0F5885F09D034
:10DFC0006FF0850070476923A0F5905080B2C34080
:10DFD000DB07F5D511F0070F14BF6FF086000020A6
:10DFE0007047B0F5105FEBD121F04003802B06D0D5
:10DFF000B1F5807F14BF6FF08600002070470020CD
:10E00000704770B5446A05460E463CB90120F3F7E7
:10E01000E7F9686228B12046AE6270BD6FF08A00F1
:10E02000FBE76FF08C00F8E7F8B504460F461E4694
:10E030001546008892B1FFF740FF78B1089BD100E8
:10E0400019602088FFF7AEFF044628B939463046EC
:10E0500001F0E1FC079B1D602046F8BD6FF08504D0
:10E06000FAE710B50446406A10B1A16AFFF71BFF3A
:10E070000020C4E9090010BD38B50446FFF7F1FFE0
:10E08000237F012B0FD0023B012B0FD8236A012BDA
:10E0900014BF6FF0960500252C220021204601F0C8
:10E0A000E0FC284638BD236A002BF1E76FF09605A7
:10E0B000F2E710B50368044643B100F062FA0023AA
:10E0C0002360A3886FF30803A38010BD1846FCE704
:10E0D0002DE9FF41984600230C4601680546164687
:10E0E0000393002939D14FF40172083001F0B9FCD3
:10E0F000B8F1000F204633460CBF4FF400624FF4D6
:10E10000806203A9F3F7F4FB0446B8B9039F3046D5
:10E1100039882A1DF3F768FC044678B96B793946CB
:10E1200068F300036B71D7E9092328460096B8F11C
:10E13000000F0FD0F4F74EFA044610B12846FFF74F
:10E14000B8FF0398F4F73AF9002C18BF204604B042
:10E15000BDE8F081F4F762FAEEE76FF08804EDE7CE
:10E160000123FFF7B5BF38B50368054614464BB128
:10E1700032B100F0EFF9044610B12846FFF799FFDD
:10E18000204638BD6FF08804FAE72DE9F0411646C5
:10E19000026805460F469846F2B14279D2071BD570
:10E1A0000279CAB1B2421AD800F0DDF9044618B1BA
:10E1B0000023C8F800602B7137B13246214638463B
:10E1C000D8F80030FFF7E4FE2846FFF772FF002C76
:10E1D00018BF2046BDE8F0816FF08804E8E76FF0D3
:10E1E0008904E5E72DE9F04F4FF0000A8DB0DDF826
:10E1F00070B00446DDE91A970846CBF800A00D463A
:10E2000090461E46F3F79EFA90BB20462B464FF4ED
:10E2100080720BA9F3F76CFB044628BB31462846F5
:10E22000F3F77EFA0446E0B9199BCDE9077B059325
:10E23000189B0B980493179BCDF818900393169B8B
:10E24000CDF80080CDE901632B46D0E90912F4F73F
:10E2500063F9044628B127B13A465146484601F0D1
:10E2600000FC0B98F4F7AAF820460DB0BDE8F08F3B
:10E270006FF08604F8E72DE9F04F4FF0000A8DB0FB
:10E28000DDF870B00446DDE91A970846CBF800A027
:10E290000D4690461E46F3F755FA90BB20462B4696
:10E2A0004FF400720BA9F3F723FB044628BB314659
:10E2B0002846F3F735FA0446E0B9199BCDE9077B08
:10E2C0000593189B0B980493179BCDF81890039314
:10E2D000169BCDF80080CDE901632B46D0E90912E9
:10E2E000F4F744F9044628B127B13A465146484666
:10E2F00001F0B7FB0B98F4F761F820460DB0BDE8CC
:10E30000F08F6FF08604F8E738B54468054614B11D
:10E3100000F06DF9044628464FF45E71F3F776F885
:10E32000204638BDF8B5C368044693420F461646EA
:10E3300011D300F053F9E36805469B1BE36040B13D
:10E340002046FFF7E1FF27B132462121384601F090
:10E3500088FB2846F8BD00F04AF900236FF08E05CF
:10E36000E360F0E700232DE9F04F89B013600593D7
:10E37000438806460F469046002B7BD04FF0FF3176
:10E380003846F3F71FFA044600286CD197F8089036
:10E3900009F00309B9F1010F6FD1304605A9F3F770
:10E3A00085FB044668B97288059DD61DF60806925D
:10E3B0000796288800F4E043B3F5804F05D16FF04D
:10E3C00086040598F3F7C4FB4DE0FFF776FD10B91E
:10E3D0006FF08504F5E75307F1D148463146F2F76F
:10E3E000FFFF814610B96FF08C04EAE7069B6B8053
:10E3F0006B681B0A23D128460799FFF702FE0446E3
:10E4000020BB0DF1180A05F1280B32464946384663
:10E41000FFF788FF0446C8B9CDE901BAAB6A3246B6
:10E4200000936B6A49462846F4F712F86A88069BFF
:10E4300004469A421BD110F18F0FE6D006E0284621
:10E4400007A9F3F7EBFF04460028D4D0314648462D
:10E45000FFF729FD002CB4D141460598F3F704FAE3
:10E4600004460028ADD1204609B0BDE8F08F6FF01A
:10E470008604EBE76FF08604F5E76FF08404F2E7BB
:10E4800007B5009313460022F3F77AFC03B05DF85A
:10E4900004FB7FB50546104600220E466B6803A9B3
:10E4A0000392F3F725FA0446A0B9039A9368580437
:10E4B0001AD56FF480717318012B03D82B7A43F0AF
:10E4C00001032B72936A314600932846536AF3F78F
:10E4D00057FC04460398F3F771FF1CB12846FFF779
:10E4E00013FF204604B070BD2B7A43F002032B7259
:10E4F00093681B04DDD46FF08404EBE7037F022BE9
:10E5000006D1036A5A1C03D001330362002070470E
:10E510006FF096007047034668B1017F8A1E012A9A
:10E520000BD80329026A03D1012A01D1FFF7A4BD48
:10E530001AB1013A1A62002070476FF096007047D6
:10E54000C0B2FF280CBF6FF0860000207047F4F7C0
:10E55000EBB870470368052B02D10830F4F714BEFE
:10E560006FF08600704710B40468052C04D15DF884
:10E57000044B0830F4F72CBE6FF086005DF8044BB6
:10E5800070470368052B02D1083000F006BA00205E
:10E59000704710B504461030F5F74EFA08B9052358
:10E5A000236010BD10B40468052C04D15DF8044B41
:10E5B0001030F5F757BA6FF088005DF8044B7047DC
:10E5C00010B40468052C04D15DF8044B1030F5F745
:10E5D00063BA6FF088005DF8044B70470368052B41
:10E5E00002D11030F5F76EBA6FF0880070470368FB
:10E5F000052B02D11030F5F77FBA002070470020BC
:10E60000F4F774BA0020F4F7ABBA002000F0E0B8D9
:10E61000DAF75ABB0A2842DCC31C1FDA10F1400F9C
:10E6200045D010F13F0F2BDA10F1410F42D010F11D
:10E63000550F42D010F1490F14BF6FF086006FF0F4
:10E640008400704709282DD8DFE800F0052C2C2F16
:10E65000172C372C2C3A6FF09800704703300D2898
:10E6600020D8DFE800F00A331F221F1F1F1F1F1FC3
:10E67000071F1F076FF0940070476FF08500704709
:10E6800010F1210F1FD00DDB10F1200F1ED010F163
:10E69000100F14BF6FF086006FF09400704764385D
:10E6A0000928CFD96FF086007047002070476FF0BF
:10E6B000840070476FF0890070476FF093007047D7
:10E6C0006FF08C0070476FF0880070476FF0920019
:10E6D000704710B501380A44914200D110BD10F8BE
:10E6E000013F11F8014B63400370F5E7014481429B
:10E6F00000D1704711F8013D1A440A70120AF6E77A
:10E700002DE9F8430E46174608994FF4AA720446BD
:10E710001D46DDF8248000F0EBFDB8B981464D457B
:10E7200009D14146204600F083FE78B92046BDE875
:10E73000F84300F0A0BE204657F8292056F82910CB
:10E7400000F003FE10B909F10109E8E7BDE8F8831C
:10E750001FB5CDE90221069A03A9CDE900320123B4
:10E7600002AAFFF7CDFF05B05DF804FB07B501A9CC
:10E77000F4F70AF9003818BF012003B05DF804FB74
:10E78000F7B506460D46202D2F46A8BF20270021AD
:10E790006846F5F73DFE044670B93A46314668468C
:10E7A000F5F788FE10F1520F044608D0431CF4D050
:10E7B000684600F0E6FF34B1204603B0F0BD68467D
:10E7C00000F0DFFFE3E7EC1B3E44F5D02546DAE737
:10E7D000002070472DE9F0411646026D90F84D304B
:10E7E000003A18BF0122C3F10F07C3F10E0303F073
:10E7F0000703054643EA821390F89A200846023A36
:10E8000002EBD272920002F03802134300F8013B8F
:10E810000C4695F84D2005F1400101F0FCF800216F
:10E820000A4695F84D301FFA87FED5F8548013FA42
:10E8300087F7274472450ED3102333602B6D43B105
:10E84000B3F57F4F19D263741B0A23743368023304
:10E850003360BDE8F081D300C3F1200CA3F12000A8
:10E8600001FA0CFC28FA03F343EA0C0321FA00F046
:10E87000034307F801390132DCE7FF232374FE2349
:10E8800063742B6D1A0A637522751A0C1B0EE274E1
:10E89000A37433680633DBE72DE9F04105460C46E7
:10E8A00016461F469DF81880F4F78CFAE0B905F17A
:10E8B000A000B8F1000F11D03246214600F076FBDF
:10E8C000044630B105F1C000F5F75CFE002385F881
:10E8D0009B302046BDE8F041FFF79CBE3B463246E8
:10E8E000214600F09BFBEBE7BDE8F08110B590F806
:10E8F0009B300446022B02D1C030F5F743FE204680
:10E900004FF4EE7101F07BF8002010BDF8B51E4603
:10E9100090F89A30054693421CD800F1A00738467B
:10E92000F5F7DCFA044618B9384600F03EFC044618
:10E9300005F1C000F5F726FE24B12046BDE8F840F9
:10E94000FFF768BE95F89A3028463360FFF7CEFF90
:10E950002046F8BD6FF08904FAE770B500F1A00613
:10E9600005463046F5F724FB044618B9304600F05A
:10E970001CFC044605F1C000F5F704FE24B1204656
:10E98000BDE87040FFF746BE2846FFF7AFFF2046C0
:10E9900070BDF4F7A7BBF4F7A5BB08B54FF4017140
:10E9A00001F02DF8002008BD90F84C3013B1503024
:10E9B00000F01FBED0F8543113B1D0F85C011847F5
:10E9C000184670472DE9F047044680688946904212
:10E9D000174609D3201A1C3001F01DF8A368DB1B71
:10E9E000A3600020BDE8F08704F1640A01215046CD
:10E9F000F5F7DAFD064618B1BDE8F047FFF70ABEA5
:10EA00002046FFF7D1FF054600284BD1A26832F01F
:10EA1000100309D0A01A49461C3000F0FCFF2A461A
:10EA2000A368A5609944FF1A07F1FF3828F00F0882
:10EA3000A7EB080662B9102204F10C0104F15000A2
:10EA400000F045FD80BB1023A360012384F84C3007
:10EA5000B8F1000F1CD04246494604F1500000F0C6
:10EA600036FD0546C0B9012384F84C3004F1500747
:10EA7000384600F01CFE054670B9384600F074FEBA
:10EA8000054648B9402104F10C0000F0B8FF03E04E
:10EA900094F84C30002BE9D15046F5F773FD2DB1B9
:10EAA0002846A9E7B046F7E70546F5E7002E98D0D7
:10EAB000324609EB080104F10C0000F0ACFFA3683A
:10EAC0009B1B8DE7F8B543680546102B2FD800F146
:10EAD000640601213046F5F767FD18B1BDE8F8403E
:10EAE000FFF798BD2846FFF75FFF0446D0B9AA6834
:10EAF00005F15007102A05F10C050AD129463846C0
:10EB000000F016FD044668B9384600F02DFE0446B4
:10EB100008E029463846C2F1100200F0D8FC04464D
:10EB20000028EBD03046F5F72DFD2046D6E76FF0F4
:10EB30008600F8BD2DE9F0439146002285B00546D8
:10EB4000D8B2884640F0007003A90392F3F712FE92
:10EB5000044648B905F1680601463046F5F724FD3C
:10EB600030B1FFF757FD0446204605B0BDE8F083FD
:10EB7000602305F15007019305F5D27300934246D7
:10EB80004B463946039800F064FE044620B13046F7
:10EB9000F5F7F8FC2046E4E7384600F0FEFB0446B3
:10EBA0000028F4D1384600F066FC04463046F5F7FC
:10EBB000E9FC002CEED1039800F067FC0123A8606B
:10EBC00085F84C30D0E700232DE9F04F044600785B
:10EBD00085B089461546039308B140F0007003A93B
:10EBE000F3F7C8FD064600284ED1039800F04DFC0F
:10EBF000A3688046AB420CD92A46494604F10C0072
:10EC0000A8EB0303184400F006FFA3685B1BA36096
:10EC10003AE094F84C3004F1680B6BBB0123A26816
:10EC200004F1500A84F84C305046A8EB020204F17B
:10EC30000C0100F08AFB0346A0BBA7684946EB1B0A
:10EC4000B3FBF8F308FB037750463A4600F07DFB30
:10EC5000ED1B034640B9504600F09FFB034618B930
:10EC6000504600F008FC034658460193F5F78AFC2D
:10EC7000019BD3B1184604E031465846F5F794FCA1
:10EC800030B1FFF7C7FC0646304605B0BDE8F08F4F
:10EC900004F1500000F030FB03460028BED035469A
:10ECA0003746E1E700252F46DEE7C4F8088004F187
:10ECB0000C084021404600F0A2FE002DE4D02A4678
:10ECC000404609EB07019EE700232DE9F043044687
:10ECD000007885B0039308B140F0007003A9F3F702
:10ECE00049FD054620B1FFF795FC05B0BDE8F0836E
:10ECF000039800F0C8FB039800F0C7FB94F84C3071
:10ED0000074604F16806B3B9A26804F1500804F19B
:10ED10000C0949464046BA1A00F017FB0546B8B937
:10ED200004F5D27440234A4640460399009400F00B
:10ED30005CFD05460CE029463046F5F735FC002819
:10ED4000D1D104F1500000F0D7FA05460028DBD0FD
:10ED50003046F5F717FC2846C5E7F4F759BBC0F372
:10ED60000253013B10B5052B21D8DFE803F01B0B44
:10ED70000B0B0313032300F030002028136013D083
:10ED8000002010BD0B8844F212118B420CBF0423EB
:10ED90000223F0E70B8844F212118B420CBF0623CA
:10EDA0000323E8E70123E6E702331360E8E76FF0A7
:10EDB0009800E6E713B50C46F3F7E6FDC31C0FD049
:10EDC000013009D004224FF0FF3321460DEB020041
:10EDD000019300F05CFE30B96FF08B0002B010BD03
:10EDE0006FF08400FAE70020F8E730B589B00546F7
:10EDF00018220C4601A8002100F033FE012344EA4A
:10EE0000052401A9BA2007940593F3F777FD00289C
:10EE100018BF6FF0920009B030BDF7B5BA2001A954
:10EE2000F3F7B2FD044610B1002003B0F0BD019D20
:10EE30002F0AEDB2AC4205D1BA20F3F78BFD0028C2
:10EE4000F2D008E0E6193046F3F784FD30B13046E1
:10EE5000FFF78CFC10B96FF09200E6E70134E9E7A8
:10EE600038B503780446033303F00303012B0FD8AE
:10EE70006FF0210038BD60782844F3F75DFD48B994
:10EE800001352378C3F382039D42F4D30020F1E7D8
:10EE90000025F6E70220EDE708B5F820FFF766FC4D
:10EEA00018B9F920FFF762FC10B16FF0920008BDAD
:10EEB000F820F3F741FD0028F7D1F920F3F73CFDE6
:10EEC0000028F4D0F1E7037843F0007303F17E43A8
:10EED000033B122B1FD8DFE803F00A1C1C1E1E1474
:10EEE00016181A14161E1E1416181A1E1A001023AD
:10EEF0000022C3EB0323C0E90232102383801046B3
:10EF000070471C23F4E72023F2E73023F0E7402387
:10EF1000EEE71423ECE76FF0850070475430FFF7FD
:10EF20003CBD00207047836883B10022836A1A6069
:10EF30008368816A0F3323F0804323F00F0343F08B
:10EF400080438B60836A8260103383627047C2693A
:10EF500013690BB1506918471846704738B5C26934
:10EF60000546D36813B90024204638BD5069984738
:10EF700004460028F7D02846FFF7E9FF002818BF0D
:10EF80000446F1E730B400251A46DDE90234CDE944
:10EF9000024530BCF4F734BF30B401251A46DDE930
:10EFA0000234CDE9024530BCF4F72ABF38B590F8F9
:10EFB000203004467BB3B2F1807F06D3FFF7C7FF52
:10EFC000002808BF6FF03F0038BD036933B1FFF779
:10EFD000BEFF002808BF6FF04800F5E74069656A8A
:10EFE00010446061A0681044A060296002F10F0025
:10EFF000616A20F00F0040F000558D602568801A8E
:10F00000AD68616A2A6942EA0022CA60626A1846EB
:10F0100010326262D8E76FF02000D5E7F8B51E46DF
:10F0200090F8203004460F461546002B3CD0B2F134
:10F03000807F06D3FFF78BFF002808BF6FF03F00EB
:10F04000F8BDFFF770FF0DB90020F9E7436A05F13D
:10F050000F021F60436A22F00F0242F000519960D4
:10F060002368406A9B68511B5B69954243EA012310
:10F07000C360636A03F11003636223692B44C4E92C
:10F080000353A36A1E60A36A9D60A36A03F1100084
:10F09000A062D9D000221A61A36A41F08041996030
:10F0A000A36A1033A362CFE76FF02000C8E738B53A
:10F0B00090F820300446002B43D0FFF74FFF054661
:10F0C00000283CD12368226B596922EA010222639D
:10F0D000996998680A43036804F1840104F12000E7
:10F0E000F5F796F8E3699A6882B9626A1B6813605B
:10F0F000E369626A5B6843F0005393602268636A65
:10F1000092685268DA60636A103363622368616AE6
:10F110001A6AE36AC2F5857213440B602368626A57
:10F120001B6A43F0005393602268636A9268926896
:10F13000DA60636A103363620023C4E9023328464D
:10F1400038BD6FF02005FAE7F8B590F82030054695
:10F1500043B300F0A6F8431C044606D038B1284655
:10F16000FFF7F5FE002818BF04462046F8BD2B68BF
:10F170002A6B5B691340F2D168680028EFD01A4609
:10F180002F7E05F1F4069F4204D8002A18BF6FF0C5
:10F190000F04E4E7C15C16F801CB013381EA0C01EE
:10F1A0000A43F0E76FF02004DFE710B5044620467D
:10F1B000FFF7CAFF431CFAD010BD4368A3F110014A
:10F1C000914241D8012243F80C2C53F8042C42F010
:10F1D000200243F8042C53F8082C42F0005243F864
:10F1E000082C836800F11402A3F1100191422FD87A
:10F1F000012243F80C2C53F8042C42F0200243F86F
:10F20000042C53F8082C42F0005243F8082CC36831
:10F2100003F15402BFF35F8F4FF0A3431A60BFF3B3
:10F220005F8FC2680432BFF35F8F1A61BFF35F8FD5
:10F23000BFF35F8F03225A63BFF35F8FBFF35F8F0C
:10F240009A63BFF35F8F7047103242F80C2CB7E718
:10F25000103242F80C2CC9E738B5BFF35F8F4FF07E
:10F26000A344E569BFF35F8FBFF35F8F1023636330
:10F27000BFF35F8F012000F0B5FBBFF35F8F00236A
:10F280006363BFF35F8FBFF35F8FE36BBFF35F8F8A
:10F290005B06F8D425B1BFF35F8FE561BFF35F8FE5
:10F2A00038BD08B5F5F710FA30B9BFF35F8F4FF0EE
:10F2B000A343986ABFF35F8FBFF35F8F4FF0A34202
:10F2C000D36BBFF35F8F10F0240F03F0230304D040
:10F2D000FFF7C2FF6FF01F0008BD4FF0FF30002B9B
:10F2E000FAD1BFF35F8F1063BFF35F8F1846F3E768
:10F2F0000160CB691146184738B5036804460BB363
:10F30000027EFAB14FF4AA71DB69C5689847C0B9AB
:10F310002368E5605A69636AE169C2F5967213442D
:10F320000B602368E2695B6943F000539360626895
:10F33000E3695268DA60E3691033E361A36802337A
:10F34000A36038BD6FF02000FBE7037EE3B1CAB1D4
:10F350008368062B1BD8B2F1807F1BD2C36919606A
:10F36000C3699A604168C369C968D960C3691033C9
:10F37000C361036913440361C3681344C3608368B2
:10F3800001338360002070476FF0200070476FF0FA
:10F39000440070476FF03F00704738B5037E002B84
:10F3A0003DD00368C2681969B2FBF1F401FB142275
:10F3B000002A37D1D3E905142144682935D89C683F
:10F3C000816A056A614081625C684C408462596967
:10F3D000446ACB1CC1F596710C442C600468016A28
:10F3E000646923F003038C60016A01F11004046274
:10F3F000046864699C420AD00A610168026A49692A
:10F400005B1A43F080439360036A1033036200F198
:10F410007C02D8211830FFF7D0FE002038BD6FF0F5
:10F420002000FBE76FF04500F8E76FF02200F5E7FA
:10F4300010B5037E0446A3B1D0E903239A4204D059
:10F440000268836A52685340836220466369984722
:10F4500004F11800D82104F17C02FFF7AEFE002071
:10F4600010BD6FF02000FBE7037E0BB1FFF719BF63
:10F470006FF02000704710B504462046FFF7F4FFF8
:10F48000431CFAD010BDC06870470069704702691C
:10F4900013690BB1506918471846704708B5826860
:10F4A00003465AB902681169426A114206D0FFF751
:10F4B000EEFF002808BF6FF0530008BD03F11400F1
:10F4C000702103F17802FFF778FE0020F5E710B510
:10F4D000047D03464CB3B2F1807F06D3FFF7D7FF1C
:10F4E000002808BF6FF03F0010BD4468062C06D905
:10F4F000FFF7CDFF002808BF6FF04400F4E70AB91A
:10F500000020F1E78069016099698A60186899694B
:10F510008069C068C8609969103199615968013182
:10F520005960996811449960EAE76FF02000DBE7C1
:10F5300010B4037D002B57D08368C3B9836900F1F1
:10F5400024021A60036882691B68013343F0005388
:10F550009360046882692368A4690133E4681B022C
:10F5600003F4F8532343D360836910338361036842
:10F5700082681C68131923EA040384699B1A54F8EF
:10F58000042C42EA032244F8042C826952F8084C05
:10F59000234443F0005342F8083C03681A68C368E8
:10F5A000134423EA0203C2691160C269C168916011
:10F5B000C26902F11001C161C1688B420AD0002109
:10F5C0001161C168C2695B1A43F080439360C369EB
:10F5D0001033C3610368DA68436A23EA02034362B3
:10F5E0005DF8044BFFF75ABF6FF020005DF8044B45
:10F5F000704738B5037D0446002B52D003685B6921
:10F60000002B51D00269D3685BB150699847054619
:10F6100038B12046FFF73BFF002818BF05462846B3
:10F6200038BD214651F8783B626A9B6904F11400A9
:10F630001B68F4F7EDFD0123636023699A689AB9AA
:10F64000A2691B6813602369A2695B6843F00053D9
:10F6500093602268A36992699268DA60A3691033A3
:10F66000A3616368013363600025236AA269C43320
:10F6700013602368A2695B6943F0005393602268BA
:10F68000A36992695268DA60A36922681033A361A2
:10F690006368013363601269636AA5601343636240
:10F6A000BDE76FF02005BAE76FF04705B7E738B55B
:10F6B000027D0346002A40D00268816894688C422B
:10F6C00006D9FFF7E4FE002808BF6FF0530038BDED
:10F6D0005468B1FBF4F504FB151434B1FFF7D7FE01
:10F6E000002808BF6FF04500F1E7416AD068014388
:10F6F0005962D3E90701C431526901601868D969B8
:10F7000040690F328860D96922F00F0201F11000C0
:10F71000D8611868406990420AD00C611868D969AC
:10F720004069121A42F080428A60DA691032DA6166
:10F730001846BDE83840FFF7B1BE6FF02000C6E7BD
:10F7400038B5037D054663B1FFF7ABFD431C0446A6
:10F7500005D02846FFF79BFE002818BF0446204628
:10F7600038BD6FF02004FAE710B5037D04462BB1D5
:10F770002046FFF7E5FF431CFAD010BD6FF02000D4
:10F78000FBE710B5037804461BB1F2F797FF00239F
:10F790002370002010BD022203689A607047C0F3F6
:10F7A0000B03482B4B6028BF482310F4003F8B60AD
:10F7B00008BF0023CB6010F4803308BFC1E90133D8
:10F7C00000F47003B3F5700F14BF00238B6800289A
:10F7D0004FF0010C4FF008028B60B8BF0023C1E965
:10F7E00005C2B8BFC1E9053370472DE9F0470446AB
:10F7F00008461E460D469146DDF82080FFF743FE81
:10F80000B042074621D82846FFF73FFE08EB000A22
:10F81000064651462046FFF70BFEC0B92046FFF7CB
:10F820002AFEA0B943469A4509D12B4641462046B7
:10F83000CDF82090BA19BDE8F047FEF789BF1A78D5
:10F8400082F06A0203F8012BEDE76FF04000BDE89B
:10F85000F0872DE9F74F9A46DDE90C4905460E463B
:10F860009346FFF710FE80462846FFF70EFE5045F0
:10F87000074626D22B465246594630460094FEF79C
:10F8800067FF88BB0246A7EB0803A9EB080104EB5E
:10F89000080000F0A9F84FF4AA7229463046FFF795
:10F8A00027FD08BB2846FFF7F0FD23460246201837
:10F8B000984213D12146304603B0BDE8F04FFFF720
:10F8C00044BD52465946204600F0A5F80022A7EB59
:10F8D0000A03A9EB0A0104EB0A00DAE7197881F0C0
:10F8E000360103F8011BE3E703B0BDE8F08F2DE913
:10F8F000F843044617461D46884681B3D0E90232D4
:10F90000AB4272F100012DD35B1B62F10002C0E932
:10F91000023200F110090DB928461EE094F850603B
:10F92000BEB1AE4228BF2E4638463246494600F0A8
:10F9300072F894F850203744921BD2B2AD1B84F871
:10F940005020002AE7D0484609EB060100F070F885
:10F95000E1E72046C0470028E0D0BDE8F8836FF01B
:10F960008500FAE76FF08E00F7E710B59EB002460B
:10F9700046F611031AA901A8F4F74AFC0023039ADA
:10F9800010211360039A01A89360039B1AAA1033F5
:10F990000393FFF712FCFFF784FC431C0446FAD0E4
:10F9A00001A8742100F02BF820461EB010BD4FF0C6
:10F9B000FF324FF0FF33F0F787B9F0F7F7B9FEF7F2
:10F9C00032BA07B54FF0FF334FF0FF32CDE90023D5
:10F9D0000022FEF738FA03B05DF804FBFEF72FBAF9
:10F9E000FEF729BAFEF794B810B58B4294BFC4183D
:10F9F0004418A04200D110BD00F8012BF9E7002304
:10FA00001A4682B001908B4201D102B07047019832
:10FA1000C2540133F7E70A44431E914200D17047B4
:10FA200010B511F8014B914203F8014FF9D110BD07
:10FA3000884210B501EB020402D98442234607D85C
:10FA4000431EA14207D011F8012B03F8012FF8E75C
:10FA50000244824200D110BD13F8011D02F8011DBD
:10FA6000F7E702440346934200D1704703F8011BB5
:10FA7000F9E70021D9F75CB90A220021F4F734BF75
:10FA8000044608B5F6F758FD2046E2F7BDFF0139F8
:10FA9000024410B5904201D1002005E0037811F82E
:10FAA000014FA34201D0181B10BD0130F2E7C9B2CB
:10FAB0000346184613F8012B12B18A42F9D1704758
:10FAC000002918BF0020704710B56AB101398418A9
:10FAD00010F8012B11F8013F9A4203D1A04201D046
:10FAE000002AF5D1D01A10BD1046FCE701390346B3
:10FAF00010B532B111F8014F013A03F8014B002C57
:10FB0000F7D11A440021934200D110BD03F8011B24
:10FB1000F9E738B511F0FF0403460ED12146BDE8E0
:10FB20003840FFF7C4BF431C054621461846FFF77F
:10FB3000BEFF0028F7D1284638BD0025F5E70A7832
:10FB400070B56AB970BD9A4209D10C46054614F8E1
:10FB5000013F002BF6D015F8016F9E42F7D001301F
:10FB60000378002BEFD11846ECE72DE9F843C3F1F9
:10FB700037090746884603F01F055FFA89F91646DC
:10FB8000384641462A460023D1F748FE4346D4B2C0
:10FB90003A4688460746092C84BF4C44E4B2AA4240
:10FBA0004FF0000204F13004934106F8014BE7D214
:10FBB0003046BDE8F88310B50C4600F0B0FA0028D6
:10FBC000A2BF23680133236010BD0028A2BF1368C1
:10FBD00003F1FF33136000F0D7BA70B505460E4647
:10FBE00031462846FFF7E7FF041E09DB202CF7D03B
:10FBF000A4F10903042BF3D932462946FFF7E5FFA8
:10FC0000204670BDBDF8001068B111F0100F01D092
:10FC10000270704711F0080F02D0C0E9002370474E
:10FC20004B0701D5026070478B06FBD502807047F9
:10FC30002DE9F04387B01C461746814602AB884643
:10FC40000093D2E9022300F09EF904AB06460D466C
:10FC5000009348464146D7E9002300F094F9002775
:10FC6000DDE90423901953EB050128BF012737B1C3
:10FC7000029B039A013342F10002CDE90232403C7B
:10FC8000DDE90223009400F095F907B0BDE8F083A8
:10FC90002DE9F041B0FA80F6002907460C46A1EBA9
:10FCA000060606F1070648DB0846F6F749FA064459
:10FCB0002046351BF6F74AFA21462A1A38463D32C5
:10FCC00000F051F9B44236DC1F2D64DC4FF0FF33F5
:10FCD000AB4027EA0303B3FA83F35B091D46B0FA8E
:10FCE00080F3F31A9E33FE2B59DC002B23EAE371D9
:10FCF000D4BF01230B469B1BA3F19704963B20FA2C
:10FD000004F220FA03F312F0010209D04FF0FF329F
:10FD1000A24030EA020240D1002D3ED003F00102A1
:10FD20001344C3F3160303B9114443EAC15300EE6D
:10FD3000103ABDE8F0810123D0E74D422846F6F79E
:10FD400005FA361A2846A6EB0408F6F7FFF9294605
:10FD500008EB000238463C3200F0F2F8B44213DC03
:10FD6000B8F11F0F17DC4FF0FF3303FA08F337EA3F
:10FD7000030310D10521B7FBF1F202EB8204A74285
:10FD800004D101331746F6E70023F3E79D428CBF09
:10FD900000230123A2E70023A0E70122C0E74FF0E0
:10FDA000FF43C4E72DE9F04F051889B0904641EBB9
:10FDB0000104029304AB284621460093D2E90023B4
:10FDC00000F0E1F806AB0746894628462146009335
:10FDD0000025D8E9022300F0D6F8DDE904238418D1
:10FDE00051EB0306069B28BF0125D8E90012ED1848
:10FDF000079B43F10003791849EB0202B94272EB09
:10FE00000902D8E9022134BF01200020A21846EBE4
:10FE100001018018029A41F10001A042A2F1410AB9
:10FE200071EB0602CDF800A034BF01220022521966
:10FE3000CDE9065343F1000300F0BCF8129BC3E97F
:10FE40000001D8E90221DDE9065303911499012943
:10FE5000D8E900E027D1A21A0399CDF800A066EBFB
:10FE60000101774579EB000034BF01200020101A12
:10FE700061F10001844276EB010234BF01220022CD
:10FE8000AA1A63F1000300F095F8139BC3E900017F
:10FE9000DDE9062320463146CDF800A000F08AF8BF
:10FEA00009B0BDE8F08F17EB070B49EB090C14EB19
:10FEB000040846EB0601BB457CEB090934BF01276A
:10FEC000002718EB070741F10008F3457CEB000C15
:10FED00034BF01200020381A68F10001801A039A0B
:10FEE00061EB02016D195B41A74278EB060234BF5A
:10FEF00001220022AD1843F10003874278EB01088C
:10FF000034BF01220022AA1A029DA5F140050095E6
:10FF1000B7E710B5A3FB00430299A2FB002000192C
:10FF200043F100033F29DBBFA1F12002C1F14001F1
:10FF300040398B40D6BFD04023FA01F0184310BDA2
:10FF400030B587B004460846154602A9F6F798F979
:10FF5000049B204600955A1C059B43F10003FFF7C4
:10FF6000D8FF07B030BD30B587B015460446084607
:10FF700002A9F6F713F920460095DDE90423FFF7FF
:10FF8000C8FF07B030BDF0B500240D4606469446C4
:10FF9000A0FB02012246059FE5FB0C12A446E5FBEF
:10FFA0000324E3FB061C12EB0C0244F10004C7E936
:10FFB0000024F0BDF0B5059CC4F14007C4F1200653
:10FFC000A4F12005E04002FA06F6BB4022FA05F54E
:10FFD000BA403343C4F120062B4301FA06F6A4F1DC
:10FFE0002005304321FA05F5E14028431943104329
:10FFF000F0BD51EC100B024621F000405342134378
:020000040005F5
:1000000040EAD370C0F1FF4000F5E000C00F704738
:100010002DE9F0410446CE0FC1F30A55C1F3130197
:1000200040F2FF70167154EA01076BD1002D71D1B7
:100030002C462946002B156060DB0C2B60DCC3F1DD
:100040000D050120AD0005F1FF3CA5F12107C5F12B
:10005000210600FA07F720FA06F600FA0CF03743FB
:10006000061847EB0708D6F1000E68EB480C013E76
:1000700048F1FF38264008EA0108B04277EB08084B
:1000800010DBC5F12008B5F1200624FA05F501FAC8
:1000900008F858BF41FA06F645EA080558BF354347
:1000A000ED0703D52018044641EB070104EA0E04CE
:1000B00001EA0C019DF8186018460D250532C6F1BD
:1000C000270604F00F03240944EA0174091163B9F7
:1000D000A8420DDA013DF4D21AE01DB90125A5F2BE
:1000E000FF35A7E741F48011F9E7092BC8BF9B1939
:1000F0003033A8425355B8BF2846EBE70023D9E771
:100100000D23D7E78542E8D146F008060020167196
:10011000BDE8F0818542E5D146F00406F6E710B56A
:1001200083780446DA0705D443F004034FF0FF3028
:10013000A37010BD4FF00002D4E85F3FC4E8512F18
:100140000029F9D19BB213B1581EC0B2F1E7A368E0
:1001500098470028F9DA0130A37814BF0822042256
:100160001343E3E702690346107810B101321A61C4
:1001700070476FF001007047D1E9043293421EBF0F
:100180005A1C0A61187070478B78DA0702D44FF056
:10019000FF307047431CFAD0C0B2431CD1E8DF2FB8
:1001A000002A04D1C1E8DC3FBCF1000FF6D1EED14A
:1001B0008B7823F008038B7070470000AE75FD7FCD
:1001C00001000000DD2C030000000000B1CE0300A0
:1001D0000000000000000000F402050021FC030004
:1001E0000000000045FC03000000000000000000CB
:1001F00034030500000000001403050000000000A7
:100200005403050059DF030000000000B5BE0400E0
:100210000000000000000000740305000000000062
:10022000D403050000000000B40305000000000036
:100230009403050000000000F4030500BDB50300B1
:10024000000000005BBC040000000000D1060300B9
:10025000000000005D2A0300000000000000000014
:1002600014040500098C020000000000D5FF030003
:100270000000000000000000540405000000000021
:10028000740405000000000034040500014403006C
:100290000000000021BE0400000000002BBE04008E
:1002A0000000000031C90200000000000000000052
:1002B0009404050000000000B404050000000000E4
:1002C000D404050069470300000000004D1B030033
:1002D00000000000CD3E03000000000055C50200F4
:1002E00000000000CD2D0300000000002D3F0300A2
:1002F00000000000967F05000C200500200E050080
:10030000880B00200471002011B3030000000000DE
:100310000000000013830500AC200500B00D0500AF
:10032000920B0020A871002041C0030000000000D3
:10033000580300201F830500C0200500B00D0500F4
:10034000940B0020B471002041C0030000000000A5
:10035000C00300202A830500D4200500B00D05004D
:10036000960B0020C071002041C003000000000077
:10037000280400201381050000000000780D05000E
:100380008C0B00200000000063AC040000000000A3
:100390000000000095840500202105003C0E0500AA
:1003A0009A0B00204809002097B7040000000000C5
:1003B00090040020A1840500782105003C0E050072
:1003C0009C0B00206C090020B9B70400000000005D
:1003D000F8040020AC840500D02105003C0E050087
:1003E0009E0B002090090020D7B7040000000000F9
:1003F000600500200286050000000000100E0500C8
:10040000A20B0020980A0020A9D0030000000000E1
:100410000000000055870500000000009C22050038
:10042000A40B00202472002029D303000000000048
:10043000000000001B81050000000000800D050089
:100440008E0B0020000000002DBA03000000000009
:10045000000000000484050018090020D40D0500E8
:10046000980B0020CC71002069B30400000000004C
:10047000040900200B85050028220500080E050050
:10048000A00B0020C8090020B1C903000000000033
:10049000B409002000810500242005006C0D050032
:1004A0008A0B0020587100202DAC040000000000D1
:1004B00000000000018305006C200500980D050078
:1004C000900B00207C7100205DBB03000000000049
:1004D000F0020020488A050000000000EC0D050035
:1004E000A60B002034730020F1BE040000000000C1
:1004F0000000000000000000CB88040000000000A5
:10050000CB88040000000000CB880400000000003D
:10051000CB88040000000000CB880400000000002D
:10052000CB88040000000000CB880400000000001D
:10053000CB88040000000000CB880400000000000D
:10054000CB88040000000000CB88040000000000FD
:10055000CB88040000000000CB88040000000000ED
:10056000CB88040000000000CB88040000000000DD
:10057000CB88040000000000CB88040000000000CD
:10058000CB88040000000000CB88040000000000BD
:10059000CB88040000000000CB88040000000000AD
:1005A000CB88040000000000CB880400000000009D
:1005B000CB88040000000000CB880400000000008D
:1005C000CB88040000000000CB880400000000007D
:1005D000CB88040000000000C1DF03000000000021
:1005E000CB88040000000000CB880400000000005D
:1005F000CB88040000000000CB880400000000004D
:10060000CB88040000000000CB880400000000003C
:10061000CB88040000000000CB880400000000002C
:10062000CB88040000000000CB880400000000001C
:10063000CB88040000000000CB880400000000000C
:10064000CB88040000000000CB88040000000000FC
:10065000CB88040000000000CB88040000000000EC
:10066000CB88040000000000CB88040000000000DC
:10067000CB88040000000000CB88040000000000CC
:10068000CB88040000000000CB88040000000000BC
:10069000CB88040000000000CB88040000000000AC
:1006A000CB88040000000000CB880400000000009C
:1006B000CB88040000000000CB880400000000008C
:1006C000CB88040000000000CB880400000000007C
:1006D000CB88040000000000CB880400000000006C
:1006E000CB88040000000000CB880400000000005C
:1006F000CB88040000000000CB880400000000004C
:10070000CB88040000000000CB880400000000003B
:10071000CB88040000000000CB880400000000002B
:10072000CB88040000000000CB880400000000001B
:10073000CB880400000000003946040000000000DF
:10074000CB880400C809002089C80400000000000C
:10075000CB88040000000000CB88040000000000EB
:10076000CB88040000000000CB88040000000000DB
:10077000CB88040000000000CB88040000000000CB
:10078000CB88040000000000CB88040000000000BB
:10079000CB88040000000000CB88040000000000AB
:1007A000CB88040000000000CB880400000000009B
:1007B000CB88040000000000CB880400000000008B
:1007C000CB88040000000000CB880400000000007B
:1007D000CB88040000000000CB880400000000006B
:1007E000CB88040000000000CB880400000000005B
:1007F000CB88040000000000CB880400000000004B
:10080000CB88040000000000CB880400000000003A
:10081000CB88040000000000CB880400000000002A
:10082000CB88040000000000CB880400000000001A
:10083000CB88040000000000CB880400000000000A
:10084000CB88040000000000CB88040000000000FA
:10085000CB88040000000000CB88040000000000EA
:10086000CB88040000000000CB88040000000000DA
:10087000CB88040000000000CB88040000000000CA
:10088000CB88040000000000CB88040000000000BA
:10089000CB88040000000000CB88040000000000AA
:1008A000CB88040000000000CB880400000000009A
:1008B000CB88040000000000CB880400000000008A
:1008C000CB88040000000000CB880400000000007A
:1008D000CB88040000000000CB880400000000006A
:1008E000CB88040000000000CB880400000000005A
:1008F000CB88040000000000CB880400000000004A
:10090000CB88040000000000CB8804000000000039
:10091000CB88040000000000CB8804000000000029
:10092000CB88040000000000CB8804000000000019
:10093000CB88040000000000CB8804000000000009
:10094000CB88040000000000CB88040000000000F9
:10095000CB88040000000000CB88040000000000E9
:10096000CB88040000000000CB88040000000000D9
:10097000CB88040000000000CB88040000000000C9
:10098000CB88040000000000CB88040000000000B9
:10099000CB88040000000000CB88040000000000A9
:1009A000CB88040000000000CB8804000000000099
:1009B000CB88040000000000CB8804000000000089
:1009C000CB88040000000000CB8804000000000079
:1009D000CB88040000000000CB8804000000000069
:1009E000CB88040000000000CB8804000000000059
:1009F000CB88040000000000CB8804000000000049
:100A0000CB88040000000000CB8804000000000038
:100A1000CB88040000000000CB8804000000000028
:100A2000CB88040000000000CB8804000000000018
:100A3000CB88040000000000CB8804000000000008
:100A4000CB88040000000000CB88040000000000F8
:100A5000CB88040000000000CB88040000000000E8
:100A6000CB88040000000000CB88040000000000D8
:100A7000CB88040000000000CB88040000000000C8
:100A8000CB88040000000000CB88040000000000B8
:100A9000CB88040000000000CB88040000000000A8
:100AA000CB88040000000000CB8804000000000098
:100AB000CB88040000000000CB8804000000000088
:100AC000CB88040000000000CB8804000000000078
:100AD000CB88040000000000CB8804000000000068
:100AE000CB88040000000000CB8804000000000058
:100AF000CB88040000000000CB8804000000000048
:100B0000CB88040000000000CB8804000000000037
:100B1000CB88040000000000CB8804000000000027
:100B2000CB880400D4030500A7B50400CC710020D5
:100B3000FDF50300B4030500A7B5040000000000A4
:100B4000CB88040000000000CB88040000000000F7
:100B5000CB88040000000000CB88040000000000E7
:100B6000CB88040000000000CB88040000000000D7
:100B7000CB88040000000000CB88040000000000C7
:100B8000CB88040000000000CB88040000000000B7
:100B9000CB88040000000000CB88040000000000A7
:100BA000CB88040000000000CB8804000000000097
:100BB000CB88040000000000CB8804000000000087
:100BC000CB88040000000000CB88040080070020D0
:100BD0003BB3040000000000CB88040000000000CC
:100BE000CB88040000000000CB8804000000000057
:100BF000CB88040000000000CB8804000000000047
:100C0000CB88040000000000CB8804000000000036
:100C1000CB880400C9EE0300DFC004000000000020
:100C2000CB88040000000000CB8804000000000016
:100C3000CB88040000000000CB8804000000000006
:100C4000CB88040000000000CB88040000000000F6
:100C5000CB88040000000000CB88040000000000E6
:100C6000CB88040000000000CB88040000000000D6
:100C7000CB88040000000000CB88040000000000C6
:100C8000CB88040000000000CB88040000000000B6
:100C9000CB88040000000000CB88040000000000A6
:100CA000CB88040000000000CB8804000000000096
:100CB000CB88040000000000CB8804000000000086
:100CC000CB88040000000000CB8804000000000076
:100CD000CB88040000000000CB8804000000000066
:100CE000CB88040000000000CB8804000000000056
:100CF000CB88040000000000CB8804000000000046
:100D0000CB88040000000000CB8804000000000035
:100D1000CB88040094030500A7B50400CFBE0400EF
:100D2000DFC0040000000000CB88040000000000C9
:100D3000CB88040000000000CB880400980A002043
:100D40008BCB040000000000CB88040000000000F2
:100D5000CB88040000000000CB88040008070020B6
:100D60003BB3040000000000CB8804003DB6030044
:100D7000C5B6030007AC04004FAC0400000000003F
:100D800025BB0300CDAD0400B7AD040015BA0300C8
:100D900005BA03001DBA030053B1040093B0040068
:100DA00085AF040055BB0300F1AD0400E5AD0400C0
:100DB00099C003009BB20400A7B20400BBB20400B8
:100DC000C5B20400CFB204006DC20300E3B2040058
:100DD00000000000B5C503000000000015C40300BA
:100DE0000000000000000000DDB30400000000006F
:100DF0000000000000000000F5BE040071E20300E6
:100E00000000000000000000D1CA0300E1B80400A7
:100E100097BC0400D3BC040039D003006FBC0400AD
:100E200069B303005FAB0400C3AB04000000000023
:100E3000FBAA040000000000000000009DB40400B4
:100E4000CDC803008FB40400F5B70400C3B4040098
:100E50005FB60400EBB40400FFB4040043B6040022
:100E600087B50400FFB404001DB504002DB50400CF
:100E700039B5040045B5040077B504007BB504001E
:100E800005000000317E03000600000029B20300C7
:100E900004000000658F0300BD420300854203008B
:100EA0000000000000000000000000000000000042
:100EB000B9AB020091AC020000000000000000008D
:100EC0000000000000000000381F050008000000BE
:100ED000E81A050007000000541C0500040000008B
:100EE000EF5F05000300000003740500030000002D
:100EF0001F7C050003000000F968050003000000E6
:100F0000AD77050003000000236905000300000021
:100F10004B7F050003000000CC72050003000000B9
:100F2000FD73050003000000787905000300000050
:100F30002374050003000000728705000300000011
:100F40006087050003000000787F050003000000B3
:100F50008B7F050003000000915B0500030000008B
:100F6000AF7F050003000000F18B050003000000C7
:100F7000A389050003000000A68705000300000008
:100F80007189050003000000F887050003000000D8
:100F900007810500030000004C82050003000000EB
:100FA000FC5F050003000000348105000300000021
:100FB000388A050003000000175D050003000000EB
:100FC00035830500030000000E84050003000000C7
:100FD000265D0500030000002A5D050003000000F7
:100FE0001F5E0500030000007F7F05000300000076
:100FF0000B8B050003000000E967050003000000FB
:10100000FE670500030000004D68050003000000B6
:10101000D4890500030000009A6505000300000064
:101020002A66050003000000326605000300000088
:10103000FA89050003000000E58B050003000000AD
:10104000E65A0500030000003068050003000000B8
:10105000395E0500030000002B600500030000005E
:1010600041660500030000000B830500030000003B
:10107000F485050003000000CB5B050003000000C1
:10108000538A050003000000B78405000300000038
:101090001286050003000000681A0500D40600202F
:1010A0000E5E0500010000007F4505000000000005
:1010B000000000004DD10200000000000000000010
:1010C000E2340500000000000000000005A7020057
:1010D0000000000000000000053A0300DD3D0300B1
:1010E0004D400300FFFFFFFFFFFFFFFFFFFFFFFF7C
:1010F0000000000060006000000000000000000030
:1011000000000000C0D40100000000000200000048
:10111000B3710500B8710500BC710500C071050010
:10112000C4710500C8710500CC710500D0710500BF
:10113000D4710500D8710500DC710500E07105006F
:10114000E4710500E8710500EC710500F07105001F
:10115000F4710500F871050000A0105000820D50D8
:101160000004055001020825262701020303280474
:101170009042BE11B400500BEE03010204004C017A
:10118000E80B860401020303000000280000002091
:101190000102FFFFFFFFFF030F141E28323C5064C3
:1011A00078010203030101000207000102040100AB
:1011B0000100000101000001000100000100010028
:1011C00000000102080F141E28323C506478000011
:1011D000020B000001000B0002000A0005000900DC
:1011E0000A000800140007001E0006003200050077
:1011F0004B0004006400030096000200FA000100A6
:10120000F40100000102030302030001F401FA00EB
:10121000960064004B0032001E0014000A00050016
:10122000020001000C0802170D0101020909010169
:1012300006020918180301010909838385030201C5
:10124000230202240910040405050B0B040B2B1BBD
:101250001B159A9A1C021D16130501490D15050848
:10126000061B1B0F01010000FEFEFEFEFEFEFEFE41
:10127000FEFEFEFEFEFEFEFEFEFEFEFEFE16FEFE76
:10128000FEFEFEFEFEFEFEFEFEFE1F1FFE26FEFE14
:10129000FEFEFE30FEFEFE32FEFE32FEFE35FEFE9D
:1012A0003E3EFEFEFEFE3B3B60009006BE022C0171
:1012B000D012CE0528049042BE1164005006AE0242
:1012C0007205DA43081300010202A201B003BE0551
:1012D000EE024806A209C405F40B241226FEFEFE07
:1012E000FE2E3630FEFEFE32FEFEFEFEFE35FEFE19
:1012F000FEFEFEFEFEFEFEFE2E01020303010203C1
:101300000301020412FEFEFEFEFEFEFEFEFEFE03D2
:10131000030303030303030303030303030303039D
:1013200014FEFE16FEFEFEFEFEFEFEFE23FEFEFE8A
:10133000FEFEFEFEFEFEFE2E363039FEFE32FEFEC4
:10134000FEFEFE35FEFEFEFEFEFEFEFEFEFE2E0153
:101350000203030028049042BE117205DA43081309
:101360002C00D002CE010440100028049042BE118F
:101370002C00D002CE01B400500BEE0364005006E6
:10138000AE02B400500BEE030102030328049042A6
:10139000BE1128049042BE110102030300010202A3
:1013A000981800200200000B010000000700000058
:1013B0000000000000000000000000000406080A11
:1013C0000C0E10121416181C1E20222426282A2C5B
:1013D0002E30323436383A3C3E40424446484A4C3D
:1013E0004E021A5000000000280000001800000003
:1013F000500100005001000000000000F023000038
:101400002413000018790000E86700001C0C780520
:101410001437A43800000000400600004006000019
:101420004006000040060000000098086B039C186E
:101430005802000000000000000000000000000052
:10144000F0230000241300003CF000003CF00000FA
:101450000000000048A3000014A000003CA500000C
:1014600068A600000000000000000000000000006E
:1014700000000000000040060C0334086009000072
:101480000000000000000000E3A3C300B80000203B
:101490000200000B041900200200000C02190020B9
:1014A0000200000B021900200100000C6819002046
:1014B0000100000C010208FF7F00200018000A80D4
:1014C0000720029801AA8000010203040203040419
:1014D00001020304010101020101010102030402EE
:1014E000E4E1D8D2C6C9B4B19C93878D6C6378729D
:1014F0004E4B272D1B1E3639002060204060800097
:1015000001020005040008080000000000000000BF
:1015100000000101010101010101010101010202BB
:101520000202020203030404050506060707080871
:10153000090A0B0C0D0E0F101112131415161718A3
:10154000191A1B0010010000D20000003001000039
:10155000D800000001000000E400000002000000CC
:10156000EA00000002000000EC00000003000000A0
:10157000EE00000004000000F00000000500000084
:10158000F200000006000000F40000000700000068
:10159000F600000008000000F7000000090000004D
:1015A000F80000000A000000F90000000B00000035
:1015B000FA0000000D000000FB0000000F0000001A
:1015C000FC00000011000000FD00000013000000FE
:1015D000FE00000015000000FF00000018000000E1
:1015E000000000001B000000010000001F000000C0
:1015F000020000002300000003000000280000009B
:10160000040000002D000000050000003300000071
:101610000600000039000000070000003F00000045
:101620000800000000100200FA000000000100089D
:101630001200000000000000000000000000000098
:101640000338FDD8704700000000000000000000D3
:101650000338FDD8704700000000000000000000C3
:101660000338FDD8704700000100000000000000B2
:10167000050000000000000019000000000000004C
:101680007D0000000000000071020000000000006A
:10169000350C000000000000093D000000000000C3
:1016A0002D31010000000000E1F505000000000000
:1016B00065CD1D0000000000F9029500000000004B
:1016C000DD0EE90200000000514A8D0E000000000E
:1016D0009573C24800000000E941CC6B0100000096
:1016E0008D49FD1A07000000C16FF286230000003B
:1016F000C52EBCA2B1000000D9E9AC2D78030000D2
:101700003D9160E45811000031D6E275BC560000EE
:10171000F52E6E4DAEB10100C9EA26836778080048
:10172000ED95C28F055A2A00A1EDCCCE1BC2D30085
:1017300025A4000A8BCA220400000000000000005B
:101740000000000000000010000000000000000089
:10175000B9340332B7F4AD1410DB1AB30892540E47
:101760000D307D951447BA1A66088F4D26ADC66DAB
:10177000F598BF85E2B74511CA96853D92BD1DEB30
:10178000FCA11860DCEF52163C92AE220BB8C1B43B
:10179000839D2D5B0562DA1C304C7E8F4E8BB25BD5
:1017A00016F4529F8B56A512FBD4827643ED8AF035
:1017B0008FE7F9311565191850F19BD94A13EEB42A
:1017C000284CF0A686C1251F035FC270CB9E491628
:1017D000E642889C44EB2014B0650836AD6EA585C2
:1017E00085F0CA14E2FD031A0B899979D5B13D0938
:1017F000D8DA973A35EBCF10AC363F5E73BB38CFB3
:101800003E6752FA44AFBA15010000000000000024
:101810000000000000000020345065C05FC9A652DF
:10182000BB13CBAEC440C21806C8DF7100D5A87C7C
:10183000F56F0FDA58FC27136E4756357D24206567
:1018400002C7E768E48CA41DE9E60268D7CD3961D8
:101850007977FCC2405BEF16798CDE43FFA751F924
:1018600091F3B278F5BDBE11E857E9D6E8BEE87B42
:10187000B054AC8F848D751BEA23A499E9F9D38BFE
:10188000B7A3714061DA3E15CEE33ECB73F9480849
:101890008C97B427D51B7010A2BFEFB9EB8532151A
:1018A0004DB44DB49BBB6F1996B6076CF8E7EEAD1F
:1018B00036D9B4F59135AE13222218AF4E6A684D71
:1018C00091DAAA3D4F40741E9FBD9EE006A1C098CC
:1018D00057C2A7FDA40E90170E7D497173E3208FA8
:1018E000B220D87605143B12853D7434811343B081
:1018F000AD297A5F27F4351C673205006F32050089
:10190000773205007F320500873205008F320500EF
:10191000973205009F320500A7320500AE32050060
:10192000B5320500BC320500C3320500C6320500E1
:10193000CC320500D2320500D8320500EC3105006A
:10194000E83105000200000011040000EC31050040
:1019500012040000E83105005E360500643605001B
:101960006936050070360500763605006A360500D2
:10197000B03C0500273E0500C3320500B43C05001D
:10198000B93C0500BE3C05005E3605006436050026
:101990006936050070360500763605006A360500A2
:1019A000AF3F0500B43F0500C03F05007281050050
:1019B000C73F0500AF3F05002A42050072810500C0
:1019C000334205003B42050022640500AF3F05009D
:1019D0001B450500234505002D4505003245050042
:1019E000F4340500384505003B4205008F2C050006
:1019F000814B0500894B0500914B0500984B050074
:101A0000832C050060260020000800006B7D040088
:101A1000157D040002000000137F04000000000098
:101A2000000000000000000000000000F25D050062
:101A3000FA5D05000000000000000000000000004A
:101A40009D7D0500025E0500065E05000A5E05003C
:101A5000581A0500E06A0020C1100300F86A00204F
:101A600064B9002001000000A17F0400977F0400FA
:101A7000851003008B7F0400000000007F7F0400BE
:101A8000000000000600000002000000000000004E
:101A900000F800003404050003000000000001000D
:101AA00000200B00340405000400000000200C009E
:101AB00000200B0034040500050000000040170062
:101AC0000090000034040500000000000000100039
:101AD0000000E800B4040500010000000000F80068
:101AE00000000800B4040500FC24050017A404004D
:101AF00000000000F824050000000100F4240500A7
:101B000069A6040000000000F006002000000100AB
:101B1000EC2405009F850400000000000000000088
:101B200000000100E824050069A604000000000090
:101B3000E806002000000100E02405006B85040099
:101B4000000000000000000000000100DC2405008F
:101B500069A6040000000000E0060020000001006B
:101B6000D42405000D160300000000000000000052
:101B7000000001003D19030000000000000000000B
:101B8000000000001987040000000000FD8604002A
:101B900060000020000000000600010002000000BC
:101BA000A41B0500000000000D66050002000000F7
:101BB000E0CF17000000002015660500210000009E
:101BC000E0FF0320F8060020E92A030000000000DF
:101BD00085890400C5360300B13803000000000009
:101BE000F13B0300000000000000000000000000C6
:101BF00000000000000000000000000000000000E5
:101C0000753B0300693E0300693E030000000000CD
:101C100000000000000000000000000000000000C4
:101C200000000000000000000000000000000000B4
:101C3000E93D0300C81B0500441C050080010000AD
:101C4000000000006423012042680500000000003D
:101C5000000000000825050017A404000000000093
:101C6000548D0500000001000425050069A604004C
:101C7000000000004808002000000100328D05002F
:101C800000000000CD410300000000000000020041
:101C900000250500E9A3040069970300240800203B
:101CA00000000300C81B0500B41C05000001000073
:101CB00000000000E4290120C81B0500C81C050025
:101CC0002E0000000000000050380120C81B050055
:101CD000DC1C050002010000000000002439012086
:101CE000FC7105001A720500357205004572050089
:101CF000527205005B720500627205006972050090
:101D0000707205007872050052720500807205003D
:101D100092720500A7720500BA7205000E0300005A
:101D20002D6003000F040000F95F03001A0100009A
:101D3000C145030005040000D9450300130100005C
:101D4000754803003E010000E54A0300011200004F
:101D5000319004000A1E00003F900400FF010000C3
:101D6000594C03003E010000394C030005040000FB
:101D70002D46030010010000094703000201000086
:101D8000BD68030001120000E15703000A1E0000B5
:101D9000E790040003090000E54D0300040B000078
:101DA00021480300060A0000355F0300070A00000F
:101DB000D94603000C050000A5460300C81B05001A
:101DC000CC1D05004700000000000000403A012043
:101DD0002C77050039770500597705004D77050008
:101DE000647705007B7705008B770500DF780500B9
:101DF0009F770500C81B0500041E050000000000B9
:101E000000000000603B0120C81B0500181E0500F3
:101E10000001000000000000B03B0120A794040076
:101E2000F994040000000000000000000000000021
:101E3000E18103000000000000000000000000003D
:101E400000000000020201003F9A040004040100A7
:101E5000258C030006060100658B030008040100C1
:101E6000518A03000A020100279A04000C040100B1
:101E70000F9A04000E0401002D89030020040100C4
:101E80009988030010040100A987030012020100D1
:101E9000919904001E000400419E040052020000BB
:101EA000B79904000104020009950300030202002F
:101EB000D79D040005010200099E040007040200EA
:101EC000199E0400090102001D9E04000B0002007F
:101ED000219E04000D000200259E04000F00020058
:101EE000299E0400210202002D9E0400110102001F
:101EF000319E040013000200359E04001704020006
:101F0000399E0400190002003D9E04001B020300DC
:101F1000039704001D0205006D85030023040300E0
:101F2000F1960400C81B0500341F050002010000E3
:101F300000000000283F01203825050017A40400F8
:101F400000000000342505000000010030250500D8
:101F500069A6040000000000D8080020000001006D
:101F6000282505000000000000000000000000001F
:101F70000000000024250500E9A304006997030080
:101F8000E0080020000003002025050069A60400E9
:101F900000000000D0080020000001001825050006
:101FA0004FA40400119A0300000000000000030089
:101FB0001425050069A6040000000000C8080020E0
:101FC000000001000C250500659D030000000000D5
:101FD0000000000000000100000000000000000000
:101FE000000000000000000000000000F7A904004D
:101FF00000000000000000000000000000000000E1
:10200000CDB203009DB203000000000019B403002C
:1020100099B30300A37F0500EFAB0400EBAB040012
:10202000A97F05007404050000127A000001010078
:10203000540305000500010000000000010000003D
:102040000000000000000800000008001800010067
:1020500011AC040009B9030029B803001000000006
:1020600001FF00007D010000001000007404050065
:1020700000127A0000010000540305000300010073
:10208000000000000100000000000000000001004E
:1020900000000100020000000100000000FF00003D
:1020A00000A0105000820D50000405507F00000079
:1020B00000A01050080700200000000000000000F1
:1020C000FFFF010000820D5080070020000000008B
:1020D00001000000FF0700000004055000000000A0
:1020E000000000000200000000700C50F420050009
:1020F000020000000C210500020000000421050080
:10210000020100002480000C2580000B2406000C36
:102110002506000B00A0105000820D500004055051
:102120000040105000000000000000004C2105009D
:1021300000C201000000D6010000000000000040C5
:1021400000100000FDB90020FCB900200040105034
:102150005821050002000000702105000200000067
:1021600068210500020100000080000006800001D7
:10217000000000000600000100800C50000000007C
:1021800000000000A421050000C201000000D601EB
:102190000000000000000040001000001FBA0020F6
:1021A0001EBA002000800C50B02105000200000083
:1021B000C821050002000000C02105000201000046
:1021C0002680000027800001260000002700000173
:1021D00000600C500000000000000000FC21050021
:1021E00000C201000000D601000000000000004015
:1021F0000010000041BA002040BA002000600C50DE
:102200000822050002000000202205000200000054
:102210001822050002010000228000002380000136
:10222000220000002300000171B804004C220500C8
:1022300001CA0300802205006ABA002062BA0020A9
:102240000048E801FFFFFF020100000000A0045069
:10225000582205000200000074220500030000005F
:10226000682205000301000041800004428000054F
:1022700044800006410000044200000544000006BE
:10228000540305000300010054030500050001008C
:1022900000A0105000820D5000040550F1D1030041
:1022A0001BBD040049BD04007DDD030065DE0300A5
:1022B00081DE0300A5DE030049BE0400E5DE030065
:1022C000FA8A0500FF8A0500048B05000300000060
:1022D0000400000000A0105000820D5000040550C2
:1022E00008000000020000000400000001000000DF
:1022F00000A0105000820D500004055000A01050A6
:1023000000820D500004055000A0105000820D50B6
:1023100000040550968B0500A48B0500B88B0500C2
:10232000C78B0500D38B0500C4010500D40105004F
:10233000440205004C020500CC020500F402050031
:10234000E88B0500000100000000000063FA0400B3
:10235000000101000002020000140000002800003B
:102360000040000001000000020000000100000029
:102370000500000094230500698E050023EF04008A
:1023800020000000100000001000000020000000ED
:1023900000000000110000001108000011280000DA
:1023A00000000000410000000100000001000000EA
:1023B0000F000000100000001000000020000000CE
:1023C0001000000010000000CC23050011000000E8
:1023D000112800001108000001000000080600009C
:1023E0000002000000040000200000004000000087
:1023F00020000000480000006D43040013000000AE
:1024000063000000A30000000300000000000000C3
:10241000000000000000000000000000000000407C
:102420009559695955555455155555560405154135
:10243000105455404551554440455044505555451C
:10244000004000404004449665555655454045546B
:1024500051411540559155555555405105010000C4
:10246000544554544555050400100410140440000C
:10247000000001405555154154040000440001007E
:102480000000004041000044504445505400555560
:102490005455655100400040010000010005010055
:1024A0001154515154555505001541500000044038
:1024B0001001040500000000DC0564000100DC05DB
:1024C000010070FE000000000CFE00001800280053
:1024D000000090010000042A0000042A00000328E4
:1024E0000000012A0000012A000003280000002A41
:1024F0000000002A00000328000000180000002847
:1025000000000229000003280000002800002A2BF8
:1025100000002A2B000003280000292B0000292B93
:1025200000000328000002290000052A0000052AF7
:1025300000000328000001180000002810002DE111
:102540005D29410B8D77679C110F1F8AF00FEC13EB
:10255000EC1300000000E41BE01FD02FC03FE41B81
:10256000E01F00000000E41BE01FD02FC03F000070
:10257000C03F736D6172747761676F6E2F76310043
:1025800025732F25732F25732F7374617475730052
:102590007B227374223A226F6E6C696E65222C2244
:1025A0007473223A25757D004C494E4B3A20757064
:1025B0006C696E6B204F4B2C206275742065633202
:1025C0003030207375627363726962652066616979
:1025D0006C6564202D20646F776E6C696E6B206370
:1025E0006F6D6D616E6473206D6179206E6F742004
:1025F0006172726976652074686973206379636CAF
:10260000650A00747275650047573A206E6F6465FD
:10261000202575202874797065202575292063612F
:102620006E6E6F7420726561636820746872657382
:10263000686F6C642025642F2564202D20736B69DE
:10264000707065640A0047573A206E6F64652025F4
:1026500075206261747463616C5B25755D203D203B
:102660002564206F7574206F662072616E67652027
:102670002D20736B69707065640A0047573A206EAD
:102680006F646520257520626174742072656673BD
:102690002025642F2564206D56206F7574206F6689
:1026A0002072616E6765202D20736B6970706564A0
:1026B0000A0047573A206E6F646520257520696DC2
:1026C00070616374202564206D67206F7574206FBE
:1026D000662072616E6765202D20736B697070656E
:1026E000640A0047573A206669782074696D656FFF
:1026F0007574202D207573696E67206C6173742D5D
:102700006B6E6F776E20706F736974696F6E0A00FD
:10271000626174745F695F736C6565705F75610099
:10272000626174745F695F73656C66646973636822
:102730005F756100626174745F695F6D6561735F8D
:10274000756100626174745F745F6D6561735F6D64
:102750007300626174745F695F74785F75610062B1
:102760006174745F695F63666777696E5F75610046
:10277000626174745F757361626C655F6D6168003E
:102780007072696D6172790062656172696E675F0E
:1027900074656D705F630074616E6B5F74656D70FE
:1027A0005F6300696D706163745F67007669625F83
:1027B000696E64657800636164656E63650062617B
:1027C00074745F6D7600696E646976696475616CB6
:1027D0000042555359004241445F504152414D001F
:1027E0006F6B0072756E6E696E670073746F7070D8
:1027F0006564004E4F545F464F554E440063696414
:102800000073636F70650067726F757000616C6C48
:102810000062756C6B007B226669746D656E742254
:102820003A25752C22696D6167655F6669746D650F
:102830006E74223A25757D0047573A207265667599
:1028400073696E67202573202D20696D616765208F
:10285000697320666F72206669746D656E742030CE
:1028600078253035582C2074686973207761676F3C
:102870006E206973203078253035580A0046495457
:102880004D454E545F4D49534D41544348004757C1
:102890003A20636D642027257327206369643D25F2
:1028A000732073636F70653D25730A006F74615FF9
:1028B00073746172740075726C007B22696E666F4E
:1028C000223A226F74615F73746172742074616B59
:1028D000657320276E6F646527206F7220277479D7
:1028E000706527202D2027616C6C2720776F756C11
:1028F000642073656E64206F6E652074797065273F
:102900007320696D61676520746F206576657279E3
:102910002073656E736F72206F6E20746865207708
:1029200061676F6E227D007B22696E666F223A229C
:102930006E6F206E6F6465206F662074686174200E
:102940007479706520696E20746869732077616797
:102950006F6E277320726F73746572227D007B2205
:10296000696E666F223A226E6F6465206E6F742006
:102970006865617264227D00302E302E31007B222A
:102980007374617465223A227363686564756C655B
:1029900064227D004F54413A20666C656574207551
:1029A0007064617465202D207374617274696E6740
:1029B00020696E20257520730A007B227374617470
:1029C00065223A2263757272656E74227D006F749F
:1029D000615F737461747573006765745F737461AC
:1029E000747573007B226170706C696564223A743F
:1029F0007275657D006C6561726E5F6669746D6588
:102A00006E74007B22696E666F223A226E6F206EB2
:102A10006F646573206865617264202D20706F7724
:102A20006572207468656D20616E642072657472D1
:102A300079227D007B226669746D656E74223A2569
:102A4000752C226E6F646573223A25642C22696DA1
:102A5000616765223A25757D0047573A206C6561AC
:102A6000726E6564206669746D656E7420307825B9
:102A70003035582066726F6D202564206E6F646556
:102A80002873290A007365745F696E7465727661D4
:102A90006C006D6F76696E675F730069646C655F6B
:102AA00073007B7D007365745F7468726573686F13
:102AB0006C6400706172616D0076616C7565007B9D
:102AC000226669746D656E74223A25752C22696DD3
:102AD000616765223A25752C226E6F646573223A10
:102AE00025647D0068797374007B22696E666F22AD
:102AF0003A22756E6B6E6F776E20706172616D2217
:102B00007D007B226170706C696564223A66616C3D
:102B100073652C227374617465223A227175657530
:102B20006564222C226E6F646573223A25642C2220
:102B30006F75745F6F665F72616E6765223A2564B8
:102B40007D00494E56414C49445F544852455348D4
:102B50004F4C44007B22696E666F223A2263616C9F
:102B60006962726174696F6E2076616C7565206F41
:102B70007574206F662072616E6765227D007B220E
:102B8000696E666F223A226E65656420323030309D
:102B90002E2E34303030206D562C206672657368CE
:102BA0002D656F6C203E3D20313030227D007B2230
:102BB0006170706C696564223A66616C73652C2281
:102BC0007374617465223A22717565756564227D3E
:102BD000006E6F64655F77696E646F77007365631D
:102BE0006F6E6473007B22696E666F223A22736592
:102BF000636F6E647320302D3336303020616E6425
:102C00002061206E6F64652F747970652F616C6C24
:102C10002073656C6563746F72227D007B22617026
:102C2000706C696564223A66616C73652C227374FA
:102C3000617465223A22717565756564222C226E75
:102C40006F646573223A25642C227365636F6E642A
:102C500073223A25647D007365745F676E73730039
:102C6000656E61626C65006669785F74696D656F39
:102C700075745F7300636F6E7374656C6C617469F7
:102C80006F6E006E61766963006E617669635F677F
:102C900070730074696D655F73796E630065706F42
:102CA0006368007365745F7761676F6E007B22698C
:102CB0006E666F223A227761676F6E206D7573744E
:102CC00020626520312E2E31352063686172616388
:102CD00074657273227D007B227761676F6E223A82
:102CE000222573222C22677270223A25752C2272BB
:102CF00065626F6F74696E67223A747275657D00E4
:102D000047573A207761676F6E206E756D62657206
:102D10002073657420746F202573202D20726562E6
:102D20006F6F74696E670A007365745F62617474B3
:102D30000066756C6C5F6D76007B22696E666F2233
:102D40003A226E6565642066756C6C5F6D762061F5
:102D50006E6420656D7074795F6D76227D00656D9F
:102D60007074795F6D76007B22696E666F223A22FD
:102D700066756C6C5F6D7620616E6420656D707435
:102D8000795F6D76206D7573742062652025752ED0
:102D90002E2575206D5620616E64206174206C654F
:102DA000617374202575206D5620617061727422E4
:102DB0002C2266756C6C5F6D76223A25752C226527
:102DC0006D7074795F6D76223A25757D007B226186
:102DD00070706C696564223A747275652C22667530
:102DE0006C6C5F6D76223A25752C22656D70747956
:102DF0005F6D76223A25752C22766261745F6D765E
:102E0000223A25752C22736F63223A25757D007254
:102E100065626F6F74006765745F636F6E66696784
:102E2000007B2272756E5F73223A25752C227374B3
:102E30006F705F73223A25752C22696D706163741F
:102E40005F6D67223A25752C22676E73735F656E1E
:102E500061626C65223A25752C22676E73735F631D
:102E60006F6E7374656C223A25752C22676E7373CE
:102E70005F74696D656F75745F73223A25752C22D6
:102E80006E6F646573223A25642C226669746D65E1
:102E90006E74223A25752C227761676F6E223A2272
:102EA0002573222C22626174745F66756C6C5F6D91
:102EB00076223A25752C22626174745F656D707498
:102EC000795F6D76223A25752C226677223A222583
:102ED00073227D006765745F686973746F7279002F
:102EE00066726F6D5F736571007B2266726F6D5FD6
:102EF000736571223A256C642C22636F756E74229F
:102F00003A25642C226D6F6465223A2270757368CD
:102F1000222C22696E666F223A227265636F726498
:102F200073207265706C6179206F6E207265636FBB
:102F30006E6E6563742077697468206F7269676963
:102F40006E616C207365712F7473227D0070756CD7
:102F50006C5F64617461007B226E6F646573223AFA
:102F600025642C22766961223A226862227D0070F3
:102F7000726F766973696F6E5F6E6F646500554E30
:102F8000535550504F52544544007B22696E666F32
:102F9000223A22726F7374657220697320636F6DB9
:102FA00070696C652D74696D6520286E6F6465733A
:102FB0002E6329227D00205741544348444F470047
:102FC00020534F46545741524500204445425547EF
:102FD000002050494E00545241494E5F53544152D3
:102FE0005400545241494E5F53544F50004F4E4C81
:102FF000494E45006F66666C696E650066697820AB
:10300000006E6F2D6669780052455345543A20632F
:103010006175736520756E617661696C61626C655E
:1030200020282564290A0052455345543A20504F20
:10303000574552202862726F776E6F7574206F72D9
:10304000207261696C206379636C656429202D208E
:10305000636865636B2074686520737570706C7944
:10306000206265666F726520616E797468696E674B
:1030700020656C73650A0052455345543A203078F8
:103080002530385825732573257325730A000A3DAA
:103090003D3D20536D617274205761676F6E20470C
:1030A000617465776179202877676E2025732C20FD
:1030B0006772702030782530345829203D3D3D0A14
:1030C000003D3D3D206669746D656E742030782545
:1030D00030355820282575292C202564206E6F64F2
:1030E000652873292C2066772025732C207761674B
:1030F0006F6E202573203D3D3D0A0047573A2063FF
:10310000727970746F20696E6974206661696C658C
:1031100064202D2073656E736F7220616476657212
:1031200074732063616E6E6F7420626520726561D6
:10313000640A004D41494E3A2073746F72652D61E7
:103140006E642D666F727761726420554E415641F0
:10315000494C41424C45202D206F66666C696E6576
:10316000207265636F7264732077696C6C2062658E
:10317000204C4F53540A00424F4F540074726970F0
:103180002D2575000A3D3D3D3D20475720257320E4
:1031900020757020256C6C647320202573202063BB
:1031A0006164656E636520257573203D3D3D3D0A74
:1031B000002020676E7373202573257320206261C1
:1031C0007474202575252520282575206D56292005
:1031D000206469652025642E25644320207175656F
:1031E0007565642025640A0042325400423154005F
:1031F0006E6F6465733A205741524E494E472069BD
:103200006420257520697320747970652025752CDC
:1032100020636F6E76656E74696F6E20736179736B
:10322000202575202D206669746D656E74206D6192
:10323000736B2030782530355820697320414D421A
:103240004947554F55532C20646F206E6F7420757D
:10325000736520697420666F7220612067726F75D4
:1032600070204F54410A0042312D41312D4C004213
:10327000312D41312D520042312D41322D4C004231
:10328000312D41322D520042322D41312D4C004220
:10329000322D41312D520042322D41322D4C00420F
:1032A000322D41322D520042314C542D4C004231CE
:1032B0004C542D520042324C542D4C0042324C544E
:1032C0002D52004842004231442D4C004231442DE1
:1032D00052004232442D4C004232442D52004E4C9A
:1032E0003A207365616C206661696C656420666F65
:1032F00072206E6F64652025750A0073772F6E6CDF
:103300002F637472004E4C3A2073746167696E6764
:103310002072656164206661696C65642061742057
:1033200025750A0073772F6E6C2F696D67004E4C00
:103330003A20696D616765207365616C206661691B
:103340006C65640A004E4C3A206E6F6465202575EA
:1033500020686173206E6F20646F776E6C696E6B8E
:103360002063686172616374657269737469630A6A
:10337000004E4C3A206E6F6465202575207265738F
:10338000756D696E6720696D6167652061742025C0
:10339000752F257520420A004E4C3A2077726974C9
:1033A0006520746F206E6F646520257520666169E5
:1033B0006C656420286174742065727220307825F1
:1033C0003032782C207068617365202564290A00EA
:1033D0004E4C3A206E6F646520257520636F6D6DCD
:1033E000616E642064656C6976657265640A004E7E
:1033F0004C3A206E6F64652025752061726D65649E
:1034000020666F7220257520420A004E4C3A206ECD
:103410006F646520257520696D6167652061636350
:103420006570746564202D207377617073206F6EF2
:1034300020697473206E6578742072657365740AF0
:10344000004E4C3A20636F6E6E65637420746F207B
:103450006E6F6465202575206661696C656420283F
:10346000307825303278290A004E4C3A20636F6E4E
:103470006E5F6C655F637265617465206661696C1F
:10348000656420282564290A004E4C3A206E6F643A
:10349000652025752074696D6564206F75740A0058
:1034A0004E4C3A206E6F646520646F776E6C696E67
:1034B0006B2072656164790A004E4C3A206E6F642D
:1034C00065202575207468726573686F6C643D258E
:1034D0006420687973743D25642071756575656431
:1034E0000A0073772F6E6C00464952535400202017
:1034F00020202000756E6B005258202573206E6FBF
:1035000064652025752028257329202076616C208C
:103510002564202076616C3220256420206261744D
:103520007420257525252020666C6167732030780E
:10353000253032582020727373692025640A0042B6
:103540004C453A20656E61626C65206661696C6508
:103550006420282564290A00424C453A207363619F
:103560006E207374617274206661696C65642028D2
:103570002564290A00424C453A206261636B6772F8
:103580006F756E64206F62736572766572207275F6
:103590006E6E696E670A005354414C450025732DC9
:1035A0002D2D2D204E4F4445532028726F73746586
:1035B0007220256429202D2D2D2D2D2D2D2D2D2DE5
:1035C0002D2D2D2D2D2D2D2D2D2D2D2D2D2D2D2D2B
:1035D0002D2D2D2D2D2D2D2D2D2D2573002020252C
:1035E000327520252D387320252D387320204D4924
:1035F0005353494E47257300202025327520252D31
:10360000387320252D38732020252D357320253340
:1036100064732020727373692025346420207661DE
:103620006C20253664202076616C3220253664209B
:1036300020626174742025337525252020666C6115
:103640006773203078253032582573002020256498
:103650002F25642068656172642573257300627488
:10366000656D70006C6F616400686272616B65000B
:103670007474656D7000646F6F720047454E004E44
:103680004F44452D25732D253032640063726974D3
:103690006963616C00686561727462656174002FB2
:1036A000616C61726D002F6576656E740054454CD7
:1036B000454D3A205245434F5244204C4F535420DD
:1036C0002D20627566666572206661696C6564208E
:1036D0002825642C2025752062797465732C20259B
:1036E00073290A0025732F25732F25732F75702FCB
:1036F000257300626B70006C746F00226D74223A47
:10370000220025642D25642D25645425643A256402
:103710003A25645A006368617267696E6700707267
:103720006573656E740022707772223A7B22737221
:1037300063223A222573222C22736F63223A257565
:103740002C22736F6C223A222573222C22626B701A
:10375000223A226E61227D0022707772223A7B2209
:10376000737263223A226C746F222C22736F63226D
:103770003A302C22736F6C223A22756E6B6E6F7723
:103780006E222C22626B70223A226E61227D007BB7
:10379000226D74223A222573222C227076223A2539
:1037A000642C22736571223A25752C226777223AA0
:1037B000222573222C2277676E223A222573222C2F
:1037C000227473223A25752C226C6F63223A7B2275
:1037D0006C6174223A252E36662C226C6F6E223A6A
:1037E000252E36662C22636570223A25752C2273AD
:1037F0007973223A25737D2C22737064223A252E28
:1038000030662C25732C2264223A007B22636F647D
:1038100065223A222573222C2266726F6D223A2588
:1038200073257325732C22746F223A257325732513
:10383000732C226E6F6465223A2573257325732CD1
:103840002274726970223A2573257325732C2269BC
:103850006E666F223A7B7D7D7D0033640068620076
:103860007B226D6F6465223A222573222C226D6FB4
:1038700074223A7B22737064223A252E30662C2201
:10388000686467223A252E30667D2C22656E76228A
:103890003A7B2274223A25642E25642C2268223A2F
:1038A00025647D2C22676E7373223A7B22737973B1
:1038B000223A25732C22666978223A222573222C1B
:1038C000226E736174223A25752C2268646F70220F
:1038D0003A252E31667D2C2273656E73223A5B0089
:1038E00025737B226E6F6465223A222573222C2277
:1038F000706F73223A222573222C22747970223A37
:10390000222573222C2276616C223A25732C227593
:103910006E6974223A222573222C2274223A25736E
:103920002C22626174223A25642C22616765223A56
:10393000256C6C647D0025737B226E6F6465223A72
:10394000222573222C22706F73223A222573222C97
:1039500022747970223A222573222C226D697373A6
:10396000223A317D002573222563220025736E756E
:103970006C6C005D2C2262616E64223A7B22627262
:1039800067223A5B25735D2C2277686C223A5B25AF
:10399000735D7D2C002270777232223A7B22737223
:1039A00063223A222573222C226C746F223A7B22E6
:1039B00076223A25752C22736F63223A25752C22C4
:1039C000636867223A222573227D2C22736F6C2252
:1039D0003A7B2276696E223A25752C2269223A2595
:1039E000642C227374223A222573227D2C22626B6E
:1039F00070223A7B226F6B223A6E756C6C2C2276A9
:103A0000223A6E756C6C2C2272656D223A6E756C62
:103A10006C2C22757365223A6E756C6C7D2C22615C
:103A20007574223A25737D2C2267736D223A7B22AE
:103A300063656C6C223A222573222C22727373699F
:103A4000223A25647D2C22627566223A7B226E2200
:103A50003A25642C226F6C64223A25752C226E65FF
:103A600077223A25757D2C227570223A256C6C647C
:103A70002C226677223A222573227D7D00484F54FE
:103A80005F42454152494E470054494C5400484119
:103A90004E444252414B455F4D4F56494E470054AC
:103AA000414D5045520054414E4B5F4F5645525484
:103AB000454D5000444F4F525F554E4155544800BC
:103AC00053454E534F525F4641554C540063726903
:103AD000740063670079656C6C6F77007B22636F9D
:103AE0006465223A222573222C22736576223A22BB
:103AF0002573222C226E6F6465223A222573222CB4
:103B000022706F73223A222573222C2276616C2256
:103B10003A25642C22756E6974223A222573222C70
:103B200022746872223A25642C227374223A22731A
:103B30006574222C22616964223A22616C2D2575FC
:103B4000222C22737064223A252E30667D7D00631C
:103B50006C656172007B22636F6465223A22534573
:103B60004E534F525F4641554C54222C227365767A
:103B7000223A227761726E222C226E6F6465223A9D
:103B8000222573222C22706F73223A222573222C55
:103B90002276616C223A312C22756E6974223A22A7
:103BA0007374617465222C22746872223A25752C14
:103BB000227374223A222573222C22616964223AEC
:103BC00022616C2D2575222C22737064223A252ED9
:103BD00030667D7D0054454C454D3A206E6F6465DE
:103BE000202575206661756C7420616C61726D2092
:103BF000646566657272656420286C696E6B20640A
:103C00006F776E290A0072657370007B22636964A6
:103C1000223A222573222C22636D64223A222573D4
:103C2000222C22726573223A222573222C2265638C
:103C3000223A2573257325732C22706C223A257342
:103C40007D7D007B22636F6465223A222573222CDE
:103C500022736576223A222573222C226E6F6465C8
:103C6000223A2573257325732C2276616C223A251E
:103C70002E31662C22756E6974223A222573222C0D
:103C800022746872223A252E31662C227374223AED
:103C9000222573222C22616964223A22616C2D252F
:103CA00075222C22737064223A252E30667D7D00A9
:103CB0004252470054544D5000444F4F520042521C
:103CC0004B00544845524D3A206469652073656E37
:103CD000736F7220756E617661696C61626C6520CC
:103CE0002D2068616C742070726F74656374696FE5
:103CF0006E204F46460A00544845524D3A207265A0
:103D0000616479202868616C74203E3D2025642020
:103D1000432C20726573756D65203C3D2025642021
:103D200043290A00544845524D3A2025642E256403
:103D30002043202D2054582048414C5445442028ED
:103D400073352E312E3130292C20627566666572EE
:103D5000696E670A00544845524D3A2025642E2565
:103D6000642043202D20545820726573756D65645E
:103D70000A0044455241494C00494D5041435400CA
:103D8000444F4F525F434C4F534500636C6F736514
:103D90006400444F4F525F4F50454E006F70656E48
:103DA000006170706C6965640048414E4442524144
:103DB0004B455F4150504C4945440048414E4442B8
:103DC00052414B455F52454C454153454400726555
:103DD0006C6561736564004348415247455F5354C5
:103DE000415254004348415247455F53544F50009D
:103DF00025007761726E004E4F44455F4C4F575F10
:103E0000424154544552590069647800464C41542B
:103E10005F574845454C0042414E445F4348414E40
:103E20004745004F5645524C4F4144004C4F41448A
:103E30005F4348414E4745005352435F53574954EF
:103E40004348004F54413A206466755F746172675D
:103E500065745F7772697465206661696C6564205A
:103E6000282564290A004F54413A20616C7265612B
:103E700064792072756E6E696E67202573202D201F
:103E800069676E6F72696E670A004F54413A20731A
:103E900074617274207665723D25732073697A654A
:103EA0003D25640A004F54413A206466755F746191
:103EB0007267657420696E6974206661696C6564F7
:103EC00020282564290A004F54413A20646F776EF8
:103ED0006C6F6164206661696C6564202825642CC0
:103EE0002077726F7465202564290A004F54413A87
:103EF000206466755F7461726765745F646F6E6578
:103F0000206661696C656420282564290A004F5485
:103F1000413A20626F6F745F726571756573745F8B
:103F200075706772616465206661696C65642028DC
:103F30002564290A004F54413A20696D6167652064
:103F4000737461676564202D2077696C6C207265DD
:103F5000626F6F7420746F206170706C790A004F0B
:103F600054413A207265626F6F74696E6720696EA2
:103F7000746F204D4355626F6F7420746F206170B1
:103F8000706C79207570646174650A007B227374AB
:103F9000617465223A222573222C22706374223ABE
:103FA00025642C22766572223A222573227D0069CF
:103FB000646C6500646F776E6C6F6164696E670036
:103FC000766572696679006170706C79696E6700F8
:103FD0006E6F64656F74613A2073746167652077F2
:103FE00072697465206661696C656420282564299E
:103FF0000A006E6F64656F74613A206E6578742094
:10400000746172676574206E6F6465202575202861
:104010002575206C656674290A006E6F64656F747F
:10402000613A2063616D706169676E20636F6D70C6
:104030006C657465202D202575206163636570743F
:1040400065642C202575206661696C65640A006EC4
:104050006F64656F74613A20696E74657272757011
:1040600074656420646F776E6C6F6164206469733B
:104070006361726465640A006E6F64656F74613AAF
:1040800020726573756D696E67206E6F646520259B
:10409000752061742025752F257520420A006E6FEA
:1040A00064656F74613A206E6F2073746167696E26
:1040B0006720706172746974696F6E0A006E6F6454
:1040C000656F74613A20696D6167652025642042DF
:1040D00020657863656564732025752042207374BC
:1040E0006167696E6720617265610A006E6F646561
:1040F0006F74613A2073746167696E6720657261DD
:104100007365206661696C65640A006E6F64656F33
:1041100074613A206665746368696E672025732050
:1041200028256420422920666F72202575206E6F35
:1041300064652873292C20747970652025750A0020
:104140006E6F64656F74613A20646F776E6C6F6137
:1041500064206661696C656420282564290A006E04
:104160006F64656F74613A207374616765642025BC
:1041700075204220627574202575204220616E6E84
:104180006F756E636564202D207265667573656456
:104190000A006E6F64656F74613A207374616765BD
:1041A00064202575204220637263202530347820F6
:1041B0002D2077616974696E6720666F72206E6F5B
:1041C00064652025752077696E646F770A006163E6
:1041D000636570746564004641494C4544006E6FE8
:1041E00064656F74613A206E6F64652025752025C3
:1041F00073202825752F25752042290A007B2273FC
:1042000074617465223A222573222C226E6F6465D4
:10421000223A25752C22706374223A25642C22766A
:104220006572223A222573227D006665746368698F
:104230006E670073656E64696E6700646F6E65001B
:104240002020202A2A2A204750494F2057524954DB
:1042500045204641494C4544202A2A2A00524149DA
:104260004C533A206561726C792053575F4D454D30
:104270003D25642053575F4158493D2564205357DD
:104280005F5348543D256425730A00504D3A20720F
:10429000756E74696D655F6765742825732920667E
:1042A00061696C65642025640A004D55583A2053B5
:1042B0005420726561642044495341424C45442076
:1042C000284D55585F53545F524541445F454E4118
:1042D000424C453D3029202D2050312E3131207562
:1042E0006E746F75636865643B20737263206661EA
:1042F0006C6C73206261636B20746F20746865203E
:10430000536F4320657374696D6174650A0052418F
:10431000494C533A2053575F4158492850322E3068
:1043200030293D2564202053575F4D454D2850309E
:104330002E3034293D2564202053575F534854289C
:1043400050302E3035293D25640A00504D3A2072F8
:10435000756E74696D655F707574282573292066A4
:1043600061696C65642025640A004D4F44454D3AEF
:10437000207261696C73207570202B202564206D7C
:1043800073205642415420736574746C65202D204F
:1043900070756C73696E67205057524B45592036C3
:1043A0003030206D730A004D4F44454D3A20505730
:1043B000524B45592072656C65617365642C2032DF
:1043C00030207320626F6F7420736574746C652085
:1043D000646F6E650A005744543A206465766963D9
:1043E00065206E6F74207265616479202D2067618D
:1043F00074657761792072756E7320554E50524FF7
:104400005445435445440A005744543A20696E7356
:1044100074616C6C206661696C6564202825642970
:10442000202D20676174657761792072756E732025
:10443000554E50524F5445435445440A0057445436
:104440003A207365747570206661696C6564202814
:10445000256429202D206761746577617920727544
:104460006E7320554E50524F5445435445440A00F4
:104470005744543A2061726D65642C202575206D77
:10448000732074696D656F75740A00636861726783
:1044900065723A206932633231206E6F7420726522
:1044A0006164790A00636861726765723A204251FB
:1044B0003235373938206E6F7420726573706F6EC5
:1044C00064696E6720617420307825303258202866
:1044D0002564290A00636861726765723A20756E07
:1044E00065787065637465642070617274206964B6
:1044F00020307825303258206174203078253032D1
:10450000580A00636861726765723A204251323519
:104510003739382072656164790A00747269636B97
:104520006C650070726563686172676500666173CF
:104530007400746170657200746F706F666600332A
:10454000313035343331323334350070726F76693F
:1045500073696F6E656400434F4D50494C452D544F
:10456000494D452053454544006F76657272696434
:1045700064656E0066726F6D20696D6167650073BA
:10458000772F6964006964656E746974793A20777D
:1045900061676F6E20257320282573292C2066699A
:1045A000746D656E742025730A0047572D257300BE
:1045B0002028666F6C6C6F7720696D6167652900D4
:1045C00073772F69642F66697400636F6E6669671D
:1045D0003A206669746D656E74206F7665727269D3
:1045E0006465202D3E2030782530355825730A002B
:1045F00073772F69642F7761676F6E00636F6E66E4
:1046000069673A207761676F6E206E756D626572BB
:104610002073657420746F2025730A00636F6E66C3
:1046200069673A204C544F206D6170207365742087
:104630002D2066756C6C202575206D562C20656DBF
:10464000707479202575206D560A00636F6E666957
:10465000673A207365656465642064656661756C9E
:1046600074730A00636F6E6669673A206C6F6164E9
:10467000656420286D6F76696E673D2575732069C6
:10468000646C653D25757320696D706163743D25AB
:10469000756D6720676E73733D2575290A000A20C2
:1046A000202A2A2A2A2A2A2A2A2A2A2A2A2A2A2A74
:1046B0002A2A2A2A2A2A2A2A2A2A2A2A2A2A2A2A5A
:1046C0002A2A2A2A2A2A2A2A2A2A2A2A2A2A2A2A4A
:1046D0002A2A2A2A2A0A20202A20204445425547ED
:1046E0005F5452414345203D203120202D2020425F
:1046F000454E4348204255494C442C20444F204EBF
:104700004F54205348495020202020202A0A20209E
:104710002A2020636164656E6365206E6F77206D6B
:104720006F76696E673D252D3475732069646C65FD
:104730003D252D347573202020202020202020208E
:1047400020202020202A0A20202A20205244534FB3
:104750002073372E3420726571756972657320314C
:1047600030206D696E3B2073352E312E3230206241
:10477000617474657279206C69666520202A0A204C
:10478000202A202069732063616C63756C617465F5
:10479000642066726F6D2069742E20536574204406
:1047A000454255475F545241434520302E2020203A
:1047B00020202020202A0A20202A2A2A2A2A2A2ABF
:1047C0002A2A2A2A2A2A2A2A2A2A2A2A2A2A2A2A49
:1047D0002A2A2A2A2A2A2A2A2A2A2A2A2A2A2A2A39
:1047E0002A2A2A2A2A2A2A2A2A2A2A2A2A0A0A0093
:1047F00077676E3A25730053485434303A20616E1F
:1048000073776572696E6720617420307825303265
:10481000582C206E6F7420307834340A00424D4199
:104820003430303A20493243207265616420666139
:10483000696C65642028256429202D2063686563E0
:104840006B207468652053575F4158492072616935
:104850006C202850322E3030292C2074686520625C
:1048600075732070756C6C2D7570732C20616E647F
:1048700020746861742074686520706172742069A6
:104880007320706F70756C617465640A00424D41ED
:104890003430303A2077726F6E6720636869702019
:1048A0006964203078253032782028657870656317
:1048B0007465642030783930290A00424D41343023
:1048C000303A2072656164792028C2B13136672C94
:1048D00020494E54312D3E50312E3136290A007375
:1048E000746F726167653A20666C6173685F6172AC
:1048F00065615F6F70656E206661696C6564202814
:104900002564290A0073746F726167653A20257502
:10491000207265636F726473206275666665726586
:104920006420284652414D290A0073746F726167F2
:10493000653A204652414D206D6574616461746131
:1049400020756E757361626C65202D2072656275CD
:10495000696C64696E672066726F6D20666C617346
:10496000680A0073746F726167653A206E6F204643
:1049700052414D202D2072696E67207374617465F9
:1049800020636F6D65732066726F6D20746865209B
:10499000666C617368207363616E0A0073746F7272
:1049A0006167653A206E6F207265636F7264732071
:1049B0006F6E20666C617368202D20737461727451
:1049C000696E6720656D7074790A0073746F726127
:1049D00067653A2072656275696C742066726F6DE6
:1049E00020666C617368202D202575207265636FC9
:1049F00072642873292C207461696C2025752068E5
:104A0000656164202575207365712025750A007322
:104A1000746F726167653A20726573796E63202DD9
:104A200020736B697070656420257520736C6F74DA
:104A3000287329206F662064616D61676564207248
:104A400065636F72640A0073746F726167653A2000
:104A50006E6F2076616C6964207265636F7264208A
:104A6000666F756E64202D2072696E6720726573A3
:104A700065740A0073746F726167653A20726563CA
:104A80006F726420256420422065786365656473D5
:104A90002063616C6C6572206275666665722025A4
:104AA0006420420A002425732A253032580D0A005A
:104AB0003230253032642D253032642D2530326479
:104AC00054253032643A253032643A253032645A03
:104AD00000474E53533A20756172743330206E6F25
:104AE000742072656164790A00474E53533A206C12
:104AF000697374656E696E67206F6E20756172747C
:104B00003330202852583D50302E3030290A0031A1
:104B10002C302C302C302C302C3000302C302C30E1
:104B20002C302C302C3100312C312C312C312C31CB
:104B30002C3100504149523036362C2573005041FB
:104B4000495235313300474E53533A20636F6E73E9
:104B500074656C6C6174696F6E206366672025757F
:104B6000206170706C69656420285041495230366C
:104B7000362C2573290A005B5D00257322257322DC
:104B800000676C6F6E6173730067616C696C656F51
:104B900000626569646F7500717A73730045433C08
:104BA0002025730A0045433E2025730A0041540D19
:104BB0000A004F4B0045433230303A20646F776E25
:104BC0006C696E6B2071756575652066756C6C20FF
:104BD0002D20636F6D6D616E642064726F707065FF
:104BE000640A0045433230303A20646F776E6C6956
:104BF0006E6B205552432063617074757265640A50
:104C0000002B514D54524543563A004552524F5293
:104C100000415445300041540041504E3A20534920
:104C20004D206E6F742052454144592028636865B9
:104C3000636B2053494D2073656174696E67202F43
:104C40002050494E290A0041542B51434349440DF9
:104C50000A002B51434349443A0041504E3A202523
:104C6000730A0041542B43494D490D0A0041542B0E
:104C700043474154543D310041542B434741545420
:104C80003F0D0A002B43474154543A2030002B4338
:104C9000474154543A2031002B43455245473A008E
:104CA00041542B43455245473F0041504E3A2077EF
:104CB000616974696E6720666F72206E6574776FC4
:104CC000726B206174746163682E2E2E0A0041504D
:104CD0004E3A206E6F202B434744434F4E54207270
:104CE0006573706F6E73650A0041504E3A20636FB2
:104CF000756C64206E6F7420706172736520272557
:104D000073270A0041542B51494143543F0D0A0077
:104D10002B51494143543A0041504E3A20636F6E43
:104D2000746578742073746174653A2025730A0081
:104D300041504E3A203D3D3D3E2053494D20697340
:104D4000207573696E672041504E20222573222002
:104D50003C3D3D3D0A0041504E3A20707574207430
:104D600068697320696E2043454C4C5F41504E206A
:104D7000286170705F636F6E6669672E68290A002C
:104D800041504E3A206E6F7420617474616368659F
:104D900064202D206E6F2041504E2061737369672F
:104DA0006E6564207965740A0041542B434744437F
:104DB0004F4E543F0D0A002B434744434F4E543A45
:104DC00020310041504E3A206D6F64656D206E6F4A
:104DD0007420726573706F6E64696E6720746F20E3
:104DE00041540A0041542B434D45453D3200524544
:104DF0004144590041542B4350494E3F00454332F2
:104E000030303A20756172743232206E6F742072C5
:104E1000656164790A0045433230303A2075617229
:104E2000743232207265616479202854583D5031C3
:104E30002E30362C2052583D50312E3037290A0062
:104E400045433230303A206E6F20726573706F6E5A
:104E5000736520746F2041540A0045433230303A64
:104E60002053494D206E6F742052454144592028EB
:104E7000636865636B2053494D2F50494E290A00E2
:104E800045433230303A2077616974696E67206635
:104E90006F72206E6574776F726B206174746163DA
:104EA000682E2E2E20282564290A006169727465F7
:104EB0006C677072732E636F6D0045433230303A09
:104EC0002041504E20222573222052454A4543540A
:104ED000454420627920514943534750202D206397
:104EE0006865636B207370656C6C696E670A002B74
:104EF00051494143543A20312C310041542B5149FE
:104F00004143543F0045433230303A205044502012
:104F1000636F6E7465787420616C7265616479206A
:104F2000616374697665202D2072657573696E679B
:104F30002069740A0041542B51494143543D3100CA
:104F400045433230303A2051494143542072657410
:104F50007279202564202841504E20222573222971
:104F60000A0041542B514944454143543D310045C9
:104F7000433230303A205044502061637469766186
:104F800074696F6E206661696C6564206166746522
:104F90007220726574726965732E20436865636B55
:104FA0002C20696E206F726465723A2053494D203F
:104FB0006461746120706C616E20616374697665F0
:104FC0002C20636F766572616765202841542B43FE
:104FD0005351292C207468656E20746865204150F7
:104FE0004E202822257322292E2049662061205038
:104FF000524556494F5553206379636C6520776F4E
:10500000726B65642C207468652041504E20697372
:10501000206E6F74207468652070726F626C656DAD
:105020002E0A0045433230303A20646174612063B7
:105030006F6E6E656374696F6E2075700A0045430C
:105040003230303A206E6F74206174746163686529
:1050500064202D20636865636B20616E74656E6EDD
:10506000612F636F7665726167652C2053494D200F
:105070006461746120706C616E2C20616E642041EB
:10508000504E202822257322290A0041542B5149D1
:10509000435347503D312C312C222573222C2222A0
:1050A0002C22222C310041542B514D54434C4F5350
:1050B000453D300041542B514D544346473D2273EA
:1050C000657373696F6E222C302C300041542B5164
:1050D0004D544346473D22726563762F6D6F64657C
:1050E000222C302C302C300041542B514D5443464F
:1050F000473D2277696C6C222C302C312C312C31BD
:105100002C2225732F25732F25732F7374617475CB
:1051100073222C226F66666C696E652200454332ED
:1051200030303A20636C69656E7420627573792043
:105130002D2072656C656173696E6720736F636B98
:10514000657420300A0041542B514D544449534357
:105150003D300041542B514D54434C4F53453D304D
:105160000D0A002B514D54434C4F53453A20302CDF
:10517000300045433230303A207374696C6C2062E1
:10518000757379202D2072657374617274696E670E
:10519000206D6F64656D20284346554E3D312C319E
:1051A000290A0041542B4346554E3D312C310039DC
:1051B000352E3231362E3136372E33380041542BCE
:1051C000514D544F50454E3D302C222573222C25F5
:1051D00064002B514D544F50454E3A20302C300036
:1051E00045433230303A20514D544F50454E2066A1
:1051F00061696C6564206166746572207265636FB5
:105200007665727920617474656D7074732028728C
:105210006573756C742032203D20636C69656E7413
:1052200020627573792C2034203D20444E532C206D
:1052300033203D2050445020646F776E290A00418E
:10524000542B514D54434F4E4E3D302C222573224A
:105250002C222573222C22257322004A6E564D5192
:10526000403135303721006A6E765F6D717474009D
:105270002B514D54434F4E4E3A20302C302C3000A1
:1052800045433230303A20514D54434F4E4E206604
:1052900061696C65640A0041542B514D5453554269
:1052A0003D302C312C2225732F25732F25732F642D
:1052B0006E2F636D64222C31002B514D5453554297
:1052C0003A20302C310045433230303A20514D5491
:1052D00053554220646E2F636D64206661696C656E
:1052E000640A0041542B514D545355423D302C32E9
:1052F0002C2225732F616C6C2F646E2F636D6422DA
:105300002C31002B514D545355423A20302C320051
:1053100045433230303A20514D5453554220616C50
:105320006C2F646E2F636D64206661696C65640A1E
:105330000041542B514D545055423D302C302C30AF
:105340002C312C2225732F25732F25732F73746115
:1053500074757322006F6E6C696E65002B514D542D
:105360005055423A20302C300045433230303A20FC
:105370004D51545420636F6E6E6563746564207480
:105380006F2025733A2564202873756273637269F0
:1053900062656420646E2F636D64290A002F616C5E
:1053A0006C2F646E2F636D64002B514D5444495330
:1053B000433A20302C3000504F574552454420444A
:1053C0004F574E0041542B51504F57443D310041EF
:1053D000542B51485454504346473D22636F6E74DA
:1053E0006578746964222C310041542B514854541F
:1053F000504346473D22726573706F6E73656865F2
:1054000061646572222C300041542B514854545031
:105410004346473D2273736C6374786964222C3170
:105420000041542B5153534C4346473D2273736CF8
:1054300076657273696F6E222C312C340041542BC7
:105440005153534C4346473D2263697068657273FC
:1054500075697465222C312C3078464646460041E9
:10546000542B5153534C4346473D227365636C653F
:1054700076656C222C312C300041542B5153534C07
:105480004346473D2269676E6F72656C6F63616C5E
:1054900074696D65222C312C310041542B514854D4
:1054A000545055524C3D25642C333000434F4E4EE2
:1054B0004543540041542B51485454504745543DA2
:1054C00036300D0A002B51485454504745543A0089
:1054D0002B51485454504745543A2025642C256498
:1054E0002C25640045433230303A20514854545002
:1054F000474554206661696C656420282573290A34
:105500000045433230303A20485454502025642C12
:10551000206E6F7420323030202D2077726F6E67CE
:105520002055524C2C206120726564697265637449
:105530002C206F72206175746820726571756972B4
:1055400065642E20557365207468652046494E4178
:105550004C2075726C2028666F72204769744875FC
:10556000622074686174206973207261772E6769A4
:105570007468756275736572636F6E74656E742E90
:10558000636F6D2C206E6F74206769746875622E6E
:10559000636F6D290A0045433230303A20646F77DB
:1055A0006E6C6F6164696E67202564206279746532
:1055B00073202868747470202564290A0041542BD4
:1055C0005148545450524541443D36300D0A00452F
:1055D000433230303A20646F776E6C6F61642073B1
:1055E00074616C6C65642C202564206C6566740A9B
:1055F000002B5148545450524541443A2030004DFC
:10560000533C204154202D3E204F4B0A0028736903
:105610006C656E636529004D533F2020252D313286
:1056200073202D3E2025730A004D533E2025730A1A
:10563000004D533C2025730A004D533A206D6F6492
:10564000656D20616C72656164792075700A004D2A
:10565000533A2073696C656E74202D2070756C73DD
:10566000696E67205057524B45590A004D533A20F6
:10567000626F6F7420746578742C202564206279C1
:105680007465730A004D533A205741524E494E47B4
:10569000202D2070657273697374656E7420736554
:1056A0007373696F6E206E6F74207365743B207422
:1056B00068652062726F6B65722077696C6C20443C
:1056C000524F5020636F6D6D616E6473207175650C
:1056D000756564207768696C652061736C656570B9
:1056E0000A0041542B514D544346473D2277696C83
:1056F0006C222C302C312C312C312C222573222C75
:10570000227B5C2273745C223A5C226F66666C6951
:105710006E655C222C5C2274735C223A25757D22B6
:105720000041542B514D544346473D2277696C6CE0
:10573000222C302C312C312C312C222573222C227E
:105740007B2222737422223A22226F66666C696E73
:105750006522222C2222747322223A25757D220092
:1057600041542B514D544346473D2277696C6C227E
:105770002C302C312C312C312C222573222C7B22E5
:105780007374223A226F66666C696E65222C2274ED
:1057900073223A25757D004D533A2077696C6C2051
:1057A0006163636570746564207769746820222280
:1057B0002071756F74696E670A004D533A206E6FE1
:1057C000204A534F4E2077696C6C20666F726D20B3
:1057D0006163636570746564202D207573696E67FD
:1057E0002061206261726520737472696E6720287F
:1057F00073372E3320646576696174696F6E206F2C
:105800006E20746865204C5754206F6E6C79290A9D
:105810000041542B514D544346473D2277696C6CEF
:10582000222C302C312C312C312C222573222C228D
:105830006F66666C696E6522004D533A2077696C1D
:105840006C20616363657074656420756E71756F3B
:105850007465640A004D533A2053494D206E6F74AD
:105860002052454144590A0041542B434741545466
:105870003F004D533A206E6F206E6574776F726BE8
:1058800020617474616368206166746572203630CB
:105890002073202D20737461746520666F6C6C6FAB
:1058A00077730A0041542B4353510041542B435208
:1058B00045473F0041542B434F50533F002B435328
:1058C000513A002B4353513A202564004D533A205E
:1058D0007369676E616C2025642064426D202843E3
:1058E0005351202564290A0041542B434552454712
:1058F0003D32004D533A2041504E20222573222044
:1059000072656A65637465640A004D533A205044B9
:10591000502061637469766174696F6E2066616995
:105920006C65640A002B514D544F50454E3A20305F
:105930000041542B514D544F50454E3F004D533A6A
:105940002062726F6B657220736F636B6574206683
:1059500061696C65640A004D533A204D51545420DE
:10596000636F6E6E65637420726566757365640A35
:10597000004D533A20434F4E4E4543544544207406
:105980006F2025733A25642061732025730A004D2A
:10599000533A206D6F64656D20646964206E6F7486
:1059A00020616E737765722041540A004D533A208E
:1059B00073657373696F6E207374616C65202D203D
:1059C00072656275696C64696E670A0041542B5197
:1059D0004D545055423D302C25752C312C25642CCE
:1059E00022257322004D533A206E6F20273E272038
:1059F00070726F6D70740A002B514D545055423ABD
:105A0000002B514D545055423A2025642C25642CCE
:105A10002564004D533A2062726F6B657220726587
:105A20006A6563746564207075626C6973682028A8
:105A3000726573756C74202564290A004D533A20F1
:105A40006E6F20726573706F6E736520746F205176
:105A50004D5450554220696E20313520730A004D57
:105A6000533A207075626C6973682025732028256D
:105A700073290A006865617020636F7272757074B3
:105A8000696F6E20286E6F7420696E207573653F94
:105A900029206174202570006865617020636F7231
:105AA00072757074696F6E20286275666665722003
:105AB0006F766572666C6F773F2920617420257060
:105AC000006865617020636F7272757074696F6EC3
:105AD0002028646F75626C6520667265653F2920B9
:105AE0006174202570006F735F68656170002875B0
:105AF0006E7369676E6564292063686172202A206D
:105B00007573656420666F72202525702061726749
:105B1000756D656E742E2049742773207265636FEE
:105B20006D6D656E64656420746F206361737420AD
:105B3000697420746F20766F6964202A206265631F
:105B400061757365206974206D6179206361757377
:105B500065206D69736265686176696F7220696E30
:105B6000206365727461696E20636F6E6669677524
:105B7000726174696F6E732E20537472696E673A26
:105B80002225732220617267756D656E743A2564F3
:105B90000063627072696E74665F7061636B6167E7
:105BA00065004661696C656420746F207265626F80
:105BB0006F743A207370696E6E696E6720656E64EB
:105BC0006C6573736C792E2E2E0A007379735F6780
:105BD00065746F7074004E5653206E6F7420696E3A
:105BE000697469616C697A656400436F756C6420DF
:105BF0006E6F74206F627461696E20666C61736889
:105C000020706172616D657465727300556E737595
:105C100070706F7274656420777269746520626C4D
:105C20006F636B2073697A6500536563746F7220CC
:105C300073697A6520257520746F6F206C617267B7
:105C4000652C206D6178696D756D20697320257AEA
:105C50007500556E61626C6520746F2067657420F5
:105C60007061676520696E666F00496E76616C6968
:105C70006420736563746F722073697A6500436F83
:105C80006E66696775726174696F6E206572726F96
:105C900072202D20736563746F7220636F756E744C
:105CA00000256420536563746F7273206F6620252E
:105CB0006420627974657300616C6C6F6320777225
:105CC000613A2025642C2025780064617461207776
:105CD00072613A2025642C20257800474320446FC8
:105CE0006E65206D61726B657220666F756E640003
:105CF0004E6F20474320446F6E65206D61726B6567
:105D00007220666F756E643A207265737461727486
:105D1000696E672067630066735F6E7673006C6FF1
:105D20006767696E67006C6F67006C6F675F6D67B0
:105D30006D74004D65737361676520282225732299
:105D4000292064726F707065642062656361757389
:105D50006520697420657863656564732073697A6A
:105D600065206C696D69746174696F6E2028257592
:105D700029004D6573736167652064726F7070658B
:105D8000642062656361757365206974206578635A
:105D9000656564732073697A65206C696D697461E7
:105DA00074696F6E2028257529001B5B306D0025F6
:105DB0007320005B2530386C755D20005B25303228
:105DC000753A253032753A253032752E25303375C7
:105DD0002C253033755D20003C25733E2000257353
:105DE0002F0025733A20002530327820007C0025D2
:105DF00063001B5B313B33316D001B5B313B333345
:105E00006D0077726E00696E6600646267006C6F89
:105E1000675F6261636B656E645F75617274006C6D
:105E20006F675F7561727400616374697665007392
:105E3000757370656E64656400706D5F6465766926
:105E4000636500556E62616C616E63656420737595
:105E50007370656E64004275666665722073697A58
:105E60006520697320626967676572207468616E76
:105E70002070616765004572726F7220256420771B
:105E800068696C652067657474696E672070616706
:105E90006520696E666F004572726F7220256420FE
:105EA0007768696C652065726173696E67207061DF
:105EB00067650073747265616D5F666C6173685FBE
:105EC000666F72776172645F6572617365202564C5
:105ED0002072616E67653D30782530387A780066CB
:105EE0006C6173685F7772697465206572726F7236
:105EF000202564206F66667365743D3078253038E0
:105F00007A7800666C6173682072656164206661EE
:105F1000696C65643A2025640063616C6C6261633E
:105F20006B206661696C65643A2025640042756681
:105F30006665722073697A65206973206E6F7420BC
:105F4000616C69676E656420746F206D696E696D40
:105F5000616C2077726974652D626C6F636B2D7351
:105F6000697A6500496E636F72726563742070614F
:105F700072616D657465720053697A65206973207A
:105F8000696E636F727265637400526571756573D3
:105F90007465642072616E6765206F766572666CE9
:105FA0006F77732053495A455F4D415800446576D9
:105FB000696365207365656D7320746F2068617611
:105FC0006520302073697A65005265717565737458
:105FD00065642072616E6765206F766572666C6FAE
:105FE0007773206465766963652073697A65005309
:105FF000545245414D5F464C41534800666C6173B5
:10600000685F696D67007365742D76616C756520D6
:106010006661696C7572652E206B65793A2025730F
:10602000206572726F722825642900736574746923
:106030006E67730053697A65206F6620434F4E4642
:1060400049475F464C4153485F46494C4C5F425577
:10605000464645525F53495A45004E65676174692B
:106060007665206F6666736574206E6F7420616C50
:106070006C6F7765640A00496E636F727265637452
:106080002073697A65206F72206F6666736574206D
:10609000616C69676E6D656E742C206578706563E0
:1060A00074656420257A780A0046696C6C20746FE8
:1060B00020646576202570206661696C65642061C6
:1060C00074206F6666736574203078257A780A00CC
:1060D0002A2A2A20426F6F74696E67206E5246200A
:1060E000436F6E6E6563742053444B2076332E34B9
:1060F0002E302D393935353330353536303762204D
:106100002A2A2A0A002A2A2A205573696E67205AE9
:106110006570687972204F532076342E342E302DDE
:10612000626638303165346533643139202A2A2A71
:106130000A0072302F61313A2020307825303878CB
:10614000202072312F61323A202030782530387883
:10615000202072322F61333A202030782530387871
:106160000072332F61343A2020307825303878207F
:106170007231322F69703A202030782530387820FB
:106180007231342F6C723A20203078253038780004
:1061900020787073723A2020307825303878007378
:1061A0005B2532645D3A2020307825303878202015
:1061B000735B2532645D3A202030782530387820B2
:1061C00020735B2532645D3A2020307825303878A2
:1061D0002020735B2532645D3A20203078253038EA
:1061E000780066707363723A2020307825303878F2
:1061F000004661756C74696E6720696E73747275A0
:106200006374696F6E2061646472657373202872B1
:1062100031352F7063293A20307825303878005591
:106220006E68616E646C6564204952516E3A202537
:1062300064002A2A2A2A2A205553414745204641EC
:10624000554C54202A2A2A2A2A002020446976699B
:1062500073696F6E206279207A65726F0020205515
:106260006E616C69676E6564206D656D6F72792013
:10627000616363657373002020537461636B206FE7
:10628000766572666C6F772028636F6E74657874BC
:106290002061726561206E6F742076616C6964297B
:1062A0000020204E6F20636F70726F636573736F91
:1062B0007220696E737472756374696F6E730020F7
:1062C00020496C6C6567616C206C6F6164206F663F
:1062D000204558435F52455455524E20696E746FA5
:1062E000205043002020496C6C6567616C207573F9
:1062F00065206F6620746865204550535200202049
:10630000417474656D707420746F20657865637571
:10631000746520756E646566696E656420696E7368
:106320007472756374696F6E002A2A2A2A2A204DB6
:106330005055204641554C54202A2A2A2A2A00200A
:1063400020537461636B696E67206572726F72208F
:1063500028636F6E746578742061726561206D6961
:10636000676874206265206E6F742076616C696462
:1063700029002020556E737461636B696E67206518
:1063800072726F7200202044617461204163636502
:1063900073732056696F6C6174696F6E0020204DB5
:1063A0004D46415220416464726573733A203078DF
:1063B0002578002020496E737472756374696F6E5E
:1063C000204163636573732056696F6C6174696FF4
:1063D0006E002020466C6F6174696E672D706F6966
:1063E0006E74206C617A79207374617465207072A8
:1063F00065736572766174696F6E206572726F7213
:10640000002A2A2A2A2A20425553204641554C5414
:10641000202A2A2A2A2A002020537461636B696E7D
:1064200067206572726F7200202050726563697315
:1064300065206461746120627573206572726F7289
:106440000020204246415220416464726573733AD1
:106450002030782578002020496D7072656369735B
:1064600065206461746120627573206572726F7259
:10647000002020496E737472756374696F6E2062B8
:106480007573206572726F720052657365727665FE
:106490006420457863657074696F6E2028005370BE
:1064A0007572696F757320696E7465727275707438
:1064B00020284952512000535053454C20696E20EA
:1064C000746872656164206D6F646520646F6573C4
:1064D000206E6F7420696E64696361746520505327
:1064E00050002A2A2A2A2A2048415244204641554F
:1064F0004C54202A2A2A2A2A00202042757320661A
:1065000061756C74206F6E20766563746F72207491
:1065100061626C652072656164002020446562756B
:1065200067206576656E740020204661756C742066
:10653000657363616C6174696F6E20287365652093
:1065400062656C6F772900415243485F4558434567
:106550005054207769746820726561736F6E2025CE
:10656000780A002A2A2A2A2A204465627567206D43
:106570006F6E69746F7220657863657074696F6E91
:10658000202A2A2A2A2A002A2A2A2A2A202573206F
:10659000256429202A2A2A2A2A006D70750046615E
:1065A000696C656420746F20616C6C6F63617465E5
:1065B000206E6577204D505520726567696F6E209B
:1065C00025750A00506172746974696F6E202575B3
:1065D0003A20636F686572656E6365206368656302
:1065E0006B206661696C65642E00496E76616C692A
:1065F0006420756E6465726C79696E672072656778
:10660000696F6E20696E64657820257500464C417F
:1066100053485F30005352414D5F300065786974D4
:106620000061626F727428290A006E65745F62757A
:1066300066006E65745F6275665F73696D706C6528
:1066400000736F63007263004661696C6564207457
:106650006F206F70656E20666C6173682061726573
:10666000612049442025753A202564004661696C03
:10667000656420746F2072656164206461746120B8
:1066800066726F6D20666C61736820617265613A35
:10669000202564004661696C656420746F20657212
:1066A00061736520666C61736820617265613A2070
:1066B0002564004661696C656420746F20726561B1
:1066C0006420646174612066726F6D20666C617312
:1066D000683A20256400736C6F7400766572736984
:1066E0006F6E003C3F3F3F3E006861736800626F21
:1066F0006F7461626C650070656E64696E670063DB
:106700006F6E6669726D6564007065726D616E654D
:106710006E7400696D616765730073706C697453A2
:106720007461747573004661696C656420626F6F93
:10673000745F7365745F6E65787420776974682020
:10674000636F64652025642C20666F7220736C6F04
:10675000742025642C2077697468206163746976DD
:106760006520736C6F7420256420616E6420636FF4
:106770006E6669726D20256400636F6E6669726D66
:10678000002568752E2568752E256875002E2575DF
:1067900000736861007570677261646500496D61BE
:1067A00067652075706C6F616420696E73706563D6
:1067B00074206661696C65643A20256400497272D0
:1067C00065636F76657261626C65206572726F7267
:1067D0003A20666C6173682077726974652066611F
:1067E000696C65643A202564006D63756D67725F3E
:1067F000696D675F67727000666F726365006D63D5
:10680000756D67725F6F735F6772700042542064CA
:10681000697361626C65206661696C65642062659C
:10682000666F7265207265626F6F743A202564002E
:106830006F735F6D676D745F7265626F6F745F62B7
:1068400074006D63756D677220736D70006D637594
:106850006D67725F736D7000426C7565746F6F74F5
:106860006820534D50207472616E73706F72742083
:106870007265676973746572206661696C6564200E
:106880002865727220256429004E756C6C20637037
:1068900064206F626A65637420666F7220636F6E36
:1068A0006E656374696F6E202570007075626C6927
:1068B000630072616E646F6D007075626C69632D48
:1068C00069640072616E646F6D2D696400253032F9
:1068D000583A253032583A253032583A2530325815
:1068E0003A253032583A253032582028257329006D
:1068F0004254204C572057510062745F6275660005
:106900006D616C666F726D6564206164766572742A
:106910006973696E672064617461202575202F207A
:1069200025750062745F6461746100446174612064
:10693000627566666572206F766572666C6F772029
:10694000286C696E6B207479706520307825303240
:10695000782900556E61626C6520746F206C6F6FD2
:106960006B20757020636F6E6E2077697468206885
:10697000616E646C65202575004572726F722077B8
:1069800068696C65207570646174696E67207468ED
:1069900065207363616E6E65722028256429005539
:1069A0006E61626C6520746F206C6F6F6B75702008
:1069B000636F6E6E20666F722068616E646C652016
:1069C0002575004861726477617265206572726F27
:1069D000722C20686172647761726520636F6465F0
:1069E0003A20256400436F756C64206E6F742073C9
:1069F00075626D69742072785F776F726B3A2025CB
:106A00006400556E61626C6520746F20616C6C6F00
:106A1000636174652062756666657200556E6861B3
:106A20006E646C6564206576656E74203078253000
:106A30003278206C656E2025753A202573006576C6
:106A400074206E756D5F68616E646C657320283D9F
:106A500025752920746F6F206C6172676520282569
:106A60007A75203E20257529004E6F20636F6E6E6B
:106A7000656374696F6E20666F722068616E646C06
:106A800065202575007061636B65747320636F7595
:106A90006E74206D69736D6174636800546F6F204C
:106AA000736D616C6C20282575206279746573297B
:106AB000206576656E742030782530327800496E16
:106AC00076616C696420484349206576656E742060
:106AD00073697A65202825752900496E76616C698D
:106AE00064204C45206D657461206576656E742068
:106AF00073697A65202825752900574553545F54DA
:106B00004F504449522F7A65706879722F737562BD
:106B10007379732F626C7565746F6F74682F686F0B
:106B200073742F6863695F636F72652E63006576A7
:106B3000745F666C6167732026202831554C203CB9
:106B40003C202830292900415353455254494F4E87
:106B5000204641494C205B25735D20402025733A37
:106B600025640A00496E76616C696420627566204E
:106B70007479706520257500496E76616C696420B2
:106B80004843492041434C207061636B6574207316
:106B9000697A6520282575290041434C2064617479
:106BA00061206C656E677468206D69736D617463D4
:106BB000682028257520213D2025752900556E6106
:106BC000626C6520746F2066696E6420636F6E6E00
:106BD00020666F722068616E646C652025750062A6
:106BE000745F6863695F6576745F6765745F666C20
:106BF000616773286864722D3E65767429202620AB
:106C00002831554C203C3C202831292900556E6BF9
:106C10006E6F776E206275662074797065202575B9
:106C200000556E68616E646C65642076656E646F95
:106C3000722D7370656369666963206576656E742D
:106C400020307825303278206C656E2025753A200A
:106C50002573004E6F20636F6D6D616E64207365E8
:106C60006E7420666F7220636D6420636F6D706C4C
:106C700065746520307825303478004F70436F6438
:106C8000652030782530347820636F6D706C6574C2
:106C9000656420696E7374656164206F6620657831
:106CA0007065637465642030782530347800696ECF
:106CB00074657276616C20657863656564732074B1
:106CC00068652076616C69642072616E6765202555
:106CD00075207573006C6174656E637920657863E7
:106CE00065656473207468652076616C69642072E0
:106CF000616E676520307825303478007375707662
:106D00005F74696D656F757420657863656564731C
:106D1000207468652076616C69642072616E6765B5
:106D20002030782530347800756E6B6E6F776E008A
:106D30005B305D00484349207472616E73706F72FE
:106D4000743A20257300534443004964656E7469A6
:106D5000747925733A202573004964656E746974EB
:106D6000795B25645D3A202573004843493A2076D3
:106D7000657273696F6E2025732028307825303254
:106D80007829207265766973696F6E2030782530B6
:106D900034782C206D616E756661637475726572EE
:106DA00020307825303478004C4D503A207665728A
:106DB00073696F6E2025732028307825303278294A
:106DC0002073756276657220307825303478005AE9
:106DD000657068797200556E61626C6520746F2011
:106DE00073656E6420746F20647269766572202802
:106DF0006572722025642900657272203D3D203045
:106E00000009436F6E74726F6C6C657220756E72E0
:106E10006573706F6E736976652C20636F6D6D613D
:106E20006E64206F70636F6465203078253034782D
:106E30002074696D656F7574207769746820657258
:106E4000722025640A006F70636F646520307825B6
:106E50003034782073746174757320307825303243
:106E600078202573004661696C656420746F207218
:106E700065616420444C45206D61782064617461D3
:106E8000206C656E0074785F6F6374657473206541
:106E9000786365656473207468652076616C6964E5
:106EA0002072616E67652025750074785F74696D66
:106EB0006520657863656564732074686520766114
:106EC0006C69642072616E6765202575004E6F20C5
:106ED00070656E64696E672070657269706865724E
:106EE000616C20636F6E6E656374696F6E004E6FC8
:106EF0002070656E64696E672063656E7472616C84
:106F000020636F6E6E656374696F6E00436F6E6EA3
:106F1000656374696F6E206372656174696F6E205A
:106F200074696D656F7574207472696767657265E1
:106F300064004661696C656420746F2072657374C7
:106F400061727420696E69746961746F7200556E44
:106F500065787065637465642073746174757320FB
:106F6000307825303278202573004E6F2070656EA2
:106F700064696E6720636F6E6E20666F7220706545
:106F80006572202573004661696C656420746F200A
:106F9000726573657420424C4520636F6E74726F26
:106FA0006C6C657200484349206472697665722092
:106FB000636C6F7365206661696C65642028256465
:106FC00029004E6F6E2D4C452063617061626C65C7
:106FD00020636F6E74726F6C6C657220646574658B
:106FE0006374656421004E756D206F6620436F6E7B
:106FF00074726F6C6C657227732041434C20706112
:10700000636B65747320213D2041434C2062745FA3
:10701000636F6E6E5F747820636F6E7465787473DF
:107020002028257520213D202575290041434C202D
:1070300042522F4544522062756666657273206E17
:107040006F7420696E697469616C697A6564005651
:10705000656E646F722048434920657874656E736D
:10706000696F6E73206E6F7420617661696C616206
:107070006C6500485720506C6174666F726D3A20E1
:107080002573202830782530347829004857205639
:10709000617269616E743A2025732028307825303A
:1070A000347829004669726D776172653A202573DC
:1070B0002028307825303278292056657273696F20
:1070C0006E2025752E2575204275696C6420257506
:1070D000004661696C656420746F2072656164208C
:1070E000737570706F727465642076656E646F720C
:1070F00020636F6D6D616E6473004661696C6564D9
:1071000020746F207265616420737570706F727483
:1071100065642076656E646F722066656174757251
:10712000657300484349206472697665722069730B
:10713000206E6F7420726561647900425420525849
:107140002057510048434920647269766572206F68
:1071500070656E206661696C65642028256429006D
:10716000556E657870656374656420484F53545F4D
:107170004E554D5F434F4D504C455445445F504133
:10718000434B4554532C20737461747573203078CD
:107190002530327820257300556E636C6561726509
:1071A000642070656E64696E672073656E745F63DA
:1071B0006D6400312E306200312E3100312E3200EC
:1071C000322E3000322E3100332E3000342E30007B
:1071D000342E3100342E3200352E3000352E310061
:1071E000352E3200352E3300352E3400362E300049
:1071F000362E3100362E3200362E33005374616E37
:107200006461726420426C7565746F6F746820638A
:107210006F6E74726F6C6C65720056656E646F721F
:1072200020737065636966696320636F6E74726F43
:107230006C6C6572004669726D77617265206C6F67
:10724000616465720052657363756520696D61677D
:1072500065007265736572766564006E52463531FD
:1072600078006E5246353278006E524635337800DB
:107270006E524635344878006E524635344C7800AC
:10728000496E74656C20436F72706F726174696FC0
:107290006E004E6F726469632053656D69636F6E33
:1072A000647563746F72004E58502053656D696346
:1072B0006F6E647563746F7273004573707265737B
:1072C0007369662053797374656D730062745F68C7
:1072D00063695F636F726500636D642064697361E5
:1072E0006C6C6F776564004F6E6C792072616E64B0
:1072F0006F6D20737461746963206964656E74696D
:107300007479206164647265737320737570706F33
:107310007274656400496E76616C696420696E7090
:10732000757420706172616D657465727300466179
:10733000696C656420746F20726561642070756289
:107340006C69632061646472657373005265616483
:10735000205374617469632041646472657373655A
:107360007320636F6D6D616E64206E6F7420617643
:1073700061696C61626C65004661696C656420746A
:107380006F20726561642073746174696320616445
:1073900064726573736573004E6F207374617469F2
:1073A00063206164647265737365732073746F72B4
:1073B000656420696E20636F6E74726F6C6C6572A9
:1073C00000556E61626C6520746F2073657420696E
:1073D00064656E74697479206164647265737300A6
:1073E000556E61626C6520746F20736574207261E4
:1073F0006E646F6D20616464726573730062745FA4
:1074000069640062745F61647600556E65787065CA
:107410006374656420656E64206F662062756666BD
:1074200065720062745F7363616E004661696C65CA
:107430006420726561642072656D6F746520666595
:10744000617475726573202825642900504859209D
:10745000307825303278206E6F7420737570706FBD
:1074600072746564004661696C6564204C45205304
:107470006574205048592028256429004661696CAC
:10748000656420746F207365742064617461206C7E
:10749000656E202825642900556E657870656374D3
:1074A0006564206669727374204C324341502066D3
:1074B00072616D6500556E657870656374656420F2
:1074C0004C3243415020636F6E74696E756174690C
:1074D0006F6E004E6F7420656E6F75676820627501
:1074E0006666657220737061636520666F72204CFA
:1074F00032434150206461746100556E6578706557
:10750000637465642041434C20666C616773202876
:10751000307825303278290041434C206C656E204C
:107520006D69736D6174636820282575203E202580
:1075300075290028756E6B6E6F776E29006E6F204F
:107540007472616E736974696F6E20257300457281
:10755000726F72207768696C652072656D6F7669ED
:107560006E6720636F6E6E20757365722066726F32
:107570006D207363616E6E65722028256429004951
:107580006E76616C69642028257529206F6C6420F3
:10759000737461746500636F6E6E20257020666180
:1075A000696C656420746F2065737461626C6973C3
:1075B000682E205246206E6F6973653F006E6F2003
:1075C00076616C696420282575292073746174655F
:1075D000207761732073657400696E636F6D7061ED
:1075E0007469626C652068616E646C652025750045
:1075F00054696D656F757420646973636172646545
:10760000642E204E6F20626C6F636B696E67206919
:107610006E2073797377712E00466174616C2065FA
:1076200072726F7220282564292E20446973636F5B
:107630006E6E656374696E6720257000466F756EA7
:10764000642076616C696420636F6E6E6563746933
:107650006F6E202825702920776974682061646422
:107660007265737320257320696E202573207374EF
:1076700061746520002A636F6E6E2073686F756C8D
:107680006420626520756E7265666572656E6365FD
:107690006420616E6420696E697469616C697A65E1
:1076A0006420746F204E554C4C004E6F20627566FE
:1076B0006665727320746F2063616E63656C20630E
:1076C0006F6E6E656374696F6E2C2072657472796B
:1076D000696E6720696E203130206D730053656ECE
:1076E00064204C4520706172616D20757064617416
:1076F00065206661696C6564202865727220256466
:10770000290053656E64206175746F204C452070AC
:107710006172616D20757064617465206661696C69
:10772000656420286572722025642900646973638A
:107730006F6E6E656374656400646973636F6E6E0B
:107740006563742D636F6D706C6574650073636140
:107750006E2D6265666F72652D696E6974696174FC
:10776000696E6700696E6974696174696E672D6618
:10777000696C7465722D6C697374006164762D6335
:107780006F6E6E65637461626C65006164762D6412
:1077900069722D636F6E6E65637461626C650064FF
:1077A0006973636F6E6E656374696E670062745FA0
:1077B000636F6E6E00556E61626C6520746F206140
:1077C0006C6C6F63617465206275666665722066B5
:1077D0006F72206F7020307825303278004E6F2025
:1077E000617661696C61626C65204C324341502066
:1077F000636F6E7465787420666F7220636F6E6E4F
:1078000020257000457870656374696E6720757017
:1078100020746F20256420726566732C20676F7456
:1078200020256400616C7265616479206861766509
:107830002076696577206F6E202570004C324341B9
:1078400050206C656E677468206D69736D61746338
:10785000682028257520213D2025752900496E7650
:10786000616C6964206964656E742076616C75650D
:1078700020696E204C324341502050445500496EDF
:1078800076616C6964204C4520636F6E6E20706178
:1078900072616D207273702073697A652028257576
:1078A00020213D20257A752900496E76616C696436
:1078B000204C4520636F6E6E207570646174652086
:1078C000706172616D207265712073697A6520281C
:1078D000257520213D20257A7529004E6F7420637F
:1078E0006F6E6E65637465640052656A6563746982
:1078F0006E6720756E6B6E6F776E204C3243415011
:107900002050445520636F646520307825303278EC
:1079100000546F6F20736D616C6C204C324341508A
:10792000207369676E616C696E672050445500541E
:107930006F6F20736D616C6C204C3243415020504E
:1079400044552072656365697665640049676E6FAA
:1079500072696E67206461746120666F7220756E53
:107960006B6E6F776E206368616E6E656C20494444
:10797000203078253034780062745F6C3263617037
:1079800000415454206368616E6E656C206E6F74A4
:1079900020636F6E6E6563746564004572726F720A
:1079A000207369676E696E6720646174610052615B
:1079B0006E206F7574206F6620545820627566665D
:1079C000657273206F7220636F6E74657874732EA6
:1079D000004661696C656420746F207375626D691F
:1079E00074206174745F74785F64657374726F7906
:1079F0005F776F726B3A20256400556E61626C652B
:107A000020746F20637265617465206572722072E4
:107A100073702050445500415454204D54552065F6
:107A2000786365656465642C206D61782025752C0C
:107A30002077616E74656420257A7500556E6162E9
:107A40006C6520746F2063726561746520636F6E6E
:107A50006669726D2050445500556E61626C6520F8
:107A6000746F206372656174652072737020504476
:107A70005500546F6F20736D616C6C20415454201D
:107A800050445520726563656976656400556E687B
:107A9000616E646C65642041545420636F6465209A
:107AA00030782530327800496E76616C6964206CDC
:107AB000656E20257520666F7220636F64652030C7
:107AC000782530327800556E61626C6520746F20C5
:107AD00063726561746520555549443A2073697A2B
:107AE0006520257500556E61626C6520746F20639A
:107AF000726561746520555549443A2073697A6509
:107B0000202564004E6F20617661696C61626C654E
:107B10002041545420636F6E7465787420666F72D0
:107B200020636F6E6E202570004E6F206176616954
:107B30006C61626C6520415454206368616E6E65AF
:107B40006C20666F7220636F6E6E20257000556E1C
:107B500061626C6520746F2066696E6420415454C4
:107B6000206368616E6E656C00476F742065727289
:107B70002025642C206E6F742063616C6C696E67C5
:107B800020415454206362004661696C656420742E
:107B90006F2072652D7375626D69742025733A20AC
:107BA0002564004E6F20415454206368616E6E65F9
:107BB0006C20666F72204D545520257A75004E6FEB
:107BC0002070656E64696E6720415454207265713F
:107BD0007565737400446973636F6E6E6563746971
:107BE0006E67206661696C65642028657272202565
:107BF0006429004154542054696D656F7574206682
:107C00006F72206465766963652025732E20446950
:107C100073636F6E6E656374696E672E2E2E0062DD
:107C2000745F61747400434D4143207570646174E6
:107C300065206661696C6564202564004E6F207361
:107C40007061636520746F2073746F7265204343A5
:107C5000432063666700756E61626C6520746F20F7
:107C6000736176652053433A206E6F206366672008
:107C70006C656674004E6F20737061636520746F6D
:107C80002073746F726520436C69656E7420537540
:107C900070706F7274656420466561747572657387
:107CA00000556E61626C6520746F20696D706F7233
:107CB0007420746865206B657920666F7220414579
:107CC0005320434D414320256400434D4143206FE1
:107CD0007065726174696F6E20696E697420666187
:107CE000696C656420256400434D41432066696EDC
:107CF000697368206661696C65642025640052655B
:107D00006164206D6574686F64206E6F74207365A4
:107D100074004661696C656420746F2072656164EB
:107D200020617474726962757465202570202865FD
:107D3000727220257A642900496E76616C6964202C
:107D400072656164206C656E6774683A20257A6498
:107D500000434343202570206E6F7420777269744E
:107D600061626C6500534320726573746F726520A5
:107D7000696E6469636174696F6E206661696C65C0
:107D80006400556E6B6E6F776E20555549442074B4
:107D90007970652025750050617273652065727277
:107DA00000496E76616C69642064617461206C6561
:107DB0006E202575005061727365206572722064B3
:107DC0006174005061727365206572722063657022
:107DD00000506172736520657272206363630050A6
:107DE0006172736520657272207363630050617203
:107DF0007365206572722063706600496E76616CEF
:107E0000696420666F726D6174202575004261643B
:107E100020706565723A2041545420726561642D6A
:107E200062792D75756964207273703A20696E7677
:107E3000616C6964204154545220504455206C6553
:107E40006E20257500496E76616C69642068616EEC
:107E5000646C650042616420706565723A2041542B
:107E60005420726561642D62792D75756964207284
:107E700073703A2048616E646C6520307825303428
:107E800078206973206F75747369646520726571F9
:107E90007565737465642072616E6765203078253E
:107EA0003034782D3078253034782E2041626F724E
:107EB00074696E6720726561642E00496E636F722B
:107EC00072656374206C656E6774682C2063616EE4
:107ED00063656C696E6720777269746500496E63CB
:107EE0006F7272656374206F6666736574206F725B
:107EF000206461746120696E20726573706F6E73A7
:107F0000652C2063616E63656C696E6720777269AA
:107F10007465004661696C656420746F20756E73CA
:107F200075627363726962652028657272202564C8
:107F30002900496E76616C69642064617461206C0B
:107F4000656E202575203E2025750062745F67618F
:107F50007474004E6F20617661696C61626C65209B
:107F6000534D5020636F6E7465787420666F722075
:107F7000636F6E6E2025700062745F736D70006DAC
:107F80006375626F6F745F646675006361636865D3
:107F90005F6E72667800636C6F636B403130653082
:107FA0003030006866636C6B006C66636C6B0063FA
:107FB0006C6F636B5F636F6E74726F6C0070617275
:107FC000656E742062757320646576696365206EE2
:107FD0006F7420726561647900617474656D70748A
:107FE00020746F2072656164207061737420646511
:107FF0007669636520626F756E646172790066618F
:10800000696C656420746F20726561642045455019
:10801000524F4D20286572722025642900617474C6
:10802000656D707420746F20777269746520746F49
:1080300020726561642D6F6E6C792064657669636A
:108040006500617474656D707420746F2077726957
:10805000746520706173742064657669636520625D
:108060006F756E64617279006661696C6564207415
:108070006F20777269746520746F20454550524FA8
:108080004D20286572722025642900436F756C6449
:10809000206E6F74207265616420737461747573EF
:1080A0002072656769737465722028657272202575
:1080B000642900454550524F4D2069646C65207716
:1080C000616974206661696C65642028657272203C
:1080D000256429006661696C656420746F20646999
:1080E0007361626C652077726974652070726F7459
:1080F000656374696F6E202865727220256429009B
:108100006672616D403100656570726F6D5F61749C
:108110003278007073612D726E67007272616D2D1E
:10812000636F6E74726F6C6C6572403530303462A0
:1081300030303000666C6173685F6E72665F7272B9
:10814000616D004661696C656420746F20657869B3
:1081500074204450442028256429005761697469BB
:108160006E6720756E74696C20666C617368206937
:1081700073207265616479004661696C656420747E
:108180006F207761697420756E74696C20666C610C
:1081900073682069732072656164792028256429D9
:1081A000004A454445432049442072656164206685
:1081B00061696C65643A20256400425020636C65F7
:1081C0006172206661696C65643A2025640A005317
:1081D0004644502072656164206661696C65643A4A
:1081E0002025640053464450206D61676963202553
:1081F00030387820696E76616C69640025733A20A6
:108200005346445020762025752E25752041502058
:1082100025782077697468202575205048005048DB
:1082200025753A2025303478207265762025752E04
:1082300025753A20257520445720402025780025B3
:10824000733A20257520256369427920666C617335
:108250006800556E61626C6520746F20656E746590
:108260007220342D62797465206D6F64653A202523
:10827000640A005346445020424650206661696CAF
:1082800065643A202564006C61796F7574207061B3
:108290006765202575206E6F7420636F6D70617443
:1082A00069626C6520776974682065726173652006
:1082B00073697A65202575006C61796F757420701B
:1082C000616765202575207761737465732073700D
:1082D00061636520776974682064657669636520E9
:1082E00073697A6520257A75006C61796F757420E1
:1082F0007365747570206661696C65643A202564E5
:1083000000773235713132384030007370695F6EFA
:108310006F72006770696F403130613030300067D4
:1083200070696F406438323030006770696F403573
:108330003034303000693263004E65656420746FFC
:10834000207573652074686520696E7465726E614E
:108350006C2064726976657220627566666572204B
:10836000627574206974732073697A65206973205B
:10837000696E73756666696369656E742028257514
:10838000202B202575203E202575292E2041646A4A
:1083900075737420746865207A65706879722C63CF
:1083A0006F6E6361742D6275662D73697A65206FD7
:1083B00072207A65706879722C666C6173682D62C0
:1083C00075662D6D61782D73697A652070726F7096
:1083D000657274792028746865206F6E65207769EE
:1083E000746820677265617465722076616C75656A
:1083F0002920696E207468652022257322206E6F03
:1084000064652E0069326340633730303000693272
:10841000635F6E7266785F7477696D00756E7375F1
:1084200070706F7274656420737065656400547257
:1084300079696E6720746F207472616E73666572FD
:10844000206D6F7265207468616E20746865206DA0
:108450006178696D756D2073697A6520666F722029
:1084600074686973206465766963653A20256420C1
:108470003E202564004661696C656420746F206944
:108480006E697469616C697A652064657669636593
:108490003A202573007561727440313034303030C9
:1084A00000756172744063383030300075617274E9
:1084B00040633630303000756172745F6E7266787A
:1084C0005F75617274650054696D656F75742077AE
:1084D000616974696E6720666F72207472616E7371
:1084E00066657220636F6D706C65746500557064AD
:1084F0006174652065786365656473206375727265
:10850000656E7420627566666572007370694034CA
:10851000613030300048616C662D6475706C657830
:10852000206E6F7420737570706F72746564005381
:108530006C617665206D6F6465206973206E6F7461
:1085400020737570706F72746564206F6E20257370
:10855000004C6F6F706261636B206D6F64652069A2
:1085600073206E6F7420737570706F727465640021
:10857000576F72642073697A6573206F74686572CF
:10858000207468616E20382062697473206172659E
:10859000206E6F7420737570706F7274656400461E
:1085A00072657175656E63696573206C6F7765724E
:1085B000207468616E20313235206B487A206172F8
:1085C00065206E6F7420737570706F7274656400CF
:1085D0004661696C656420746F20636F6E666967BD
:1085E000757265206E726678206472697665723A7B
:1085F000202564007370695F6E7266785F737069BE
:108600006D007761746368646F6740313039303072
:1086100030007764745F6E72667800536F667444DE
:10862000657669636520436F6E74726F6C6C6572FA
:10863000204153534552543A2025732C2025640081
:10864000536F667444657669636520436F6E747218
:108650006F6C6C6572206275696C642072657669F6
:1086600073696F6E3A2000456E74726F7079207373
:108670006F7572636520646576696365206E6F74DB
:10868000207265616479004661696C656420746F6D
:108690002072656769737465722072616E642073FD
:1086A0006F75726365202825642900416C6C6F63C7
:1086B00061746564206D656D6F727920746F6F20D1
:1086C0006C6F773A20257A75203C20257500457619
:1086D000656E742062756666657220746F6F2073B4
:1086E0006D616C6C2E20257A75203E202575005515
:1086F0006E6578706563746564206D73675F747907
:1087000070653A2025752E20546869732069662D9E
:10871000656C7365206E656564732061206E657796
:10872000206272616E636800556E6B6E6F776E20AB
:108730006572726F72207768656E2070726F636504
:108740007373696E6720686369206D657373616711
:10875000652025640062745F6863695F7364630009
:1087600062745F7364635F6863695F64726976658E
:10877000720062745F7364635F63727970746F0018
:10878000556E6B6E6F776E20696D616765207479C9
:10879000706500556E61626C6520746F20636C6556
:1087A000616E207570206466755F746172676574B0
:1087B0000073747265616D5F666C6173685F696E8A
:1087C0006974206661696C65642028657272202571
:1087D00064290073747265616D5F666C6173685FB4
:1087E00062756666657265645F7772697465206537
:1087F00072726F72202564006466755F74617267BF
:1088000065745F73747265616D004D4355426F6F9F
:108810007420696D6167652D2564207570677261CC
:108820006465207363686564756C65642E205265A9
:108830007365742064657669636520746F20617068
:10884000706C7900626F6F745F72657175657374B7
:108850005F7570677261646520666F7220696D6113
:1088600067652D2564206572726F72202564004D46
:10887000697373696E672073747265616D5F627589
:10888000662C2063616C6C20272E2E7365745F62EA
:10889000756627206265666F726520272E2E696EC9
:1088A0006974005265717565737465642066696CDE
:1088B0006520746F6F2062696720746F2066697429
:1088C00020696E20666C61736820257A75203E20D1
:1088D00030782578004661696C656420746F206784
:1088E00065742064657669636520666F72206172C5
:1088F0006561202725732700736C6F74315F706189
:1089000072746974696F6E004D4355424F4F543015
:10891000006466755F7461726765745F7374726515
:10892000616D5F696E6974206661696C656420259C
:1089300064006466755F7461726765745F737472F6
:1089400065616D5F646F6E65206572726F72202560
:1089500064004D4355426F6F7420696D61676520F7
:10896000757067726164652061626F727465642EF0
:10897000006466755F7461726765745F6D637562CC
:108980006F6F74004572726F72202564207768697A
:108990006C6520666C617474656E696E67207061C9
:1089A0006765006466755F73747265616D5F666CA0
:1089B000617474656E004D50534C204153534552C1
:1089C000543A2025732C202564004D50534C2057D9
:1089D0006F726B006D70736C5F696E697400556EB9
:1089E000737570706F72746564204846434C4B20F9
:1089F0006576656E743A202564006E7266785F63F2
:108A00006C6F636B5F6D70736C006D70736C5F7413
:108A1000696D65736C6F745F73657373696F6E5F97
:108A20006F70656E206661696C65643A202564002C
:108A300074696D656F757400666C6173685F7379D6
:108A40006E635F6D70736C0074656D704064373079
:108A500030300074656D705F6E7266355F6D707377
:108A60006C004255473B2063616E2774206861703B
:108A700070656E005365636F6E6461727920696D15
:108A8000616765206F6620696D6167652070616947
:108A900072202825642E2920697320756E72656105
:108AA000636861626C652E2054726561742069741C
:108AB00020617320656D70747900496D6167652070
:108AC000696E6465783A2025642C205377617020A4
:108AD000747970653A20257300496D616765206976
:108AE0006E6465783A2025642C2053776170207479
:108AF0007970653A206E6F6E6500746573740070EE
:108B000065726D00726576657274006D6375626F73
:108B10006F745F7574696C0048616C74696E67206E
:108B200073797374656D00556E6B6E6F776E20652B
:108B300072726F72003E3E3E205A45504859522094
:108B4000464154414C204552524F522025643A2010
:108B50002573206F6E2043505520256400466175B3
:108B60006C7420647572696E6720696E74657272C8
:108B70007570742068616E646C696E670A00437575
:108B80007272656E74207468726561643A20257033
:108B9000202825732900435055206578636570743B
:108BA000696F6E00556E68616E646C656420696EF5
:108BB0007465727275707400537461636B206F76A4
:108BC0006572666C6F77004B65726E656C206F6FB7
:108BD0007073004B65726E656C2070616E69630026
:108BE0006D61696E006F7300737973776F726B716B
:108BF0000063726163656E00FFFFFFFF1F00FFC12E
:108C0000FBE84C90728BE7B3518963AB232300419F
:108C10008866AA1AFFFF443300647261676F6F6E43
:108C20002F6C6962732F73636865642F7372632F8F
:108C300073636865645F68616C5F74696D65725FBA
:108C4000677274632E6300C8DA3098F9F034A44B6D
:108C50006EBAD30819CC0CEA51DA47006E616E0087
:108C6000286E756C6C29006364696E6F707375781B
:108C7000585B616566674145464700026F5E4D3C43
:108C80002B1D369C5A4A03004E445753026F5E4DCB
:108C90003C2B1D369C5A4A02004E445753473F3FD7
:108CA0003F3F3F3F3F3F3F3F523F3F3F3F3F3F59A7
:108CB000536D6172745761676F6E2D7631000001DC
:108CC00002030405060708090A0B0C0D0E0F10110C
:108CD00012131415161718191A1B1C1D1E1F4445B4
:108CE00046206D657373616765732064726F707081
:108CF0006564202D2D2D0D0A1B5B306D001B5B3133
:108D00003B33316D2D2D2D200000010103010003A7
:108D1000010A02040C01171D0505010101010601EC
:108D20000101010302010101030303030103030124
:108D3000060602487C997411269EAE014ECEFB2891
:108D4000782EDA02487C997411269EAE014ECEFB35
:108D500028782EDA0284AA6074528A8B86D34CB7A4
:108D60001D1DDC538D00FFFFFFFFFFFF0000000013
:108D7000000000FFFFFFFFFFFF00000000000030C9
:108D800031323334353637383961626364656600B1
:108D90000000000000001000800000805F9B34FB9A
:108DA00001040002000000020000000000000005B5
:108DB00000000000000000000000000000000005AE
:108DC000030502000A010101010102036174745FDD
:108DD00074785F64657374726F795F776F726B5FBD
:108DE00068616E646C65720000070E091C1B121529
:108DF000383F363124232A2D0001040502060809D4
:108E00000F04010403040204010401040301040328
:108E100004010400071823232323232323232323CC
:108E2000232323000102010202030303031014148D
:108E300000001C2030401C2000001C20304000405E
:108E400010141400001C2030401C2000001C203096
:108E500040004001030210141400001C2030401C8C
:108E60002000001C203040004000000000000000F6
:108E7000000000000000000000616E006E66696E78
:108E800069747900616E006E66696E6974790000BC
:108E9000FFFFFFFFFF1F00001F0000000000000099
:108EA0007FFE0000E40700001D40000000000000FD
:108EB0000000000000000000FFFFFFFF1FFF1B007D
:108EC000BAABBABA10101010A0354D00FF00000068
:108ED000C40900000000000000500850000000001D
:108EE000000000000C000000010000FF7F000000F7
:108EF00000000000AAAAAAAA555555550100000075
:108F0000073E020000000000873D02000000000054
:108F1000E560010000000000D33D020000000000F9
:108F2000CF3D020000000000333E020000000000C0
:108F3000EB3D020000000000033E020000000000C4
:108F400054E60100FF0000008C0D02000100010149
:108F5000010300001E001E020000000000000000CF
:108F600012007C007E00E00103007E000A1E001E4D
:108F700000000000258D040000000000000100003A
:108F800000000000000000000000000000000000E1
:108F900000000000000000000000000000000000D1
:108FA00000000000093F0300000000000001000075
:108FB00000000000000000000000000000000000B1
:108FC00000000000000000000000000000000000A1
:108FD0000000000000000000000000000000000091
:108FE0000000000000000000000000000000000081
:108FF0000000000000000000000000000000000071
:109000000000000000000000000000000000000060
:109010000000000000000000000000000000000050
:109020000000000000000000000000000000000040
:109030000000000000000000000000000000000030
:109040000000000000000000000000000000000020
:109050000000000000000000000000000000000010
:109060000000000000000000000000000000000000
:1090700000000000000000000000000000000000F0
:1090800000000000000000000000000000000000E0
:1090900000000000000000004D5E03000000000022
:1090A00000000000000000000000000000000000C0
:1090B00000000000000000000000000000000000B0
:1090C00000000000000000000000000000000000A0
:1090D0000000000000000000000000000000000090
:1090E0000000000000000000000000000000000080
:1090F0000000000000000000000000000000000070
:10910000000000000000000000000000000000005F
:109110000000000000000000000000001404050032
:1091200000000000000000007DBB03000000000004
:1091300000000000000000000803002008030020D9
:1091400001000000010000001803002018030020A7
:10915000000000000000000000000000000000000F
:1091600000000000000000000000000000000000FF
:1091700000000000000000000000000000000000EF
:1091800000000000000000000000000000000000DF
:1091900037B30400000000000000000000000000E1
:1091A0007003002070030020010000000100000097
:1091B0008003002080030020000000000000000069
:1091C000000000000000000000000000000000009F
:1091D000000000000000000000000000000000008F
:1091E000000000000000000000000000000000007F
:1091F000000000000000000037B304000000000081
:109200000000000000000000D8030020D803002068
:109210000100000001000000E8030020E803002036
:10922000000000000000000000000000000000003E
:10923000000000000000000000000000000000002E
:10924000000000000000000000000000000000001E
:10925000000000000000000000000000000000000E
:1092600037B3040000000000000000000000000010
:109270004004002040040020010000000100000024
:1092800050040020500400200000000000000000F6
:1092900000000000000000000000000000000000CE
:1092A00000000000000000000000000000000000BE
:1092B00000000000000000000000000000000000AE
:1092C0000000000000000000C5B60400000000001F
:1092D0000000000000000000A8040020A8040020F6
:1092E0000100000001000000B8040020B8040020C4
:1092F000000000000000000000000000000000006E
:10930000000000000000000000000000000000005D
:10931000000000000000000000000000000000004D
:10932000000000000000000000000000000000003D
:10933000C5B60400000000000000000000000000AE
:1093400010050020100500200100000001000000B1
:109350002005002020050020000000000000000083
:1093600000000000000000000000000000000000FD
:1093700000000000000000000000000000000000ED
:1093800000000000000000000000000000000000DD
:109390000000000000000000C5B60400000000004E
:1093A0000000000000000000780500207805002083
:1093B0000100000001000000880500208805002051
:1093C000000000000000000000000000000000009D
:1093D000000000000000000000000000000000008D
:1093E000000000000000000000000000000000007D
:1093F000000000000000000000000000898C020056
:10940000000000000001000000000000000000005B
:10941000000000000000000000000000000000004C
:1094200000000000000000000000000067000000D5
:10943000000000000000000000000000000000002C
:10944000000000000000000000000000000000001C
:10945000000000000000000000000000000000000C
:1094600000000000000000000000000000000000FC
:1094700000000000000000000000000000000000EC
:1094800000000000000000000000000000000000DC
:1094900000000000000000000000000000000000CC
:1094A00000000000000000000000000000000000BC
:1094B0000000000000000000FFFFFFFF00000000B0
:1094C000A9AC02000000000000000000FFFFFFFF49
:1094D000FFFFFFFF2043012000000000000000000C
:1094E00000000000000400002047012000000000F0
:1094F000000000000000000000080000C76E04002B
:10950000357D0400501A050000000000881A05008F
:10951000D824050000000200E42405000000020039
:10952000F024050000000200000000007B89040018
:10953000000000000000000000C01050000000000B
:10954000000000000000000000000000000000001B
:10955000000000000000000000000000000000000B
:1095600000000000000000000000000000000000FB
:1095700000000000000000000000000000000000EB
:1095800000000000000000000000000000000000DB
:1095900000000000000000000000000000000000CB
:1095A00000000000000000000000000000010000BA
:1095B00000A00D50000000000000000000000000AE
:1095C000000000000000000000000000000000009B
:1095D000000000000000000000000000000000008B
:1095E000000000000000000000000000000000007B
:1095F000000000000000000000000000000000006B
:10960000000000000000000000000000000000005A
:10961000000000000000000000000000000000004A
:10962000000000000000000000000000D41B050046
:1096300006000100D539030000000000041C0500ED
:1096400006000000038D040000000000DD3E030062
:109650000100020000000000000000000000000007
:10966000000000000000000000000000A18D0400C8
:109670000000000000000000438D05000000140001
:1096800000000000A96003000000000000000000CE
:1096900000000000054B0300000000000000000077
:1096A00000000000757203000000000000000000D0
:1096B00000000000396D0300000000000000000001
:1096C00085840300C5930300000000000000000033
:1096D0000000000081860300959C0400579D040053
:1096E000658403000000000000000000D19003002A
:1096F000000000000000000010250500000002002E
:109700001C25050000000A002C2505000000200093
:109710000000000000000000000000000000000049
:1097200000000000000000000000000077A5040019
:109730000000000080010000000000004FB40400A1
:109740000000000000000000000000000000000019
:1097500000808101000001013FB3040010000000FF
:10976000F5C30300E8200500ECB90020FFFF00006E
:10977000000000000000000054090020000000006C
:10978000000000000000000000000000FEB9002002
:109790002000000000000000000000007809002008
:1097A00000000000000000000000000000000000B9
:1097B00020BA00202000000000000000000000008F
:1097C0009C090020000000000000000000000000D4
:1097D0000000000042BA002020000000000000004D
:1097E0000000000000010000000000007BBB04003E
:1097F000000000000000000000A004500000000075
:109800000000000000000000000000000000000058
:109810000000000000000000000000000000000048
:109820000000000000000000000000000000000038
:109830000000000000000000000000000000000028
:109840000000000000000000000000000000000018
:109850000000000000000000000000000000000008
:1098600000000000340A0020340A0020000000003C
:1098700001000000440A0020440A0020000000000B
:1098800001000000000000000000000000000000D7
:1098900000000000000000000000000000000000C8
:1098A00000000000000000000000000000000000B8
:1098B00000000000000000000000000061CE030076
:1098C00000000000FF0000000090105000000000A9
:1098D0000000000000000000000000000000000088
:1098E0000000000000000000000000000000000078
:1098F0000000000000000000000000000000000068
:1099000000000000D40A0020D40A0020000000005B
:1099100001000000FFFFFFFF0090D003FF000000E8
:109920000F00000071020000F80A0020F80A002071
:10993000000B0020000B00200000000000000000D1
:109940000E00000000000000180B0020180B002083
:1099500000000000000000000E00000000000000F9
:10996000300B0020300B0020000000000000000041
:109970000E00000000000000480B0020480B0020F3
:1099800000000000000000000E00000000000000C9
:10999000A5DE0400A1DE040067742000F80C00209E
:1099A000340D00200C0D0020BC0D0020B00D002057
:1099B000200D002000804400000000000000000096
:1099C0000000000000000000000000000000000097
:1099D0000000000000000000000000000000000087
:1099E0000000000000000000000000000000000077
:1099F0000000000000000000000000000000000067
:109A00000000000000000000000000000000000056
:109A100000000000FFFFFFFF00000000000000004A
:109A20004D0E0400000000000000000000000000D7
:109A3000000C0020000C0020EDCC02000000000013
:109A40000000000000000000000000000000000016
:109A500000000000000000004D0E040000000000A7
:109A60000000000000000000380C0020380C00202E
:109A70000B66040000000000000000000000000071
:109A800000000000000000000000000000000000D6
:109A90004D0E040000000000000000000000000067
:109AA000700C0020700C002005660400000000000F
:109AB00000000000000000000000000000000000A6
:109AC000900C0020900C0020A84201200000000013
:109AD000020000002400000000000000AC0C002088
:109AE000AC0C0020A0E400200000000002000000F8
:109AF000A000000000000000C80C0020C80C0020DE
:109B0000F0420120000000000300000010000000EF
:109B1000000000000000000020130120441000009D
:109B20000000000000000000F80C0020F80C0020ED
:109B300000000000000000000E0000000C0D0020DE
:109B40000C0D002000000000000000000E000000CE
:109B5000200D0020200D002000000000000000006B
:109B60000E000000340D0020340D00200000000025
:109B7000000000000E000000480D0020480D0020ED
:109B800000000000000000000E0000005C0D00203E
:109B90005C0D002000000000000000000E0000002E
:109BA000700D0020700D002000000000010000007A
:109BB000800D0020800D002000000000010000004A
:109BC000900D0020900D002000000000FFFFFFFF1F
:109BD000A00D0020A00D00200000000001000000EA
:109BE000B00D0020B00D002000000000BC0D0020D2
:109BF000BC0D00200000000000000000000000007C
:109C0000D00D0020D00D002000000000000000005A
:109C1000E00D0020E00D0020030003001000000014
:109C200000000000081E0500B03E012000000000FA
:109C300000000000040E0020040E002003000300BA
:109C40001000000001840300241F050030420120A1
:109C50000000000000000000280E0020280E002058
:109C6000030003000000000000000000B81C050015
:109C7000DC38012000000000000000004C0E002035
:109C80004C0E00200200020010000000116C0300C6
:109C9000F41D0500603B01200000000000000000F2
:109CA000700E0020700E0020030003000000000072
:109CB00000000000BC1D0500183B01200000000052
:109CC00000000000940E0020940E00200D000D00F6
:109CD00004000000AD440300A41C0500E43601208C
:109CE0000000000000000000B80E0020B80E0020A8
:109CF000040004000800000000000000341C0500FF
:109D0000642901200000000000000000DC0E00209B
:109D1000DC0E002001000100000000000000000037
:109D2000CC1C0500283A012015E015E00769D00099
:109D300012004000ED76B3F8C53A5016ADF70F1695
:109D400024BE197BA3433236871911DE869627A9D4
:109D5000E4EB1AF4670221087870569F87A348C184
:109D6000A88DE3DF228EE600C78455BBBE2FADF978
:109D700022FD32DD010040008F7CE3B5974D520E8D
:109D8000393B6D53C2389EF18797C83CCC5FA7DB47
:109D900018C65FDA352BC9A7A4D8E490EE55D38E48
:109DA000A2AC1814893A713FC5DCA1C59C865BE161
:109DB000C6E3470BEB5A26CF24004000BFA5101185
:109DC000FAD28E0AFECFC37AC76BA7519E555CD0DC
:109DD000C2DAA6001A3924AC46E82B6707F29AA526
:109DE000579BBEAC59E364FA5B4467862902A4879B
:0C9DF000EB953952658A6D4194DC3F0B05
:00000001FF
